stage,symbol,rule,lookback_h,entry_hours,sl_atr,rr,exit_hour,trail,seed,firm,firm_variant,max_days,risk,max_trades_day,day_stop,risk_on_balance,segment,n,pass_pct,pass_inconsistent_pct,fail_daily_pct,fail_max_pct,timeout_pct,days_to_pass_median,trades_mean,max_dd_mean,worst_day_mean,end_balance_mean,fail_pct
s1,XAUUSD,momentum,4,[10],0.5,1.0,22,0.0,0,ftmo_1step,,7,2.0,1,,False,IS,845,0.0,0.0,0.0,17.2,82.8,,4.9,7.72,-2.32,96111.0,17.2
s1,XAUUSD,momentum,4,[10],0.5,1.0,22,0.0,0,ftmo_1step,,7,2.0,1,,False,OOS,816,0.0,0.0,0.0,20.7,79.3,,4.9,7.81,-2.25,95763.0,20.7
s1,XAUUSD,momentum,4,[10],0.5,1.0,22,0.0,0,fundingpips_1step,,7,2.0,1,,False,IS,845,0.0,0.0,0.0,44.4,55.6,,4.5,7.13,-2.32,96457.0,44.4
s1,XAUUSD,momentum,4,[10],0.5,1.0,22,0.0,0,fundingpips_1step,,7,2.0,1,,False,OOS,816,0.0,0.0,0.0,48.8,51.2,,4.4,7.12,-2.26,96217.0,48.8
s1,XAUUSD,momentum,4,[10],0.5,2.0,22,0.0,0,ftmo_1step,,7,2.0,1,,False,IS,845,3.0,0.0,0.0,30.1,67.0,4.4,4.8,8.56,-2.32,96919.0,30.1
s1,XAUUSD,momentum,4,[10],0.5,2.0,22,0.0,0,ftmo_1step,,7,2.0,1,,False,OOS,816,0.9,0.0,0.0,31.5,67.6,4.4,4.8,8.5,-2.25,96169.0,31.5
s1,XAUUSD,momentum,4,[10],0.5,2.0,22,0.0,0,fundingpips_1step,,7,2.0,1,,False,IS,845,3.0,0.0,0.0,39.2,57.9,4.4,4.2,7.54,-2.32,97408.0,39.2
s1,XAUUSD,momentum,4,[10],0.5,2.0,22,0.0,0,fundingpips_1step,,7,2.0,1,,False,OOS,816,1.3,0.0,0.0,43.5,55.1,4.4,4.1,7.4,-2.25,96781.0,43.5
s1,XAUUSD,momentum,4,[10],0.5,3.0,22,0.0,0,ftmo_1step,,7,2.0,1,,False,IS,845,4.0,4.4,0.0,44.1,47.5,5.4,4.5,9.36,-2.26,97362.0,44.1
s1,XAUUSD,momentum,4,[10],0.5,3.0,22,0.0,0,ftmo_1step,,7,2.0,1,,False,OOS,816,2.0,1.6,0.0,46.7,49.8,6.4,4.7,9.34,-2.23,96185.0,46.7
s1,XAUUSD,momentum,4,[10],0.5,3.0,22,0.0,0,fundingpips_1step,,7,2.0,1,,False,IS,845,8.9,0.0,0.0,48.9,42.2,3.4,3.9,8.14,-2.26,97917.0,48.9
s1,XAUUSD,momentum,4,[10],0.5,3.0,22,0.0,0,fundingpips_1step,,7,2.0,1,,False,OOS,816,3.9,0.0,0.0,54.4,41.7,3.5,3.8,7.94,-2.23,96987.0,54.4
s1,XAUUSD,momentum,4,[10],1.0,1.0,22,0.0,0,ftmo_1step,,7,2.0,1,,False,IS,845,0.0,0.0,0.2,6.9,92.9,,4.9,6.08,-2.14,99074.0,7.1
s1,XAUUSD,momentum,4,[10],1.0,1.0,22,0.0,0,ftmo_1step,,7,2.0,1,,False,OOS,816,0.0,0.0,0.5,6.5,93.0,,4.9,6.13,-2.14,98298.0,7.0
s1,XAUUSD,momentum,4,[10],1.0,1.0,22,0.0,0,fundingpips_1step,,7,2.0,1,,False,IS,845,0.0,0.0,0.2,26.4,73.4,,4.7,5.78,-2.14,99073.0,26.6
s1,XAUUSD,momentum,4,[10],1.0,1.0,22,0.0,0,fundingpips_1step,,7,2.0,1,,False,OOS,816,0.0,0.0,0.2,28.8,71.0,,4.6,5.82,-2.13,98316.0,29.0
s1,XAUUSD,momentum,4,[10],1.0,3.0,22,0.0,0,ftmo_1step,,7,2.0,1,,False,IS,845,6.2,6.0,0.6,33.7,53.5,5.6,4.5,8.4,-2.12,99751.0,34.3
s1,XAUUSD,momentum,4,[10],1.0,3.0,22,0.0,0,ftmo_1step,,7,2.0,1,,False,OOS,816,3.2,3.2,1.5,40.2,52.0,6.4,4.5,8.8,-2.13,97846.0,41.7
s1,XAUUSD,momentum,4,[10],1.0,3.0,22,0.0,0,fundingpips_1step,,7,2.0,1,,False,IS,845,12.8,0.0,0.6,39.2,47.5,3.6,4.0,7.75,-2.12,99888.0,39.8
s1,XAUUSD,momentum,4,[10],1.0,3.0,22,0.0,0,fundingpips_1step,,7,2.0,1,,False,OOS,816,6.5,0.0,1.0,47.1,45.5,4.5,4.0,7.93,-2.12,98105.0,48.1
s1,XAUUSD,momentum,4,[10],1.0,2.0,22,0.0,0,ftmo_1step,,7,2.0,1,,False,IS,845,6.9,0.1,0.2,21.4,71.4,4.5,4.8,7.58,-2.14,99681.0,21.6
s1,XAUUSD,momentum,4,[10],1.0,2.0,22,0.0,0,ftmo_1step,,7,2.0,1,,False,OOS,816,2.0,0.0,0.5,26.0,71.6,4.4,4.8,7.81,-2.14,98210.0,26.5
s1,XAUUSD,momentum,4,[10],1.0,2.0,22,0.0,0,fundingpips_1step,,7,2.0,1,,False,IS,845,7.1,0.0,0.2,29.8,62.8,4.5,4.3,7.06,-2.14,99698.0,30.0
s1,XAUUSD,momentum,4,[10],1.0,2.0,22,0.0,0,fundingpips_1step,,7,2.0,1,,False,OOS,816,2.0,0.0,0.2,34.8,63.0,4.4,4.3,7.03,-2.13,98547.0,35.0
s1,XAUUSD,momentum,4,[10],2.0,1.0,22,0.0,0,ftmo_1step,,7,2.0,1,,False,IS,845,0.0,0.0,1.3,4.4,94.3,,4.9,5.51,-2.06,99718.0,5.7
s1,XAUUSD,momentum,4,[10],2.0,1.0,22,0.0,0,ftmo_1step,,7,2.0,1,,False,OOS,816,0.0,0.0,1.5,3.4,95.1,,4.9,5.68,-2.08,99041.0,4.9
s1,XAUUSD,momentum,4,[10],2.0,1.0,22,0.0,0,fundingpips_1step,,7,2.0,1,,False,IS,845,0.0,0.0,1.3,18.0,80.7,,4.7,5.27,-2.06,99770.0,19.3
s1,XAUUSD,momentum,4,[10],2.0,1.0,22,0.0,0,fundingpips_1step,,7,2.0,1,,False,OOS,816,0.0,0.0,1.1,22.7,76.2,,4.7,5.41,-2.07,99068.0,23.8
s1,XAUUSD,momentum,4,[10],2.0,2.0,22,0.0,0,ftmo_1step,,7,2.0,1,,False,IS,845,4.0,0.2,2.7,7.8,85.2,5.5,4.8,6.47,-2.09,100091.0,10.5
s1,XAUUSD,momentum,4,[10],2.0,2.0,22,0.0,0,ftmo_1step,,7,2.0,1,,False,OOS,816,3.7,0.0,1.5,9.1,85.8,4.9,4.8,6.82,-2.07,98865.0,10.6
s1,XAUUSD,momentum,4,[10],2.0,2.0,22,0.0,0,fundingpips_1step,,7,2.0,1,,False,IS,845,4.3,0.0,2.6,22.8,70.3,5.5,4.6,6.08,-2.09,100082.0,25.4
s1,XAUUSD,momentum,4,[10],2.0,2.0,22,0.0,0,fundingpips_1step,,7,2.0,1,,False,OOS,816,3.7,0.0,1.0,29.7,65.7,4.9,4.5,6.36,-2.06,98847.0,30.7
s1,XAUUSD,momentum,4,[10],2.0,3.0,22,0.0,0,ftmo_1step,,7,2.0,1,,False,IS,845,4.6,3.1,2.7,12.4,77.2,5.5,4.7,6.97,-2.09,99917.0,15.1
s1,XAUUSD,momentum,4,[10],2.0,3.0,22,0.0,0,ftmo_1step,,7,2.0,1,,False,OOS,816,4.3,2.6,2.0,10.5,80.6,4.9,4.8,7.05,-2.06,99137.0,12.5
s1,XAUUSD,momentum,4,[10],2.0,3.0,22,0.0,0,fundingpips_1step,,7,2.0,1,,False,IS,845,7.9,0.0,2.6,27.1,62.4,4.7,4.4,6.55,-2.09,100023.0,29.7
s1,XAUUSD,momentum,4,[10],2.0,3.0,22,0.0,0,fundingpips_1step,,7,2.0,1,,False,OOS,816,6.7,0.0,1.2,32.5,59.6,4.6,4.4,6.55,-2.05,99137.0,33.7
s1,XAUUSD,momentum,4,[10],3.0,1.0,22,0.0,0,ftmo_1step,,7,2.0,1,,False,IS,845,0.0,0.0,1.4,1.1,97.5,,4.9,4.89,-2.02,99755.0,2.5
s1,XAUUSD,momentum,4,[10],3.0,1.0,22,0.0,0,ftmo_1step,,7,2.0,1,,False,OOS,816,0.0,0.0,1.5,1.2,97.3,,4.9,5.11,-2.02,99193.0,2.7
s1,XAUUSD,momentum,4,[10],3.0,1.0,22,0.0,0,fundingpips_1step,,7,2.0,1,,False,IS,845,0.0,0.0,1.4,13.1,85.4,,4.8,4.75,-2.02,99742.0,14.5
s1,XAUUSD,momentum,4,[10],3.0,1.0,22,0.0,0,fundingpips_1step,,7,2.0,1,,False,OOS,816,0.0,0.0,1.2,14.5,84.3,,4.8,4.96,-2.02,99163.0,15.7
s1,XAUUSD,momentum,4,[16],0.5,1.0,22,0.0,0,ftmo_1step,,7,2.0,1,,False,IS,845,0.0,0.0,0.0,23.1,76.9,,4.8,8.53,-2.26,95927.0,23.1
s1,XAUUSD,momentum,4,[16],0.5,1.0,22,0.0,0,ftmo_1step,,7,2.0,1,,False,OOS,816,0.0,0.0,0.0,21.3,78.7,,4.8,8.3,-2.2,96423.0,21.3
s1,XAUUSD,momentum,4,[16],0.5,1.0,22,0.0,0,fundingpips_1step,,7,2.0,1,,False,IS,845,0.0,0.0,0.0,48.4,51.6,,4.4,7.9,-2.27,96309.0,48.4
s1,XAUUSD,momentum,4,[16],0.5,1.0,22,0.0,0,fundingpips_1step,,7,2.0,1,,False,OOS,816,0.0,0.0,0.0,47.1,52.9,,4.4,7.68,-2.2,96742.0,47.1
s1,XAUUSD,momentum,4,[16],0.5,2.0,22,0.0,0,ftmo_1step,,7,2.0,1,,False,IS,845,1.7,0.0,0.2,32.1,66.0,4.7,4.8,8.98,-2.26,96668.0,32.3
s1,XAUUSD,momentum,4,[16],0.5,2.0,22,0.0,0,ftmo_1step,,7,2.0,1,,False,OOS,816,2.9,0.0,1.0,30.9,65.2,2.7,4.8,8.87,-2.2,97144.0,31.9
s1,XAUUSD,momentum,4,[16],0.5,2.0,22,0.0,0,fundingpips_1step,,7,2.0,1,,False,IS,845,2.5,0.0,0.2,39.5,57.8,4.7,4.1,7.93,-2.27,97224.0,39.7
s1,XAUUSD,momentum,4,[16],0.5,2.0,22,0.0,0,fundingpips_1step,,7,2.0,1,,False,OOS,816,3.1,0.0,1.0,41.1,54.9,2.7,4.1,7.82,-2.2,97552.0,42.1
s1,XAUUSD,momentum,4,[10],3.0,2.0,22,0.0,0,ftmo_1step,,7,2.0,1,,False,IS,845,1.3,0.0,1.8,1.5,95.4,5.5,4.9,5.46,-2.04,99950.0,3.3
s1,XAUUSD,momentum,4,[10],3.0,2.0,22,0.0,0,ftmo_1step,,7,2.0,1,,False,OOS,816,2.6,0.0,2.0,2.2,93.3,4.7,4.9,5.58,-2.02,99499.0,4.2
s1,XAUUSD,momentum,4,[10],3.0,2.0,22,0.0,0,fundingpips_1step,,7,2.0,1,,False,IS,845,1.3,0.0,1.8,15.7,81.2,5.5,4.7,5.28,-2.04,99930.0,17.5
s1,XAUUSD,momentum,4,[10],3.0,2.0,22,0.0,0,fundingpips_1step,,7,2.0,1,,False,OOS,816,2.6,0.0,1.5,18.5,77.5,4.7,4.7,5.37,-2.02,99450.0,20.0
s1,XAUUSD,momentum,4,[16],0.5,3.0,22,0.0,0,ftmo_1step,,7,2.0,1,,False,IS,845,2.8,2.5,1.4,44.5,48.8,6.6,4.6,9.57,-2.25,96948.0,45.9
s1,XAUUSD,momentum,4,[16],0.5,3.0,22,0.0,0,ftmo_1step,,7,2.0,1,,False,OOS,816,2.5,4.4,1.7,42.5,48.9,5.7,4.6,9.64,-2.16,97038.0,44.2
s1,XAUUSD,momentum,4,[16],0.5,3.0,22,0.0,0,fundingpips_1step,,7,2.0,1,,False,IS,845,6.5,0.0,1.4,49.6,42.5,3.7,3.9,8.28,-2.26,97630.0,51.0
s1,XAUUSD,momentum,4,[16],0.5,3.0,22,0.0,0,fundingpips_1step,,7,2.0,1,,False,OOS,816,8.3,0.0,1.5,52.8,37.4,3.7,3.7,8.21,-2.16,97631.0,54.3
s1,XAUUSD,momentum,4,[10],3.0,3.0,22,0.0,0,ftmo_1step,,7,2.0,1,,False,IS,845,1.3,1.3,1.8,1.8,93.8,5.9,4.9,5.64,-2.04,99977.0,3.6
s1,XAUUSD,momentum,4,[10],3.0,3.0,22,0.0,0,ftmo_1step,,7,2.0,1,,False,OOS,816,2.5,0.7,2.3,3.1,91.4,5.2,4.8,5.86,-2.03,99427.0,5.4
s1,XAUUSD,momentum,4,[10],3.0,3.0,22,0.0,0,fundingpips_1step,,7,2.0,1,,False,IS,845,2.6,0.0,1.8,16.3,79.3,4.8,4.7,5.46,-2.04,99953.0,18.1
s1,XAUUSD,momentum,4,[10],3.0,3.0,22,0.0,0,fundingpips_1step,,7,2.0,1,,False,OOS,816,3.2,0.0,1.8,19.5,75.5,4.7,4.7,5.66,-2.02,99367.0,21.3
s1,XAUUSD,momentum,4,[16],1.0,1.0,22,0.0,0,ftmo_1step,,7,2.0,1,,False,IS,845,0.0,0.0,0.9,8.3,90.8,,4.9,6.28,-2.14,98582.0,9.2
s1,XAUUSD,momentum,4,[16],1.0,1.0,22,0.0,0,ftmo_1step,,7,2.0,1,,False,OOS,816,0.0,0.0,1.5,5.3,93.3,,4.9,6.05,-2.12,98947.0,6.8
s1,XAUUSD,momentum,4,[16],1.0,1.0,22,0.0,0,fundingpips_1step,,7,2.0,1,,False,IS,845,0.0,0.0,0.8,28.4,70.8,,4.6,5.95,-2.14,98650.0,29.2
s1,XAUUSD,momentum,4,[16],1.0,1.0,22,0.0,0,fundingpips_1step,,7,2.0,1,,False,OOS,816,0.0,0.0,1.2,23.5,75.2,,4.7,5.8,-2.12,98960.0,24.7
s1,XAUUSD,momentum,4,[16],1.0,2.0,22,0.0,0,ftmo_1step,,7,2.0,1,,False,IS,845,2.7,0.0,3.4,17.3,76.6,4.7,4.8,7.38,-2.18,98594.0,20.7
s1,XAUUSD,momentum,4,[16],1.0,2.0,22,0.0,0,ftmo_1step,,7,2.0,1,,False,OOS,816,3.4,0.2,4.8,18.0,73.5,4.7,4.8,7.55,-2.16,98589.0,22.8
s1,XAUUSD,momentum,4,[16],1.0,2.0,22,0.0,0,fundingpips_1step,,7,2.0,1,,False,IS,845,2.8,0.0,3.2,32.3,61.7,4.7,4.4,6.8,-2.18,98734.0,35.5
s1,XAUUSD,momentum,4,[16],1.0,2.0,22,0.0,0,fundingpips_1step,,7,2.0,1,,False,OOS,816,3.7,0.0,3.9,32.6,59.8,4.7,4.3,6.96,-2.15,98686.0,36.5
s1,XAUUSD,momentum,4,[16],1.0,3.0,22,0.0,0,ftmo_1step,,7,2.0,1,,False,IS,845,3.7,2.6,3.9,22.7,67.1,5.7,4.7,7.85,-2.17,98763.0,26.6
s1,XAUUSD,momentum,4,[16],1.0,3.0,22,0.0,0,ftmo_1step,,7,2.0,1,,False,OOS,816,3.9,3.2,5.8,23.4,63.7,5.7,4.6,7.99,-2.14,98671.0,29.2
s1,XAUUSD,momentum,4,[16],1.0,3.0,22,0.0,0,fundingpips_1step,,7,2.0,1,,False,IS,845,6.5,0.0,3.7,37.8,52.1,4.6,4.2,7.23,-2.17,98911.0,41.5
s1,XAUUSD,momentum,4,[16],1.0,3.0,22,0.0,0,fundingpips_1step,,7,2.0,1,,False,OOS,816,7.1,0.0,4.7,38.5,49.8,3.9,4.1,7.31,-2.13,98806.0,43.2
s1,XAUUSD,momentum,4,[16],2.0,1.0,22,0.0,0,ftmo_1step,,7,2.0,1,,False,IS,845,0.0,0.0,3.8,1.1,95.1,,4.9,4.95,-2.08,99273.0,4.9
s1,XAUUSD,momentum,4,[16],2.0,1.0,22,0.0,0,ftmo_1step,,7,2.0,1,,False,OOS,816,0.0,0.0,3.4,1.6,95.0,,4.9,5.09,-2.04,99352.0,5.0
s1,XAUUSD,momentum,4,[16],2.0,1.0,22,0.0,0,fundingpips_1step,,7,2.0,1,,False,IS,845,0.0,0.0,3.7,13.4,83.0,,4.8,4.81,-2.08,99253.0,17.1
s1,XAUUSD,momentum,4,[16],2.0,1.0,22,0.0,0,fundingpips_1step,,7,2.0,1,,False,OOS,816,0.0,0.0,2.8,14.7,82.5,,4.7,4.91,-2.04,99346.0,17.5
s1,XAUUSD,momentum,4,[16],2.0,2.0,22,0.0,0,ftmo_1step,,7,2.0,1,,False,IS,845,2.0,0.0,4.5,1.8,91.7,5.8,4.9,5.48,-2.1,99514.0,6.3
s1,XAUUSD,momentum,4,[16],2.0,2.0,22,0.0,0,ftmo_1step,,7,2.0,1,,False,OOS,816,1.2,0.2,4.9,2.9,90.7,5.3,4.9,5.54,-2.07,99642.0,7.8
s1,XAUUSD,momentum,4,[16],2.0,2.0,22,0.0,0,fundingpips_1step,,7,2.0,1,,False,IS,845,2.0,0.0,4.3,16.7,77.0,5.8,4.7,5.29,-2.09,99526.0,21.0
s1,XAUUSD,momentum,4,[16],2.0,2.0,22,0.0,0,fundingpips_1step,,7,2.0,1,,False,OOS,816,1.5,0.0,4.0,18.1,76.3,5.3,4.7,5.31,-2.06,99619.0,22.1
s1,XAUUSD,momentum,4,[16],2.0,3.0,22,0.0,0,ftmo_1step,,7,2.0,1,,False,IS,845,0.9,1.2,5.0,2.1,90.8,5.3,4.8,5.66,-2.1,99443.0,7.1
s1,XAUUSD,momentum,4,[16],2.0,3.0,22,0.0,0,ftmo_1step,,7,2.0,1,,False,OOS,816,1.7,1.3,4.9,3.1,89.0,6.7,4.8,5.7,-2.07,99695.0,8.0
s1,XAUUSD,momentum,4,[16],2.0,3.0,22,0.0,0,fundingpips_1step,,7,2.0,1,,False,IS,845,2.1,0.0,4.7,17.0,76.1,4.7,4.7,5.47,-2.1,99453.0,21.7
s1,XAUUSD,momentum,4,[16],2.0,3.0,22,0.0,0,fundingpips_1step,,7,2.0,1,,False,OOS,816,3.1,0.0,4.0,18.4,74.5,5.9,4.6,5.47,-2.06,99672.0,22.4
s1,XAUUSD,momentum,4,[16],3.0,1.0,22,0.0,0,ftmo_1step,,7,2.0,1,,False,IS,845,0.0,0.0,2.4,0.0,97.6,,4.9,4.0,-1.92,99500.0,2.4
s1,XAUUSD,momentum,4,[16],3.0,1.0,22,0.0,0,ftmo_1step,,7,2.0,1,,False,OOS,816,0.0,0.0,3.2,0.0,96.8,,4.9,3.97,-1.89,99714.0,3.2
s1,XAUUSD,momentum,4,[16],3.0,1.0,22,0.0,0,fundingpips_1step,,7,2.0,1,,False,IS,845,0.0,0.0,2.2,4.7,93.0,,4.9,3.96,-1.92,99510.0,6.9
s1,XAUUSD,momentum,4,[16],3.0,1.0,22,0.0,0,fundingpips_1step,,7,2.0,1,,False,OOS,816,0.0,0.0,3.2,5.6,91.2,,4.9,3.93,-1.89,99706.0,8.8
s1,XAUUSD,momentum,4,[16],3.0,2.0,22,0.0,0,ftmo_1step,,7,2.0,1,,False,IS,845,0.5,0.0,3.4,0.0,96.1,5.3,4.9,4.26,-1.95,99529.0,3.4
s1,XAUUSD,momentum,4,[16],3.0,2.0,22,0.0,0,ftmo_1step,,7,2.0,1,,False,OOS,816,0.0,0.1,3.2,0.1,96.6,,4.9,4.18,-1.9,99857.0,3.3
s1,XAUUSD,momentum,4,[16],3.0,2.0,22,0.0,0,fundingpips_1step,,7,2.0,1,,False,IS,845,0.5,0.0,3.3,5.3,90.9,5.3,4.8,4.22,-1.95,99534.0,8.6
s1,XAUUSD,momentum,4,[16],3.0,2.0,22,0.0,0,fundingpips_1step,,7,2.0,1,,False,OOS,816,0.1,0.0,3.2,6.1,90.6,6.9,4.8,4.14,-1.9,99844.0,9.3
s1,XAUUSD,momentum,4,[1],0.5,1.0,22,0.0,0,ftmo_1step,,7,2.0,1,,False,IS,845,0.0,0.0,0.0,12.0,88.0,,4.8,6.92,-2.22,97362.0,12.0
s1,XAUUSD,momentum,4,[1],0.5,1.0,22,0.0,0,ftmo_1step,,7,2.0,1,,False,OOS,816,0.0,0.0,0.0,15.0,85.0,,4.9,6.75,-2.17,97608.0,15.0
s1,XAUUSD,momentum,4,[1],0.5,1.0,22,0.0,0,fundingpips_1step,,7,2.0,1,,False,IS,845,0.0,0.0,0.0,39.8,60.2,,4.5,6.42,-2.22,97435.0,39.8
s1,XAUUSD,momentum,4,[1],0.5,1.0,22,0.0,0,fundingpips_1step,,7,2.0,1,,False,OOS,816,0.0,0.0,0.0,37.5,62.5,,4.5,6.18,-2.17,97865.0,37.5
s1,XAUUSD,momentum,4,[16],3.0,3.0,22,0.0,0,ftmo_1step,,7,2.0,1,,False,IS,845,0.5,0.2,3.3,0.2,95.7,5.2,4.9,4.31,-1.94,99549.0,3.5
s1,XAUUSD,momentum,4,[16],3.0,3.0,22,0.0,0,ftmo_1step,,7,2.0,1,,False,OOS,816,0.1,0.1,3.2,0.1,96.4,6.9,4.9,4.21,-1.9,99906.0,3.3
s1,XAUUSD,momentum,4,[16],3.0,3.0,22,0.0,0,fundingpips_1step,,7,2.0,1,,False,IS,845,0.7,0.0,3.2,5.4,90.7,5.3,4.8,4.26,-1.94,99554.0,8.6
s1,XAUUSD,momentum,4,[16],3.0,3.0,22,0.0,0,fundingpips_1step,,7,2.0,1,,False,OOS,816,0.2,0.0,3.2,6.1,90.4,5.4,4.8,4.17,-1.9,99886.0,9.3
s1,XAUUSD,momentum,4,[1],0.5,2.0,22,0.0,0,ftmo_1step,,7,2.0,1,,False,IS,845,3.6,0.0,0.0,31.4,65.1,4.1,4.7,8.25,-2.22,97367.0,31.4
s1,XAUUSD,momentum,4,[1],0.5,2.0,22,0.0,0,ftmo_1step,,7,2.0,1,,False,OOS,816,3.6,0.0,0.0,31.9,64.6,2.3,4.7,8.1,-2.17,97490.0,31.9
s1,XAUUSD,momentum,4,[1],0.5,2.0,22,0.0,0,fundingpips_1step,,7,2.0,1,,False,IS,845,3.7,0.0,0.0,40.7,55.6,4.1,4.1,7.35,-2.22,97676.0,40.7
s1,XAUUSD,momentum,4,[1],0.5,2.0,22,0.0,0,fundingpips_1step,,7,2.0,1,,False,OOS,816,3.8,0.0,0.0,40.8,55.4,2.4,4.1,7.15,-2.17,97994.0,40.8
s1,XAUUSD,momentum,4,[1],0.5,3.0,22,0.0,0,ftmo_1step,,7,2.0,1,,False,IS,845,2.8,3.4,0.0,47.9,45.8,6.1,4.5,9.2,-2.21,97189.0,47.9
s1,XAUUSD,momentum,4,[1],0.5,3.0,22,0.0,0,ftmo_1step,,7,2.0,1,,False,OOS,816,2.6,4.3,0.5,48.3,44.4,6.0,4.5,9.15,-2.14,97552.0,48.8
s1,XAUUSD,momentum,4,[1],0.5,3.0,22,0.0,0,fundingpips_1step,,7,2.0,1,,False,IS,845,6.6,0.0,0.0,53.4,40.0,3.3,3.8,8.18,-2.2,97669.0,53.4
s1,XAUUSD,momentum,4,[1],0.5,3.0,22,0.0,0,fundingpips_1step,,7,2.0,1,,False,OOS,816,7.7,0.0,0.5,51.0,40.8,3.1,3.8,8.08,-2.15,98059.0,51.5
s1,XAUUSD,momentum,4,[1],1.0,1.0,22,0.0,0,ftmo_1step,,7,2.0,1,,False,IS,845,0.0,0.0,0.5,6.0,93.5,,4.9,5.96,-2.12,99137.0,6.5
s1,XAUUSD,momentum,4,[1],1.0,1.0,22,0.0,0,ftmo_1step,,7,2.0,1,,False,OOS,816,0.0,0.0,0.0,4.9,95.1,,4.9,5.8,-2.07,99204.0,4.9
s1,XAUUSD,momentum,4,[1],1.0,1.0,22,0.0,0,fundingpips_1step,,7,2.0,1,,False,IS,845,0.0,0.0,0.4,27.3,72.3,,4.6,5.67,-2.11,99067.0,27.7
s1,XAUUSD,momentum,4,[1],1.0,1.0,22,0.0,0,fundingpips_1step,,7,2.0,1,,False,OOS,816,0.0,0.0,0.0,24.8,75.2,,4.7,5.53,-2.07,99173.0,24.8
s1,XAUUSD,momentum,4,[1],1.0,2.0,22,0.0,0,ftmo_1step,,7,2.0,1,,False,IS,845,5.2,0.0,0.7,21.5,72.5,4.4,4.7,7.67,-2.11,99053.0,22.2
s1,XAUUSD,momentum,4,[1],1.0,2.0,22,0.0,0,ftmo_1step,,7,2.0,1,,False,OOS,816,6.0,0.0,0.9,21.2,71.9,4.4,4.8,7.38,-2.07,99362.0,22.1
s1,XAUUSD,momentum,4,[1],1.0,2.0,22,0.0,0,fundingpips_1step,,7,2.0,1,,False,IS,845,5.3,0.0,0.5,34.6,59.6,4.3,4.2,6.96,-2.11,99219.0,35.1
s1,XAUUSD,momentum,4,[1],1.0,2.0,22,0.0,0,fundingpips_1step,,7,2.0,1,,False,OOS,816,6.1,0.0,0.7,32.2,60.9,4.3,4.3,6.77,-2.07,99423.0,32.9
s1,XAUUSD,momentum,4,[1],1.0,3.0,22,0.0,0,ftmo_1step,,7,2.0,1,,False,IS,845,6.4,4.1,1.3,33.1,55.0,5.6,4.5,8.38,-2.1,99000.0,34.4
s1,XAUUSD,momentum,4,[1],1.0,3.0,22,0.0,0,ftmo_1step,,7,2.0,1,,False,OOS,816,6.9,3.8,0.9,33.0,55.5,5.6,4.6,8.15,-2.06,99353.0,33.9
s1,XAUUSD,momentum,4,[1],1.0,3.0,22,0.0,0,fundingpips_1step,,7,2.0,1,,False,IS,845,10.9,0.0,1.1,44.5,43.6,3.9,4.0,7.58,-2.09,99194.0,45.6
s1,XAUUSD,momentum,4,[1],1.0,3.0,22,0.0,0,fundingpips_1step,,7,2.0,1,,False,OOS,816,10.9,0.0,0.7,41.5,46.8,4.3,4.0,7.47,-2.06,99472.0,42.2
s1,XAUUSD,momentum,4,[1],2.0,1.0,22,0.0,0,ftmo_1step,,7,2.0,1,,False,IS,845,0.0,0.0,0.0,2.0,98.0,,4.9,5.23,-2.02,99873.0,2.0
s1,XAUUSD,momentum,4,[1],2.0,1.0,22,0.0,0,ftmo_1step,,7,2.0,1,,False,OOS,816,0.0,0.0,0.0,2.3,97.7,,4.9,5.1,-2.0,99796.0,2.3
s1,XAUUSD,momentum,4,[1],2.0,1.0,22,0.0,0,fundingpips_1step,,7,2.0,1,,False,IS,845,0.0,0.0,0.0,16.0,84.0,,4.7,5.05,-2.03,99866.0,16.0
s1,XAUUSD,momentum,4,[1],2.0,1.0,22,0.0,0,fundingpips_1step,,7,2.0,1,,False,OOS,816,0.0,0.0,0.0,14.8,85.2,,4.7,4.94,-2.0,99798.0,14.8
s1,XAUUSD,momentum,4,[1],2.0,2.0,22,0.0,0,ftmo_1step,,7,2.0,1,,False,IS,845,5.0,0.0,0.5,4.0,90.5,5.2,4.8,6.15,-2.03,99917.0,4.5
s1,XAUUSD,momentum,4,[1],2.0,2.0,22,0.0,0,ftmo_1step,,7,2.0,1,,False,OOS,816,2.8,0.0,0.0,6.4,90.8,6.4,4.8,6.07,-2.02,99919.0,6.4
s1,XAUUSD,momentum,4,[1],2.0,2.0,22,0.0,0,fundingpips_1step,,7,2.0,1,,False,IS,845,5.0,0.0,0.5,22.7,71.8,5.2,4.6,5.87,-2.03,99891.0,23.2
s1,XAUUSD,momentum,4,[1],2.0,2.0,22,0.0,0,fundingpips_1step,,7,2.0,1,,False,OOS,816,2.9,0.0,0.0,23.2,73.9,6.3,4.6,5.77,-2.03,99975.0,23.2
s1,XAUUSD,momentum,4,[1],2.0,3.0,22,0.0,0,ftmo_1step,,7,2.0,1,,False,IS,845,3.8,2.4,0.6,5.1,88.2,4.9,4.8,6.45,-2.03,99867.0,5.7
s1,XAUUSD,momentum,4,[1],2.0,3.0,22,0.0,0,ftmo_1step,,7,2.0,1,,False,OOS,816,3.9,2.0,0.9,7.4,85.9,5.9,4.8,6.42,-2.03,100086.0,8.3
s1,XAUUSD,momentum,4,[1],2.0,3.0,22,0.0,0,fundingpips_1step,,7,2.0,1,,False,IS,845,6.3,0.0,0.6,24.7,68.4,4.9,4.5,6.15,-2.03,99867.0,25.3
s1,XAUUSD,momentum,4,[1],2.0,3.0,22,0.0,0,fundingpips_1step,,7,2.0,1,,False,OOS,816,6.1,0.0,0.7,24.1,69.0,4.8,4.6,6.11,-2.03,100153.0,24.8
s1,XAUUSD,momentum,4,[1],3.0,1.0,22,0.0,0,ftmo_1step,,7,2.0,1,,False,IS,845,0.0,0.0,0.1,0.7,99.2,,4.8,4.4,-1.94,100032.0,0.8
s1,XAUUSD,momentum,4,[1],3.0,1.0,22,0.0,0,ftmo_1step,,7,2.0,1,,False,OOS,816,0.0,0.0,0.0,0.0,100.0,,4.9,4.21,-1.91,100167.0,0.0
s1,XAUUSD,momentum,4,[1],3.0,1.0,22,0.0,0,fundingpips_1step,,7,2.0,1,,False,IS,845,0.0,0.0,0.1,7.6,92.3,,4.8,4.33,-1.94,100043.0,7.7
s1,XAUUSD,momentum,4,[1],3.0,1.0,22,0.0,0,fundingpips_1step,,7,2.0,1,,False,OOS,816,0.0,0.0,0.0,6.1,93.9,,4.8,4.15,-1.91,100153.0,6.1
s1,XAUUSD,momentum,12,[10],0.5,1.0,22,0.0,0,ftmo_1step,,7,2.0,1,,False,IS,845,0.0,0.0,0.0,18.1,81.9,,4.9,7.59,-2.31,96550.0,18.1
s1,XAUUSD,momentum,12,[10],0.5,1.0,22,0.0,0,ftmo_1step,,7,2.0,1,,False,OOS,816,0.0,0.0,0.0,17.8,82.2,,4.9,7.69,-2.26,95986.0,17.8
s1,XAUUSD,momentum,12,[10],0.5,1.0,22,0.0,0,fundingpips_1step,,7,2.0,1,,False,IS,845,0.0,0.0,0.0,42.0,58.0,,4.4,6.95,-2.32,96924.0,42.0
s1,XAUUSD,momentum,12,[10],0.5,1.0,22,0.0,0,fundingpips_1step,,7,2.0,1,,False,OOS,816,0.0,0.0,0.0,47.7,52.3,,4.4,7.03,-2.26,96418.0,47.7
s1,XAUUSD,momentum,12,[10],0.5,2.0,22,0.0,0,ftmo_1step,,7,2.0,1,,False,IS,845,2.7,0.0,0.0,31.5,65.8,4.4,4.8,8.64,-2.3,96991.0,31.5
s1,XAUUSD,momentum,12,[10],0.5,2.0,22,0.0,0,ftmo_1step,,7,2.0,1,,False,OOS,816,1.6,0.0,0.0,33.6,64.8,4.4,4.8,8.59,-2.25,96220.0,33.6
s1,XAUUSD,momentum,12,[10],0.5,2.0,22,0.0,0,fundingpips_1step,,7,2.0,1,,False,IS,845,2.7,0.0,0.0,39.8,57.5,4.4,4.1,7.57,-2.31,97564.0,39.8
s1,XAUUSD,momentum,12,[10],0.5,2.0,22,0.0,0,fundingpips_1step,,7,2.0,1,,False,OOS,816,1.6,0.0,0.0,46.2,52.2,4.4,4.0,7.32,-2.24,96958.0,46.2
s1,XAUUSD,momentum,4,[1],3.0,2.0,22,0.0,0,ftmo_1step,,7,2.0,1,,False,IS,845,0.9,0.0,0.5,0.7,97.9,6.2,4.8,4.85,-1.96,100045.0,1.2
s1,XAUUSD,momentum,4,[1],3.0,2.0,22,0.0,0,ftmo_1step,,7,2.0,1,,False,OOS,816,0.7,0.0,0.5,0.2,98.5,4.9,4.9,4.78,-1.94,100248.0,0.7
s1,XAUUSD,momentum,4,[1],3.0,2.0,22,0.0,0,fundingpips_1step,,7,2.0,1,,False,IS,845,0.9,0.0,0.5,9.3,89.2,6.2,4.8,4.76,-1.96,100045.0,9.8
s1,XAUUSD,momentum,4,[1],3.0,2.0,22,0.0,0,fundingpips_1step,,7,2.0,1,,False,OOS,816,0.7,0.0,0.5,8.7,90.1,4.9,4.8,4.7,-1.94,100233.0,9.2
s1,XAUUSD,momentum,12,[10],0.5,3.0,22,0.0,0,ftmo_1step,,7,2.0,1,,False,IS,845,3.7,4.1,0.0,47.9,44.3,6.4,4.5,9.5,-2.26,97164.0,47.9
s1,XAUUSD,momentum,12,[10],0.5,3.0,22,0.0,0,ftmo_1step,,7,2.0,1,,False,OOS,816,2.2,2.5,0.0,49.5,45.8,6.4,4.6,9.5,-2.22,95953.0,49.5
s1,XAUUSD,momentum,12,[10],0.5,3.0,22,0.0,0,fundingpips_1step,,7,2.0,1,,False,IS,845,8.8,0.0,0.0,49.7,41.5,3.4,3.8,8.25,-2.27,97890.0,49.7
s1,XAUUSD,momentum,12,[10],0.5,3.0,22,0.0,0,fundingpips_1step,,7,2.0,1,,False,OOS,816,4.8,0.0,0.0,56.9,38.4,3.4,3.7,7.96,-2.21,96930.0,56.9
s1,XAUUSD,momentum,12,[10],1.0,1.0,22,0.0,0,ftmo_1step,,7,2.0,1,,False,IS,845,0.0,0.0,0.5,7.5,92.1,,4.9,6.22,-2.14,98675.0,8.0
s1,XAUUSD,momentum,12,[10],1.0,1.0,22,0.0,0,ftmo_1step,,7,2.0,1,,False,OOS,816,0.0,0.0,0.0,7.2,92.8,,4.9,6.14,-2.13,98169.0,7.2
s1,XAUUSD,momentum,12,[10],1.0,1.0,22,0.0,0,fundingpips_1step,,7,2.0,1,,False,IS,845,0.0,0.0,0.5,29.7,69.8,,4.6,5.86,-2.14,98715.0,30.2
s1,XAUUSD,momentum,12,[10],1.0,1.0,22,0.0,0,fundingpips_1step,,7,2.0,1,,False,OOS,816,0.0,0.0,0.0,30.8,69.2,,4.6,5.75,-2.12,98198.0,30.8
s1,XAUUSD,momentum,12,[10],1.0,2.0,22,0.0,0,ftmo_1step,,7,2.0,1,,False,IS,845,6.2,0.0,0.7,23.1,70.1,4.5,4.8,7.76,-2.14,98858.0,23.8
s1,XAUUSD,momentum,12,[10],1.0,2.0,22,0.0,0,ftmo_1step,,7,2.0,1,,False,OOS,816,3.1,0.0,0.0,23.4,73.5,2.6,4.8,7.68,-2.12,98407.0,23.4
s1,XAUUSD,momentum,12,[10],1.0,2.0,22,0.0,0,fundingpips_1step,,7,2.0,1,,False,IS,845,6.2,0.0,0.6,32.9,60.4,4.5,4.2,7.1,-2.14,98905.0,33.5
s1,XAUUSD,momentum,12,[10],1.0,2.0,22,0.0,0,fundingpips_1step,,7,2.0,1,,False,OOS,816,3.1,0.0,0.0,34.8,62.1,2.6,4.3,6.93,-2.12,98581.0,34.8
s1,XAUUSD,momentum,12,[10],1.0,3.0,22,0.0,0,ftmo_1step,,7,2.0,1,,False,IS,845,4.1,5.0,0.9,36.8,53.1,6.5,4.6,8.57,-2.12,98826.0,37.7
s1,XAUUSD,momentum,12,[10],1.0,3.0,22,0.0,0,ftmo_1step,,7,2.0,1,,False,OOS,816,2.7,3.9,1.5,38.4,53.6,6.1,4.5,8.65,-2.11,98074.0,39.9
s1,XAUUSD,momentum,12,[10],1.0,3.0,22,0.0,0,fundingpips_1step,,7,2.0,1,,False,IS,845,9.5,0.0,0.8,42.0,47.7,3.6,4.0,7.77,-2.13,99037.0,42.8
s1,XAUUSD,momentum,12,[10],1.0,3.0,22,0.0,0,fundingpips_1step,,7,2.0,1,,False,OOS,816,6.6,0.0,1.2,46.6,45.6,3.1,4.0,7.76,-2.11,98323.0,47.8
s1,XAUUSD,momentum,4,[1],3.0,3.0,22,0.0,0,ftmo_1step,,7,2.0,1,,False,IS,845,1.3,0.8,0.4,0.7,96.8,5.9,4.8,4.95,-1.95,100063.0,1.1
s1,XAUUSD,momentum,4,[1],3.0,3.0,22,0.0,0,ftmo_1step,,7,2.0,1,,False,OOS,816,0.7,0.6,0.5,0.2,97.9,4.9,4.8,4.89,-1.94,100299.0,0.7
s1,XAUUSD,momentum,4,[1],3.0,3.0,22,0.0,0,fundingpips_1step,,7,2.0,1,,False,IS,845,2.2,0.0,0.4,9.3,88.0,5.9,4.8,4.87,-1.95,100073.0,9.7
s1,XAUUSD,momentum,4,[1],3.0,3.0,22,0.0,0,fundingpips_1step,,7,2.0,1,,False,OOS,816,1.3,0.0,0.5,8.7,89.5,4.9,4.8,4.81,-1.94,100286.0,9.2
s1,XAUUSD,momentum,12,[10],2.0,1.0,22,0.0,0,ftmo_1step,,7,2.0,1,,False,IS,845,0.0,0.0,1.8,4.1,94.1,,4.9,5.67,-2.07,99155.0,5.9
s1,XAUUSD,momentum,12,[10],2.0,1.0,22,0.0,0,ftmo_1step,,7,2.0,1,,False,OOS,816,0.0,0.0,1.5,4.5,94.0,,4.9,5.7,-2.07,99017.0,6.0
s1,XAUUSD,momentum,12,[10],2.0,1.0,22,0.0,0,fundingpips_1step,,7,2.0,1,,False,IS,845,0.0,0.0,1.5,21.2,77.3,,4.7,5.4,-2.07,99201.0,22.7
s1,XAUUSD,momentum,12,[10],2.0,1.0,22,0.0,0,fundingpips_1step,,7,2.0,1,,False,OOS,816,0.0,0.0,1.2,24.8,74.0,,4.6,5.41,-2.07,99017.0,26.0
s1,XAUUSD,momentum,12,[10],2.0,2.0,22,0.0,0,ftmo_1step,,7,2.0,1,,False,IS,845,3.2,0.0,2.8,8.2,85.8,4.9,4.8,6.62,-2.1,99386.0,11.0
s1,XAUUSD,momentum,12,[10],2.0,2.0,22,0.0,0,ftmo_1step,,7,2.0,1,,False,OOS,816,3.8,0.1,1.5,11.2,83.5,4.7,4.8,6.87,-2.07,99038.0,12.7
s1,XAUUSD,momentum,12,[10],2.0,2.0,22,0.0,0,fundingpips_1step,,7,2.0,1,,False,IS,845,3.2,0.0,2.5,25.6,68.8,4.9,4.5,6.2,-2.1,99419.0,28.1
s1,XAUUSD,momentum,12,[10],2.0,2.0,22,0.0,0,fundingpips_1step,,7,2.0,1,,False,OOS,816,3.9,0.0,1.2,29.8,65.1,4.7,4.5,6.4,-2.07,99017.0,31.0
s1,XAUUSD,momentum,12,[10],2.0,3.0,22,0.0,0,ftmo_1step,,7,2.0,1,,False,IS,845,4.1,2.2,2.7,13.0,77.9,5.5,4.7,7.1,-2.09,99263.0,15.7
s1,XAUUSD,momentum,12,[10],2.0,3.0,22,0.0,0,ftmo_1step,,7,2.0,1,,False,OOS,816,4.5,2.7,2.0,14.0,76.8,5.6,4.7,7.23,-2.07,99251.0,16.0
s1,XAUUSD,momentum,12,[10],2.0,3.0,22,0.0,0,fundingpips_1step,,7,2.0,1,,False,IS,845,6.5,0.0,2.4,29.8,61.3,4.7,4.4,6.64,-2.09,99380.0,32.2
s1,XAUUSD,momentum,12,[10],2.0,3.0,22,0.0,0,fundingpips_1step,,7,2.0,1,,False,OOS,816,7.2,0.0,1.7,33.8,57.2,4.6,4.4,6.73,-2.06,99223.0,35.5
s1,XAUUSD,momentum,12,[10],3.0,1.0,22,0.0,0,ftmo_1step,,7,2.0,1,,False,IS,845,0.0,0.0,1.7,1.9,96.4,,4.9,5.09,-2.03,99228.0,3.6
s1,XAUUSD,momentum,12,[10],3.0,1.0,22,0.0,0,ftmo_1step,,7,2.0,1,,False,OOS,816,0.0,0.0,2.0,1.3,96.7,,4.9,5.02,-2.03,99371.0,3.3
s1,XAUUSD,momentum,12,[10],3.0,1.0,22,0.0,0,fundingpips_1step,,7,2.0,1,,False,IS,845,0.0,0.0,1.4,16.0,82.6,,4.7,4.9,-2.03,99238.0,17.4
s1,XAUUSD,momentum,12,[10],3.0,1.0,22,0.0,0,fundingpips_1step,,7,2.0,1,,False,OOS,816,0.0,0.0,2.0,12.5,85.5,,4.8,4.87,-2.03,99376.0,14.5
s1,XAUUSD,momentum,12,[16],0.5,1.0,22,0.0,0,ftmo_1step,,7,2.0,1,,False,IS,845,0.0,0.0,0.0,24.1,75.9,,4.8,8.48,-2.26,95805.0,24.1
s1,XAUUSD,momentum,12,[16],0.5,1.0,22,0.0,0,ftmo_1step,,7,2.0,1,,False,OOS,816,0.0,0.0,0.0,23.2,76.8,,4.8,8.41,-2.2,96235.0,23.2
s1,XAUUSD,momentum,12,[16],0.5,1.0,22,0.0,0,fundingpips_1step,,7,2.0,1,,False,IS,845,0.0,0.0,0.0,49.5,50.5,,4.4,7.73,-2.27,96269.0,49.5
s1,XAUUSD,momentum,12,[16],0.5,1.0,22,0.0,0,fundingpips_1step,,7,2.0,1,,False,OOS,816,0.0,0.0,0.0,47.5,52.5,,4.4,7.76,-2.21,96590.0,47.5
s1,XAUUSD,momentum,12,[10],3.0,2.0,22,0.0,0,ftmo_1step,,7,2.0,1,,False,IS,845,1.7,0.0,2.0,2.6,93.7,5.1,4.9,5.66,-2.05,99420.0,4.6
s1,XAUUSD,momentum,12,[10],3.0,2.0,22,0.0,0,ftmo_1step,,7,2.0,1,,False,OOS,816,3.1,0.2,2.5,3.1,91.2,4.6,4.8,5.65,-2.03,99637.0,5.6
s1,XAUUSD,momentum,12,[10],3.0,2.0,22,0.0,0,fundingpips_1step,,7,2.0,1,,False,IS,845,1.7,0.0,1.8,19.6,76.9,5.1,4.7,5.42,-2.05,99387.0,21.4
s1,XAUUSD,momentum,12,[10],3.0,2.0,22,0.0,0,fundingpips_1step,,7,2.0,1,,False,OOS,816,3.3,0.0,2.5,16.5,77.7,4.6,4.7,5.44,-2.03,99640.0,19.0
s1,XAUUSD,momentum,12,[16],0.5,2.0,22,0.0,0,ftmo_1step,,7,2.0,1,,False,IS,845,2.5,0.0,0.5,34.2,62.8,4.6,4.8,8.94,-2.26,96704.0,34.7
s1,XAUUSD,momentum,12,[16],0.5,2.0,22,0.0,0,ftmo_1step,,7,2.0,1,,False,OOS,816,2.1,0.0,0.0,32.5,65.4,4.6,4.8,9.0,-2.18,97101.0,32.5
s1,XAUUSD,momentum,12,[16],0.5,2.0,22,0.0,0,fundingpips_1step,,7,2.0,1,,False,IS,845,2.8,0.0,0.5,42.0,54.7,4.7,4.1,7.79,-2.27,97279.0,42.5
s1,XAUUSD,momentum,12,[16],0.5,2.0,22,0.0,0,fundingpips_1step,,7,2.0,1,,False,OOS,816,2.2,0.0,0.0,41.9,55.9,3.7,4.1,7.96,-2.19,97423.0,41.9
s1,XAUUSD,momentum,12,[16],0.5,3.0,22,0.0,0,ftmo_1step,,7,2.0,1,,False,IS,845,3.4,3.9,1.3,45.6,45.8,5.7,4.5,9.59,-2.22,97097.0,46.9
s1,XAUUSD,momentum,12,[16],0.5,3.0,22,0.0,0,ftmo_1step,,7,2.0,1,,False,OOS,816,2.7,3.8,0.5,44.1,48.9,5.7,4.6,9.67,-2.15,97117.0,44.6
s1,XAUUSD,momentum,12,[16],0.5,3.0,22,0.0,0,fundingpips_1step,,7,2.0,1,,False,IS,845,8.4,0.0,1.1,51.5,39.1,3.7,3.8,8.22,-2.23,97717.0,52.6
s1,XAUUSD,momentum,12,[16],0.5,3.0,22,0.0,0,fundingpips_1step,,7,2.0,1,,False,OOS,816,7.7,0.0,0.4,52.6,39.3,3.6,3.8,8.26,-2.15,97705.0,53.0
s1,XAUUSD,momentum,12,[10],3.0,3.0,22,0.0,0,ftmo_1step,,7,2.0,1,,False,IS,845,0.9,1.3,2.0,3.7,92.1,6.9,4.8,5.86,-2.05,99396.0,5.7
s1,XAUUSD,momentum,12,[10],3.0,3.0,22,0.0,0,ftmo_1step,,7,2.0,1,,False,OOS,816,3.4,1.2,3.2,3.8,88.4,5.9,4.8,5.87,-2.04,99703.0,7.0
s1,XAUUSD,momentum,12,[10],3.0,3.0,22,0.0,0,fundingpips_1step,,7,2.0,1,,False,IS,845,2.2,0.0,1.8,20.6,75.4,5.6,4.6,5.62,-2.05,99363.0,22.4
s1,XAUUSD,momentum,12,[10],3.0,3.0,22,0.0,0,fundingpips_1step,,7,2.0,1,,False,OOS,816,4.7,0.0,3.2,17.6,74.5,4.9,4.7,5.65,-2.04,99707.0,20.8
s1,XAUUSD,momentum,12,[16],1.0,1.0,22,0.0,0,ftmo_1step,,7,2.0,1,,False,IS,845,0.0,0.0,1.2,7.7,91.1,,4.9,6.2,-2.14,98776.0,8.9
s1,XAUUSD,momentum,12,[16],1.0,1.0,22,0.0,0,ftmo_1step,,7,2.0,1,,False,OOS,816,0.0,0.0,1.5,7.0,91.5,,4.9,6.12,-2.11,98978.0,8.5
s1,XAUUSD,momentum,12,[16],1.0,1.0,22,0.0,0,fundingpips_1step,,7,2.0,1,,False,IS,845,0.0,0.0,1.1,28.0,70.9,,4.6,5.89,-2.13,98772.0,29.1
s1,XAUUSD,momentum,12,[16],1.0,1.0,22,0.0,0,fundingpips_1step,,7,2.0,1,,False,OOS,816,0.0,0.0,1.1,23.2,75.7,,4.6,5.82,-2.11,99050.0,24.3
s1,XAUUSD,momentum,12,[16],1.0,2.0,22,0.0,0,ftmo_1step,,7,2.0,1,,False,IS,845,5.1,0.0,2.2,17.6,75.0,4.7,4.8,7.44,-2.15,98849.0,19.8
s1,XAUUSD,momentum,12,[16],1.0,2.0,22,0.0,0,ftmo_1step,,7,2.0,1,,False,OOS,816,4.5,0.0,3.7,19.5,72.3,5.1,4.8,7.5,-2.14,98885.0,23.2
s1,XAUUSD,momentum,12,[16],1.0,2.0,22,0.0,0,fundingpips_1step,,7,2.0,1,,False,IS,845,5.1,0.0,2.1,32.8,60.0,4.7,4.3,6.83,-2.14,98904.0,34.9
s1,XAUUSD,momentum,12,[16],1.0,2.0,22,0.0,0,fundingpips_1step,,7,2.0,1,,False,OOS,816,4.5,0.0,2.8,33.3,59.3,5.1,4.3,6.86,-2.13,98985.0,36.1
s1,XAUUSD,momentum,12,[16],1.0,3.0,22,0.0,0,ftmo_1step,,7,2.0,1,,False,IS,845,5.6,4.0,2.7,22.7,65.0,5.8,4.6,7.89,-2.14,99130.0,25.4
s1,XAUUSD,momentum,12,[16],1.0,3.0,22,0.0,0,ftmo_1step,,7,2.0,1,,False,OOS,816,6.4,2.7,3.2,25.0,62.7,5.9,4.7,7.99,-2.12,98962.0,28.2
s1,XAUUSD,momentum,12,[16],1.0,3.0,22,0.0,0,fundingpips_1step,,7,2.0,1,,False,IS,845,9.9,0.0,2.5,38.1,49.5,4.3,4.2,7.21,-2.13,99229.0,40.6
s1,XAUUSD,momentum,12,[16],1.0,3.0,22,0.0,0,fundingpips_1step,,7,2.0,1,,False,OOS,816,9.2,0.0,2.3,39.6,48.9,5.1,4.2,7.3,-2.11,99082.0,41.9
s1,XAUUSD,momentum,12,[16],2.0,1.0,22,0.0,0,ftmo_1step,,7,2.0,1,,False,IS,845,0.0,0.0,3.8,1.1,95.1,,4.9,4.94,-2.05,99452.0,4.9
s1,XAUUSD,momentum,12,[16],2.0,1.0,22,0.0,0,ftmo_1step,,7,2.0,1,,False,OOS,816,0.0,0.0,4.4,1.1,94.5,,4.9,5.0,-2.06,99392.0,5.5
s1,XAUUSD,momentum,12,[16],2.0,1.0,22,0.0,0,fundingpips_1step,,7,2.0,1,,False,IS,845,0.0,0.0,3.6,12.8,83.7,,4.8,4.81,-2.04,99437.0,16.4
s1,XAUUSD,momentum,12,[16],2.0,1.0,22,0.0,0,fundingpips_1step,,7,2.0,1,,False,OOS,816,0.0,0.0,3.6,14.2,82.2,,4.7,4.84,-2.05,99394.0,17.8
s1,XAUUSD,momentum,12,[16],2.0,2.0,22,0.0,0,ftmo_1step,,7,2.0,1,,False,IS,845,2.6,0.2,4.5,1.8,90.9,4.7,4.8,5.4,-2.06,99828.0,6.3
s1,XAUUSD,momentum,12,[16],2.0,2.0,22,0.0,0,ftmo_1step,,7,2.0,1,,False,OOS,816,0.9,0.0,5.9,1.3,91.9,5.8,4.8,5.41,-2.08,99577.0,7.2
s1,XAUUSD,momentum,12,[16],2.0,2.0,22,0.0,0,fundingpips_1step,,7,2.0,1,,False,IS,845,2.8,0.0,4.3,14.7,78.2,4.7,4.7,5.23,-2.06,99810.0,19.0
s1,XAUUSD,momentum,12,[16],2.0,2.0,22,0.0,0,fundingpips_1step,,7,2.0,1,,False,OOS,816,0.9,0.0,4.9,16.9,77.3,5.8,4.7,5.23,-2.07,99562.0,21.8
s1,XAUUSD,momentum,12,[16],2.0,3.0,22,0.0,0,ftmo_1step,,7,2.0,1,,False,IS,845,2.4,1.8,4.7,2.6,88.5,4.8,4.8,5.62,-2.06,99697.0,7.3
s1,XAUUSD,momentum,12,[16],2.0,3.0,22,0.0,0,ftmo_1step,,7,2.0,1,,False,OOS,816,1.0,1.1,6.4,1.8,89.7,5.9,4.8,5.6,-2.08,99632.0,8.2
s1,XAUUSD,momentum,12,[16],2.0,3.0,22,0.0,0,fundingpips_1step,,7,2.0,1,,False,IS,845,4.1,0.0,4.5,15.4,76.0,4.7,4.7,5.45,-2.06,99679.0,19.9
s1,XAUUSD,momentum,12,[16],2.0,3.0,22,0.0,0,fundingpips_1step,,7,2.0,1,,False,OOS,816,2.1,0.0,5.4,17.5,75.0,5.7,4.7,5.42,-2.07,99614.0,22.9
s1,XAUUSD,momentum,12,[16],3.0,1.0,22,0.0,0,ftmo_1step,,7,2.0,1,,False,IS,845,0.0,0.0,2.8,0.0,97.2,,4.9,3.94,-1.87,99747.0,2.8
s1,XAUUSD,momentum,12,[16],3.0,1.0,22,0.0,0,ftmo_1step,,7,2.0,1,,False,OOS,816,0.0,0.0,3.3,0.0,96.7,,4.9,3.92,-1.9,99692.0,3.3
s1,XAUUSD,momentum,12,[16],3.0,1.0,22,0.0,0,fundingpips_1step,,7,2.0,1,,False,IS,845,0.0,0.0,2.6,4.6,92.8,,4.9,3.9,-1.87,99741.0,7.2
s1,XAUUSD,momentum,12,[16],3.0,1.0,22,0.0,0,fundingpips_1step,,7,2.0,1,,False,OOS,816,0.0,0.0,3.1,4.9,92.0,,4.9,3.89,-1.89,99681.0,8.0
s1,XAUUSD,momentum,12,[16],3.0,2.0,22,0.0,0,ftmo_1step,,7,2.0,1,,False,IS,845,0.6,0.0,3.4,0.0,96.0,5.9,4.9,4.21,-1.88,99769.0,3.4
s1,XAUUSD,momentum,12,[16],3.0,2.0,22,0.0,0,ftmo_1step,,7,2.0,1,,False,OOS,816,0.2,0.1,3.8,0.0,95.8,6.3,4.9,4.15,-1.92,99847.0,3.8
s1,XAUUSD,momentum,12,[16],3.0,2.0,22,0.0,0,fundingpips_1step,,7,2.0,1,,False,IS,845,0.6,0.0,3.2,5.2,91.0,5.9,4.8,4.17,-1.88,99756.0,8.4
s1,XAUUSD,momentum,12,[16],3.0,2.0,22,0.0,0,fundingpips_1step,,7,2.0,1,,False,OOS,816,0.4,0.0,3.6,5.4,90.7,6.9,4.8,4.12,-1.91,99828.0,9.0
s1,XAUUSD,momentum,12,[1],0.5,1.0,22,0.0,0,ftmo_1step,,7,2.0,1,,False,IS,845,0.0,0.0,0.2,12.2,87.6,,4.8,6.87,-2.23,97656.0,12.4
s1,XAUUSD,momentum,12,[1],0.5,1.0,22,0.0,0,ftmo_1step,,7,2.0,1,,False,OOS,816,0.0,0.0,0.0,11.8,88.2,,4.9,6.56,-2.15,98290.0,11.8
s1,XAUUSD,momentum,12,[1],0.5,1.0,22,0.0,0,fundingpips_1step,,7,2.0,1,,False,IS,845,0.0,0.0,0.2,36.2,63.6,,4.5,6.41,-2.23,97768.0,36.4
s1,XAUUSD,momentum,12,[1],0.5,1.0,22,0.0,0,fundingpips_1step,,7,2.0,1,,False,OOS,816,0.0,0.0,0.0,32.7,67.3,,4.5,6.13,-2.16,98420.0,32.7
s1,XAUUSD,momentum,12,[16],3.0,3.0,22,0.0,0,ftmo_1step,,7,2.0,1,,False,IS,845,0.6,0.5,3.3,0.0,95.6,6.9,4.9,4.22,-1.88,99840.0,3.3
s1,XAUUSD,momentum,12,[16],3.0,3.0,22,0.0,0,ftmo_1step,,7,2.0,1,,False,OOS,816,0.4,0.2,3.8,0.0,95.6,6.8,4.8,4.2,-1.91,99862.0,3.8
s1,XAUUSD,momentum,12,[16],3.0,3.0,22,0.0,0,fundingpips_1step,,7,2.0,1,,False,IS,845,1.1,0.0,3.1,5.2,90.7,5.8,4.8,4.18,-1.87,99828.0,8.3
s1,XAUUSD,momentum,12,[16],3.0,3.0,22,0.0,0,fundingpips_1step,,7,2.0,1,,False,OOS,816,0.6,0.0,3.6,5.4,90.4,6.9,4.8,4.17,-1.91,99842.0,9.0
s1,XAUUSD,momentum,12,[1],0.5,2.0,22,0.0,0,ftmo_1step,,7,2.0,1,,False,IS,845,3.3,0.0,0.2,32.2,64.3,4.1,4.7,8.3,-2.22,97569.0,32.4
s1,XAUUSD,momentum,12,[1],0.5,2.0,22,0.0,0,ftmo_1step,,7,2.0,1,,False,OOS,816,3.6,0.0,0.0,28.7,67.8,4.1,4.7,8.01,-2.16,98142.0,28.7
s1,XAUUSD,momentum,12,[1],0.5,2.0,22,0.0,0,fundingpips_1step,,7,2.0,1,,False,IS,845,3.8,0.0,0.2,39.1,56.9,4.1,4.1,7.45,-2.22,97899.0,39.3
s1,XAUUSD,momentum,12,[1],0.5,2.0,22,0.0,0,fundingpips_1step,,7,2.0,1,,False,OOS,816,3.8,0.0,0.0,36.8,59.4,4.1,4.2,7.23,-2.16,98426.0,36.8
s1,XAUUSD,momentum,12,[1],0.5,3.0,22,0.0,0,ftmo_1step,,7,2.0,1,,False,IS,845,3.8,4.3,0.2,48.8,43.0,5.4,4.4,9.16,-2.2,97506.0,49.0
s1,XAUUSD,momentum,12,[1],0.5,3.0,22,0.0,0,ftmo_1step,,7,2.0,1,,False,OOS,816,4.2,4.8,0.0,46.1,45.0,6.1,4.4,9.08,-2.13,98117.0,46.1
s1,XAUUSD,momentum,12,[1],0.5,3.0,22,0.0,0,fundingpips_1step,,7,2.0,1,,False,IS,845,9.0,0.0,0.2,53.3,37.5,3.1,3.7,8.24,-2.2,97911.0,53.5
s1,XAUUSD,momentum,12,[1],0.5,3.0,22,0.0,0,fundingpips_1step,,7,2.0,1,,False,OOS,816,9.8,0.0,0.0,48.5,41.7,3.3,3.8,8.12,-2.13,98469.0,48.5
s1,XAUUSD,momentum,12,[1],1.0,1.0,22,0.0,0,ftmo_1step,,7,2.0,1,,False,IS,845,0.0,0.0,0.5,5.4,94.1,,4.9,5.95,-2.1,99285.0,5.9
s1,XAUUSD,momentum,12,[1],1.0,1.0,22,0.0,0,ftmo_1step,,7,2.0,1,,False,OOS,816,0.0,0.0,0.5,6.7,92.8,,4.9,5.82,-2.07,99303.0,7.2
s1,XAUUSD,momentum,12,[1],1.0,1.0,22,0.0,0,fundingpips_1step,,7,2.0,1,,False,IS,845,0.0,0.0,0.4,25.1,74.6,,4.6,5.67,-2.1,99264.0,25.5
s1,XAUUSD,momentum,12,[1],1.0,1.0,22,0.0,0,fundingpips_1step,,7,2.0,1,,False,OOS,816,0.0,0.0,0.5,25.6,73.9,,4.6,5.5,-2.07,99355.0,26.1
s1,XAUUSD,momentum,12,[1],1.0,2.0,22,0.0,0,ftmo_1step,,7,2.0,1,,False,IS,845,4.9,0.0,1.2,21.2,72.8,4.3,4.7,7.68,-2.12,99063.0,22.4
s1,XAUUSD,momentum,12,[1],1.0,2.0,22,0.0,0,ftmo_1step,,7,2.0,1,,False,OOS,816,6.2,0.0,0.9,21.3,71.6,4.3,4.8,7.48,-2.06,99356.0,22.2
s1,XAUUSD,momentum,12,[1],1.0,2.0,22,0.0,0,fundingpips_1step,,7,2.0,1,,False,IS,845,5.0,0.0,0.8,32.9,61.3,4.3,4.3,7.07,-2.11,99147.0,33.7
s1,XAUUSD,momentum,12,[1],1.0,2.0,22,0.0,0,fundingpips_1step,,7,2.0,1,,False,OOS,816,6.4,0.0,0.9,32.2,60.5,4.3,4.3,6.86,-2.06,99446.0,33.1
s1,XAUUSD,momentum,12,[1],1.0,3.0,22,0.0,0,ftmo_1step,,7,2.0,1,,False,IS,845,6.9,4.3,1.2,34.6,53.1,5.6,4.5,8.39,-2.1,98994.0,35.8
s1,XAUUSD,momentum,12,[1],1.0,3.0,22,0.0,0,ftmo_1step,,7,2.0,1,,False,OOS,816,5.5,3.8,1.0,35.5,54.2,5.4,4.5,8.31,-2.05,99087.0,36.5
s1,XAUUSD,momentum,12,[1],1.0,3.0,22,0.0,0,fundingpips_1step,,7,2.0,1,,False,IS,845,11.5,0.0,0.8,44.3,43.4,3.9,4.0,7.68,-2.09,99157.0,45.1
s1,XAUUSD,momentum,12,[1],1.0,3.0,22,0.0,0,fundingpips_1step,,7,2.0,1,,False,OOS,816,10.0,0.0,0.7,43.4,45.8,3.9,4.0,7.61,-2.05,99236.0,44.1
s1,XAUUSD,momentum,12,[1],2.0,1.0,22,0.0,0,ftmo_1step,,7,2.0,1,,False,IS,845,0.0,0.0,0.7,3.8,95.5,,4.9,5.39,-2.04,99545.0,4.5
s1,XAUUSD,momentum,12,[1],2.0,1.0,22,0.0,0,ftmo_1step,,7,2.0,1,,False,OOS,816,0.0,0.0,0.5,2.0,97.5,,4.9,5.27,-2.0,99742.0,2.5
s1,XAUUSD,momentum,12,[1],2.0,1.0,22,0.0,0,fundingpips_1step,,7,2.0,1,,False,IS,845,0.0,0.0,0.5,18.3,81.2,,4.7,5.16,-2.04,99579.0,18.8
s1,XAUUSD,momentum,12,[1],2.0,1.0,22,0.0,0,fundingpips_1step,,7,2.0,1,,False,OOS,816,0.0,0.0,0.2,16.1,83.7,,4.7,5.1,-2.0,99705.0,16.3
s1,XAUUSD,momentum,12,[1],2.0,2.0,22,0.0,0,ftmo_1step,,7,2.0,1,,False,IS,845,3.3,0.0,1.2,6.9,88.6,6.1,4.8,6.34,-2.06,99515.0,8.1
s1,XAUUSD,momentum,12,[1],2.0,2.0,22,0.0,0,ftmo_1step,,7,2.0,1,,False,OOS,816,5.0,0.0,0.5,5.5,89.0,5.7,4.8,6.1,-2.01,99954.0,6.0
s1,XAUUSD,momentum,12,[1],2.0,2.0,22,0.0,0,fundingpips_1step,,7,2.0,1,,False,IS,845,3.4,0.0,0.9,23.8,71.8,6.3,4.6,5.98,-2.05,99598.0,24.7
s1,XAUUSD,momentum,12,[1],2.0,2.0,22,0.0,0,fundingpips_1step,,7,2.0,1,,False,OOS,816,5.0,0.0,0.2,21.2,73.5,5.7,4.6,5.82,-2.01,99936.0,21.4
s1,XAUUSD,momentum,12,[1],2.0,3.0,22,0.0,0,ftmo_1step,,7,2.0,1,,False,IS,845,3.4,1.7,1.4,8.0,85.4,5.9,4.8,6.59,-2.06,99597.0,9.4
s1,XAUUSD,momentum,12,[1],2.0,3.0,22,0.0,0,ftmo_1step,,7,2.0,1,,False,OOS,816,3.7,2.9,1.3,7.2,84.8,5.9,4.8,6.46,-2.03,99999.0,8.5
s1,XAUUSD,momentum,12,[1],2.0,3.0,22,0.0,0,fundingpips_1step,,7,2.0,1,,False,IS,845,5.3,0.0,1.2,24.6,68.9,5.7,4.5,6.23,-2.06,99679.0,25.8
s1,XAUUSD,momentum,12,[1],2.0,3.0,22,0.0,0,fundingpips_1step,,7,2.0,1,,False,OOS,816,7.1,0.0,1.1,22.9,68.9,5.1,4.6,6.16,-2.03,99973.0,24.0
s1,XAUUSD,momentum,12,[1],3.0,1.0,22,0.0,0,ftmo_1step,,7,2.0,1,,False,IS,845,0.0,0.0,0.2,0.7,99.1,,4.9,4.55,-1.94,99794.0,0.9
s1,XAUUSD,momentum,12,[1],3.0,1.0,22,0.0,0,ftmo_1step,,7,2.0,1,,False,OOS,816,0.0,0.0,0.0,0.2,99.8,,4.9,4.31,-1.92,100157.0,0.2
s1,XAUUSD,momentum,12,[1],3.0,1.0,22,0.0,0,fundingpips_1step,,7,2.0,1,,False,IS,845,0.0,0.0,0.2,9.8,89.9,,4.8,4.47,-1.94,99796.0,10.0
s1,XAUUSD,momentum,12,[1],3.0,1.0,22,0.0,0,fundingpips_1step,,7,2.0,1,,False,OOS,816,0.0,0.0,0.0,5.0,95.0,,4.8,4.27,-1.92,100126.0,5.0
s1,XAUUSD,momentum,24,[10],0.5,1.0,22,0.0,0,ftmo_1step,,7,2.0,1,,False,IS,845,0.0,0.0,0.0,18.2,81.8,,4.9,7.74,-2.32,96096.0,18.2
s1,XAUUSD,momentum,24,[10],0.5,1.0,22,0.0,0,ftmo_1step,,7,2.0,1,,False,OOS,816,0.0,0.0,0.0,15.7,84.3,,4.9,7.56,-2.26,96523.0,15.7
s1,XAUUSD,momentum,24,[10],0.5,1.0,22,0.0,0,fundingpips_1step,,7,2.0,1,,False,IS,845,0.0,0.0,0.0,45.6,54.4,,4.4,7.03,-2.32,96523.0,45.6
s1,XAUUSD,momentum,24,[10],0.5,1.0,22,0.0,0,fundingpips_1step,,7,2.0,1,,False,OOS,816,0.0,0.0,0.0,44.6,55.4,,4.4,6.9,-2.25,96846.0,44.6
s1,XAUUSD,momentum,24,[10],0.5,2.0,22,0.0,0,ftmo_1step,,7,2.0,1,,False,IS,845,2.6,0.0,0.0,32.9,64.5,4.4,4.8,8.77,-2.31,96599.0,32.9
s1,XAUUSD,momentum,24,[10],0.5,2.0,22,0.0,0,ftmo_1step,,7,2.0,1,,False,OOS,816,3.7,0.0,0.0,28.6,67.8,4.4,4.8,8.38,-2.23,97079.0,28.6
s1,XAUUSD,momentum,24,[10],0.5,2.0,22,0.0,0,fundingpips_1step,,7,2.0,1,,False,IS,845,2.7,0.0,0.0,42.5,54.8,4.4,4.1,7.6,-2.31,97192.0,42.5
s1,XAUUSD,momentum,24,[10],0.5,2.0,22,0.0,0,fundingpips_1step,,7,2.0,1,,False,OOS,816,3.7,0.0,0.0,41.9,54.4,4.4,4.1,7.29,-2.22,97532.0,41.9
s1,XAUUSD,momentum,12,[1],3.0,2.0,22,0.0,0,ftmo_1step,,7,2.0,1,,False,IS,845,0.9,0.0,0.7,0.8,97.5,5.6,4.8,4.98,-1.96,99900.0,1.5
s1,XAUUSD,momentum,12,[1],3.0,2.0,22,0.0,0,ftmo_1step,,7,2.0,1,,False,OOS,816,1.0,0.0,0.5,0.5,98.0,4.6,4.9,4.81,-1.94,100258.0,1.0
s1,XAUUSD,momentum,12,[1],3.0,2.0,22,0.0,0,fundingpips_1step,,7,2.0,1,,False,IS,845,1.1,0.0,0.7,11.2,87.0,6.6,4.8,4.89,-1.96,99893.0,11.9
s1,XAUUSD,momentum,12,[1],3.0,2.0,22,0.0,0,fundingpips_1step,,7,2.0,1,,False,OOS,816,1.0,0.0,0.5,8.5,90.1,4.6,4.8,4.73,-1.93,100238.0,9.0
s1,XAUUSD,momentum,24,[10],0.5,3.0,22,0.0,0,ftmo_1step,,7,2.0,1,,False,IS,845,3.7,3.9,0.2,47.9,44.3,5.5,4.5,9.53,-2.28,96985.0,48.1
s1,XAUUSD,momentum,24,[10],0.5,3.0,22,0.0,0,ftmo_1step,,7,2.0,1,,False,OOS,816,2.7,4.2,0.0,48.4,44.7,6.0,4.5,9.5,-2.19,96667.0,48.4
s1,XAUUSD,momentum,24,[10],0.5,3.0,22,0.0,0,fundingpips_1step,,7,2.0,1,,False,IS,845,8.8,0.0,0.2,51.7,39.3,3.4,3.8,8.15,-2.27,97728.0,51.9
s1,XAUUSD,momentum,24,[10],0.5,3.0,22,0.0,0,fundingpips_1step,,7,2.0,1,,False,OOS,816,7.4,0.0,0.0,55.6,37.0,3.4,3.7,8.14,-2.19,97302.0,55.6
s1,XAUUSD,momentum,24,[10],1.0,1.0,22,0.0,0,ftmo_1step,,7,2.0,1,,False,IS,845,0.0,0.0,0.5,7.2,92.3,,4.9,6.24,-2.15,98616.0,7.7
s1,XAUUSD,momentum,24,[10],1.0,1.0,22,0.0,0,ftmo_1step,,7,2.0,1,,False,OOS,816,0.0,0.0,0.0,7.2,92.8,,4.9,5.96,-2.1,98949.0,7.2
s1,XAUUSD,momentum,24,[10],1.0,1.0,22,0.0,0,fundingpips_1step,,7,2.0,1,,False,IS,845,0.0,0.0,0.5,28.4,71.1,,4.6,5.89,-2.15,98613.0,28.9
s1,XAUUSD,momentum,24,[10],1.0,1.0,22,0.0,0,fundingpips_1step,,7,2.0,1,,False,OOS,816,0.0,0.0,0.0,28.1,71.9,,4.6,5.62,-2.1,98960.0,28.1
s1,XAUUSD,momentum,12,[1],3.0,3.0,22,0.0,0,ftmo_1step,,7,2.0,1,,False,IS,845,1.2,0.1,0.5,0.9,97.3,5.2,4.8,5.07,-1.96,99927.0,1.4
s1,XAUUSD,momentum,12,[1],3.0,3.0,22,0.0,0,ftmo_1step,,7,2.0,1,,False,OOS,816,1.5,1.8,0.5,0.5,95.7,5.5,4.8,4.89,-1.93,100400.0,1.0
s1,XAUUSD,momentum,12,[1],3.0,3.0,22,0.0,0,fundingpips_1step,,7,2.0,1,,False,IS,845,1.4,0.0,0.5,11.2,86.9,5.2,4.8,4.97,-1.96,99924.0,11.7
s1,XAUUSD,momentum,12,[1],3.0,3.0,22,0.0,0,fundingpips_1step,,7,2.0,1,,False,OOS,816,3.3,0.0,0.5,8.5,87.7,5.9,4.8,4.81,-1.93,100378.0,9.0
s1,XAUUSD,momentum,24,[10],1.0,2.0,22,0.0,0,ftmo_1step,,7,2.0,1,,False,IS,845,5.7,0.0,0.9,25.8,67.6,4.6,4.8,7.82,-2.14,98834.0,26.7
s1,XAUUSD,momentum,24,[10],1.0,2.0,22,0.0,0,ftmo_1step,,7,2.0,1,,False,OOS,816,5.0,0.1,0.4,24.0,70.5,4.5,4.8,7.78,-2.11,98689.0,24.4
s1,XAUUSD,momentum,24,[10],1.0,2.0,22,0.0,0,fundingpips_1step,,7,2.0,1,,False,IS,845,6.0,0.0,0.8,34.3,58.8,4.6,4.2,7.1,-2.14,99018.0,35.1
s1,XAUUSD,momentum,24,[10],1.0,2.0,22,0.0,0,fundingpips_1step,,7,2.0,1,,False,OOS,816,5.5,0.0,0.4,34.8,59.3,4.5,4.2,7.04,-2.11,98902.0,35.2
s1,XAUUSD,momentum,24,[10],1.0,3.0,22,0.0,0,ftmo_1step,,7,2.0,1,,False,IS,845,5.7,4.6,1.2,37.6,50.9,5.5,4.5,8.67,-2.12,98941.0,38.8
s1,XAUUSD,momentum,24,[10],1.0,3.0,22,0.0,0,ftmo_1step,,7,2.0,1,,False,OOS,816,4.2,4.3,1.0,37.3,53.3,5.5,4.5,8.67,-2.1,98547.0,38.3
s1,XAUUSD,momentum,24,[10],1.0,3.0,22,0.0,0,fundingpips_1step,,7,2.0,1,,False,IS,845,11.0,0.0,1.1,42.7,45.2,3.7,3.9,7.81,-2.12,99217.0,43.8
s1,XAUUSD,momentum,24,[10],1.0,3.0,22,0.0,0,fundingpips_1step,,7,2.0,1,,False,OOS,816,9.4,0.0,0.9,45.2,44.5,3.6,3.9,7.78,-2.1,98876.0,46.1
s1,XAUUSD,momentum,24,[10],2.0,1.0,22,0.0,0,ftmo_1step,,7,2.0,1,,False,IS,845,0.0,0.0,1.5,5.6,92.9,,4.9,5.74,-2.08,99217.0,7.1
s1,XAUUSD,momentum,24,[10],2.0,1.0,22,0.0,0,ftmo_1step,,7,2.0,1,,False,OOS,816,0.0,0.0,2.9,3.4,93.6,,4.9,5.62,-2.08,99208.0,6.3
s1,XAUUSD,momentum,24,[10],2.0,1.0,22,0.0,0,fundingpips_1step,,7,2.0,1,,False,IS,845,0.0,0.0,1.3,23.0,75.7,,4.6,5.4,-2.08,99295.0,24.3
s1,XAUUSD,momentum,24,[10],2.0,1.0,22,0.0,0,fundingpips_1step,,7,2.0,1,,False,OOS,816,0.0,0.0,2.7,19.7,77.6,,4.7,5.4,-2.07,99213.0,22.4
s1,XAUUSD,momentum,24,[10],2.0,2.0,22,0.0,0,ftmo_1step,,7,2.0,1,,False,IS,845,4.0,0.0,2.5,10.4,83.1,5.6,4.8,6.73,-2.1,99588.0,12.9
s1,XAUUSD,momentum,24,[10],2.0,2.0,22,0.0,0,ftmo_1step,,7,2.0,1,,False,OOS,816,2.7,0.0,2.8,10.0,84.4,5.2,4.8,6.69,-2.08,99390.0,12.8
s1,XAUUSD,momentum,24,[10],2.0,2.0,22,0.0,0,fundingpips_1step,,7,2.0,1,,False,IS,845,4.1,0.0,2.1,25.9,67.8,5.6,4.5,6.26,-2.1,99600.0,28.0
s1,XAUUSD,momentum,24,[10],2.0,2.0,22,0.0,0,fundingpips_1step,,7,2.0,1,,False,OOS,816,3.1,0.0,2.6,26.1,68.3,4.9,4.5,6.31,-2.08,99384.0,28.7
s1,XAUUSD,momentum,24,[10],2.0,3.0,22,0.0,0,ftmo_1step,,7,2.0,1,,False,IS,845,4.5,2.8,2.5,16.1,74.1,5.6,4.7,7.22,-2.09,99448.0,18.6
s1,XAUUSD,momentum,24,[10],2.0,3.0,22,0.0,0,ftmo_1step,,7,2.0,1,,False,OOS,816,4.2,2.7,3.3,12.6,77.2,5.9,4.7,6.99,-2.07,99707.0,15.9
s1,XAUUSD,momentum,24,[10],2.0,3.0,22,0.0,0,fundingpips_1step,,7,2.0,1,,False,IS,845,7.5,0.0,2.1,31.2,59.2,4.9,4.3,6.72,-2.09,99466.0,33.3
s1,XAUUSD,momentum,24,[10],2.0,3.0,22,0.0,0,fundingpips_1step,,7,2.0,1,,False,OOS,816,7.0,0.0,2.9,29.2,60.9,4.8,4.4,6.57,-2.07,99667.0,32.1
s1,XAUUSD,momentum,24,[10],3.0,1.0,22,0.0,0,ftmo_1step,,7,2.0,1,,False,IS,845,0.0,0.0,1.4,1.9,96.7,,4.9,5.04,-2.02,99527.0,3.3
s1,XAUUSD,momentum,24,[10],3.0,1.0,22,0.0,0,ftmo_1step,,7,2.0,1,,False,OOS,816,0.0,0.0,2.0,1.1,96.9,,4.9,4.96,-2.04,99575.0,3.1
s1,XAUUSD,momentum,24,[10],3.0,1.0,22,0.0,0,fundingpips_1step,,7,2.0,1,,False,IS,845,0.0,0.0,1.3,15.0,83.7,,4.7,4.85,-2.02,99527.0,16.3
s1,XAUUSD,momentum,24,[10],3.0,1.0,22,0.0,0,fundingpips_1step,,7,2.0,1,,False,OOS,816,0.0,0.0,2.0,12.0,86.0,,4.8,4.83,-2.04,99559.0,14.0
s1,XAUUSD,momentum,24,[16],0.5,2.0,22,0.0,0,ftmo_1step,,7,2.0,1,,False,IS,845,2.6,0.0,0.0,34.4,63.0,4.7,4.8,8.98,-2.25,96651.0,34.4
s1,XAUUSD,momentum,24,[16],0.5,2.0,22,0.0,0,ftmo_1step,,7,2.0,1,,False,OOS,816,2.8,0.0,0.0,32.5,64.7,2.7,4.8,9.07,-2.18,96918.0,32.5
s1,XAUUSD,momentum,24,[16],0.5,2.0,22,0.0,0,fundingpips_1step,,7,2.0,1,,False,IS,845,2.8,0.0,0.0,42.8,54.3,4.7,4.1,7.82,-2.26,97204.0,42.8
s1,XAUUSD,momentum,24,[16],0.5,2.0,22,0.0,0,fundingpips_1step,,7,2.0,1,,False,OOS,816,2.9,0.0,0.0,43.8,53.3,2.7,4.0,7.89,-2.19,97433.0,43.8
s1,XAUUSD,momentum,24,[16],0.5,1.0,22,0.0,0,ftmo_1step,,7,2.0,1,,False,IS,845,0.0,0.0,0.0,22.6,77.4,,4.8,8.35,-2.26,95932.0,22.6
s1,XAUUSD,momentum,24,[16],0.5,1.0,22,0.0,0,ftmo_1step,,7,2.0,1,,False,OOS,816,0.0,0.0,0.0,24.3,75.7,,4.8,8.42,-2.2,96070.0,24.3
s1,XAUUSD,momentum,24,[16],0.5,1.0,22,0.0,0,fundingpips_1step,,7,2.0,1,,False,IS,845,0.0,0.0,0.0,48.4,51.6,,4.4,7.67,-2.28,96345.0,48.4
s1,XAUUSD,momentum,24,[16],0.5,1.0,22,0.0,0,fundingpips_1step,,7,2.0,1,,False,OOS,816,0.0,0.0,0.0,49.5,50.5,,4.3,7.64,-2.21,96586.0,49.5
s1,XAUUSD,momentum,24,[10],3.0,2.0,22,0.0,0,ftmo_1step,,7,2.0,1,,False,IS,845,0.9,0.0,1.8,3.3,94.0,6.3,4.9,5.67,-2.04,99671.0,5.1
s1,XAUUSD,momentum,24,[10],3.0,2.0,22,0.0,0,ftmo_1step,,7,2.0,1,,False,OOS,816,1.3,0.1,2.5,2.9,93.1,4.6,4.9,5.55,-2.05,99897.0,5.4
s1,XAUUSD,momentum,24,[10],3.0,2.0,22,0.0,0,fundingpips_1step,,7,2.0,1,,False,IS,845,0.9,0.0,1.5,18.5,79.1,6.3,4.7,5.43,-2.04,99616.0,20.0
s1,XAUUSD,momentum,24,[10],3.0,2.0,22,0.0,0,fundingpips_1step,,7,2.0,1,,False,OOS,816,1.5,0.0,2.3,15.6,80.6,4.7,4.7,5.37,-2.05,99854.0,17.9
s1,XAUUSD,momentum,24,[16],0.5,3.0,22,0.0,0,ftmo_1step,,7,2.0,1,,False,IS,845,3.6,3.2,0.6,46.5,46.2,6.2,4.6,9.65,-2.23,96848.0,47.1
s1,XAUUSD,momentum,24,[16],0.5,3.0,22,0.0,0,ftmo_1step,,7,2.0,1,,False,OOS,816,2.7,3.9,0.0,46.3,47.1,5.7,4.6,9.84,-2.15,96744.0,46.3
s1,XAUUSD,momentum,24,[16],0.5,3.0,22,0.0,0,fundingpips_1step,,7,2.0,1,,False,IS,845,7.8,0.0,0.5,52.0,39.8,3.7,3.8,8.25,-2.23,97509.0,52.5
s1,XAUUSD,momentum,24,[16],0.5,3.0,22,0.0,0,fundingpips_1step,,7,2.0,1,,False,OOS,816,7.2,0.0,0.0,55.5,37.3,1.7,3.7,8.33,-2.15,97355.0,55.5
s1,XAUUSD,momentum,24,[10],3.0,3.0,22,0.0,0,ftmo_1step,,7,2.0,1,,False,IS,845,1.3,1.1,1.8,4.1,91.7,6.7,4.9,5.87,-2.04,99680.0,5.9
s1,XAUUSD,momentum,24,[10],3.0,3.0,22,0.0,0,ftmo_1step,,7,2.0,1,,False,OOS,816,1.8,0.6,2.7,3.7,91.2,4.6,4.8,5.78,-2.05,99915.0,6.4
s1,XAUUSD,momentum,24,[10],3.0,3.0,22,0.0,0,fundingpips_1step,,7,2.0,1,,False,IS,845,2.4,0.0,1.5,19.1,77.0,5.9,4.7,5.63,-2.04,99637.0,20.6
s1,XAUUSD,momentum,24,[10],3.0,3.0,22,0.0,0,fundingpips_1step,,7,2.0,1,,False,OOS,816,2.5,0.0,2.6,16.5,78.4,4.6,4.7,5.6,-2.05,99859.0,19.1
s1,XAUUSD,momentum,24,[16],1.0,1.0,22,0.0,0,ftmo_1step,,7,2.0,1,,False,IS,845,0.0,0.0,1.2,9.3,89.5,,4.9,6.32,-2.14,98479.0,10.5
s1,XAUUSD,momentum,24,[16],1.0,1.0,22,0.0,0,ftmo_1step,,7,2.0,1,,False,OOS,816,0.0,0.0,1.5,8.9,89.6,,4.9,6.36,-2.11,98685.0,10.4
s1,XAUUSD,momentum,24,[16],1.0,1.0,22,0.0,0,fundingpips_1step,,7,2.0,1,,False,IS,845,0.0,0.0,1.1,28.5,70.4,,4.6,5.93,-2.14,98584.0,29.6
s1,XAUUSD,momentum,24,[16],1.0,1.0,22,0.0,0,fundingpips_1step,,7,2.0,1,,False,OOS,816,0.0,0.0,1.1,27.8,71.1,,4.6,6.0,-2.11,98822.0,28.9
s1,XAUUSD,momentum,24,[16],1.0,2.0,22,0.0,0,ftmo_1step,,7,2.0,1,,False,IS,845,3.6,0.0,3.1,18.0,75.4,4.7,4.8,7.54,-2.17,98535.0,21.1
s1,XAUUSD,momentum,24,[16],1.0,2.0,22,0.0,0,ftmo_1step,,7,2.0,1,,False,OOS,816,4.4,0.0,2.3,18.9,74.4,6.2,4.8,7.59,-2.12,98735.0,21.2
s1,XAUUSD,momentum,24,[16],1.0,2.0,22,0.0,0,fundingpips_1step,,7,2.0,1,,False,IS,845,3.6,0.0,2.7,33.6,60.1,4.7,4.3,6.9,-2.16,98640.0,36.3
s1,XAUUSD,momentum,24,[16],1.0,2.0,22,0.0,0,fundingpips_1step,,7,2.0,1,,False,OOS,816,4.4,0.0,1.8,32.8,60.9,6.2,4.3,6.91,-2.11,98920.0,34.6
s1,XAUUSD,momentum,24,[16],1.0,3.0,22,0.0,0,ftmo_1step,,7,2.0,1,,False,IS,845,6.2,3.3,3.1,23.8,63.7,5.8,4.6,7.96,-2.15,98895.0,26.9
s1,XAUUSD,momentum,24,[16],1.0,3.0,22,0.0,0,ftmo_1step,,7,2.0,1,,False,OOS,816,4.9,2.8,2.8,25.2,64.2,5.8,4.7,8.09,-2.12,98766.0,28.0
s1,XAUUSD,momentum,24,[16],1.0,3.0,22,0.0,0,fundingpips_1step,,7,2.0,1,,False,IS,845,9.9,0.0,2.7,39.2,48.2,4.7,4.1,7.25,-2.14,99059.0,41.9
s1,XAUUSD,momentum,24,[16],1.0,3.0,22,0.0,0,fundingpips_1step,,7,2.0,1,,False,OOS,816,7.8,0.0,2.2,39.0,51.0,4.9,4.2,7.36,-2.11,98971.0,41.2
s1,XAUUSD,momentum,24,[16],2.0,1.0,22,0.0,0,ftmo_1step,,7,2.0,1,,False,IS,845,0.0,0.0,3.9,1.5,94.6,,4.9,5.06,-2.07,99121.0,5.4
s1,XAUUSD,momentum,24,[16],2.0,1.0,22,0.0,0,ftmo_1step,,7,2.0,1,,False,OOS,816,0.0,0.0,3.9,1.0,95.1,,4.9,5.01,-2.03,99373.0,4.9
s1,XAUUSD,momentum,24,[16],2.0,1.0,22,0.0,0,fundingpips_1step,,7,2.0,1,,False,IS,845,0.0,0.0,3.7,13.7,82.6,,4.8,4.9,-2.07,99139.0,17.4
s1,XAUUSD,momentum,24,[16],2.0,1.0,22,0.0,0,fundingpips_1step,,7,2.0,1,,False,OOS,816,0.0,0.0,3.7,12.9,83.5,,4.8,4.88,-2.03,99347.0,16.6
s1,XAUUSD,momentum,24,[16],2.0,2.0,22,0.0,0,ftmo_1step,,7,2.0,1,,False,IS,845,1.8,0.2,4.6,2.6,90.8,6.7,4.9,5.5,-2.09,99604.0,7.2
s1,XAUUSD,momentum,24,[16],2.0,2.0,22,0.0,0,ftmo_1step,,7,2.0,1,,False,OOS,816,1.0,0.2,4.9,1.8,92.0,5.4,4.9,5.44,-2.06,99616.0,6.7
s1,XAUUSD,momentum,24,[16],2.0,2.0,22,0.0,0,fundingpips_1step,,7,2.0,1,,False,IS,845,2.0,0.0,4.3,16.2,77.5,5.8,4.7,5.28,-2.08,99622.0,20.5
s1,XAUUSD,momentum,24,[16],2.0,2.0,22,0.0,0,fundingpips_1step,,7,2.0,1,,False,OOS,816,1.2,0.0,4.5,16.2,78.1,4.9,4.7,5.26,-2.05,99597.0,20.7
s1,XAUUSD,momentum,24,[16],2.0,3.0,22,0.0,0,ftmo_1step,,7,2.0,1,,False,IS,845,1.7,1.3,4.6,3.3,89.1,5.3,4.8,5.7,-2.09,99589.0,7.9
s1,XAUUSD,momentum,24,[16],2.0,3.0,22,0.0,0,ftmo_1step,,7,2.0,1,,False,OOS,816,1.1,0.6,5.9,2.1,90.3,6.7,4.8,5.68,-2.08,99578.0,8.0
s1,XAUUSD,momentum,24,[16],2.0,3.0,22,0.0,0,fundingpips_1step,,7,2.0,1,,False,IS,845,3.0,0.0,4.3,17.2,75.6,4.9,4.7,5.48,-2.08,99610.0,21.5
s1,XAUUSD,momentum,24,[16],2.0,3.0,22,0.0,0,fundingpips_1step,,7,2.0,1,,False,OOS,816,1.7,0.0,5.5,16.8,76.0,5.3,4.7,5.5,-2.07,99547.0,22.3
s1,XAUUSD,momentum,24,[16],3.0,1.0,22,0.0,0,ftmo_1step,,7,2.0,1,,False,IS,845,0.0,0.0,3.3,0.2,96.4,,4.9,3.99,-1.91,99558.0,3.5
s1,XAUUSD,momentum,24,[16],3.0,1.0,22,0.0,0,ftmo_1step,,7,2.0,1,,False,OOS,816,0.0,0.0,1.5,0.0,98.5,,4.9,3.91,-1.86,99716.0,1.5
s1,XAUUSD,momentum,24,[16],3.0,1.0,22,0.0,0,fundingpips_1step,,7,2.0,1,,False,IS,845,0.0,0.0,3.1,5.8,91.1,,4.9,3.93,-1.91,99568.0,8.9
s1,XAUUSD,momentum,24,[16],3.0,1.0,22,0.0,0,fundingpips_1step,,7,2.0,1,,False,OOS,816,0.0,0.0,1.5,5.4,93.1,,4.9,3.88,-1.86,99693.0,6.9
s1,XAUUSD,momentum,24,[16],3.0,2.0,22,0.0,0,ftmo_1step,,7,2.0,1,,False,IS,845,0.2,0.0,3.7,0.2,95.9,6.9,4.9,4.24,-1.92,99677.0,3.9
s1,XAUUSD,momentum,24,[16],3.0,2.0,22,0.0,0,ftmo_1step,,7,2.0,1,,False,OOS,816,0.4,0.1,2.0,0.1,97.4,6.7,4.9,4.21,-1.89,99784.0,2.1
s1,XAUUSD,momentum,24,[16],3.0,2.0,22,0.0,0,fundingpips_1step,,7,2.0,1,,False,IS,845,0.2,0.0,3.4,6.7,89.6,6.9,4.8,4.18,-1.92,99683.0,10.1
s1,XAUUSD,momentum,24,[16],3.0,2.0,22,0.0,0,fundingpips_1step,,7,2.0,1,,False,OOS,816,0.5,0.0,2.0,6.2,91.3,6.8,4.8,4.19,-1.89,99758.0,8.2
s1,XAUUSD,momentum,24,[1],0.5,1.0,22,0.0,0,ftmo_1step,,7,2.0,1,,False,IS,845,0.0,0.0,0.2,9.6,90.2,,4.8,6.74,-2.22,97838.0,9.8
s1,XAUUSD,momentum,24,[1],0.5,1.0,22,0.0,0,ftmo_1step,,7,2.0,1,,False,OOS,816,0.0,0.0,0.0,13.0,87.0,,4.9,6.7,-2.17,97640.0,13.0
s1,XAUUSD,momentum,24,[1],0.5,1.0,22,0.0,0,fundingpips_1step,,7,2.0,1,,False,IS,845,0.0,0.0,0.1,31.7,68.2,,4.6,6.36,-2.22,97862.0,31.8
s1,XAUUSD,momentum,24,[1],0.5,1.0,22,0.0,0,fundingpips_1step,,7,2.0,1,,False,OOS,816,0.0,0.0,0.0,37.4,62.6,,4.5,6.19,-2.17,97894.0,37.4
s1,XAUUSD,momentum,24,[16],3.0,3.0,22,0.0,0,ftmo_1step,,7,2.0,1,,False,IS,845,0.2,0.2,3.7,0.4,95.5,6.8,4.9,4.29,-1.92,99689.0,4.1
s1,XAUUSD,momentum,24,[16],3.0,3.0,22,0.0,0,ftmo_1step,,7,2.0,1,,False,OOS,816,0.1,0.5,2.3,0.1,96.9,6.9,4.8,4.27,-1.89,99801.0,2.4
s1,XAUUSD,momentum,24,[16],3.0,3.0,22,0.0,0,fundingpips_1step,,7,2.0,1,,False,IS,845,0.5,0.0,3.4,6.9,89.2,6.8,4.8,4.23,-1.92,99693.0,10.3
s1,XAUUSD,momentum,24,[16],3.0,3.0,22,0.0,0,fundingpips_1step,,7,2.0,1,,False,OOS,816,0.6,0.0,2.3,6.2,90.8,4.6,4.8,4.24,-1.89,99775.0,8.5
s1,XAUUSD,momentum,24,[1],0.5,2.0,22,0.0,0,ftmo_1step,,7,2.0,1,,False,IS,845,1.2,0.0,0.2,30.9,67.7,4.0,4.7,8.28,-2.23,97600.0,31.1
s1,XAUUSD,momentum,24,[1],0.5,2.0,22,0.0,0,ftmo_1step,,7,2.0,1,,False,OOS,816,2.5,0.0,0.0,31.5,66.1,4.0,4.8,8.21,-2.17,97477.0,31.5
s1,XAUUSD,momentum,24,[1],0.5,2.0,22,0.0,0,fundingpips_1step,,7,2.0,1,,False,IS,845,1.5,0.0,0.1,38.6,59.8,4.1,4.1,7.51,-2.23,97826.0,38.7
s1,XAUUSD,momentum,24,[1],0.5,2.0,22,0.0,0,fundingpips_1step,,7,2.0,1,,False,OOS,816,2.8,0.0,0.0,40.2,57.0,4.1,4.1,7.32,-2.16,97892.0,40.2
s1,XAUUSD,momentum,24,[1],0.5,3.0,22,0.0,0,ftmo_1step,,7,2.0,1,,False,IS,845,3.3,3.0,0.2,48.8,44.7,6.1,4.4,9.2,-2.21,97495.0,49.0
s1,XAUUSD,momentum,24,[1],0.5,3.0,22,0.0,0,ftmo_1step,,7,2.0,1,,False,OOS,816,2.7,3.6,0.0,47.2,46.6,6.0,4.5,9.22,-2.14,97420.0,47.2
s1,XAUUSD,momentum,24,[1],0.5,3.0,22,0.0,0,fundingpips_1step,,7,2.0,1,,False,IS,845,7.0,0.0,0.1,52.8,40.1,3.3,3.8,8.2,-2.21,97906.0,52.9
s1,XAUUSD,momentum,24,[1],0.5,3.0,22,0.0,0,fundingpips_1step,,7,2.0,1,,False,OOS,816,7.1,0.0,0.0,50.5,42.4,3.5,3.8,8.2,-2.14,97907.0,50.5
s1,XAUUSD,momentum,24,[1],1.0,1.0,22,0.0,0,ftmo_1step,,7,2.0,1,,False,IS,845,0.0,0.0,0.5,6.4,93.1,,4.9,5.96,-2.1,99169.0,6.9
s1,XAUUSD,momentum,24,[1],1.0,1.0,22,0.0,0,ftmo_1step,,7,2.0,1,,False,OOS,816,0.0,0.0,0.5,4.2,95.3,,4.9,5.94,-2.08,98850.0,4.7
s1,XAUUSD,momentum,24,[1],1.0,1.0,22,0.0,0,fundingpips_1step,,7,2.0,1,,False,IS,845,0.0,0.0,0.4,25.1,74.6,,4.6,5.7,-2.1,99180.0,25.5
s1,XAUUSD,momentum,24,[1],1.0,1.0,22,0.0,0,fundingpips_1step,,7,2.0,1,,False,OOS,816,0.0,0.0,0.5,26.6,72.9,,4.7,5.68,-2.08,98798.0,27.1
s1,XAUUSD,momentum,24,[1],1.0,2.0,22,0.0,0,ftmo_1step,,7,2.0,1,,False,IS,845,3.4,0.0,1.4,22.5,72.7,4.5,4.8,7.7,-2.12,98757.0,23.9
s1,XAUUSD,momentum,24,[1],1.0,2.0,22,0.0,0,ftmo_1step,,7,2.0,1,,False,OOS,816,3.9,0.0,0.9,21.7,73.5,4.8,4.8,7.57,-2.08,98725.0,22.6
s1,XAUUSD,momentum,24,[1],1.0,2.0,22,0.0,0,fundingpips_1step,,7,2.0,1,,False,IS,845,3.6,0.0,0.9,34.3,61.2,4.4,4.3,7.07,-2.12,98888.0,35.2
s1,XAUUSD,momentum,24,[1],1.0,2.0,22,0.0,0,fundingpips_1step,,7,2.0,1,,False,OOS,816,3.9,0.0,0.9,32.2,63.0,4.8,4.3,6.98,-2.08,98770.0,33.1
s1,XAUUSD,momentum,24,[1],1.0,3.0,22,0.0,0,ftmo_1step,,7,2.0,1,,False,IS,845,6.5,4.0,1.3,35.9,52.3,5.6,4.5,8.4,-2.1,98666.0,37.2
s1,XAUUSD,momentum,24,[1],1.0,3.0,22,0.0,0,ftmo_1step,,7,2.0,1,,False,OOS,816,4.3,2.6,1.5,36.5,55.1,5.9,4.6,8.36,-2.07,98574.0,38.0
s1,XAUUSD,momentum,24,[1],1.0,3.0,22,0.0,0,fundingpips_1step,,7,2.0,1,,False,IS,845,10.7,0.0,0.8,45.7,42.8,3.9,3.9,7.66,-2.09,98829.0,46.5
s1,XAUUSD,momentum,24,[1],1.0,3.0,22,0.0,0,fundingpips_1step,,7,2.0,1,,False,OOS,816,7.2,0.0,1.2,44.2,47.3,3.8,4.0,7.65,-2.07,98718.0,45.4
s1,XAUUSD,momentum,24,[1],2.0,1.0,22,0.0,0,ftmo_1step,,7,2.0,1,,False,IS,845,0.0,0.0,0.8,3.6,95.6,,4.9,5.43,-2.04,99326.0,4.4
s1,XAUUSD,momentum,24,[1],2.0,1.0,22,0.0,0,ftmo_1step,,7,2.0,1,,False,OOS,816,0.0,0.0,0.5,1.8,97.7,,4.9,5.29,-2.02,99442.0,2.3
s1,XAUUSD,momentum,24,[1],2.0,1.0,22,0.0,0,fundingpips_1step,,7,2.0,1,,False,IS,845,0.0,0.0,0.5,19.1,80.5,,4.7,5.19,-2.04,99356.0,19.6
s1,XAUUSD,momentum,24,[1],2.0,1.0,22,0.0,0,fundingpips_1step,,7,2.0,1,,False,OOS,816,0.0,0.0,0.5,16.5,83.0,,4.7,5.12,-2.03,99414.0,17.0
s1,XAUUSD,momentum,24,[1],2.0,2.0,22,0.0,0,ftmo_1step,,7,2.0,1,,False,IS,845,3.0,0.0,1.3,7.5,88.3,6.5,4.8,6.34,-2.06,99328.0,8.8
s1,XAUUSD,momentum,24,[1],2.0,2.0,22,0.0,0,ftmo_1step,,7,2.0,1,,False,OOS,816,2.9,0.0,0.5,5.4,91.2,5.0,4.8,6.24,-2.03,99530.0,5.9
s1,XAUUSD,momentum,24,[1],2.0,2.0,22,0.0,0,fundingpips_1step,,7,2.0,1,,False,IS,845,3.0,0.0,0.9,25.3,70.8,6.5,4.6,5.97,-2.06,99394.0,26.2
s1,XAUUSD,momentum,24,[1],2.0,2.0,22,0.0,0,fundingpips_1step,,7,2.0,1,,False,OOS,816,3.1,0.0,0.5,25.4,71.1,5.1,4.6,5.93,-2.04,99503.0,25.9
s1,XAUUSD,momentum,24,[1],2.0,3.0,22,0.0,0,ftmo_1step,,7,2.0,1,,False,IS,845,3.0,2.1,1.4,8.5,85.0,6.7,4.8,6.58,-2.06,99471.0,9.9
s1,XAUUSD,momentum,24,[1],2.0,3.0,22,0.0,0,ftmo_1step,,7,2.0,1,,False,OOS,816,2.9,2.0,1.3,7.1,86.6,5.4,4.8,6.56,-2.05,99634.0,8.4
s1,XAUUSD,momentum,24,[1],2.0,3.0,22,0.0,0,fundingpips_1step,,7,2.0,1,,False,IS,845,5.2,0.0,1.1,27.0,66.7,4.9,4.5,6.19,-2.06,99522.0,28.1
s1,XAUUSD,momentum,24,[1],2.0,3.0,22,0.0,0,fundingpips_1step,,7,2.0,1,,False,OOS,816,5.3,0.0,1.3,27.0,66.4,4.7,4.6,6.24,-2.05,99596.0,28.3
s1,XAUUSD,momentum,24,[1],3.0,1.0,22,0.0,0,ftmo_1step,,7,2.0,1,,False,IS,845,0.0,0.0,0.6,0.8,98.6,,4.9,4.56,-1.95,99623.0,1.4
s1,XAUUSD,momentum,24,[1],3.0,1.0,22,0.0,0,ftmo_1step,,7,2.0,1,,False,OOS,816,0.0,0.0,0.0,0.2,99.8,,4.9,4.42,-1.94,99819.0,0.2
s1,XAUUSD,momentum,24,[1],3.0,1.0,22,0.0,0,fundingpips_1step,,7,2.0,1,,False,IS,845,0.0,0.0,0.6,11.0,88.4,,4.8,4.47,-1.95,99584.0,11.6
s1,XAUUSD,momentum,24,[1],3.0,1.0,22,0.0,0,fundingpips_1step,,7,2.0,1,,False,OOS,816,0.0,0.0,0.0,6.0,94.0,,4.8,4.36,-1.94,99776.0,6.0
s1,XAUUSD,momentum,72,[10],0.5,1.0,22,0.0,0,ftmo_1step,,7,2.0,1,,False,IS,845,0.0,0.0,0.0,18.8,81.2,,4.9,7.75,-2.32,96020.0,18.8
s1,XAUUSD,momentum,72,[10],0.5,1.0,22,0.0,0,ftmo_1step,,7,2.0,1,,False,OOS,816,0.0,0.0,0.0,16.4,83.6,,4.9,7.7,-2.25,96250.0,16.4
s1,XAUUSD,momentum,72,[10],0.5,1.0,22,0.0,0,fundingpips_1step,,7,2.0,1,,False,IS,845,0.0,0.0,0.0,48.2,51.8,,4.4,7.01,-2.31,96449.0,48.2
s1,XAUUSD,momentum,72,[10],0.5,1.0,22,0.0,0,fundingpips_1step,,7,2.0,1,,False,OOS,816,0.0,0.0,0.0,45.8,54.2,,4.4,7.04,-2.24,96644.0,45.8
s1,XAUUSD,momentum,72,[10],0.5,2.0,22,0.0,0,ftmo_1step,,7,2.0,1,,False,IS,845,3.0,0.0,0.0,33.3,63.8,4.4,4.8,8.64,-2.31,96695.0,33.3
s1,XAUUSD,momentum,72,[10],0.5,2.0,22,0.0,0,ftmo_1step,,7,2.0,1,,False,OOS,816,3.4,0.0,0.0,30.1,66.4,4.4,4.8,8.56,-2.22,96695.0,30.1
s1,XAUUSD,momentum,72,[10],0.5,2.0,22,0.0,0,fundingpips_1step,,7,2.0,1,,False,IS,845,3.0,0.0,0.0,44.5,52.5,4.4,4.1,7.47,-2.31,97282.0,44.5
s1,XAUUSD,momentum,72,[10],0.5,2.0,22,0.0,0,fundingpips_1step,,7,2.0,1,,False,OOS,816,3.6,0.0,0.0,44.0,52.5,4.4,4.1,7.44,-2.22,97297.0,44.0
s1,XAUUSD,momentum,72,[10],0.5,3.0,22,0.0,0,ftmo_1step,,7,2.0,1,,False,IS,845,4.3,4.3,0.4,47.9,43.2,6.4,4.5,9.41,-2.27,97030.0,48.3
s1,XAUUSD,momentum,72,[10],0.5,3.0,22,0.0,0,ftmo_1step,,7,2.0,1,,False,OOS,816,3.4,3.9,0.0,46.9,45.7,6.4,4.6,9.46,-2.2,96554.0,46.9
s1,XAUUSD,momentum,72,[10],0.5,3.0,22,0.0,0,fundingpips_1step,,7,2.0,1,,False,IS,845,9.8,0.0,0.4,52.9,36.9,3.5,3.8,8.06,-2.27,97809.0,53.3
s1,XAUUSD,momentum,72,[10],0.5,3.0,22,0.0,0,fundingpips_1step,,7,2.0,1,,False,OOS,816,7.7,0.0,0.0,54.7,37.6,3.4,3.7,8.01,-2.2,97416.0,54.7
s1,XAUUSD,momentum,24,[1],3.0,2.0,22,0.0,0,ftmo_1step,,7,2.0,1,,False,IS,845,0.6,0.0,0.9,0.9,97.5,6.6,4.8,4.99,-1.97,99784.0,1.8
s1,XAUUSD,momentum,24,[1],3.0,2.0,22,0.0,0,ftmo_1step,,7,2.0,1,,False,OOS,816,1.1,0.0,0.5,0.6,97.8,4.7,4.9,4.96,-1.96,99882.0,1.1
s1,XAUUSD,momentum,24,[1],3.0,2.0,22,0.0,0,fundingpips_1step,,7,2.0,1,,False,IS,845,0.7,0.0,0.9,12.8,85.6,6.4,4.8,4.89,-1.98,99729.0,13.7
s1,XAUUSD,momentum,24,[1],3.0,2.0,22,0.0,0,fundingpips_1step,,7,2.0,1,,False,OOS,816,1.1,0.0,0.5,9.9,88.5,4.7,4.8,4.88,-1.96,99829.0,10.4
s1,XAUUSD,momentum,72,[10],1.0,1.0,22,0.0,0,ftmo_1step,,7,2.0,1,,False,IS,845,0.0,0.0,0.2,6.3,93.5,,4.9,6.1,-2.16,98560.0,6.5
s1,XAUUSD,momentum,72,[10],1.0,1.0,22,0.0,0,ftmo_1step,,7,2.0,1,,False,OOS,816,0.0,0.0,0.0,7.4,92.6,,4.9,6.02,-2.12,98760.0,7.4
s1,XAUUSD,momentum,72,[10],1.0,1.0,22,0.0,0,fundingpips_1step,,7,2.0,1,,False,IS,845,0.0,0.0,0.2,29.0,70.8,,4.6,5.76,-2.15,98612.0,29.2
s1,XAUUSD,momentum,72,[10],1.0,1.0,22,0.0,0,fundingpips_1step,,7,2.0,1,,False,OOS,816,0.0,0.0,0.0,28.4,71.6,,4.6,5.63,-2.11,98825.0,28.4
s1,XAUUSD,momentum,72,[10],1.0,2.0,22,0.0,0,ftmo_1step,,7,2.0,1,,False,IS,845,6.0,0.0,1.3,23.6,69.1,4.5,4.7,7.62,-2.16,99145.0,24.9
s1,XAUUSD,momentum,72,[10],1.0,2.0,22,0.0,0,ftmo_1step,,7,2.0,1,,False,OOS,816,7.8,0.1,0.9,22.4,68.8,4.6,4.8,7.63,-2.11,99128.0,23.3
s1,XAUUSD,momentum,72,[10],1.0,2.0,22,0.0,0,fundingpips_1step,,7,2.0,1,,False,IS,845,6.2,0.0,1.1,31.6,61.2,4.5,4.2,7.0,-2.15,99272.0,32.7
s1,XAUUSD,momentum,72,[10],1.0,2.0,22,0.0,0,fundingpips_1step,,7,2.0,1,,False,OOS,816,8.2,0.0,0.7,33.2,57.8,4.6,4.2,6.89,-2.11,99366.0,33.9
s1,XAUUSD,momentum,24,[1],3.0,3.0,22,0.0,0,ftmo_1step,,7,2.0,1,,False,IS,845,0.8,0.2,0.8,1.1,97.0,5.8,4.8,5.07,-1.97,99843.0,1.9
s1,XAUUSD,momentum,24,[1],3.0,3.0,22,0.0,0,ftmo_1step,,7,2.0,1,,False,OOS,816,1.3,1.0,0.5,0.6,96.6,4.9,4.8,5.07,-1.95,99960.0,1.1
s1,XAUUSD,momentum,24,[1],3.0,3.0,22,0.0,0,fundingpips_1step,,7,2.0,1,,False,IS,845,1.3,0.0,0.8,12.8,85.1,6.1,4.8,4.97,-1.98,99798.0,13.6
s1,XAUUSD,momentum,24,[1],3.0,3.0,22,0.0,0,fundingpips_1step,,7,2.0,1,,False,OOS,816,2.3,0.0,0.5,10.0,87.1,4.9,4.8,4.99,-1.95,99903.0,10.5
s1,XAUUSD,momentum,72,[10],1.0,3.0,22,0.0,0,ftmo_1step,,7,2.0,1,,False,IS,845,5.6,5.4,1.7,35.7,51.6,4.7,4.5,8.46,-2.13,99374.0,37.4
s1,XAUUSD,momentum,72,[10],1.0,3.0,22,0.0,0,ftmo_1step,,7,2.0,1,,False,OOS,816,5.1,4.8,2.1,37.5,50.5,5.2,4.5,8.64,-2.11,98753.0,39.6
s1,XAUUSD,momentum,72,[10],1.0,3.0,22,0.0,0,fundingpips_1step,,7,2.0,1,,False,IS,845,11.6,0.0,1.4,41.4,45.6,3.6,4.0,7.68,-2.13,99526.0,42.8
s1,XAUUSD,momentum,72,[10],1.0,3.0,22,0.0,0,fundingpips_1step,,7,2.0,1,,False,OOS,816,10.7,0.0,2.0,44.1,43.3,3.6,3.9,7.72,-2.11,99192.0,46.1
s1,XAUUSD,momentum,72,[10],2.0,1.0,22,0.0,0,ftmo_1step,,7,2.0,1,,False,IS,845,0.0,0.0,1.2,4.5,94.3,,4.9,5.51,-2.07,99377.0,5.7
s1,XAUUSD,momentum,72,[10],2.0,1.0,22,0.0,0,ftmo_1step,,7,2.0,1,,False,OOS,816,0.0,0.0,2.5,3.7,93.9,,4.9,5.45,-2.05,99614.0,6.2
s1,XAUUSD,momentum,72,[10],2.0,1.0,22,0.0,0,fundingpips_1step,,7,2.0,1,,False,IS,845,0.0,0.0,1.1,20.9,78.0,,4.7,5.29,-2.07,99387.0,22.0
s1,XAUUSD,momentum,72,[10],2.0,1.0,22,0.0,0,fundingpips_1step,,7,2.0,1,,False,OOS,816,0.0,0.0,1.8,19.4,78.8,,4.7,5.23,-2.04,99653.0,21.2
s1,XAUUSD,momentum,72,[10],2.0,2.0,22,0.0,0,ftmo_1step,,7,2.0,1,,False,IS,845,3.3,0.1,2.6,10.3,83.7,5.6,4.8,6.63,-2.09,99602.0,12.9
s1,XAUUSD,momentum,72,[10],2.0,2.0,22,0.0,0,ftmo_1step,,7,2.0,1,,False,OOS,816,4.0,0.5,2.3,10.5,82.6,4.9,4.8,6.66,-2.06,99607.0,12.8
s1,XAUUSD,momentum,72,[10],2.0,2.0,22,0.0,0,fundingpips_1step,,7,2.0,1,,False,IS,845,3.6,0.0,2.5,26.4,67.6,5.6,4.5,6.24,-2.09,99576.0,28.9
s1,XAUUSD,momentum,72,[10],2.0,2.0,22,0.0,0,fundingpips_1step,,7,2.0,1,,False,OOS,816,4.7,0.0,1.7,25.9,67.8,4.8,4.5,6.23,-2.06,99686.0,27.6
s1,XAUUSD,momentum,72,[10],2.0,3.0,22,0.0,0,ftmo_1step,,7,2.0,1,,False,IS,845,5.3,2.4,2.2,14.9,75.1,5.6,4.7,7.06,-2.08,99590.0,17.1
s1,XAUUSD,momentum,72,[10],2.0,3.0,22,0.0,0,ftmo_1step,,7,2.0,1,,False,OOS,816,5.1,3.3,3.3,12.7,75.5,5.6,4.7,7.01,-2.06,99740.0,16.0
s1,XAUUSD,momentum,72,[10],2.0,3.0,22,0.0,0,fundingpips_1step,,7,2.0,1,,False,IS,845,7.9,0.0,2.1,31.4,58.6,4.8,4.4,6.63,-2.08,99592.0,33.5
s1,XAUUSD,momentum,72,[10],2.0,3.0,22,0.0,0,fundingpips_1step,,7,2.0,1,,False,OOS,816,8.8,0.0,2.7,29.0,59.4,4.2,4.3,6.56,-2.05,99808.0,31.7
s1,XAUUSD,momentum,72,[10],3.0,1.0,22,0.0,0,ftmo_1step,,7,2.0,1,,False,IS,845,0.0,0.0,1.4,0.4,98.2,,4.9,4.8,-2.02,99894.0,1.8
s1,XAUUSD,momentum,72,[10],3.0,1.0,22,0.0,0,ftmo_1step,,7,2.0,1,,False,OOS,816,0.0,0.0,1.3,0.5,98.2,,4.9,4.92,-2.0,99689.0,1.8
s1,XAUUSD,momentum,72,[10],3.0,1.0,22,0.0,0,fundingpips_1step,,7,2.0,1,,False,IS,845,0.0,0.0,1.2,12.1,86.7,,4.8,4.7,-2.02,99839.0,13.3
s1,XAUUSD,momentum,72,[10],3.0,1.0,22,0.0,0,fundingpips_1step,,7,2.0,1,,False,OOS,816,0.0,0.0,1.3,10.7,88.0,,4.8,4.83,-2.0,99637.0,12.0
s1,XAUUSD,momentum,72,[16],0.5,1.0,22,0.0,0,ftmo_1step,,7,2.0,1,,False,IS,845,0.0,0.0,0.0,22.1,77.9,,4.8,8.43,-2.27,95939.0,22.1
s1,XAUUSD,momentum,72,[16],0.5,1.0,22,0.0,0,ftmo_1step,,7,2.0,1,,False,OOS,816,0.0,0.0,0.0,21.6,78.4,,4.9,8.18,-2.21,96104.0,21.6
s1,XAUUSD,momentum,72,[16],0.5,1.0,22,0.0,0,fundingpips_1step,,7,2.0,1,,False,IS,845,0.0,0.0,0.0,48.2,51.8,,4.4,7.76,-2.27,96359.0,48.2
s1,XAUUSD,momentum,72,[16],0.5,1.0,22,0.0,0,fundingpips_1step,,7,2.0,1,,False,OOS,816,0.0,0.0,0.0,47.9,52.1,,4.3,7.42,-2.21,96490.0,47.9
s1,XAUUSD,momentum,72,[16],0.5,2.0,22,0.0,0,ftmo_1step,,7,2.0,1,,False,IS,845,2.7,0.0,0.2,31.2,65.8,4.7,4.8,8.89,-2.27,96910.0,31.4
s1,XAUUSD,momentum,72,[16],0.5,2.0,22,0.0,0,ftmo_1step,,7,2.0,1,,False,OOS,816,2.0,0.0,0.0,33.2,64.8,2.7,4.8,8.83,-2.19,96729.0,33.2
s1,XAUUSD,momentum,72,[16],0.5,2.0,22,0.0,0,fundingpips_1step,,7,2.0,1,,False,IS,845,3.1,0.0,0.1,38.6,58.2,4.9,4.2,7.91,-2.27,97377.0,38.7
s1,XAUUSD,momentum,72,[16],0.5,2.0,22,0.0,0,fundingpips_1step,,7,2.0,1,,False,OOS,816,2.0,0.0,0.0,43.6,54.4,2.7,4.1,7.68,-2.19,97196.0,43.6
s1,XAUUSD,momentum,72,[10],3.0,2.0,22,0.0,0,ftmo_1step,,7,2.0,1,,False,IS,845,1.3,0.0,1.5,1.5,95.6,4.6,4.9,5.47,-2.03,100006.0,3.0
s1,XAUUSD,momentum,72,[10],3.0,2.0,22,0.0,0,ftmo_1step,,7,2.0,1,,False,OOS,816,2.0,0.0,1.3,2.0,94.7,5.9,4.9,5.57,-2.03,99892.0,3.3
s1,XAUUSD,momentum,72,[10],3.0,2.0,22,0.0,0,fundingpips_1step,,7,2.0,1,,False,IS,845,1.3,0.0,1.2,16.3,81.2,4.6,4.7,5.29,-2.03,99957.0,17.5
s1,XAUUSD,momentum,72,[10],3.0,2.0,22,0.0,0,fundingpips_1step,,7,2.0,1,,False,OOS,816,2.0,0.0,1.3,15.4,81.2,5.9,4.7,5.4,-2.02,99805.0,16.7
s1,XAUUSD,momentum,72,[16],0.5,3.0,22,0.0,0,ftmo_1step,,7,2.0,1,,False,IS,845,3.4,3.6,0.7,45.0,47.3,5.9,4.6,9.66,-2.24,97101.0,45.7
s1,XAUUSD,momentum,72,[16],0.5,3.0,22,0.0,0,ftmo_1step,,7,2.0,1,,False,OOS,816,2.0,3.7,0.5,45.5,48.4,5.7,4.6,9.63,-2.16,96729.0,46.0
s1,XAUUSD,momentum,72,[16],0.5,3.0,22,0.0,0,fundingpips_1step,,7,2.0,1,,False,IS,845,7.6,0.0,0.6,50.3,41.5,3.7,3.8,8.35,-2.24,97734.0,50.9
s1,XAUUSD,momentum,72,[16],0.5,3.0,22,0.0,0,fundingpips_1step,,7,2.0,1,,False,OOS,816,5.9,0.0,0.4,54.3,39.5,1.7,3.8,8.19,-2.16,97343.0,54.7
s1,XAUUSD,momentum,72,[10],3.0,3.0,22,0.0,0,ftmo_1step,,7,2.0,1,,False,IS,845,1.3,1.7,1.5,2.2,93.3,6.9,4.8,5.67,-2.03,99981.0,3.7
s1,XAUUSD,momentum,72,[10],3.0,3.0,22,0.0,0,ftmo_1step,,7,2.0,1,,False,OOS,816,2.5,2.0,1.7,2.8,91.1,4.9,4.8,5.78,-2.03,99933.0,4.5
s1,XAUUSD,momentum,72,[10],3.0,3.0,22,0.0,0,fundingpips_1step,,7,2.0,1,,False,IS,845,3.0,0.0,1.2,16.8,79.1,5.7,4.7,5.49,-2.03,99952.0,18.0
s1,XAUUSD,momentum,72,[10],3.0,3.0,22,0.0,0,fundingpips_1step,,7,2.0,1,,False,OOS,816,4.4,0.0,1.7,16.9,77.0,4.9,4.7,5.61,-2.03,99838.0,18.6
s1,XAUUSD,momentum,72,[16],1.0,1.0,22,0.0,0,ftmo_1step,,7,2.0,1,,False,IS,845,0.0,0.0,0.9,6.3,92.8,,4.9,6.17,-2.14,98635.0,7.2
s1,XAUUSD,momentum,72,[16],1.0,1.0,22,0.0,0,ftmo_1step,,7,2.0,1,,False,OOS,816,0.0,0.0,1.5,6.7,91.8,,4.9,6.32,-2.12,98502.0,8.2
s1,XAUUSD,momentum,72,[16],1.0,1.0,22,0.0,0,fundingpips_1step,,7,2.0,1,,False,IS,845,0.0,0.0,0.8,27.1,72.1,,4.7,5.91,-2.14,98661.0,27.9
s1,XAUUSD,momentum,72,[16],1.0,1.0,22,0.0,0,fundingpips_1step,,7,2.0,1,,False,OOS,816,0.0,0.0,1.3,28.6,70.1,,4.6,5.98,-2.11,98592.0,29.9
s1,XAUUSD,momentum,72,[16],1.0,2.0,22,0.0,0,ftmo_1step,,7,2.0,1,,False,IS,845,4.4,0.4,3.2,17.9,74.2,4.7,4.8,7.51,-2.17,98617.0,21.1
s1,XAUUSD,momentum,72,[16],1.0,2.0,22,0.0,0,ftmo_1step,,7,2.0,1,,False,OOS,816,3.3,0.0,2.3,19.0,75.4,4.7,4.8,7.57,-2.12,98479.0,21.3
s1,XAUUSD,momentum,72,[16],1.0,2.0,22,0.0,0,fundingpips_1step,,7,2.0,1,,False,IS,845,4.7,0.0,2.8,32.1,60.4,4.7,4.3,6.95,-2.16,98708.0,34.9
s1,XAUUSD,momentum,72,[16],1.0,2.0,22,0.0,0,fundingpips_1step,,7,2.0,1,,False,OOS,816,3.4,0.0,2.2,33.1,61.3,4.7,4.3,6.9,-2.12,98691.0,35.3
s1,XAUUSD,momentum,72,[16],1.0,3.0,22,0.0,0,ftmo_1step,,7,2.0,1,,False,IS,845,4.3,3.0,3.7,24.9,64.3,4.9,4.7,7.97,-2.17,98744.0,28.6
s1,XAUUSD,momentum,72,[16],1.0,3.0,22,0.0,0,ftmo_1step,,7,2.0,1,,False,OOS,816,4.7,2.6,2.8,26.0,64.0,5.4,4.7,8.12,-2.11,98440.0,28.8
s1,XAUUSD,momentum,72,[16],1.0,3.0,22,0.0,0,fundingpips_1step,,7,2.0,1,,False,IS,845,7.5,0.0,3.2,38.6,50.8,3.9,4.2,7.31,-2.16,98914.0,41.8
s1,XAUUSD,momentum,72,[16],1.0,3.0,22,0.0,0,fundingpips_1step,,7,2.0,1,,False,OOS,816,7.4,0.0,2.5,41.8,48.4,4.7,4.2,7.38,-2.1,98599.0,44.3
s1,XAUUSD,momentum,72,[16],2.0,1.0,22,0.0,0,ftmo_1step,,7,2.0,1,,False,IS,845,0.0,0.0,3.2,1.5,95.3,,4.9,5.07,-2.05,99121.0,4.7
s1,XAUUSD,momentum,72,[16],2.0,1.0,22,0.0,0,ftmo_1step,,7,2.0,1,,False,OOS,816,0.0,0.0,3.9,0.7,95.3,,4.9,5.05,-2.05,99256.0,4.6
s1,XAUUSD,momentum,72,[16],2.0,1.0,22,0.0,0,fundingpips_1step,,7,2.0,1,,False,IS,845,0.0,0.0,3.1,14.7,82.2,,4.8,4.92,-2.05,99099.0,17.8
s1,XAUUSD,momentum,72,[16],2.0,1.0,22,0.0,0,fundingpips_1step,,7,2.0,1,,False,OOS,816,0.0,0.0,3.7,14.0,82.4,,4.8,4.91,-2.04,99234.0,17.7
s1,XAUUSD,momentum,72,[16],2.0,2.0,22,0.0,0,ftmo_1step,,7,2.0,1,,False,IS,845,2.5,0.4,4.0,2.5,90.7,6.7,4.9,5.54,-2.07,99340.0,6.5
s1,XAUUSD,momentum,72,[16],2.0,2.0,22,0.0,0,ftmo_1step,,7,2.0,1,,False,OOS,816,1.5,0.4,5.9,1.5,90.8,4.8,4.8,5.51,-2.09,99405.0,7.4
s1,XAUUSD,momentum,72,[16],2.0,2.0,22,0.0,0,fundingpips_1step,,7,2.0,1,,False,IS,845,2.8,0.0,3.9,17.9,75.4,5.7,4.7,5.34,-2.07,99332.0,21.8
s1,XAUUSD,momentum,72,[16],2.0,2.0,22,0.0,0,fundingpips_1step,,7,2.0,1,,False,OOS,816,1.8,0.0,5.1,17.6,75.4,4.9,4.7,5.34,-2.08,99336.0,22.7
s1,XAUUSD,momentum,72,[16],2.0,3.0,22,0.0,0,ftmo_1step,,7,2.0,1,,False,IS,845,1.4,1.2,4.3,2.7,90.4,6.3,4.8,5.77,-2.07,99213.0,7.0
s1,XAUUSD,momentum,72,[16],2.0,3.0,22,0.0,0,ftmo_1step,,7,2.0,1,,False,OOS,816,1.5,0.9,6.9,2.3,88.5,5.8,4.8,5.7,-2.1,99418.0,9.2
s1,XAUUSD,momentum,72,[16],2.0,3.0,22,0.0,0,fundingpips_1step,,7,2.0,1,,False,IS,845,2.6,0.0,4.1,18.2,75.0,5.7,4.7,5.56,-2.07,99214.0,22.3
s1,XAUUSD,momentum,72,[16],2.0,3.0,22,0.0,0,fundingpips_1step,,7,2.0,1,,False,OOS,816,2.3,0.0,6.1,18.3,73.3,5.7,4.6,5.52,-2.09,99356.0,24.4
s1,XAUUSD,momentum,72,[16],3.0,1.0,22,0.0,0,ftmo_1step,,7,2.0,1,,False,IS,845,0.0,0.0,1.7,0.0,98.3,,4.9,4.1,-1.9,99387.0,1.7
s1,XAUUSD,momentum,72,[16],3.0,1.0,22,0.0,0,ftmo_1step,,7,2.0,1,,False,OOS,816,0.0,0.0,2.8,0.0,97.2,,4.9,4.04,-1.9,99515.0,2.8
s1,XAUUSD,momentum,72,[16],3.0,1.0,22,0.0,0,fundingpips_1step,,7,2.0,1,,False,IS,845,0.0,0.0,1.5,6.5,92.0,,4.9,4.05,-1.9,99377.0,8.0
s1,XAUUSD,momentum,72,[16],3.0,1.0,22,0.0,0,fundingpips_1step,,7,2.0,1,,False,OOS,816,0.0,0.0,2.5,5.6,91.9,,4.9,4.0,-1.9,99511.0,8.1
s1,XAUUSD,momentum,72,[16],3.0,2.0,22,0.0,0,ftmo_1step,,7,2.0,1,,False,IS,845,0.2,0.2,2.4,0.0,97.2,6.9,4.9,4.35,-1.91,99399.0,2.4
s1,XAUUSD,momentum,72,[16],3.0,2.0,22,0.0,0,ftmo_1step,,7,2.0,1,,False,OOS,816,0.2,0.5,3.8,0.0,95.5,6.4,4.9,4.26,-1.93,99632.0,3.8
s1,XAUUSD,momentum,72,[16],3.0,2.0,22,0.0,0,fundingpips_1step,,7,2.0,1,,False,IS,845,0.5,0.0,2.2,6.9,90.4,6.9,4.8,4.29,-1.91,99394.0,9.1
s1,XAUUSD,momentum,72,[16],3.0,2.0,22,0.0,0,fundingpips_1step,,7,2.0,1,,False,OOS,816,0.7,0.0,3.4,6.4,89.5,6.9,4.8,4.21,-1.93,99624.0,9.8
s1,XAUUSD,momentum,72,[16],3.0,3.0,22,0.0,0,ftmo_1step,,7,2.0,1,,False,IS,845,0.5,0.5,2.2,0.0,96.8,6.3,4.9,4.38,-1.91,99435.0,2.2
s1,XAUUSD,momentum,72,[16],3.0,3.0,22,0.0,0,ftmo_1step,,7,2.0,1,,False,OOS,816,0.2,0.2,3.8,0.0,95.7,5.7,4.8,4.3,-1.93,99617.0,3.8
s1,XAUUSD,momentum,72,[16],3.0,3.0,22,0.0,0,fundingpips_1step,,7,2.0,1,,False,IS,845,0.9,0.0,2.1,6.9,90.1,5.9,4.8,4.33,-1.91,99427.0,9.0
s1,XAUUSD,momentum,72,[16],3.0,3.0,22,0.0,0,fundingpips_1step,,7,2.0,1,,False,OOS,816,0.5,0.0,3.4,6.4,89.7,6.3,4.8,4.26,-1.93,99609.0,9.8
s1,XAUUSD,momentum,72,[1],0.5,1.0,22,0.0,0,ftmo_1step,,7,2.0,1,,False,IS,845,0.0,0.0,0.0,11.4,88.6,,4.9,6.88,-2.23,97547.0,11.4
s1,XAUUSD,momentum,72,[1],0.5,1.0,22,0.0,0,ftmo_1step,,7,2.0,1,,False,OOS,816,0.0,0.0,0.0,16.1,83.9,,4.9,6.89,-2.17,97528.0,16.1
s1,XAUUSD,momentum,72,[1],0.5,1.0,22,0.0,0,fundingpips_1step,,7,2.0,1,,False,IS,845,0.0,0.0,0.0,39.3,60.7,,4.5,6.41,-2.22,97601.0,39.3
s1,XAUUSD,momentum,72,[1],0.5,1.0,22,0.0,0,fundingpips_1step,,7,2.0,1,,False,OOS,816,0.0,0.0,0.0,40.2,59.8,,4.4,6.28,-2.16,97862.0,40.2
s1,XAUUSD,momentum,72,[1],0.5,2.0,22,0.0,0,ftmo_1step,,7,2.0,1,,False,IS,845,3.0,0.0,0.0,32.5,64.5,4.2,4.7,8.3,-2.22,97558.0,32.5
s1,XAUUSD,momentum,72,[1],0.5,2.0,22,0.0,0,ftmo_1step,,7,2.0,1,,False,OOS,816,2.7,0.0,0.0,34.2,63.1,3.2,4.8,8.33,-2.17,97362.0,34.2
s1,XAUUSD,momentum,72,[1],0.5,2.0,22,0.0,0,fundingpips_1step,,7,2.0,1,,False,IS,845,3.2,0.0,0.0,40.0,56.8,4.2,4.1,7.47,-2.22,97866.0,40.0
s1,XAUUSD,momentum,72,[1],0.5,2.0,22,0.0,0,fundingpips_1step,,7,2.0,1,,False,OOS,816,3.1,0.0,0.0,40.7,56.2,4.1,4.1,7.38,-2.17,97853.0,40.7
s1,XAUUSD,momentum,72,[1],0.5,3.0,22,0.0,0,ftmo_1step,,7,2.0,1,,False,IS,845,4.4,3.1,0.0,49.3,43.2,6.1,4.4,9.23,-2.21,97403.0,49.3
s1,XAUUSD,momentum,72,[1],0.5,3.0,22,0.0,0,ftmo_1step,,7,2.0,1,,False,OOS,816,1.3,3.1,0.5,51.8,43.3,6.0,4.5,9.33,-2.15,97000.0,52.3
s1,XAUUSD,momentum,72,[1],0.5,3.0,22,0.0,0,fundingpips_1step,,7,2.0,1,,False,IS,845,8.4,0.0,0.0,52.7,38.9,3.4,3.8,8.19,-2.21,97907.0,52.7
s1,XAUUSD,momentum,72,[1],0.5,3.0,22,0.0,0,fundingpips_1step,,7,2.0,1,,False,OOS,816,5.0,0.0,0.5,52.8,41.7,3.1,3.8,8.28,-2.15,97574.0,53.3
s1,XAUUSD,momentum,72,[1],1.0,1.0,22,0.0,0,ftmo_1step,,7,2.0,1,,False,IS,845,0.0,0.0,0.2,7.1,92.7,,4.9,5.95,-2.11,99124.0,7.3
s1,XAUUSD,momentum,72,[1],1.0,1.0,22,0.0,0,ftmo_1step,,7,2.0,1,,False,OOS,816,0.0,0.0,0.5,7.2,92.3,,4.9,5.89,-2.08,99151.0,7.7
s1,XAUUSD,momentum,72,[1],1.0,1.0,22,0.0,0,fundingpips_1step,,7,2.0,1,,False,IS,845,0.0,0.0,0.2,24.7,75.0,,4.6,5.68,-2.11,99179.0,24.9
s1,XAUUSD,momentum,72,[1],1.0,1.0,22,0.0,0,fundingpips_1step,,7,2.0,1,,False,OOS,816,0.0,0.0,0.5,23.5,76.0,,4.7,5.58,-2.07,99214.0,24.0
s1,XAUUSD,momentum,72,[1],1.0,2.0,22,0.0,0,ftmo_1step,,7,2.0,1,,False,IS,845,3.4,0.0,0.9,23.1,72.5,4.3,4.7,7.68,-2.12,98810.0,24.0
s1,XAUUSD,momentum,72,[1],1.0,2.0,22,0.0,0,ftmo_1step,,7,2.0,1,,False,OOS,816,2.8,0.0,0.5,22.4,74.3,4.5,4.8,7.55,-2.08,98953.0,22.9
s1,XAUUSD,momentum,72,[1],1.0,2.0,22,0.0,0,fundingpips_1step,,7,2.0,1,,False,IS,845,3.7,0.0,0.7,31.8,63.8,4.3,4.3,7.07,-2.12,99122.0,32.5
s1,XAUUSD,momentum,72,[1],1.0,2.0,22,0.0,0,fundingpips_1step,,7,2.0,1,,False,OOS,816,3.2,0.0,0.2,32.0,64.6,4.4,4.3,6.93,-2.08,99124.0,32.2
s1,XAUUSD,momentum,72,[1],1.0,3.0,22,0.0,0,ftmo_1step,,7,2.0,1,,False,IS,845,5.9,3.1,1.8,34.2,55.0,5.6,4.5,8.36,-2.11,98844.0,36.0
s1,XAUUSD,momentum,72,[1],1.0,3.0,22,0.0,0,ftmo_1step,,7,2.0,1,,False,OOS,816,3.7,3.4,1.5,35.3,56.1,5.9,4.6,8.36,-2.08,98700.0,36.8
s1,XAUUSD,momentum,72,[1],1.0,3.0,22,0.0,0,fundingpips_1step,,7,2.0,1,,False,IS,845,9.5,0.0,1.5,42.2,46.7,4.2,4.0,7.67,-2.11,99092.0,43.7
s1,XAUUSD,momentum,72,[1],1.0,3.0,22,0.0,0,fundingpips_1step,,7,2.0,1,,False,OOS,816,8.1,0.0,1.2,43.3,47.4,4.0,4.0,7.67,-2.08,98930.0,44.5
s1,XAUUSD,momentum,72,[1],2.0,1.0,22,0.0,0,ftmo_1step,,7,2.0,1,,False,IS,845,0.0,0.0,0.4,2.7,96.9,,4.9,5.37,-2.04,99456.0,3.1
s1,XAUUSD,momentum,72,[1],2.0,1.0,22,0.0,0,ftmo_1step,,7,2.0,1,,False,OOS,816,0.0,0.0,0.5,2.2,97.3,,4.9,5.25,-2.02,99396.0,2.7
s1,XAUUSD,momentum,72,[1],2.0,1.0,22,0.0,0,fundingpips_1step,,7,2.0,1,,False,IS,845,0.0,0.0,0.4,17.0,82.6,,4.7,5.16,-2.04,99488.0,17.4
s1,XAUUSD,momentum,72,[1],2.0,1.0,22,0.0,0,fundingpips_1step,,7,2.0,1,,False,OOS,816,0.0,0.0,0.5,15.6,83.9,,4.7,5.08,-2.02,99381.0,16.1
s1,XAUUSD,momentum,72,[1],2.0,2.0,22,0.0,0,ftmo_1step,,7,2.0,1,,False,IS,845,2.0,0.0,1.3,5.2,91.5,4.7,4.8,6.22,-2.06,99575.0,6.5
s1,XAUUSD,momentum,72,[1],2.0,2.0,22,0.0,0,ftmo_1step,,7,2.0,1,,False,OOS,816,2.8,0.0,0.9,5.3,91.1,5.5,4.8,6.18,-2.04,99451.0,6.2
s1,XAUUSD,momentum,72,[1],2.0,2.0,22,0.0,0,fundingpips_1step,,7,2.0,1,,False,IS,845,2.1,0.0,1.3,21.5,75.0,4.8,4.6,5.91,-2.06,99578.0,22.8
s1,XAUUSD,momentum,72,[1],2.0,2.0,22,0.0,0,fundingpips_1step,,7,2.0,1,,False,OOS,816,2.8,0.0,0.9,22.9,73.4,5.5,4.6,5.89,-2.04,99437.0,23.8
s1,XAUUSD,momentum,72,[1],2.0,3.0,22,0.0,0,ftmo_1step,,7,2.0,1,,False,IS,845,4.0,1.3,1.4,6.3,87.0,5.9,4.8,6.45,-2.05,99748.0,7.7
s1,XAUUSD,momentum,72,[1],2.0,3.0,22,0.0,0,ftmo_1step,,7,2.0,1,,False,OOS,816,2.8,2.2,1.3,7.4,86.3,6.8,4.8,6.53,-2.05,99570.0,8.7
s1,XAUUSD,momentum,72,[1],2.0,3.0,22,0.0,0,fundingpips_1step,,7,2.0,1,,False,IS,845,5.4,0.0,1.4,22.8,70.3,5.1,4.5,6.14,-2.05,99748.0,24.2
s1,XAUUSD,momentum,72,[1],2.0,3.0,22,0.0,0,fundingpips_1step,,7,2.0,1,,False,OOS,816,5.5,0.0,1.3,25.4,67.8,4.9,4.6,6.23,-2.05,99532.0,26.7
s1,XAUUSD,momentum,72,[1],3.0,1.0,22,0.0,0,ftmo_1step,,7,2.0,1,,False,IS,845,0.0,0.0,0.1,0.5,99.4,,4.8,4.5,-1.95,99794.0,0.6
s1,XAUUSD,momentum,72,[1],3.0,1.0,22,0.0,0,ftmo_1step,,7,2.0,1,,False,OOS,816,0.0,0.0,0.4,0.2,99.4,,4.9,4.5,-1.96,99559.0,0.6
s1,XAUUSD,momentum,72,[1],3.0,1.0,22,0.0,0,fundingpips_1step,,7,2.0,1,,False,IS,845,0.0,0.0,0.1,8.9,91.0,,4.8,4.42,-1.95,99790.0,9.0
s1,XAUUSD,momentum,72,[1],3.0,1.0,22,0.0,0,fundingpips_1step,,7,2.0,1,,False,OOS,816,0.0,0.0,0.4,7.0,92.6,,4.8,4.44,-1.96,99550.0,7.4
s1,XAUUSD,meanrev,4,[10],0.5,1.0,22,0.0,0,ftmo_1step,,7,2.0,1,,False,IS,845,0.0,0.0,0.0,15.4,84.6,,4.9,7.31,-2.33,96497.0,15.4
s1,XAUUSD,meanrev,4,[10],0.5,1.0,22,0.0,0,ftmo_1step,,7,2.0,1,,False,OOS,816,0.0,0.0,0.0,11.3,88.7,,4.9,7.02,-2.25,97093.0,11.3
s1,XAUUSD,meanrev,4,[10],0.5,1.0,22,0.0,0,fundingpips_1step,,7,2.0,1,,False,IS,845,0.0,0.0,0.0,41.3,58.7,,4.5,6.71,-2.32,96845.0,41.3
s1,XAUUSD,meanrev,4,[10],0.5,1.0,22,0.0,0,fundingpips_1step,,7,2.0,1,,False,OOS,816,0.0,0.0,0.0,36.4,63.6,,4.5,6.56,-2.25,97239.0,36.4
s1,XAUUSD,meanrev,4,[10],0.5,2.0,22,0.0,0,ftmo_1step,,7,2.0,1,,False,IS,845,3.0,0.0,0.2,30.1,66.7,4.4,4.8,8.46,-2.32,96749.0,30.3
s1,XAUUSD,meanrev,4,[10],0.5,2.0,22,0.0,0,ftmo_1step,,7,2.0,1,,False,OOS,816,3.3,0.0,0.0,26.6,70.1,4.4,4.8,8.21,-2.24,97453.0,26.6
s1,XAUUSD,meanrev,4,[10],0.5,2.0,22,0.0,0,fundingpips_1step,,7,2.0,1,,False,IS,845,3.2,0.0,0.1,40.1,56.6,4.4,4.1,7.4,-2.31,97333.0,40.2
s1,XAUUSD,meanrev,4,[10],0.5,2.0,22,0.0,0,fundingpips_1step,,7,2.0,1,,False,OOS,816,3.6,0.0,0.0,37.3,59.2,4.4,4.2,7.37,-2.24,97810.0,37.3
s1,XAUUSD,meanrev,4,[10],0.5,3.0,22,0.0,0,ftmo_1step,,7,2.0,1,,False,IS,845,3.7,4.0,0.6,47.2,44.5,5.6,4.5,9.5,-2.28,96890.0,47.8
s1,XAUUSD,meanrev,4,[10],0.5,3.0,22,0.0,0,ftmo_1step,,7,2.0,1,,False,OOS,816,2.6,2.8,0.0,43.0,51.6,5.5,4.5,9.34,-2.22,97075.0,43.0
s1,XAUUSD,meanrev,4,[10],0.5,3.0,22,0.0,0,fundingpips_1step,,7,2.0,1,,False,IS,845,8.5,0.0,0.4,52.3,38.8,3.5,3.8,8.22,-2.27,97650.0,52.7
s1,XAUUSD,meanrev,4,[10],0.5,3.0,22,0.0,0,fundingpips_1step,,7,2.0,1,,False,OOS,816,5.9,0.0,0.0,49.5,44.6,3.4,3.9,8.29,-2.22,97533.0,49.5
s1,XAUUSD,momentum,72,[1],3.0,2.0,22,0.0,0,ftmo_1step,,7,2.0,1,,False,IS,845,0.7,0.0,0.5,0.6,98.2,5.7,4.8,4.91,-1.97,99928.0,1.1
s1,XAUUSD,momentum,72,[1],3.0,2.0,22,0.0,0,ftmo_1step,,7,2.0,1,,False,OOS,816,0.7,0.0,0.9,0.4,98.0,4.6,4.9,4.96,-1.98,99732.0,1.3
s1,XAUUSD,momentum,72,[1],3.0,2.0,22,0.0,0,fundingpips_1step,,7,2.0,1,,False,IS,845,0.9,0.0,0.5,9.8,88.8,6.4,4.8,4.82,-1.97,99931.0,10.3
s1,XAUUSD,momentum,72,[1],3.0,2.0,22,0.0,0,fundingpips_1step,,7,2.0,1,,False,OOS,816,0.7,0.0,0.9,8.3,90.1,4.6,4.8,4.89,-1.98,99694.0,9.2
s1,XAUUSD,meanrev,4,[10],1.0,1.0,22,0.0,0,ftmo_1step,,7,2.0,1,,False,IS,845,0.0,0.0,0.5,7.1,92.4,,4.9,6.15,-2.17,98259.0,7.6
s1,XAUUSD,meanrev,4,[10],1.0,1.0,22,0.0,0,ftmo_1step,,7,2.0,1,,False,OOS,816,0.0,0.0,0.5,4.5,95.0,,4.9,5.73,-2.12,99098.0,5.0
s1,XAUUSD,meanrev,4,[10],1.0,1.0,22,0.0,0,fundingpips_1step,,7,2.0,1,,False,IS,845,0.0,0.0,0.4,30.9,68.8,,4.6,5.8,-2.16,98323.0,31.3
s1,XAUUSD,meanrev,4,[10],1.0,1.0,22,0.0,0,fundingpips_1step,,7,2.0,1,,False,OOS,816,0.0,0.0,0.5,23.0,76.5,,4.7,5.49,-2.12,99119.0,23.5
s1,XAUUSD,momentum,72,[1],3.0,3.0,22,0.0,0,ftmo_1step,,7,2.0,1,,False,IS,845,0.8,0.7,0.4,0.6,97.5,4.9,4.8,4.99,-1.97,99930.0,1.0
s1,XAUUSD,momentum,72,[1],3.0,3.0,22,0.0,0,ftmo_1step,,7,2.0,1,,False,OOS,816,1.2,1.3,1.3,0.6,95.5,5.9,4.8,5.02,-1.98,99864.0,1.9
s1,XAUUSD,momentum,72,[1],3.0,3.0,22,0.0,0,fundingpips_1step,,7,2.0,1,,False,IS,845,1.8,0.0,0.4,9.8,88.0,4.9,4.8,4.9,-1.97,99939.0,10.2
s1,XAUUSD,momentum,72,[1],3.0,3.0,22,0.0,0,fundingpips_1step,,7,2.0,1,,False,OOS,816,2.6,0.0,1.3,8.3,87.7,5.9,4.8,4.95,-1.98,99819.0,9.6
s1,XAUUSD,meanrev,4,[10],1.0,2.0,22,0.0,0,ftmo_1step,,7,2.0,1,,False,IS,845,5.0,0.1,2.0,27.6,65.3,4.6,4.7,8.08,-2.17,98135.0,29.6
s1,XAUUSD,meanrev,4,[10],1.0,2.0,22,0.0,0,ftmo_1step,,7,2.0,1,,False,OOS,816,4.0,0.0,2.0,21.1,72.9,4.5,4.8,7.69,-2.14,98948.0,23.1
s1,XAUUSD,meanrev,4,[10],1.0,2.0,22,0.0,0,fundingpips_1step,,7,2.0,1,,False,IS,845,5.4,0.0,1.5,36.8,56.2,4.6,4.2,7.24,-2.17,98520.0,38.3
s1,XAUUSD,meanrev,4,[10],1.0,2.0,22,0.0,0,fundingpips_1step,,7,2.0,1,,False,OOS,816,4.0,0.0,1.8,32.2,61.9,4.5,4.2,7.03,-2.14,99013.0,34.0
s1,XAUUSD,meanrev,4,[10],1.0,3.0,22,0.0,0,ftmo_1step,,7,2.0,1,,False,IS,845,6.0,5.0,2.5,39.9,46.6,5.5,4.5,8.75,-2.14,98491.0,42.4
s1,XAUUSD,meanrev,4,[10],1.0,3.0,22,0.0,0,ftmo_1step,,7,2.0,1,,False,OOS,816,3.8,5.0,2.7,36.2,52.3,5.6,4.5,8.57,-2.11,98991.0,38.9
s1,XAUUSD,meanrev,4,[10],1.0,3.0,22,0.0,0,fundingpips_1step,,7,2.0,1,,False,IS,845,11.8,0.0,1.9,45.9,40.4,3.7,3.8,7.79,-2.13,98923.0,47.8
s1,XAUUSD,meanrev,4,[10],1.0,3.0,22,0.0,0,fundingpips_1step,,7,2.0,1,,False,OOS,816,9.4,0.0,2.6,43.5,44.5,3.5,3.9,7.8,-2.11,99053.0,46.1
s1,XAUUSD,meanrev,4,[10],2.0,1.0,22,0.0,0,ftmo_1step,,7,2.0,1,,False,IS,845,0.0,0.0,2.1,5.7,92.2,,4.9,5.89,-2.09,98822.0,7.8
s1,XAUUSD,meanrev,4,[10],2.0,1.0,22,0.0,0,ftmo_1step,,7,2.0,1,,False,OOS,816,0.0,0.0,2.8,4.9,92.3,,4.9,5.41,-2.06,99643.0,7.7
s1,XAUUSD,meanrev,4,[10],2.0,1.0,22,0.0,0,fundingpips_1step,,7,2.0,1,,False,IS,845,0.0,0.0,1.9,25.1,73.0,,4.6,5.56,-2.09,98904.0,27.0
s1,XAUUSD,meanrev,4,[10],2.0,1.0,22,0.0,0,fundingpips_1step,,7,2.0,1,,False,OOS,816,0.0,0.0,2.6,19.4,78.1,,4.7,5.18,-2.06,99665.0,22.0
s1,XAUUSD,meanrev,4,[10],2.0,2.0,22,0.0,0,ftmo_1step,,7,2.0,1,,False,IS,845,5.3,0.0,3.1,12.7,78.9,4.9,4.8,6.92,-2.1,99003.0,15.8
s1,XAUUSD,meanrev,4,[10],2.0,2.0,22,0.0,0,ftmo_1step,,7,2.0,1,,False,OOS,816,4.7,0.1,2.7,11.8,80.8,4.8,4.8,6.69,-2.07,99760.0,14.5
s1,XAUUSD,meanrev,4,[10],2.0,2.0,22,0.0,0,fundingpips_1step,,7,2.0,1,,False,IS,845,5.3,0.0,2.7,31.5,60.5,4.9,4.4,6.41,-2.09,99095.0,34.2
s1,XAUUSD,meanrev,4,[10],2.0,2.0,22,0.0,0,fundingpips_1step,,7,2.0,1,,False,OOS,816,5.0,0.0,2.5,27.1,65.4,4.7,4.5,6.29,-2.07,99751.0,29.6
s1,XAUUSD,meanrev,4,[10],2.0,3.0,22,0.0,0,ftmo_1step,,7,2.0,1,,False,IS,845,5.0,2.8,3.1,15.1,74.0,5.8,4.7,7.31,-2.09,98983.0,18.2
s1,XAUUSD,meanrev,4,[10],2.0,3.0,22,0.0,0,ftmo_1step,,7,2.0,1,,False,OOS,816,3.8,3.1,3.2,15.8,74.1,4.9,4.7,7.19,-2.06,99816.0,19.0
s1,XAUUSD,meanrev,4,[10],2.0,3.0,22,0.0,0,fundingpips_1step,,7,2.0,1,,False,IS,845,7.9,0.0,2.7,34.2,55.1,4.7,4.3,6.78,-2.09,99085.0,36.9
s1,XAUUSD,meanrev,4,[10],2.0,3.0,22,0.0,0,fundingpips_1step,,7,2.0,1,,False,OOS,816,7.5,0.0,2.9,30.0,59.6,4.0,4.4,6.77,-2.06,99817.0,32.9
s1,XAUUSD,meanrev,4,[10],3.0,1.0,22,0.0,0,ftmo_1step,,7,2.0,1,,False,IS,845,0.0,0.0,2.2,2.4,95.4,,4.9,5.08,-2.04,99379.0,4.6
s1,XAUUSD,meanrev,4,[10],3.0,1.0,22,0.0,0,ftmo_1step,,7,2.0,1,,False,OOS,816,0.0,0.0,3.2,1.8,95.0,,4.9,4.89,-2.01,99883.0,5.0
s1,XAUUSD,meanrev,4,[10],3.0,1.0,22,0.0,0,fundingpips_1step,,7,2.0,1,,False,IS,845,0.0,0.0,2.0,14.4,83.6,,4.8,4.9,-2.04,99400.0,16.4
s1,XAUUSD,meanrev,4,[10],3.0,1.0,22,0.0,0,fundingpips_1step,,7,2.0,1,,False,OOS,816,0.0,0.0,3.2,10.5,86.3,,4.8,4.76,-2.01,99871.0,13.7
s1,XAUUSD,meanrev,4,[16],0.5,1.0,22,0.0,0,ftmo_1step,,7,2.0,1,,False,IS,845,0.0,0.0,0.0,23.1,76.9,,4.8,8.18,-2.26,96166.0,23.1
s1,XAUUSD,meanrev,4,[16],0.5,1.0,22,0.0,0,ftmo_1step,,7,2.0,1,,False,OOS,816,0.0,0.0,0.0,22.7,77.3,,4.9,8.01,-2.22,95962.0,22.7
s1,XAUUSD,meanrev,4,[16],0.5,1.0,22,0.0,0,fundingpips_1step,,7,2.0,1,,False,IS,845,0.0,0.0,0.0,45.0,55.0,,4.4,7.59,-2.27,96518.0,45.0
s1,XAUUSD,meanrev,4,[16],0.5,1.0,22,0.0,0,fundingpips_1step,,7,2.0,1,,False,OOS,816,0.0,0.0,0.0,50.2,49.8,,4.3,7.25,-2.22,96428.0,50.2
s1,XAUUSD,meanrev,4,[16],0.5,2.0,22,0.0,0,ftmo_1step,,7,2.0,1,,False,IS,845,2.4,0.0,0.4,34.6,62.7,4.7,4.8,8.95,-2.26,96858.0,35.0
s1,XAUUSD,meanrev,4,[16],0.5,2.0,22,0.0,0,ftmo_1step,,7,2.0,1,,False,OOS,816,1.2,0.0,0.0,32.1,66.7,3.7,4.8,8.69,-2.2,96560.0,32.1
s1,XAUUSD,meanrev,4,[16],0.5,2.0,22,0.0,0,fundingpips_1step,,7,2.0,1,,False,IS,845,2.7,0.0,0.4,40.8,56.1,4.7,4.1,7.92,-2.27,97350.0,41.2
s1,XAUUSD,meanrev,4,[16],0.5,2.0,22,0.0,0,fundingpips_1step,,7,2.0,1,,False,OOS,816,1.5,0.0,0.0,42.8,55.8,4.6,4.1,7.64,-2.21,97093.0,42.8
s1,XAUUSD,meanrev,4,[10],3.0,2.0,22,0.0,0,ftmo_1step,,7,2.0,1,,False,IS,845,2.7,0.0,2.6,2.7,92.0,5.7,4.9,5.69,-2.06,99389.0,5.3
s1,XAUUSD,meanrev,4,[10],3.0,2.0,22,0.0,0,ftmo_1step,,7,2.0,1,,False,OOS,816,1.1,0.1,3.2,2.6,93.0,4.7,4.9,5.58,-2.03,100025.0,5.8
s1,XAUUSD,meanrev,4,[10],3.0,2.0,22,0.0,0,fundingpips_1step,,7,2.0,1,,False,IS,845,2.7,0.0,2.4,17.9,77.0,5.7,4.7,5.47,-2.05,99401.0,20.3
s1,XAUUSD,meanrev,4,[10],3.0,2.0,22,0.0,0,fundingpips_1step,,7,2.0,1,,False,OOS,816,1.2,0.0,3.2,15.2,80.4,5.3,4.7,5.4,-2.03,100029.0,18.4
s1,XAUUSD,meanrev,4,[16],0.5,3.0,22,0.0,0,ftmo_1step,,7,2.0,1,,False,IS,845,3.0,3.0,0.5,46.6,47.0,5.7,4.6,9.76,-2.23,97151.0,47.1
s1,XAUUSD,meanrev,4,[16],0.5,3.0,22,0.0,0,ftmo_1step,,7,2.0,1,,False,OOS,816,2.2,2.3,0.0,46.2,49.3,6.6,4.6,9.43,-2.17,96420.0,46.2
s1,XAUUSD,meanrev,4,[16],0.5,3.0,22,0.0,0,fundingpips_1step,,7,2.0,1,,False,IS,845,6.6,0.0,0.5,51.0,41.9,3.7,3.9,8.5,-2.24,97606.0,51.5
s1,XAUUSD,meanrev,4,[16],0.5,3.0,22,0.0,0,fundingpips_1step,,7,2.0,1,,False,OOS,816,5.4,0.0,0.0,55.3,39.3,3.2,3.8,8.06,-2.18,97167.0,55.3
s1,XAUUSD,meanrev,4,[10],3.0,3.0,22,0.0,0,ftmo_1step,,7,2.0,1,,False,IS,845,1.9,0.8,2.6,3.4,91.2,4.7,4.9,5.85,-2.06,99418.0,6.0
s1,XAUUSD,meanrev,4,[10],3.0,3.0,22,0.0,0,ftmo_1step,,7,2.0,1,,False,OOS,816,2.1,1.5,3.7,3.9,88.8,5.9,4.8,5.8,-2.04,99905.0,7.6
s1,XAUUSD,meanrev,4,[10],3.0,3.0,22,0.0,0,fundingpips_1step,,7,2.0,1,,False,IS,845,2.7,0.0,2.4,18.9,76.0,4.6,4.7,5.63,-2.05,99423.0,21.3
s1,XAUUSD,meanrev,4,[10],3.0,3.0,22,0.0,0,fundingpips_1step,,7,2.0,1,,False,OOS,816,3.6,0.0,3.7,16.5,76.2,3.9,4.7,5.6,-2.04,99907.0,20.2
s1,XAUUSD,meanrev,4,[16],1.0,1.0,22,0.0,0,ftmo_1step,,7,2.0,1,,False,IS,845,0.0,0.0,2.0,8.0,89.9,,4.9,6.27,-2.15,98499.0,10.0
s1,XAUUSD,meanrev,4,[16],1.0,1.0,22,0.0,0,ftmo_1step,,7,2.0,1,,False,OOS,816,0.0,0.0,1.5,5.4,93.1,,4.9,6.08,-2.12,98596.0,6.9
s1,XAUUSD,meanrev,4,[16],1.0,1.0,22,0.0,0,fundingpips_1step,,7,2.0,1,,False,IS,845,0.0,0.0,2.0,27.9,70.1,,4.6,5.94,-2.15,98570.0,29.9
s1,XAUUSD,meanrev,4,[16],1.0,1.0,22,0.0,0,fundingpips_1step,,7,2.0,1,,False,OOS,816,0.0,0.0,1.3,27.8,70.8,,4.6,5.82,-2.12,98589.0,29.1
s1,XAUUSD,meanrev,4,[16],1.0,2.0,22,0.0,0,ftmo_1step,,7,2.0,1,,False,IS,845,3.9,0.2,2.7,16.6,76.6,5.7,4.8,7.36,-2.17,98922.0,19.3
s1,XAUUSD,meanrev,4,[16],1.0,2.0,22,0.0,0,ftmo_1step,,7,2.0,1,,False,OOS,816,3.8,0.2,2.5,15.2,78.3,4.7,4.8,7.21,-2.13,98824.0,17.7
s1,XAUUSD,meanrev,4,[16],1.0,2.0,22,0.0,0,fundingpips_1step,,7,2.0,1,,False,IS,845,4.3,0.0,2.5,29.7,63.6,5.5,4.4,6.81,-2.16,99053.0,32.2
s1,XAUUSD,meanrev,4,[16],1.0,2.0,22,0.0,0,fundingpips_1step,,7,2.0,1,,False,OOS,816,4.0,0.0,2.2,30.8,63.0,4.7,4.4,6.61,-2.12,98931.0,33.0
s1,XAUUSD,meanrev,4,[16],1.0,3.0,22,0.0,0,ftmo_1step,,7,2.0,1,,False,IS,845,5.1,3.4,2.8,23.3,65.3,5.7,4.6,7.85,-2.14,99222.0,26.1
s1,XAUUSD,meanrev,4,[16],1.0,3.0,22,0.0,0,ftmo_1step,,7,2.0,1,,False,OOS,816,4.9,3.4,3.2,21.0,67.5,5.7,4.7,7.78,-2.13,98885.0,24.2
s1,XAUUSD,meanrev,4,[16],1.0,3.0,22,0.0,0,fundingpips_1step,,7,2.0,1,,False,IS,845,9.2,0.0,2.6,34.3,53.8,3.9,4.2,7.27,-2.14,99369.0,36.9
s1,XAUUSD,meanrev,4,[16],1.0,3.0,22,0.0,0,fundingpips_1step,,7,2.0,1,,False,OOS,816,8.3,0.0,2.6,38.4,50.7,4.0,4.2,7.08,-2.12,99033.0,41.0
s1,XAUUSD,meanrev,4,[16],2.0,1.0,22,0.0,0,ftmo_1step,,7,2.0,1,,False,IS,845,0.0,0.0,2.7,1.8,95.5,,4.9,4.92,-2.05,99379.0,4.5
s1,XAUUSD,meanrev,4,[16],2.0,1.0,22,0.0,0,ftmo_1step,,7,2.0,1,,False,OOS,816,0.0,0.0,3.9,0.9,95.2,,4.9,4.79,-2.04,99649.0,4.8
s1,XAUUSD,meanrev,4,[16],2.0,1.0,22,0.0,0,fundingpips_1step,,7,2.0,1,,False,IS,845,0.0,0.0,2.4,11.0,86.6,,4.8,4.81,-2.05,99367.0,13.4
s1,XAUUSD,meanrev,4,[16],2.0,1.0,22,0.0,0,fundingpips_1step,,7,2.0,1,,False,OOS,816,0.0,0.0,3.8,11.4,84.8,,4.8,4.68,-2.04,99595.0,15.2
s1,XAUUSD,meanrev,4,[16],2.0,2.0,22,0.0,0,ftmo_1step,,7,2.0,1,,False,IS,845,1.4,0.2,3.4,2.6,92.3,5.3,4.9,5.37,-2.06,99762.0,6.0
s1,XAUUSD,meanrev,4,[16],2.0,2.0,22,0.0,0,ftmo_1step,,7,2.0,1,,False,OOS,816,1.1,0.2,5.9,1.3,91.4,4.9,4.8,5.37,-2.08,99630.0,7.2
s1,XAUUSD,meanrev,4,[16],2.0,2.0,22,0.0,0,fundingpips_1step,,7,2.0,1,,False,IS,845,1.7,0.0,3.1,12.7,82.6,5.3,4.7,5.21,-2.06,99755.0,15.8
s1,XAUUSD,meanrev,4,[16],2.0,2.0,22,0.0,0,fundingpips_1step,,7,2.0,1,,False,OOS,816,1.3,0.0,5.6,15.1,77.9,4.9,4.7,5.21,-2.08,99552.0,20.7
s1,XAUUSD,meanrev,4,[16],2.0,3.0,22,0.0,0,ftmo_1step,,7,2.0,1,,False,IS,845,1.4,1.5,3.4,2.8,90.8,5.8,4.8,5.51,-2.06,99696.0,6.2
s1,XAUUSD,meanrev,4,[16],2.0,3.0,22,0.0,0,ftmo_1step,,7,2.0,1,,False,OOS,816,1.0,1.7,7.1,2.3,87.9,6.2,4.8,5.67,-2.1,99448.0,9.4
s1,XAUUSD,meanrev,4,[16],2.0,3.0,22,0.0,0,fundingpips_1step,,7,2.0,1,,False,IS,845,3.0,0.0,3.1,13.0,80.9,5.7,4.7,5.36,-2.05,99691.0,16.1
s1,XAUUSD,meanrev,4,[16],2.0,3.0,22,0.0,0,fundingpips_1step,,7,2.0,1,,False,OOS,816,2.7,0.0,6.9,15.9,74.5,4.4,4.7,5.5,-2.1,99384.0,22.8
s1,XAUUSD,meanrev,4,[16],3.0,1.0,22,0.0,0,ftmo_1step,,7,2.0,1,,False,IS,845,0.0,0.0,1.3,0.2,98.5,,4.9,3.96,-1.89,99692.0,1.5
s1,XAUUSD,meanrev,4,[16],3.0,1.0,22,0.0,0,ftmo_1step,,7,2.0,1,,False,OOS,816,0.0,0.0,3.9,0.0,96.1,,4.9,3.91,-1.92,99728.0,3.9
s1,XAUUSD,meanrev,4,[16],3.0,1.0,22,0.0,0,fundingpips_1step,,7,2.0,1,,False,IS,845,0.0,0.0,1.3,4.6,94.1,,4.9,3.92,-1.89,99694.0,5.9
s1,XAUUSD,meanrev,4,[16],3.0,1.0,22,0.0,0,fundingpips_1step,,7,2.0,1,,False,OOS,816,0.0,0.0,3.8,4.4,91.8,,4.9,3.89,-1.91,99698.0,8.2
s1,XAUUSD,meanrev,4,[16],3.0,2.0,22,0.0,0,ftmo_1step,,7,2.0,1,,False,IS,845,0.1,0.1,1.5,0.4,97.9,4.9,4.9,4.15,-1.9,99748.0,1.9
s1,XAUUSD,meanrev,4,[16],3.0,2.0,22,0.0,0,ftmo_1step,,7,2.0,1,,False,OOS,816,0.2,0.0,4.4,0.0,95.3,6.8,4.9,4.29,-1.95,99587.0,4.4
s1,XAUUSD,meanrev,4,[16],3.0,2.0,22,0.0,0,fundingpips_1step,,7,2.0,1,,False,IS,845,0.2,0.0,1.5,5.0,93.3,5.9,4.9,4.11,-1.9,99755.0,6.5
s1,XAUUSD,meanrev,4,[16],3.0,2.0,22,0.0,0,fundingpips_1step,,7,2.0,1,,False,OOS,816,0.2,0.0,4.2,5.0,90.6,6.8,4.8,4.27,-1.95,99558.0,9.2
s1,XAUUSD,meanrev,4,[1],0.5,1.0,22,0.0,0,ftmo_1step,,7,2.0,1,,False,IS,845,0.0,0.0,0.2,9.9,89.8,,4.9,6.28,-2.22,98147.0,10.1
s1,XAUUSD,meanrev,4,[1],0.5,1.0,22,0.0,0,ftmo_1step,,7,2.0,1,,False,OOS,816,0.0,0.0,0.0,8.0,92.0,,4.9,6.35,-2.18,98530.0,8.0
s1,XAUUSD,meanrev,4,[1],0.5,1.0,22,0.0,0,fundingpips_1step,,7,2.0,1,,False,IS,845,0.0,0.0,0.1,33.0,66.9,,4.5,5.82,-2.22,98276.0,33.1
s1,XAUUSD,meanrev,4,[1],0.5,1.0,22,0.0,0,fundingpips_1step,,7,2.0,1,,False,OOS,816,0.0,0.0,0.0,31.1,68.9,,4.6,5.96,-2.17,98589.0,31.1
s1,XAUUSD,meanrev,4,[16],3.0,3.0,22,0.0,0,ftmo_1step,,7,2.0,1,,False,IS,845,0.1,0.2,1.5,0.4,97.8,4.9,4.9,4.2,-1.9,99772.0,1.9
s1,XAUUSD,meanrev,4,[16],3.0,3.0,22,0.0,0,ftmo_1step,,7,2.0,1,,False,OOS,816,0.0,0.0,5.3,0.1,94.6,,4.8,4.35,-1.96,99546.0,5.4
s1,XAUUSD,meanrev,4,[16],3.0,3.0,22,0.0,0,fundingpips_1step,,7,2.0,1,,False,IS,845,0.4,0.0,1.5,5.0,93.1,6.6,4.9,4.15,-1.9,99779.0,6.5
s1,XAUUSD,meanrev,4,[16],3.0,3.0,22,0.0,0,fundingpips_1step,,7,2.0,1,,False,OOS,816,0.0,0.0,5.0,5.0,90.0,,4.8,4.33,-1.95,99514.0,10.0
s1,XAUUSD,meanrev,4,[1],0.5,2.0,22,0.0,0,ftmo_1step,,7,2.0,1,,False,IS,845,2.6,0.0,0.2,29.2,67.9,4.1,4.7,8.08,-2.23,97377.0,29.4
s1,XAUUSD,meanrev,4,[1],0.5,2.0,22,0.0,0,ftmo_1step,,7,2.0,1,,False,OOS,816,4.2,0.0,0.0,29.4,66.4,4.2,4.8,8.07,-2.18,97947.0,29.4
s1,XAUUSD,meanrev,4,[1],0.5,2.0,22,0.0,0,fundingpips_1step,,7,2.0,1,,False,IS,845,2.6,0.0,0.1,39.9,57.4,4.1,4.1,7.27,-2.22,97740.0,40.0
s1,XAUUSD,meanrev,4,[1],0.5,2.0,22,0.0,0,fundingpips_1step,,7,2.0,1,,False,OOS,816,4.4,0.0,0.0,39.6,56.0,4.2,4.1,7.21,-2.17,98253.0,39.6
s1,XAUUSD,meanrev,4,[1],0.5,3.0,22,0.0,0,ftmo_1step,,7,2.0,1,,False,IS,845,1.9,3.1,0.2,48.5,46.3,5.8,4.5,9.02,-2.22,96894.0,48.7
s1,XAUUSD,meanrev,4,[1],0.5,3.0,22,0.0,0,ftmo_1step,,7,2.0,1,,False,OOS,816,3.6,4.2,0.4,51.2,40.7,6.0,4.4,9.06,-2.16,97402.0,51.6
s1,XAUUSD,meanrev,4,[1],0.5,3.0,22,0.0,0,fundingpips_1step,,7,2.0,1,,False,IS,845,5.1,0.0,0.1,53.4,41.4,1.6,3.8,8.06,-2.21,97320.0,53.5
s1,XAUUSD,meanrev,4,[1],0.5,3.0,22,0.0,0,fundingpips_1step,,7,2.0,1,,False,OOS,816,7.7,0.0,0.4,53.8,38.1,3.4,3.7,8.03,-2.15,97898.0,54.2
s1,XAUUSD,meanrev,4,[1],1.0,1.0,22,0.0,0,ftmo_1step,,7,2.0,1,,False,IS,845,0.0,0.0,0.2,7.0,92.8,,4.9,6.01,-2.11,98752.0,7.2
s1,XAUUSD,meanrev,4,[1],1.0,1.0,22,0.0,0,ftmo_1step,,7,2.0,1,,False,OOS,816,0.0,0.0,0.0,5.6,94.4,,4.9,5.88,-2.09,99006.0,5.6
s1,XAUUSD,meanrev,4,[1],1.0,1.0,22,0.0,0,fundingpips_1step,,7,2.0,1,,False,IS,845,0.0,0.0,0.2,30.1,69.7,,4.5,5.67,-2.1,98752.0,30.3
s1,XAUUSD,meanrev,4,[1],1.0,1.0,22,0.0,0,fundingpips_1step,,7,2.0,1,,False,OOS,816,0.0,0.0,0.0,26.2,73.8,,4.6,5.57,-2.08,99004.0,26.2
s1,XAUUSD,meanrev,4,[1],1.0,2.0,22,0.0,0,ftmo_1step,,7,2.0,1,,False,IS,845,5.3,0.0,0.6,23.8,70.3,4.6,4.7,7.73,-2.1,98392.0,24.4
s1,XAUUSD,meanrev,4,[1],1.0,2.0,22,0.0,0,ftmo_1step,,7,2.0,1,,False,OOS,816,3.6,0.0,0.0,23.3,73.2,4.6,4.8,7.58,-2.08,98706.0,23.3
s1,XAUUSD,meanrev,4,[1],1.0,2.0,22,0.0,0,fundingpips_1step,,7,2.0,1,,False,IS,845,5.3,0.0,0.5,37.4,56.8,4.6,4.2,7.04,-2.1,98534.0,37.9
s1,XAUUSD,meanrev,4,[1],1.0,2.0,22,0.0,0,fundingpips_1step,,7,2.0,1,,False,OOS,816,3.6,0.0,0.0,33.3,63.1,4.6,4.3,6.93,-2.08,98938.0,33.3
s1,XAUUSD,meanrev,4,[1],1.0,3.0,22,0.0,0,ftmo_1step,,7,2.0,1,,False,IS,845,4.1,3.3,0.9,34.1,57.5,5.5,4.6,8.35,-2.1,98179.0,35.0
s1,XAUUSD,meanrev,4,[1],1.0,3.0,22,0.0,0,ftmo_1step,,7,2.0,1,,False,OOS,816,4.3,2.5,0.5,37.9,54.9,5.6,4.6,8.45,-2.08,98202.0,38.4
s1,XAUUSD,meanrev,4,[1],1.0,3.0,22,0.0,0,fundingpips_1step,,7,2.0,1,,False,IS,845,7.7,0.0,0.8,46.5,45.0,4.6,4.0,7.56,-2.1,98402.0,47.3
s1,XAUUSD,meanrev,4,[1],1.0,3.0,22,0.0,0,fundingpips_1step,,7,2.0,1,,False,OOS,816,6.6,0.0,0.5,45.2,47.7,4.5,4.0,7.7,-2.08,98506.0,45.7
s1,XAUUSD,meanrev,4,[1],2.0,1.0,22,0.0,0,ftmo_1step,,7,2.0,1,,False,IS,845,0.0,0.0,0.4,2.6,97.0,,4.9,5.49,-2.03,99105.0,3.0
s1,XAUUSD,meanrev,4,[1],2.0,1.0,22,0.0,0,ftmo_1step,,7,2.0,1,,False,OOS,816,0.0,0.0,0.4,2.2,97.4,,4.9,5.22,-2.02,99450.0,2.6
s1,XAUUSD,meanrev,4,[1],2.0,1.0,22,0.0,0,fundingpips_1step,,7,2.0,1,,False,IS,845,0.0,0.0,0.4,19.5,80.1,,4.7,5.24,-2.03,99103.0,19.9
s1,XAUUSD,meanrev,4,[1],2.0,1.0,22,0.0,0,fundingpips_1step,,7,2.0,1,,False,OOS,816,0.0,0.0,0.4,15.7,83.9,,4.7,5.0,-2.02,99506.0,16.1
s1,XAUUSD,meanrev,4,[1],2.0,2.0,22,0.0,0,ftmo_1step,,7,2.0,1,,False,IS,845,2.0,0.0,0.4,5.2,92.4,5.5,4.8,6.19,-2.04,99221.0,5.6
s1,XAUUSD,meanrev,4,[1],2.0,2.0,22,0.0,0,ftmo_1step,,7,2.0,1,,False,OOS,816,2.5,0.0,0.7,3.1,93.8,5.8,4.9,6.07,-2.04,99446.0,3.8
s1,XAUUSD,meanrev,4,[1],2.0,2.0,22,0.0,0,fundingpips_1step,,7,2.0,1,,False,IS,845,2.0,0.0,0.2,24.3,73.5,5.5,4.6,5.84,-2.04,99228.0,24.5
s1,XAUUSD,meanrev,4,[1],2.0,2.0,22,0.0,0,fundingpips_1step,,7,2.0,1,,False,OOS,816,2.5,0.0,0.7,20.8,76.0,5.8,4.7,5.76,-2.04,99469.0,21.5
s1,XAUUSD,meanrev,4,[1],2.0,3.0,22,0.0,0,ftmo_1step,,7,2.0,1,,False,IS,845,2.6,1.7,0.6,6.4,88.8,5.7,4.8,6.45,-2.04,99328.0,7.0
s1,XAUUSD,meanrev,4,[1],2.0,3.0,22,0.0,0,ftmo_1step,,7,2.0,1,,False,OOS,816,2.9,1.5,0.7,4.0,90.8,6.3,4.8,6.32,-2.03,99408.0,4.7
s1,XAUUSD,meanrev,4,[1],2.0,3.0,22,0.0,0,fundingpips_1step,,7,2.0,1,,False,IS,845,4.3,0.0,0.5,25.7,69.6,5.5,4.5,6.08,-2.04,99351.0,26.2
s1,XAUUSD,meanrev,4,[1],2.0,3.0,22,0.0,0,fundingpips_1step,,7,2.0,1,,False,OOS,816,4.4,0.0,0.7,21.6,73.3,5.8,4.6,6.0,-2.03,99440.0,22.3
s1,XAUUSD,meanrev,4,[1],3.0,1.0,22,0.0,0,ftmo_1step,,7,2.0,1,,False,IS,845,0.0,0.0,0.2,0.5,99.3,,4.9,4.6,-1.96,99394.0,0.7
s1,XAUUSD,meanrev,4,[1],3.0,1.0,22,0.0,0,ftmo_1step,,7,2.0,1,,False,OOS,816,0.0,0.0,0.4,0.2,99.4,,4.9,4.48,-1.97,99399.0,0.6
s1,XAUUSD,meanrev,4,[1],3.0,1.0,22,0.0,0,fundingpips_1step,,7,2.0,1,,False,IS,845,0.0,0.0,0.2,10.4,89.3,,4.8,4.49,-1.96,99388.0,10.6
s1,XAUUSD,meanrev,4,[1],3.0,1.0,22,0.0,0,fundingpips_1step,,7,2.0,1,,False,OOS,816,0.0,0.0,0.4,8.5,91.2,,4.8,4.4,-1.97,99413.0,8.9
s1,XAUUSD,meanrev,24,[10],0.5,1.0,22,0.0,0,ftmo_1step,,7,2.0,1,,False,IS,845,0.0,0.0,0.0,13.0,87.0,,4.9,7.31,-2.33,96532.0,13.0
s1,XAUUSD,meanrev,24,[10],0.5,1.0,22,0.0,0,ftmo_1step,,7,2.0,1,,False,OOS,816,0.0,0.0,0.0,17.4,82.6,,4.9,7.44,-2.25,96324.0,17.4
s1,XAUUSD,meanrev,24,[10],0.5,1.0,22,0.0,0,fundingpips_1step,,7,2.0,1,,False,IS,845,0.0,0.0,0.0,42.2,57.8,,4.5,6.75,-2.32,96781.0,42.2
s1,XAUUSD,meanrev,24,[10],0.5,1.0,22,0.0,0,fundingpips_1step,,7,2.0,1,,False,OOS,816,0.0,0.0,0.0,46.3,53.7,,4.4,6.67,-2.25,96818.0,46.3
s1,XAUUSD,meanrev,24,[10],0.5,2.0,22,0.0,0,ftmo_1step,,7,2.0,1,,False,IS,845,2.6,0.0,0.2,27.2,69.9,4.4,4.8,8.3,-2.32,97137.0,27.4
s1,XAUUSD,meanrev,24,[10],0.5,2.0,22,0.0,0,ftmo_1step,,7,2.0,1,,False,OOS,816,3.8,0.0,0.0,31.6,64.6,4.4,4.8,8.52,-2.23,96766.0,31.6
s1,XAUUSD,meanrev,24,[10],0.5,2.0,22,0.0,0,fundingpips_1step,,7,2.0,1,,False,IS,845,2.6,0.0,0.1,38.6,58.7,4.4,4.2,7.32,-2.31,97527.0,38.7
s1,XAUUSD,meanrev,24,[10],0.5,2.0,22,0.0,0,fundingpips_1step,,7,2.0,1,,False,OOS,816,3.8,0.0,0.0,44.2,52.0,4.4,4.0,7.33,-2.23,97387.0,44.2
s1,XAUUSD,meanrev,24,[10],0.5,3.0,22,0.0,0,ftmo_1step,,7,2.0,1,,False,IS,845,4.0,5.0,0.4,44.3,46.4,6.4,4.5,9.29,-2.27,97254.0,44.7
s1,XAUUSD,meanrev,24,[10],0.5,3.0,22,0.0,0,ftmo_1step,,7,2.0,1,,False,OOS,816,3.2,3.3,0.0,44.0,49.5,6.4,4.6,9.21,-2.21,96946.0,44.0
s1,XAUUSD,meanrev,24,[10],0.5,3.0,22,0.0,0,fundingpips_1step,,7,2.0,1,,False,IS,845,9.6,0.0,0.2,50.7,39.5,3.4,3.8,8.07,-2.26,97811.0,50.9
s1,XAUUSD,meanrev,24,[10],0.5,3.0,22,0.0,0,fundingpips_1step,,7,2.0,1,,False,OOS,816,6.5,0.0,0.0,52.8,40.7,3.4,3.8,7.85,-2.21,97591.0,52.8
s1,XAUUSD,meanrev,4,[1],3.0,2.0,22,0.0,0,ftmo_1step,,7,2.0,1,,False,IS,845,0.5,0.0,0.5,0.7,98.3,5.3,4.8,4.95,-1.97,99532.0,1.2
s1,XAUUSD,meanrev,4,[1],3.0,2.0,22,0.0,0,ftmo_1step,,7,2.0,1,,False,OOS,816,0.9,0.0,0.4,0.2,98.5,6.8,4.9,4.87,-1.98,99390.0,0.6
s1,XAUUSD,meanrev,4,[1],3.0,2.0,22,0.0,0,fundingpips_1step,,7,2.0,1,,False,IS,845,0.5,0.0,0.5,12.5,86.5,5.3,4.8,4.83,-1.97,99539.0,13.0
s1,XAUUSD,meanrev,4,[1],3.0,2.0,22,0.0,0,fundingpips_1step,,7,2.0,1,,False,OOS,816,0.9,0.0,0.4,10.3,88.5,6.8,4.8,4.77,-1.98,99400.0,10.7
s1,XAUUSD,meanrev,24,[10],1.0,1.0,22,0.0,0,ftmo_1step,,7,2.0,1,,False,IS,845,0.0,0.0,0.2,6.9,92.9,,4.9,6.03,-2.16,98759.0,7.1
s1,XAUUSD,meanrev,24,[10],1.0,1.0,22,0.0,0,ftmo_1step,,7,2.0,1,,False,OOS,816,0.0,0.0,0.5,7.6,91.9,,4.9,6.12,-2.13,98433.0,8.1
s1,XAUUSD,meanrev,24,[10],1.0,1.0,22,0.0,0,fundingpips_1step,,7,2.0,1,,False,IS,845,0.0,0.0,0.2,28.2,71.6,,4.6,5.72,-2.16,98767.0,28.4
s1,XAUUSD,meanrev,24,[10],1.0,1.0,22,0.0,0,fundingpips_1step,,7,2.0,1,,False,OOS,816,0.0,0.0,0.5,30.9,68.6,,4.6,5.72,-2.13,98526.0,31.4
s1,XAUUSD,meanrev,24,[10],1.0,2.0,22,0.0,0,ftmo_1step,,7,2.0,1,,False,IS,845,5.7,0.0,1.3,24.7,68.3,4.5,4.7,7.86,-2.17,98959.0,26.0
s1,XAUUSD,meanrev,24,[10],1.0,2.0,22,0.0,0,ftmo_1step,,7,2.0,1,,False,OOS,816,3.3,0.0,1.5,23.0,72.2,4.7,4.8,7.72,-2.15,98546.0,24.5
s1,XAUUSD,meanrev,24,[10],1.0,2.0,22,0.0,0,fundingpips_1step,,7,2.0,1,,False,IS,845,6.0,0.0,1.2,33.0,59.8,4.5,4.2,7.19,-2.16,99101.0,34.2
s1,XAUUSD,meanrev,24,[10],1.0,2.0,22,0.0,0,fundingpips_1step,,7,2.0,1,,False,OOS,816,3.3,0.0,1.3,35.0,60.3,4.7,4.2,6.92,-2.14,98677.0,36.3
s1,XAUUSD,meanrev,24,[10],1.0,3.0,22,0.0,0,ftmo_1step,,7,2.0,1,,False,IS,845,6.5,5.4,2.2,36.2,49.6,5.7,4.5,8.65,-2.14,99211.0,38.4
s1,XAUUSD,meanrev,24,[10],1.0,3.0,22,0.0,0,ftmo_1step,,7,2.0,1,,False,OOS,816,4.0,4.7,1.8,40.3,49.1,5.7,4.5,8.83,-2.12,97994.0,42.1
s1,XAUUSD,meanrev,24,[10],1.0,3.0,22,0.0,0,fundingpips_1step,,7,2.0,1,,False,IS,845,12.8,0.0,1.9,42.2,43.1,3.6,3.9,7.86,-2.14,99456.0,44.1
s1,XAUUSD,meanrev,24,[10],1.0,3.0,22,0.0,0,fundingpips_1step,,7,2.0,1,,False,OOS,816,9.4,0.0,1.7,48.5,40.3,3.6,3.9,7.85,-2.11,98367.0,50.2
s1,XAUUSD,meanrev,4,[1],3.0,3.0,22,0.0,0,ftmo_1step,,7,2.0,1,,False,IS,845,0.2,0.9,0.5,0.7,97.6,5.3,4.8,5.01,-1.97,99580.0,1.2
s1,XAUUSD,meanrev,4,[1],3.0,3.0,22,0.0,0,ftmo_1step,,7,2.0,1,,False,OOS,816,0.4,0.9,0.9,0.2,97.7,6.9,4.8,4.9,-1.98,99448.0,1.1
s1,XAUUSD,meanrev,4,[1],3.0,3.0,22,0.0,0,fundingpips_1step,,7,2.0,1,,False,IS,845,1.2,0.0,0.5,12.5,85.8,4.3,4.7,4.88,-1.97,99589.0,13.0
s1,XAUUSD,meanrev,4,[1],3.0,3.0,22,0.0,0,fundingpips_1step,,7,2.0,1,,False,OOS,816,1.2,0.0,0.9,10.3,87.6,6.4,4.8,4.8,-1.98,99457.0,11.2
s1,XAUUSD,meanrev,24,[10],2.0,1.0,22,0.0,0,ftmo_1step,,7,2.0,1,,False,IS,845,0.0,0.0,1.4,5.8,92.8,,4.9,5.75,-2.07,99273.0,7.2
s1,XAUUSD,meanrev,24,[10],2.0,1.0,22,0.0,0,ftmo_1step,,7,2.0,1,,False,OOS,816,0.0,0.0,1.3,3.2,95.5,,4.9,5.5,-2.07,99500.0,4.5
s1,XAUUSD,meanrev,24,[10],2.0,1.0,22,0.0,0,fundingpips_1step,,7,2.0,1,,False,IS,845,0.0,0.0,1.3,23.7,75.0,,4.7,5.47,-2.07,99350.0,25.0
s1,XAUUSD,meanrev,24,[10],2.0,1.0,22,0.0,0,fundingpips_1step,,7,2.0,1,,False,OOS,816,0.0,0.0,1.3,19.1,79.5,,4.7,5.27,-2.07,99467.0,20.4
s1,XAUUSD,meanrev,24,[10],2.0,2.0,22,0.0,0,ftmo_1step,,7,2.0,1,,False,IS,845,6.3,0.0,3.0,10.9,79.9,4.7,4.8,6.68,-2.09,99622.0,13.9
s1,XAUUSD,meanrev,24,[10],2.0,2.0,22,0.0,0,ftmo_1step,,7,2.0,1,,False,OOS,816,3.4,0.1,1.3,9.7,85.4,5.1,4.9,6.79,-2.08,99213.0,11.0
s1,XAUUSD,meanrev,24,[10],2.0,2.0,22,0.0,0,fundingpips_1step,,7,2.0,1,,False,IS,845,6.3,0.0,2.7,26.6,64.4,4.7,4.4,6.24,-2.09,99707.0,29.3
s1,XAUUSD,meanrev,24,[10],2.0,2.0,22,0.0,0,fundingpips_1step,,7,2.0,1,,False,OOS,816,3.6,0.0,1.2,26.6,68.6,4.9,4.5,6.37,-2.07,99151.0,27.8
s1,XAUUSD,meanrev,24,[10],2.0,3.0,22,0.0,0,ftmo_1step,,7,2.0,1,,False,IS,845,5.7,3.3,2.8,13.3,74.9,4.9,4.7,7.02,-2.07,99669.0,16.1
s1,XAUUSD,meanrev,24,[10],2.0,3.0,22,0.0,0,ftmo_1step,,7,2.0,1,,False,OOS,816,2.9,2.5,1.8,14.6,78.2,5.8,4.8,7.21,-2.07,99306.0,16.4
s1,XAUUSD,meanrev,24,[10],2.0,3.0,22,0.0,0,fundingpips_1step,,7,2.0,1,,False,IS,845,9.0,0.0,2.6,29.5,58.9,4.6,4.4,6.56,-2.07,99793.0,32.1
s1,XAUUSD,meanrev,24,[10],2.0,3.0,22,0.0,0,fundingpips_1step,,7,2.0,1,,False,OOS,816,5.4,0.0,1.7,29.9,63.0,3.9,4.4,6.77,-2.07,99225.0,31.6
s1,XAUUSD,meanrev,24,[10],3.0,1.0,22,0.0,0,ftmo_1step,,7,2.0,1,,False,IS,845,0.0,0.0,1.5,0.7,97.8,,4.9,5.04,-2.01,99597.0,2.2
s1,XAUUSD,meanrev,24,[10],3.0,1.0,22,0.0,0,ftmo_1step,,7,2.0,1,,False,OOS,816,0.0,0.0,2.2,0.5,97.3,,4.9,4.95,-2.03,99529.0,2.7
s1,XAUUSD,meanrev,24,[10],3.0,1.0,22,0.0,0,fundingpips_1step,,7,2.0,1,,False,IS,845,0.0,0.0,1.5,14.9,83.6,,4.8,4.89,-2.01,99555.0,16.4
s1,XAUUSD,meanrev,24,[10],3.0,1.0,22,0.0,0,fundingpips_1step,,7,2.0,1,,False,OOS,816,0.0,0.0,2.2,11.2,86.6,,4.8,4.85,-2.03,99452.0,13.4
s1,XAUUSD,meanrev,24,[16],0.5,1.0,22,0.0,0,ftmo_1step,,7,2.0,1,,False,IS,845,0.0,0.0,0.0,23.1,76.9,,4.8,8.42,-2.25,96183.0,23.1
s1,XAUUSD,meanrev,24,[16],0.5,1.0,22,0.0,0,ftmo_1step,,7,2.0,1,,False,OOS,816,0.0,0.0,0.0,19.2,80.8,,4.9,7.87,-2.21,96271.0,19.2
s1,XAUUSD,meanrev,24,[16],0.5,1.0,22,0.0,0,fundingpips_1step,,7,2.0,1,,False,IS,845,0.0,0.0,0.0,46.0,54.0,,4.4,7.8,-2.27,96566.0,46.0
s1,XAUUSD,meanrev,24,[16],0.5,1.0,22,0.0,0,fundingpips_1step,,7,2.0,1,,False,OOS,816,0.0,0.0,0.0,45.1,54.9,,4.4,7.22,-2.21,96578.0,45.1
s1,XAUUSD,meanrev,24,[16],0.5,2.0,22,0.0,0,ftmo_1step,,7,2.0,1,,False,IS,845,2.2,0.0,0.6,32.7,64.5,4.7,4.8,9.04,-2.26,96933.0,33.3
s1,XAUUSD,meanrev,24,[16],0.5,2.0,22,0.0,0,ftmo_1step,,7,2.0,1,,False,OOS,816,1.0,0.0,1.0,31.4,66.7,3.7,4.8,8.62,-2.22,96780.0,32.4
s1,XAUUSD,meanrev,24,[16],0.5,2.0,22,0.0,0,fundingpips_1step,,7,2.0,1,,False,IS,845,2.8,0.0,0.6,40.4,56.2,4.7,4.1,7.98,-2.27,97515.0,41.0
s1,XAUUSD,meanrev,24,[16],0.5,2.0,22,0.0,0,fundingpips_1step,,7,2.0,1,,False,OOS,816,1.0,0.0,0.7,40.7,57.6,3.7,4.1,7.6,-2.22,97237.0,41.4
s1,XAUUSD,meanrev,24,[10],3.0,2.0,22,0.0,0,ftmo_1step,,7,2.0,1,,False,IS,845,2.1,0.0,1.7,1.4,94.8,4.6,4.9,5.55,-2.03,99692.0,3.1
s1,XAUUSD,meanrev,24,[10],3.0,2.0,22,0.0,0,ftmo_1step,,7,2.0,1,,False,OOS,816,1.2,0.0,2.2,1.6,95.0,6.2,4.9,5.56,-2.03,99662.0,3.8
s1,XAUUSD,meanrev,24,[10],3.0,2.0,22,0.0,0,fundingpips_1step,,7,2.0,1,,False,IS,845,2.1,0.0,1.7,17.6,78.6,4.6,4.7,5.36,-2.03,99666.0,19.3
s1,XAUUSD,meanrev,24,[10],3.0,2.0,22,0.0,0,fundingpips_1step,,7,2.0,1,,False,OOS,816,1.2,0.0,2.2,13.5,83.1,6.2,4.8,5.41,-2.03,99559.0,15.7
s1,XAUUSD,meanrev,24,[16],0.5,3.0,22,0.0,0,ftmo_1step,,7,2.0,1,,False,IS,845,3.1,4.1,1.4,45.4,45.9,5.7,4.5,9.74,-2.22,97209.0,46.8
s1,XAUUSD,meanrev,24,[16],0.5,3.0,22,0.0,0,ftmo_1step,,7,2.0,1,,False,OOS,816,2.1,2.5,2.0,44.0,49.5,5.7,4.6,9.31,-2.2,96642.0,46.0
s1,XAUUSD,meanrev,24,[16],0.5,3.0,22,0.0,0,fundingpips_1step,,7,2.0,1,,False,IS,845,9.2,0.0,1.4,50.1,39.3,3.7,3.8,8.45,-2.23,97972.0,51.5
s1,XAUUSD,meanrev,24,[16],0.5,3.0,22,0.0,0,fundingpips_1step,,7,2.0,1,,False,OOS,816,4.8,0.0,1.7,52.6,40.9,3.6,3.8,7.98,-2.2,97335.0,54.3
s1,XAUUSD,meanrev,24,[16],1.0,1.0,22,0.0,0,ftmo_1step,,7,2.0,1,,False,IS,845,0.0,0.0,1.4,9.1,89.5,,4.9,6.31,-2.13,98620.0,10.5
s1,XAUUSD,meanrev,24,[16],1.0,1.0,22,0.0,0,ftmo_1step,,7,2.0,1,,False,OOS,816,0.0,0.0,2.0,6.4,91.7,,4.9,6.07,-2.13,98826.0,8.4
s1,XAUUSD,meanrev,24,[16],1.0,1.0,22,0.0,0,fundingpips_1step,,7,2.0,1,,False,IS,845,0.0,0.0,1.4,28.3,70.3,,4.6,5.93,-2.14,98728.0,29.7
s1,XAUUSD,meanrev,24,[16],1.0,1.0,22,0.0,0,fundingpips_1step,,7,2.0,1,,False,OOS,816,0.0,0.0,1.6,26.8,71.6,,4.6,5.76,-2.13,98838.0,28.4
s1,XAUUSD,meanrev,24,[10],3.0,3.0,22,0.0,0,ftmo_1step,,7,2.0,1,,False,IS,845,2.2,0.6,1.7,1.7,93.8,4.9,4.9,5.73,-2.03,99701.0,3.4
s1,XAUUSD,meanrev,24,[10],3.0,3.0,22,0.0,0,ftmo_1step,,7,2.0,1,,False,OOS,816,1.3,0.7,2.2,2.8,92.9,6.9,4.9,5.78,-2.04,99501.0,5.0
s1,XAUUSD,meanrev,24,[10],3.0,3.0,22,0.0,0,fundingpips_1step,,7,2.0,1,,False,IS,845,2.8,0.0,1.7,18.2,77.3,5.6,4.7,5.54,-2.03,99676.0,19.9
s1,XAUUSD,meanrev,24,[10],3.0,3.0,22,0.0,0,fundingpips_1step,,7,2.0,1,,False,OOS,816,2.1,0.0,2.2,14.1,81.6,4.9,4.7,5.63,-2.04,99428.0,16.3
s1,XAUUSD,meanrev,24,[16],1.0,2.0,22,0.0,0,ftmo_1step,,7,2.0,1,,False,IS,845,2.8,0.1,3.0,17.9,76.2,4.7,4.8,7.34,-2.18,98945.0,20.9
s1,XAUUSD,meanrev,24,[16],1.0,2.0,22,0.0,0,ftmo_1step,,7,2.0,1,,False,OOS,816,3.8,0.0,5.0,17.6,73.5,5.7,4.8,7.23,-2.16,98734.0,22.6
s1,XAUUSD,meanrev,24,[16],1.0,2.0,22,0.0,0,fundingpips_1step,,7,2.0,1,,False,IS,845,3.1,0.0,2.7,30.2,64.0,4.7,4.4,6.75,-2.18,99167.0,32.9
s1,XAUUSD,meanrev,24,[16],1.0,2.0,22,0.0,0,fundingpips_1step,,7,2.0,1,,False,OOS,816,3.8,0.0,4.4,32.4,59.4,5.7,4.3,6.6,-2.16,98885.0,36.8
s1,XAUUSD,meanrev,24,[16],1.0,3.0,22,0.0,0,ftmo_1step,,7,2.0,1,,False,IS,845,5.3,3.0,3.6,24.4,63.8,5.8,4.6,7.88,-2.16,99003.0,28.0
s1,XAUUSD,meanrev,24,[16],1.0,3.0,22,0.0,0,ftmo_1step,,7,2.0,1,,False,OOS,816,4.8,3.1,6.0,22.9,63.2,5.8,4.6,7.68,-2.16,98809.0,28.9
s1,XAUUSD,meanrev,24,[16],1.0,3.0,22,0.0,0,fundingpips_1step,,7,2.0,1,,False,IS,845,9.5,0.0,3.3,35.5,51.7,4.8,4.2,7.24,-2.16,99331.0,38.8
s1,XAUUSD,meanrev,24,[16],1.0,3.0,22,0.0,0,fundingpips_1step,,7,2.0,1,,False,OOS,816,7.8,0.0,5.0,37.9,49.3,4.7,4.1,7.0,-2.15,98959.0,42.9
s1,XAUUSD,meanrev,24,[16],2.0,1.0,22,0.0,0,ftmo_1step,,7,2.0,1,,False,IS,845,0.0,0.0,2.1,0.8,97.0,,4.9,4.85,-2.04,99601.0,2.9
s1,XAUUSD,meanrev,24,[16],2.0,1.0,22,0.0,0,ftmo_1step,,7,2.0,1,,False,OOS,816,0.0,0.0,2.5,0.6,96.9,,4.9,4.82,-2.03,99576.0,3.1
s1,XAUUSD,meanrev,24,[16],2.0,1.0,22,0.0,0,fundingpips_1step,,7,2.0,1,,False,IS,845,0.0,0.0,2.0,12.2,85.8,,4.8,4.71,-2.04,99599.0,14.2
s1,XAUUSD,meanrev,24,[16],2.0,1.0,22,0.0,0,fundingpips_1step,,7,2.0,1,,False,OOS,816,0.0,0.0,2.3,11.8,85.9,,4.8,4.71,-2.02,99556.0,14.1
s1,XAUUSD,meanrev,24,[16],2.0,2.0,22,0.0,0,ftmo_1step,,7,2.0,1,,False,IS,845,1.4,0.2,3.0,1.1,94.3,5.9,4.9,5.39,-2.06,99727.0,4.1
s1,XAUUSD,meanrev,24,[16],2.0,2.0,22,0.0,0,ftmo_1step,,7,2.0,1,,False,OOS,816,1.5,0.0,5.3,1.1,92.2,6.7,4.8,5.34,-2.09,99535.0,6.4
s1,XAUUSD,meanrev,24,[16],2.0,2.0,22,0.0,0,fundingpips_1step,,7,2.0,1,,False,IS,845,1.7,0.0,2.8,14.6,80.9,5.9,4.8,5.21,-2.06,99703.0,17.4
s1,XAUUSD,meanrev,24,[16],2.0,2.0,22,0.0,0,fundingpips_1step,,7,2.0,1,,False,OOS,816,1.5,0.0,4.9,15.2,78.4,6.7,4.7,5.18,-2.08,99499.0,20.1
s1,XAUUSD,meanrev,24,[16],2.0,3.0,22,0.0,0,ftmo_1step,,7,2.0,1,,False,IS,845,1.2,1.1,3.1,1.4,93.3,5.7,4.9,5.52,-2.06,99595.0,4.5
s1,XAUUSD,meanrev,24,[16],2.0,3.0,22,0.0,0,ftmo_1step,,7,2.0,1,,False,OOS,816,0.6,1.3,5.1,1.6,91.3,5.9,4.8,5.54,-2.09,99438.0,6.7
s1,XAUUSD,meanrev,24,[16],2.0,3.0,22,0.0,0,fundingpips_1step,,7,2.0,1,,False,IS,845,2.2,0.0,3.0,14.9,79.9,4.9,4.7,5.34,-2.05,99596.0,17.9
s1,XAUUSD,meanrev,24,[16],2.0,3.0,22,0.0,0,fundingpips_1step,,7,2.0,1,,False,OOS,816,2.0,0.0,4.8,15.7,77.6,4.8,4.7,5.39,-2.08,99396.0,20.5
s1,XAUUSD,meanrev,24,[16],3.0,1.0,22,0.0,0,ftmo_1step,,7,2.0,1,,False,IS,845,0.0,0.0,2.0,0.0,98.0,,4.9,3.96,-1.89,99644.0,2.0
s1,XAUUSD,meanrev,24,[16],3.0,1.0,22,0.0,0,ftmo_1step,,7,2.0,1,,False,OOS,816,0.0,0.0,3.3,0.0,96.7,,4.9,3.87,-1.92,99709.0,3.3
s1,XAUUSD,meanrev,24,[16],3.0,1.0,22,0.0,0,fundingpips_1step,,7,2.0,1,,False,IS,845,0.0,0.0,2.0,6.3,91.7,,4.9,3.92,-1.89,99616.0,8.3
s1,XAUUSD,meanrev,24,[16],3.0,1.0,22,0.0,0,fundingpips_1step,,7,2.0,1,,False,OOS,816,0.0,0.0,2.9,2.8,94.2,,4.9,3.85,-1.92,99691.0,5.7
s1,XAUUSD,meanrev,24,[16],3.0,2.0,22,0.0,0,ftmo_1step,,7,2.0,1,,False,IS,845,0.0,0.0,2.1,0.0,97.9,,4.9,4.18,-1.9,99621.0,2.1
s1,XAUUSD,meanrev,24,[16],3.0,2.0,22,0.0,0,ftmo_1step,,7,2.0,1,,False,OOS,816,0.1,0.0,3.8,0.0,96.1,6.7,4.9,4.14,-1.95,99627.0,3.8
s1,XAUUSD,meanrev,24,[16],3.0,2.0,22,0.0,0,fundingpips_1step,,7,2.0,1,,False,IS,845,0.0,0.0,2.1,6.5,91.4,,4.9,4.14,-1.9,99594.0,8.6
s1,XAUUSD,meanrev,24,[16],3.0,2.0,22,0.0,0,fundingpips_1step,,7,2.0,1,,False,OOS,816,0.1,0.0,3.3,3.7,92.9,6.7,4.9,4.12,-1.95,99599.0,7.0
s1,XAUUSD,meanrev,24,[1],0.5,1.0,22,0.0,0,ftmo_1step,,7,2.0,1,,False,IS,845,0.0,0.0,0.0,10.1,89.9,,4.9,6.47,-2.23,97645.0,10.1
s1,XAUUSD,meanrev,24,[1],0.5,1.0,22,0.0,0,ftmo_1step,,7,2.0,1,,False,OOS,816,0.0,0.0,0.0,8.1,91.9,,4.9,6.28,-2.18,98481.0,8.1
s1,XAUUSD,meanrev,24,[1],0.5,1.0,22,0.0,0,fundingpips_1step,,7,2.0,1,,False,IS,845,0.0,0.0,0.0,35.0,65.0,,4.5,5.98,-2.22,97775.0,35.0
s1,XAUUSD,meanrev,24,[1],0.5,1.0,22,0.0,0,fundingpips_1step,,7,2.0,1,,False,OOS,816,0.0,0.0,0.0,30.8,69.2,,4.6,5.94,-2.18,98488.0,30.8
s1,XAUUSD,meanrev,24,[16],3.0,3.0,22,0.0,0,ftmo_1step,,7,2.0,1,,False,IS,845,0.1,0.0,2.1,0.0,97.8,5.7,4.9,4.21,-1.9,99662.0,2.1
s1,XAUUSD,meanrev,24,[16],3.0,3.0,22,0.0,0,ftmo_1step,,7,2.0,1,,False,OOS,816,0.0,0.2,4.3,0.0,95.5,,4.9,4.19,-1.96,99632.0,4.3
s1,XAUUSD,meanrev,24,[16],3.0,3.0,22,0.0,0,fundingpips_1step,,7,2.0,1,,False,IS,845,0.1,0.0,2.1,6.5,91.2,5.7,4.9,4.17,-1.9,99634.0,8.6
s1,XAUUSD,meanrev,24,[16],3.0,3.0,22,0.0,0,fundingpips_1step,,7,2.0,1,,False,OOS,816,0.2,0.0,3.8,3.7,92.3,2.3,4.8,4.17,-1.95,99599.0,7.5
s1,XAUUSD,meanrev,24,[1],0.5,2.0,22,0.0,0,ftmo_1step,,7,2.0,1,,False,IS,845,3.1,0.0,0.0,30.8,66.2,4.1,4.7,8.12,-2.23,97085.0,30.8
s1,XAUUSD,meanrev,24,[1],0.5,2.0,22,0.0,0,ftmo_1step,,7,2.0,1,,False,OOS,816,3.4,0.0,0.0,29.4,67.2,4.1,4.7,8.07,-2.17,97829.0,29.4
s1,XAUUSD,meanrev,24,[1],0.5,2.0,22,0.0,0,fundingpips_1step,,7,2.0,1,,False,IS,845,3.1,0.0,0.0,43.0,54.0,4.1,4.0,7.18,-2.22,97535.0,43.0
s1,XAUUSD,meanrev,24,[1],0.5,2.0,22,0.0,0,fundingpips_1step,,7,2.0,1,,False,OOS,816,3.4,0.0,0.0,39.5,57.1,4.1,4.1,7.23,-2.17,98126.0,39.5
s1,XAUUSD,meanrev,24,[1],0.5,3.0,22,0.0,0,ftmo_1step,,7,2.0,1,,False,IS,845,3.0,3.7,0.1,48.9,44.4,6.1,4.5,8.98,-2.21,96851.0,49.0
s1,XAUUSD,meanrev,24,[1],0.5,3.0,22,0.0,0,ftmo_1step,,7,2.0,1,,False,OOS,816,4.9,4.5,0.0,50.2,40.3,6.1,4.4,9.0,-2.15,97520.0,50.2
s1,XAUUSD,meanrev,24,[1],0.5,3.0,22,0.0,0,fundingpips_1step,,7,2.0,1,,False,IS,845,6.2,0.0,0.1,54.8,38.9,2.4,3.7,7.88,-2.2,97399.0,54.9
s1,XAUUSD,meanrev,24,[1],0.5,3.0,22,0.0,0,fundingpips_1step,,7,2.0,1,,False,OOS,816,9.3,0.0,0.0,54.2,36.5,3.5,3.7,8.0,-2.15,97956.0,54.2
s1,XAUUSD,meanrev,24,[1],1.0,1.0,22,0.0,0,ftmo_1step,,7,2.0,1,,False,IS,845,0.0,0.0,0.2,7.1,92.7,,4.9,6.03,-2.11,98725.0,7.3
s1,XAUUSD,meanrev,24,[1],1.0,1.0,22,0.0,0,ftmo_1step,,7,2.0,1,,False,OOS,816,0.0,0.0,0.0,3.7,96.3,,4.9,5.77,-2.08,99316.0,3.7
s1,XAUUSD,meanrev,24,[1],1.0,1.0,22,0.0,0,fundingpips_1step,,7,2.0,1,,False,IS,845,0.0,0.0,0.2,27.7,72.1,,4.6,5.69,-2.11,98780.0,27.9
s1,XAUUSD,meanrev,24,[1],1.0,1.0,22,0.0,0,fundingpips_1step,,7,2.0,1,,False,OOS,816,0.0,0.0,0.0,21.9,78.1,,4.7,5.54,-2.08,99254.0,21.9
s1,XAUUSD,meanrev,24,[1],1.0,2.0,22,0.0,0,ftmo_1step,,7,2.0,1,,False,IS,845,4.9,0.0,0.2,23.3,71.6,4.5,4.7,7.64,-2.11,98639.0,23.5
s1,XAUUSD,meanrev,24,[1],1.0,2.0,22,0.0,0,ftmo_1step,,7,2.0,1,,False,OOS,816,5.4,0.0,0.0,19.0,75.6,4.6,4.8,7.34,-2.08,99339.0,19.0
s1,XAUUSD,meanrev,24,[1],1.0,2.0,22,0.0,0,fundingpips_1step,,7,2.0,1,,False,IS,845,4.9,0.0,0.1,35.9,59.2,4.5,4.2,6.99,-2.1,98820.0,36.0
s1,XAUUSD,meanrev,24,[1],1.0,2.0,22,0.0,0,fundingpips_1step,,7,2.0,1,,False,OOS,816,5.4,0.0,0.0,31.7,62.9,4.6,4.3,6.8,-2.07,99327.0,31.7
s1,XAUUSD,meanrev,24,[1],1.0,3.0,22,0.0,0,ftmo_1step,,7,2.0,1,,False,IS,845,5.7,3.6,0.2,32.0,58.6,5.7,4.6,8.25,-2.09,98551.0,32.2
s1,XAUUSD,meanrev,24,[1],1.0,3.0,22,0.0,0,ftmo_1step,,7,2.0,1,,False,OOS,816,6.4,3.4,0.0,31.7,58.5,5.5,4.6,8.18,-2.05,99098.0,31.7
s1,XAUUSD,meanrev,24,[1],1.0,3.0,22,0.0,0,fundingpips_1step,,7,2.0,1,,False,IS,845,9.6,0.0,0.1,44.7,45.6,4.5,4.0,7.53,-2.09,98800.0,44.8
s1,XAUUSD,meanrev,24,[1],1.0,3.0,22,0.0,0,fundingpips_1step,,7,2.0,1,,False,OOS,816,9.9,0.0,0.0,42.6,47.4,3.9,4.1,7.59,-2.05,99126.0,42.6
s1,XAUUSD,meanrev,24,[1],2.0,1.0,22,0.0,0,ftmo_1step,,7,2.0,1,,False,IS,845,0.0,0.0,0.2,2.6,97.2,,4.9,5.3,-2.02,99630.0,2.8
s1,XAUUSD,meanrev,24,[1],2.0,1.0,22,0.0,0,ftmo_1step,,7,2.0,1,,False,OOS,816,0.0,0.0,0.4,1.5,98.2,,4.9,5.07,-2.03,99775.0,1.9
s1,XAUUSD,meanrev,24,[1],2.0,1.0,22,0.0,0,fundingpips_1step,,7,2.0,1,,False,IS,845,0.0,0.0,0.2,16.6,83.2,,4.7,5.1,-2.02,99605.0,16.8
s1,XAUUSD,meanrev,24,[1],2.0,1.0,22,0.0,0,fundingpips_1step,,7,2.0,1,,False,OOS,816,0.0,0.0,0.4,14.0,85.7,,4.8,4.92,-2.03,99748.0,14.4
s1,XAUUSD,meanrev,24,[1],2.0,2.0,22,0.0,0,ftmo_1step,,7,2.0,1,,False,IS,845,3.8,0.0,0.0,5.0,91.2,5.7,4.9,6.06,-2.03,99705.0,5.0
s1,XAUUSD,meanrev,24,[1],2.0,2.0,22,0.0,0,ftmo_1step,,7,2.0,1,,False,OOS,816,1.7,0.0,0.7,2.3,95.2,5.8,4.9,5.93,-2.04,99768.0,3.0
s1,XAUUSD,meanrev,24,[1],2.0,2.0,22,0.0,0,fundingpips_1step,,7,2.0,1,,False,IS,845,3.8,0.0,0.0,21.2,75.0,5.7,4.6,5.76,-2.03,99659.0,21.2
s1,XAUUSD,meanrev,24,[1],2.0,2.0,22,0.0,0,fundingpips_1step,,7,2.0,1,,False,OOS,816,1.7,0.0,0.7,18.8,78.8,5.8,4.7,5.71,-2.04,99677.0,19.5
s1,XAUUSD,meanrev,24,[1],2.0,3.0,22,0.0,0,ftmo_1step,,7,2.0,1,,False,IS,845,3.8,1.8,0.1,6.7,87.6,5.7,4.8,6.34,-2.03,99661.0,6.8
s1,XAUUSD,meanrev,24,[1],2.0,3.0,22,0.0,0,ftmo_1step,,7,2.0,1,,False,OOS,816,2.2,1.6,1.1,3.3,91.8,6.8,4.9,6.13,-2.04,99844.0,4.4
s1,XAUUSD,meanrev,24,[1],2.0,3.0,22,0.0,0,fundingpips_1step,,7,2.0,1,,False,IS,845,5.6,0.0,0.1,22.5,71.8,5.6,4.6,6.04,-2.03,99629.0,22.6
s1,XAUUSD,meanrev,24,[1],2.0,3.0,22,0.0,0,fundingpips_1step,,7,2.0,1,,False,OOS,816,3.8,0.0,1.1,19.9,75.2,5.9,4.7,5.9,-2.04,99771.0,21.0
s1,XAUUSD,meanrev,24,[1],3.0,1.0,22,0.0,0,ftmo_1step,,7,2.0,1,,False,IS,845,0.0,0.0,0.0,0.0,100.0,,4.9,4.47,-1.94,99795.0,0.0
s1,XAUUSD,meanrev,24,[1],3.0,1.0,22,0.0,0,ftmo_1step,,7,2.0,1,,False,OOS,816,0.0,0.0,0.4,0.2,99.4,,4.9,4.4,-1.96,99745.0,0.6
s1,XAUUSD,meanrev,24,[1],3.0,1.0,22,0.0,0,fundingpips_1step,,7,2.0,1,,False,IS,845,0.0,0.0,0.0,6.9,93.1,,4.8,4.4,-1.94,99810.0,6.9
s1,XAUUSD,meanrev,24,[1],3.0,1.0,22,0.0,0,fundingpips_1step,,7,2.0,1,,False,OOS,816,0.0,0.0,0.4,7.7,91.9,,4.8,4.32,-1.96,99743.0,8.1
s1,XAUUSD,prevday,24,[10],0.5,1.0,22,0.0,0,ftmo_1step,,7,2.0,1,,False,IS,845,0.0,0.0,0.0,18.6,81.4,,4.9,7.87,-2.33,95472.0,18.6
s1,XAUUSD,prevday,24,[10],0.5,1.0,22,0.0,0,ftmo_1step,,7,2.0,1,,False,OOS,816,0.0,0.0,0.0,17.2,82.8,,4.9,7.65,-2.25,96258.0,17.2
s1,XAUUSD,prevday,24,[10],0.5,1.0,22,0.0,0,fundingpips_1step,,7,2.0,1,,False,IS,845,0.0,0.0,0.0,52.8,47.2,,4.4,7.11,-2.32,95937.0,52.8
s1,XAUUSD,prevday,24,[10],0.5,1.0,22,0.0,0,fundingpips_1step,,7,2.0,1,,False,OOS,816,0.0,0.0,0.0,47.5,52.5,,4.4,6.99,-2.25,96582.0,47.5
s1,XAUUSD,prevday,24,[10],0.5,2.0,22,0.0,0,ftmo_1step,,7,2.0,1,,False,IS,845,1.7,0.0,0.0,34.6,63.8,3.5,4.8,8.74,-2.32,95853.0,34.6
s1,XAUUSD,prevday,24,[10],0.5,2.0,22,0.0,0,ftmo_1step,,7,2.0,1,,False,OOS,816,2.7,0.0,0.0,32.5,64.8,4.4,4.8,8.66,-2.24,96393.0,32.5
s1,XAUUSD,prevday,24,[10],0.5,2.0,22,0.0,0,fundingpips_1step,,7,2.0,1,,False,IS,845,1.7,0.0,0.0,47.9,50.4,3.5,4.0,7.45,-2.31,96585.0,47.9
s1,XAUUSD,prevday,24,[10],0.5,2.0,22,0.0,0,fundingpips_1step,,7,2.0,1,,False,OOS,816,2.9,0.0,0.0,46.3,50.7,4.4,4.0,7.45,-2.23,96997.0,46.3
s1,XAUUSD,prevday,24,[10],0.5,3.0,22,0.0,0,ftmo_1step,,7,2.0,1,,False,IS,845,2.7,2.8,0.5,50.2,43.8,6.4,4.6,9.54,-2.3,95962.0,50.7
s1,XAUUSD,prevday,24,[10],0.5,3.0,22,0.0,0,ftmo_1step,,7,2.0,1,,False,OOS,816,2.6,3.9,0.0,50.6,42.9,5.5,4.6,9.55,-2.2,96118.0,50.6
s1,XAUUSD,prevday,24,[10],0.5,3.0,22,0.0,0,fundingpips_1step,,7,2.0,1,,False,IS,845,5.6,0.0,0.5,58.7,35.3,3.5,3.7,7.95,-2.29,96843.0,59.2
s1,XAUUSD,prevday,24,[10],0.5,3.0,22,0.0,0,fundingpips_1step,,7,2.0,1,,False,OOS,816,6.9,0.0,0.0,58.0,35.2,3.4,3.7,7.97,-2.2,97025.0,58.0
s1,XAUUSD,prevday,24,[10],1.0,1.0,22,0.0,0,ftmo_1step,,7,2.0,1,,False,IS,845,0.0,0.0,0.2,8.8,91.0,,4.9,6.26,-2.15,98059.0,9.0
s1,XAUUSD,prevday,24,[10],1.0,1.0,22,0.0,0,ftmo_1step,,7,2.0,1,,False,OOS,816,0.0,0.0,0.0,5.1,94.9,,4.9,5.97,-2.1,99003.0,5.1
s1,XAUUSD,prevday,24,[10],1.0,1.0,22,0.0,0,fundingpips_1step,,7,2.0,1,,False,IS,845,0.0,0.0,0.2,33.4,66.4,,4.5,5.82,-2.15,98114.0,33.6
s1,XAUUSD,prevday,24,[10],1.0,1.0,22,0.0,0,fundingpips_1step,,7,2.0,1,,False,OOS,816,0.0,0.0,0.0,27.5,72.5,,4.7,5.69,-2.1,98978.0,27.5
s1,XAUUSD,meanrev,24,[1],3.0,2.0,22,0.0,0,ftmo_1step,,7,2.0,1,,False,IS,845,0.7,0.0,0.0,0.5,98.8,4.6,4.9,4.89,-1.95,99760.0,0.5
s1,XAUUSD,meanrev,24,[1],3.0,2.0,22,0.0,0,ftmo_1step,,7,2.0,1,,False,OOS,816,0.0,0.0,0.4,0.2,99.4,,4.9,4.75,-1.97,99775.0,0.6
s1,XAUUSD,meanrev,24,[1],3.0,2.0,22,0.0,0,fundingpips_1step,,7,2.0,1,,False,IS,845,0.7,0.0,0.0,8.6,90.7,4.6,4.8,4.8,-1.95,99783.0,8.6
s1,XAUUSD,meanrev,24,[1],3.0,2.0,22,0.0,0,fundingpips_1step,,7,2.0,1,,False,OOS,816,0.0,0.0,0.4,8.7,90.9,,4.8,4.66,-1.97,99764.0,9.1
s1,XAUUSD,prevday,24,[10],1.0,2.0,22,0.0,0,ftmo_1step,,7,2.0,1,,False,IS,845,4.1,0.0,1.5,27.5,66.9,4.5,4.7,7.93,-2.17,98081.0,29.0
s1,XAUUSD,prevday,24,[10],1.0,2.0,22,0.0,0,ftmo_1step,,7,2.0,1,,False,OOS,816,6.1,0.2,0.9,23.7,69.1,4.5,4.8,7.72,-2.11,98802.0,24.6
s1,XAUUSD,prevday,24,[10],1.0,2.0,22,0.0,0,fundingpips_1step,,7,2.0,1,,False,IS,845,4.4,0.0,1.1,37.6,56.9,4.5,4.2,7.11,-2.16,98352.0,38.7
s1,XAUUSD,prevday,24,[10],1.0,2.0,22,0.0,0,fundingpips_1step,,7,2.0,1,,False,OOS,816,6.9,0.0,0.7,33.7,58.7,4.6,4.2,6.97,-2.11,99069.0,34.4
s1,XAUUSD,meanrev,24,[1],3.0,3.0,22,0.0,0,ftmo_1step,,7,2.0,1,,False,IS,845,0.5,0.6,0.0,0.5,98.5,4.8,4.9,4.94,-1.95,99801.0,0.5
s1,XAUUSD,meanrev,24,[1],3.0,3.0,22,0.0,0,ftmo_1step,,7,2.0,1,,False,OOS,816,0.0,0.7,0.5,0.2,98.5,,4.9,4.79,-1.97,99853.0,0.7
s1,XAUUSD,meanrev,24,[1],3.0,3.0,22,0.0,0,fundingpips_1step,,7,2.0,1,,False,IS,845,1.1,0.0,0.0,8.6,90.3,4.7,4.8,4.85,-1.95,99825.0,8.6
s1,XAUUSD,meanrev,24,[1],3.0,3.0,22,0.0,0,fundingpips_1step,,7,2.0,1,,False,OOS,816,0.7,0.0,0.5,8.7,90.1,6.4,4.8,4.71,-1.97,99838.0,9.2
s1,XAUUSD,prevday,24,[10],1.0,3.0,22,0.0,0,ftmo_1step,,7,2.0,1,,False,IS,845,3.7,4.4,1.9,39.4,50.7,5.9,4.5,8.77,-2.14,98172.0,41.3
s1,XAUUSD,prevday,24,[10],1.0,3.0,22,0.0,0,ftmo_1step,,7,2.0,1,,False,OOS,816,4.3,4.5,1.6,38.6,51.0,5.5,4.5,8.64,-2.1,98652.0,40.2
s1,XAUUSD,prevday,24,[10],1.0,3.0,22,0.0,0,fundingpips_1step,,7,2.0,1,,False,IS,845,9.0,0.0,1.4,46.4,43.2,3.6,3.9,7.77,-2.14,98591.0,47.8
s1,XAUUSD,prevday,24,[10],1.0,3.0,22,0.0,0,fundingpips_1step,,7,2.0,1,,False,OOS,816,9.9,0.0,1.5,45.6,43.0,3.7,3.9,7.75,-2.1,98997.0,47.1
s1,XAUUSD,prevday,24,[10],2.0,1.0,22,0.0,0,ftmo_1step,,7,2.0,1,,False,IS,845,0.0,0.0,1.9,5.9,92.2,,4.9,5.84,-2.09,98697.0,7.8
s1,XAUUSD,prevday,24,[10],2.0,1.0,22,0.0,0,ftmo_1step,,7,2.0,1,,False,OOS,816,0.0,0.0,2.0,2.5,95.6,,4.9,5.54,-2.06,99245.0,4.5
s1,XAUUSD,prevday,24,[10],2.0,1.0,22,0.0,0,fundingpips_1step,,7,2.0,1,,False,IS,845,0.0,0.0,1.8,27.1,71.1,,4.6,5.5,-2.09,98791.0,28.9
s1,XAUUSD,prevday,24,[10],2.0,1.0,22,0.0,0,fundingpips_1step,,7,2.0,1,,False,OOS,816,0.0,0.0,1.3,19.4,79.3,,4.7,5.33,-2.06,99239.0,20.7
s1,XAUUSD,prevday,24,[10],2.0,2.0,22,0.0,0,ftmo_1step,,7,2.0,1,,False,IS,845,3.6,0.1,3.0,11.6,81.8,5.2,4.8,6.92,-2.1,98809.0,14.6
s1,XAUUSD,prevday,24,[10],2.0,2.0,22,0.0,0,ftmo_1step,,7,2.0,1,,False,OOS,816,3.8,0.2,1.8,9.9,84.2,4.7,4.8,6.76,-2.06,99126.0,11.7
s1,XAUUSD,prevday,24,[10],2.0,2.0,22,0.0,0,fundingpips_1step,,7,2.0,1,,False,IS,845,3.8,0.0,2.7,31.0,62.5,5.2,4.4,6.39,-2.1,98886.0,33.7
s1,XAUUSD,prevday,24,[10],2.0,2.0,22,0.0,0,fundingpips_1step,,7,2.0,1,,False,OOS,816,4.2,0.0,1.2,26.5,68.1,4.7,4.5,6.34,-2.06,99158.0,27.7
s1,XAUUSD,prevday,24,[10],2.0,3.0,22,0.0,0,ftmo_1step,,7,2.0,1,,False,IS,845,4.0,2.4,3.0,15.5,75.1,4.9,4.7,7.26,-2.1,98862.0,18.5
s1,XAUUSD,prevday,24,[10],2.0,3.0,22,0.0,0,ftmo_1step,,7,2.0,1,,False,OOS,816,4.0,3.1,2.3,11.4,79.2,5.8,4.7,7.06,-2.06,99408.0,13.7
s1,XAUUSD,prevday,24,[10],2.0,3.0,22,0.0,0,fundingpips_1step,,7,2.0,1,,False,IS,845,6.7,0.0,2.7,34.8,55.7,4.6,4.3,6.69,-2.1,98956.0,37.5
s1,XAUUSD,prevday,24,[10],2.0,3.0,22,0.0,0,fundingpips_1step,,7,2.0,1,,False,OOS,816,7.5,0.0,1.7,28.9,61.9,4.6,4.4,6.62,-2.05,99411.0,30.6
s1,XAUUSD,prevday,24,[10],3.0,1.0,22,0.0,0,ftmo_1step,,7,2.0,1,,False,IS,845,0.0,0.0,1.5,0.9,97.5,,4.9,5.11,-2.03,99269.0,2.4
s1,XAUUSD,prevday,24,[10],3.0,1.0,22,0.0,0,ftmo_1step,,7,2.0,1,,False,OOS,816,0.0,0.0,1.5,1.3,97.2,,4.9,5.06,-2.02,99371.0,2.8
s1,XAUUSD,prevday,24,[10],3.0,1.0,22,0.0,0,fundingpips_1step,,7,2.0,1,,False,IS,845,0.0,0.0,1.3,15.1,83.6,,4.8,4.93,-2.03,99269.0,16.4
s1,XAUUSD,prevday,24,[10],3.0,1.0,22,0.0,0,fundingpips_1step,,7,2.0,1,,False,OOS,816,0.0,0.0,1.5,13.2,85.3,,4.8,4.92,-2.02,99364.0,14.7
s1,XAUUSD,prevday,24,[16],0.5,1.0,22,0.0,0,ftmo_1step,,7,2.0,1,,False,IS,845,0.0,0.0,0.0,20.6,79.4,,4.8,8.3,-2.27,96218.0,20.6
s1,XAUUSD,prevday,24,[16],0.5,1.0,22,0.0,0,ftmo_1step,,7,2.0,1,,False,OOS,816,0.0,0.0,0.0,21.0,79.0,,4.9,8.14,-2.21,95965.0,21.0
s1,XAUUSD,prevday,24,[16],0.5,1.0,22,0.0,0,fundingpips_1step,,7,2.0,1,,False,IS,845,0.0,0.0,0.0,45.0,55.0,,4.4,7.7,-2.27,96519.0,45.0
s1,XAUUSD,prevday,24,[16],0.5,1.0,22,0.0,0,fundingpips_1step,,7,2.0,1,,False,OOS,816,0.0,0.0,0.0,50.7,49.3,,4.3,7.41,-2.21,96339.0,50.7
s1,XAUUSD,prevday,24,[10],3.0,2.0,22,0.0,0,ftmo_1step,,7,2.0,1,,False,IS,845,0.9,0.0,2.1,1.9,95.0,5.6,4.9,5.7,-2.05,99356.0,4.0
s1,XAUUSD,prevday,24,[10],3.0,2.0,22,0.0,0,ftmo_1step,,7,2.0,1,,False,OOS,816,1.6,0.1,1.5,2.5,94.4,4.9,4.9,5.62,-2.03,99635.0,4.0
s1,XAUUSD,prevday,24,[10],3.0,2.0,22,0.0,0,fundingpips_1step,,7,2.0,1,,False,IS,845,0.9,0.0,1.9,18.6,78.6,5.6,4.7,5.47,-2.05,99325.0,20.5
s1,XAUUSD,prevday,24,[10],3.0,2.0,22,0.0,0,fundingpips_1step,,7,2.0,1,,False,OOS,816,1.7,0.0,1.5,16.8,80.0,5.3,4.7,5.42,-2.02,99579.0,18.3
s1,XAUUSD,prevday,24,[16],0.5,2.0,22,0.0,0,ftmo_1step,,7,2.0,1,,False,IS,845,2.1,0.0,0.5,33.8,63.6,4.7,4.8,8.95,-2.26,96907.0,34.3
s1,XAUUSD,prevday,24,[16],0.5,2.0,22,0.0,0,ftmo_1step,,7,2.0,1,,False,OOS,816,2.2,0.0,0.0,33.8,64.0,2.7,4.8,8.8,-2.19,96533.0,33.8
s1,XAUUSD,prevday,24,[16],0.5,2.0,22,0.0,0,fundingpips_1step,,7,2.0,1,,False,IS,845,2.5,0.0,0.2,39.6,57.6,4.7,4.1,7.88,-2.26,97464.0,39.8
s1,XAUUSD,prevday,24,[16],0.5,2.0,22,0.0,0,fundingpips_1step,,7,2.0,1,,False,OOS,816,2.6,0.0,0.0,46.0,51.5,2.8,4.0,7.6,-2.2,97113.0,46.0
s1,XAUUSD,prevday,24,[10],3.0,3.0,22,0.0,0,ftmo_1step,,7,2.0,1,,False,IS,845,0.9,1.7,2.2,3.1,92.1,5.2,4.8,5.89,-2.05,99452.0,5.3
s1,XAUUSD,prevday,24,[10],3.0,3.0,22,0.0,0,ftmo_1step,,7,2.0,1,,False,OOS,816,1.5,1.0,2.2,3.4,91.9,5.4,4.8,5.88,-2.04,99507.0,5.6
s1,XAUUSD,prevday,24,[10],3.0,3.0,22,0.0,0,fundingpips_1step,,7,2.0,1,,False,IS,845,2.6,0.0,1.9,19.8,75.7,5.6,4.7,5.65,-2.04,99441.0,21.7
s1,XAUUSD,prevday,24,[10],3.0,3.0,22,0.0,0,fundingpips_1step,,7,2.0,1,,False,OOS,816,2.5,0.0,2.2,18.3,77.1,4.8,4.7,5.67,-2.04,99449.0,20.5
s1,XAUUSD,prevday,24,[16],0.5,3.0,22,0.0,0,ftmo_1step,,7,2.0,1,,False,IS,845,2.4,3.2,1.2,45.7,47.6,6.6,4.6,9.74,-2.24,97015.0,46.9
s1,XAUUSD,prevday,24,[16],0.5,3.0,22,0.0,0,ftmo_1step,,7,2.0,1,,False,OOS,816,2.9,3.3,1.0,45.7,47.1,6.6,4.6,9.51,-2.17,96530.0,46.7
s1,XAUUSD,prevday,24,[16],0.5,3.0,22,0.0,0,fundingpips_1step,,7,2.0,1,,False,IS,845,6.7,0.0,0.9,49.5,42.8,3.7,3.9,8.4,-2.24,97678.0,50.4
s1,XAUUSD,prevday,24,[16],0.5,3.0,22,0.0,0,fundingpips_1step,,7,2.0,1,,False,OOS,816,7.0,0.0,0.9,57.1,35.0,3.6,3.7,8.02,-2.17,97200.0,58.0
s1,XAUUSD,prevday,24,[16],1.0,1.0,22,0.0,0,ftmo_1step,,7,2.0,1,,False,IS,845,0.0,0.0,1.4,8.8,89.8,,4.9,6.32,-2.15,98412.0,10.2
s1,XAUUSD,prevday,24,[16],1.0,1.0,22,0.0,0,ftmo_1step,,7,2.0,1,,False,OOS,816,0.0,0.0,1.0,9.8,89.2,,4.9,6.31,-2.12,98366.0,10.8
s1,XAUUSD,prevday,24,[16],1.0,1.0,22,0.0,0,fundingpips_1step,,7,2.0,1,,False,IS,845,0.0,0.0,1.2,29.3,69.5,,4.6,5.94,-2.15,98528.0,30.5
s1,XAUUSD,prevday,24,[16],1.0,1.0,22,0.0,0,fundingpips_1step,,7,2.0,1,,False,OOS,816,0.0,0.0,0.7,27.8,71.4,,4.6,5.91,-2.12,98556.0,28.5
s1,XAUUSD,prevday,24,[16],1.0,2.0,22,0.0,0,ftmo_1step,,7,2.0,1,,False,IS,845,4.7,0.7,3.4,20.5,70.7,4.7,4.8,7.44,-2.17,98692.0,23.9
s1,XAUUSD,prevday,24,[16],1.0,2.0,22,0.0,0,ftmo_1step,,7,2.0,1,,False,OOS,816,2.7,0.0,3.1,19.1,75.1,4.8,4.8,7.51,-2.14,98376.0,22.2
s1,XAUUSD,prevday,24,[16],1.0,2.0,22,0.0,0,fundingpips_1step,,7,2.0,1,,False,IS,845,5.7,0.0,3.1,32.3,58.9,4.8,4.3,6.82,-2.16,98886.0,35.4
s1,XAUUSD,prevday,24,[16],1.0,2.0,22,0.0,0,fundingpips_1step,,7,2.0,1,,False,OOS,816,2.7,0.0,2.7,34.3,60.3,4.8,4.3,6.8,-2.13,98576.0,37.0
s1,XAUUSD,prevday,24,[16],1.0,3.0,22,0.0,0,ftmo_1step,,7,2.0,1,,False,IS,845,4.5,3.1,3.7,26.9,61.9,4.9,4.6,7.99,-2.16,98727.0,30.6
s1,XAUUSD,prevday,24,[16],1.0,3.0,22,0.0,0,ftmo_1step,,7,2.0,1,,False,OOS,816,3.9,2.2,3.3,24.5,66.1,5.7,4.7,8.04,-2.14,98400.0,27.8
s1,XAUUSD,prevday,24,[16],1.0,3.0,22,0.0,0,fundingpips_1step,,7,2.0,1,,False,IS,845,7.8,0.0,3.2,38.0,51.0,4.3,4.2,7.28,-2.15,99031.0,41.2
s1,XAUUSD,prevday,24,[16],1.0,3.0,22,0.0,0,fundingpips_1step,,7,2.0,1,,False,OOS,816,6.1,0.0,2.9,40.1,50.9,4.7,4.1,7.27,-2.13,98603.0,43.0
s1,XAUUSD,prevday,24,[16],2.0,1.0,22,0.0,0,ftmo_1step,,7,2.0,1,,False,IS,845,0.0,0.0,3.3,1.1,95.6,,4.9,4.99,-2.05,99249.0,4.4
s1,XAUUSD,prevday,24,[16],2.0,1.0,22,0.0,0,ftmo_1step,,7,2.0,1,,False,OOS,816,0.0,0.0,3.9,0.5,95.6,,4.9,5.11,-2.07,99003.0,4.4
s1,XAUUSD,prevday,24,[16],2.0,1.0,22,0.0,0,fundingpips_1step,,7,2.0,1,,False,IS,845,0.0,0.0,3.2,13.3,83.6,,4.8,4.85,-2.05,99236.0,16.5
s1,XAUUSD,prevday,24,[16],2.0,1.0,22,0.0,0,fundingpips_1step,,7,2.0,1,,False,OOS,816,0.0,0.0,3.6,15.4,81.0,,4.7,4.96,-2.06,98985.0,19.0
s1,XAUUSD,prevday,24,[16],2.0,2.0,22,0.0,0,ftmo_1step,,7,2.0,1,,False,IS,845,1.4,0.7,3.8,2.6,91.5,5.9,4.9,5.5,-2.06,99487.0,6.4
s1,XAUUSD,prevday,24,[16],2.0,2.0,22,0.0,0,ftmo_1step,,7,2.0,1,,False,OOS,816,1.3,0.0,4.9,1.0,92.8,4.8,4.9,5.51,-2.09,99291.0,5.9
s1,XAUUSD,prevday,24,[16],2.0,2.0,22,0.0,0,fundingpips_1step,,7,2.0,1,,False,IS,845,2.1,0.0,3.6,16.2,78.1,5.8,4.7,5.31,-2.06,99488.0,19.8
s1,XAUUSD,prevday,24,[16],2.0,2.0,22,0.0,0,fundingpips_1step,,7,2.0,1,,False,OOS,816,1.3,0.0,4.3,16.7,77.7,4.8,4.7,5.33,-2.07,99275.0,21.0
s1,XAUUSD,prevday,24,[16],2.0,3.0,22,0.0,0,ftmo_1step,,7,2.0,1,,False,IS,845,1.2,1.1,3.8,3.0,91.0,6.8,4.9,5.67,-2.07,99479.0,6.8
s1,XAUUSD,prevday,24,[16],2.0,3.0,22,0.0,0,ftmo_1step,,7,2.0,1,,False,OOS,816,1.2,0.1,5.9,1.8,90.9,5.4,4.8,5.74,-2.1,99135.0,7.7
s1,XAUUSD,prevday,24,[16],2.0,3.0,22,0.0,0,fundingpips_1step,,7,2.0,1,,False,IS,845,2.2,0.0,3.6,16.4,77.8,5.9,4.7,5.48,-2.06,99456.0,20.0
s1,XAUUSD,prevday,24,[16],2.0,3.0,22,0.0,0,fundingpips_1step,,7,2.0,1,,False,OOS,816,1.3,0.0,5.0,17.9,75.7,5.9,4.7,5.55,-2.09,99119.0,22.9
s1,XAUUSD,prevday,24,[16],3.0,1.0,22,0.0,0,ftmo_1step,,7,2.0,1,,False,IS,845,0.0,0.0,2.5,0.2,97.3,,4.9,4.08,-1.9,99451.0,2.7
s1,XAUUSD,prevday,24,[16],3.0,1.0,22,0.0,0,ftmo_1step,,7,2.0,1,,False,OOS,816,0.0,0.0,3.4,0.0,96.6,,4.9,4.04,-1.92,99449.0,3.4
s1,XAUUSD,prevday,24,[16],3.0,1.0,22,0.0,0,fundingpips_1step,,7,2.0,1,,False,IS,845,0.0,0.0,2.4,7.0,90.7,,4.8,4.02,-1.9,99448.0,9.4
s1,XAUUSD,prevday,24,[16],3.0,1.0,22,0.0,0,fundingpips_1step,,7,2.0,1,,False,OOS,816,0.0,0.0,3.3,5.6,91.1,,4.9,4.01,-1.92,99438.0,8.9
s1,XAUUSD,prevday,24,[16],3.0,2.0,22,0.0,0,ftmo_1step,,7,2.0,1,,False,IS,845,0.1,0.2,2.8,0.2,96.6,6.9,4.9,4.27,-1.91,99552.0,3.0
s1,XAUUSD,prevday,24,[16],3.0,2.0,22,0.0,0,ftmo_1step,,7,2.0,1,,False,OOS,816,0.0,0.0,3.9,0.0,96.1,,4.9,4.32,-1.94,99400.0,3.9
s1,XAUUSD,prevday,24,[16],3.0,2.0,22,0.0,0,fundingpips_1step,,7,2.0,1,,False,IS,845,0.4,0.0,2.7,7.2,89.7,6.9,4.8,4.21,-1.91,99547.0,9.9
s1,XAUUSD,prevday,24,[16],3.0,2.0,22,0.0,0,fundingpips_1step,,7,2.0,1,,False,OOS,816,0.0,0.0,3.8,6.9,89.3,,4.8,4.28,-1.93,99384.0,10.7
s1,XAUUSD,prevday,24,[1],0.5,1.0,22,0.0,0,ftmo_1step,,7,2.0,1,,False,IS,845,0.0,0.0,0.2,11.6,88.2,,4.9,6.77,-2.22,97899.0,11.8
s1,XAUUSD,prevday,24,[1],0.5,1.0,22,0.0,0,ftmo_1step,,7,2.0,1,,False,OOS,816,0.0,0.0,0.0,11.8,88.2,,4.9,6.62,-2.16,98086.0,11.8
s1,XAUUSD,prevday,24,[1],0.5,1.0,22,0.0,0,fundingpips_1step,,7,2.0,1,,False,IS,845,0.0,0.0,0.1,34.7,65.2,,4.5,6.33,-2.22,97975.0,34.8
s1,XAUUSD,prevday,24,[1],0.5,1.0,22,0.0,0,fundingpips_1step,,7,2.0,1,,False,OOS,816,0.0,0.0,0.0,35.5,64.5,,4.5,6.14,-2.16,98317.0,35.5
s1,XAUUSD,prevday,24,[1],0.5,2.0,22,0.0,0,ftmo_1step,,7,2.0,1,,False,IS,845,2.0,0.0,0.2,32.8,65.0,4.1,4.7,8.29,-2.22,97611.0,33.0
s1,XAUUSD,prevday,24,[1],0.5,2.0,22,0.0,0,ftmo_1step,,7,2.0,1,,False,OOS,816,2.8,0.0,0.0,28.8,68.4,4.1,4.8,8.16,-2.17,97951.0,28.8
s1,XAUUSD,prevday,24,[1],0.5,2.0,22,0.0,0,fundingpips_1step,,7,2.0,1,,False,IS,845,2.4,0.0,0.1,39.2,58.3,4.1,4.1,7.5,-2.22,97895.0,39.3
s1,XAUUSD,prevday,24,[1],0.5,2.0,22,0.0,0,fundingpips_1step,,7,2.0,1,,False,OOS,816,2.8,0.0,0.0,37.4,59.8,4.1,4.2,7.37,-2.17,98215.0,37.4
s1,XAUUSD,prevday,24,[16],3.0,3.0,22,0.0,0,ftmo_1step,,7,2.0,1,,False,IS,845,0.2,0.2,3.0,0.6,96.0,5.8,4.9,4.33,-1.91,99552.0,3.6
s1,XAUUSD,prevday,24,[16],3.0,3.0,22,0.0,0,ftmo_1step,,7,2.0,1,,False,OOS,816,0.0,0.0,4.3,0.0,95.7,,4.9,4.37,-1.94,99378.0,4.3
s1,XAUUSD,prevday,24,[16],3.0,3.0,22,0.0,0,fundingpips_1step,,7,2.0,1,,False,IS,845,0.5,0.0,2.8,7.6,89.1,5.4,4.8,4.27,-1.91,99543.0,10.4
s1,XAUUSD,prevday,24,[16],3.0,3.0,22,0.0,0,fundingpips_1step,,7,2.0,1,,False,OOS,816,0.0,0.0,4.2,6.9,89.0,,4.8,4.34,-1.94,99357.0,11.1
s1,XAUUSD,prevday,24,[1],0.5,3.0,22,0.0,0,ftmo_1step,,7,2.0,1,,False,IS,845,3.3,2.7,0.2,50.7,43.1,6.1,4.4,9.25,-2.21,97296.0,50.9
s1,XAUUSD,prevday,24,[1],0.5,3.0,22,0.0,0,ftmo_1step,,7,2.0,1,,False,OOS,816,2.3,3.8,0.5,46.7,46.7,6.0,4.5,9.22,-2.14,97741.0,47.2
s1,XAUUSD,prevday,24,[1],0.5,3.0,22,0.0,0,fundingpips_1step,,7,2.0,1,,False,IS,845,6.7,0.0,0.1,53.1,40.0,3.1,3.8,8.26,-2.21,97682.0,53.2
s1,XAUUSD,prevday,24,[1],0.5,3.0,22,0.0,0,fundingpips_1step,,7,2.0,1,,False,OOS,816,6.9,0.0,0.5,49.1,43.5,3.4,3.8,8.3,-2.14,98095.0,49.6
s1,XAUUSD,prevday,24,[1],1.0,1.0,22,0.0,0,ftmo_1step,,7,2.0,1,,False,IS,845,0.0,0.0,0.2,7.6,92.2,,4.9,6.04,-2.1,99103.0,7.8
s1,XAUUSD,prevday,24,[1],1.0,1.0,22,0.0,0,ftmo_1step,,7,2.0,1,,False,OOS,816,0.0,0.0,0.5,3.8,95.7,,4.9,5.85,-2.09,99287.0,4.3
s1,XAUUSD,prevday,24,[1],1.0,1.0,22,0.0,0,fundingpips_1step,,7,2.0,1,,False,IS,845,0.0,0.0,0.2,25.2,74.6,,4.6,5.75,-2.1,99151.0,25.4
s1,XAUUSD,prevday,24,[1],1.0,1.0,22,0.0,0,fundingpips_1step,,7,2.0,1,,False,OOS,816,0.0,0.0,0.5,25.0,74.5,,4.7,5.59,-2.09,99240.0,25.5
s1,XAUUSD,prevday,24,[1],1.0,3.0,22,0.0,0,ftmo_1step,,7,2.0,1,,False,IS,845,5.0,3.3,1.5,37.3,52.9,5.6,4.5,8.46,-2.11,98410.0,38.8
s1,XAUUSD,prevday,24,[1],1.0,3.0,22,0.0,0,ftmo_1step,,7,2.0,1,,False,OOS,816,3.8,3.4,2.0,35.4,55.4,5.9,4.5,8.38,-2.09,98795.0,37.4
s1,XAUUSD,prevday,24,[1],1.0,3.0,22,0.0,0,fundingpips_1step,,7,2.0,1,,False,IS,845,8.5,0.0,1.3,45.4,44.7,3.9,4.0,7.74,-2.1,98616.0,46.7
s1,XAUUSD,prevday,24,[1],1.0,3.0,22,0.0,0,fundingpips_1step,,7,2.0,1,,False,OOS,816,7.8,0.0,1.7,43.3,47.2,3.8,4.0,7.68,-2.08,98950.0,45.0
s1,XAUUSD,prevday,24,[1],1.0,2.0,22,0.0,0,ftmo_1step,,7,2.0,1,,False,IS,845,3.6,0.0,0.9,24.3,71.2,4.3,4.8,7.77,-2.12,98591.0,25.2
s1,XAUUSD,prevday,24,[1],1.0,2.0,22,0.0,0,ftmo_1step,,7,2.0,1,,False,OOS,816,3.4,0.0,0.9,19.9,75.9,5.1,4.8,7.56,-2.08,99082.0,20.8
s1,XAUUSD,prevday,24,[1],1.0,2.0,22,0.0,0,fundingpips_1step,,7,2.0,1,,False,IS,845,3.7,0.0,0.7,34.7,60.9,4.3,4.2,7.14,-2.11,98789.0,35.4
s1,XAUUSD,prevday,24,[1],1.0,2.0,22,0.0,0,fundingpips_1step,,7,2.0,1,,False,OOS,816,3.6,0.0,0.9,30.5,65.1,4.8,4.3,6.98,-2.09,99111.0,31.4
s1,XAUUSD,prevday,24,[1],2.0,1.0,22,0.0,0,ftmo_1step,,7,2.0,1,,False,IS,845,0.0,0.0,0.6,2.8,96.6,,4.9,5.47,-2.04,99248.0,3.4
s1,XAUUSD,prevday,24,[1],2.0,1.0,22,0.0,0,ftmo_1step,,7,2.0,1,,False,OOS,816,0.0,0.0,0.5,1.3,98.2,,4.9,5.23,-2.01,99616.0,1.8
s1,XAUUSD,prevday,24,[1],2.0,1.0,22,0.0,0,fundingpips_1step,,7,2.0,1,,False,IS,845,0.0,0.0,0.5,19.9,79.6,,4.7,5.24,-2.04,99232.0,20.4
s1,XAUUSD,prevday,24,[1],2.0,1.0,22,0.0,0,fundingpips_1step,,7,2.0,1,,False,OOS,816,0.0,0.0,0.5,14.5,85.0,,4.8,5.1,-2.02,99565.0,15.0
s1,XAUUSD,prevday,24,[1],3.0,1.0,22,0.0,0,ftmo_1step,,7,2.0,1,,False,IS,845,0.0,0.0,0.6,0.7,98.7,,4.8,4.64,-1.96,99465.0,1.3
s1,XAUUSD,prevday,24,[1],3.0,1.0,22,0.0,0,ftmo_1step,,7,2.0,1,,False,OOS,816,0.0,0.0,0.0,0.0,100.0,,4.9,4.42,-1.95,99805.0,0.0
s1,XAUUSD,prevday,24,[1],3.0,1.0,22,0.0,0,fundingpips_1step,,7,2.0,1,,False,IS,845,0.0,0.0,0.6,11.0,88.4,,4.8,4.54,-1.96,99448.0,11.6
s1,XAUUSD,prevday,24,[1],3.0,1.0,22,0.0,0,fundingpips_1step,,7,2.0,1,,False,OOS,816,0.0,0.0,0.0,5.6,94.4,,4.9,4.37,-1.95,99788.0,5.6
s1,XAUUSD,prevday,24,[1],2.0,2.0,22,0.0,0,ftmo_1step,,7,2.0,1,,False,IS,845,2.2,0.0,1.5,7.5,88.8,4.9,4.8,6.38,-2.06,99214.0,9.0
s1,XAUUSD,prevday,24,[1],2.0,2.0,22,0.0,0,ftmo_1step,,7,2.0,1,,False,OOS,816,3.1,0.0,1.0,5.1,90.8,4.9,4.8,6.2,-2.04,99583.0,6.1
s1,XAUUSD,prevday,24,[1],2.0,2.0,22,0.0,0,fundingpips_1step,,7,2.0,1,,False,IS,845,2.2,0.0,1.3,26.4,70.1,4.9,4.5,6.01,-2.06,99244.0,27.7
s1,XAUUSD,prevday,24,[1],2.0,2.0,22,0.0,0,fundingpips_1step,,7,2.0,1,,False,OOS,816,3.1,0.0,1.0,23.9,72.1,4.9,4.6,5.91,-2.05,99540.0,24.9
s1,XAUUSD,prevday,24,[1],2.0,3.0,22,0.0,0,ftmo_1step,,7,2.0,1,,False,IS,845,2.8,1.8,1.7,8.4,85.3,6.7,4.8,6.63,-2.06,99353.0,10.1
s1,XAUUSD,prevday,24,[1],2.0,3.0,22,0.0,0,ftmo_1step,,7,2.0,1,,False,OOS,816,2.8,2.1,1.8,7.2,86.0,6.1,4.8,6.56,-2.06,99673.0,9.0
s1,XAUUSD,prevday,24,[1],2.0,3.0,22,0.0,0,fundingpips_1step,,7,2.0,1,,False,IS,845,4.7,0.0,1.4,27.7,66.2,5.6,4.5,6.24,-2.06,99391.0,29.1
s1,XAUUSD,prevday,24,[1],2.0,3.0,22,0.0,0,fundingpips_1step,,7,2.0,1,,False,OOS,816,5.0,0.0,1.8,25.7,67.4,4.9,4.6,6.24,-2.06,99650.0,27.5
s1,XAUUSD,asian,24,[10],0.5,1.0,22,0.0,0,ftmo_1step,,7,2.0,1,,False,IS,845,0.0,0.0,0.0,17.4,82.6,,4.9,7.65,-2.31,96454.0,17.4
s1,XAUUSD,asian,24,[10],0.5,1.0,22,0.0,0,ftmo_1step,,7,2.0,1,,False,OOS,816,0.0,0.0,0.0,16.7,83.3,,4.9,7.62,-2.25,96433.0,16.7
s1,XAUUSD,asian,24,[10],0.5,1.0,22,0.0,0,fundingpips_1step,,7,2.0,1,,False,IS,845,0.0,0.0,0.0,42.4,57.6,,4.4,7.06,-2.31,96780.0,42.4
s1,XAUUSD,asian,24,[10],0.5,1.0,22,0.0,0,fundingpips_1step,,7,2.0,1,,False,OOS,816,0.0,0.0,0.0,44.1,55.9,,4.4,7.01,-2.25,96790.0,44.1
s1,XAUUSD,asian,24,[10],0.5,2.0,22,0.0,0,ftmo_1step,,7,2.0,1,,False,IS,845,1.8,0.0,0.0,31.5,66.7,4.4,4.8,8.63,-2.31,96956.0,31.5
s1,XAUUSD,asian,24,[10],0.5,2.0,22,0.0,0,ftmo_1step,,7,2.0,1,,False,OOS,816,1.2,0.0,0.0,31.6,67.2,3.4,4.8,8.53,-2.24,96671.0,31.6
s1,XAUUSD,asian,24,[10],0.5,2.0,22,0.0,0,fundingpips_1step,,7,2.0,1,,False,IS,845,2.0,0.0,0.0,39.5,58.5,4.4,4.1,7.62,-2.32,97484.0,39.5
s1,XAUUSD,asian,24,[10],0.5,2.0,22,0.0,0,fundingpips_1step,,7,2.0,1,,False,OOS,816,1.3,0.0,0.0,43.1,55.5,2.5,4.1,7.37,-2.24,97316.0,43.1
s1,XAUUSD,asian,24,[10],0.5,3.0,22,0.0,0,ftmo_1step,,7,2.0,1,,False,IS,845,3.3,4.0,0.0,45.7,47.0,6.4,4.5,9.42,-2.26,97249.0,45.7
s1,XAUUSD,asian,24,[10],0.5,3.0,22,0.0,0,ftmo_1step,,7,2.0,1,,False,OOS,816,2.2,2.9,0.0,48.4,46.4,6.4,4.6,9.52,-2.2,96431.0,48.4
s1,XAUUSD,asian,24,[10],0.5,3.0,22,0.0,0,fundingpips_1step,,7,2.0,1,,False,IS,845,8.2,0.0,0.0,48.9,43.0,3.4,3.8,8.23,-2.26,97881.0,48.9
s1,XAUUSD,asian,24,[10],0.5,3.0,22,0.0,0,fundingpips_1step,,7,2.0,1,,False,OOS,816,6.2,0.0,0.0,53.9,39.8,3.4,3.8,8.13,-2.2,97260.0,53.9
s1,XAUUSD,asian,24,[10],1.0,1.0,22,0.0,0,ftmo_1step,,7,2.0,1,,False,IS,845,0.0,0.0,0.2,6.9,92.9,,4.9,6.2,-2.15,98537.0,7.1
s1,XAUUSD,asian,24,[10],1.0,1.0,22,0.0,0,ftmo_1step,,7,2.0,1,,False,OOS,816,0.0,0.0,0.0,6.4,93.6,,4.9,5.99,-2.12,98612.0,6.4
s1,XAUUSD,asian,24,[10],1.0,1.0,22,0.0,0,fundingpips_1step,,7,2.0,1,,False,IS,845,0.0,0.0,0.2,28.4,71.4,,4.6,5.86,-2.15,98638.0,28.6
s1,XAUUSD,asian,24,[10],1.0,1.0,22,0.0,0,fundingpips_1step,,7,2.0,1,,False,OOS,816,0.0,0.0,0.0,29.4,70.6,,4.6,5.68,-2.12,98629.0,29.4
s1,XAUUSD,prevday,24,[1],3.0,2.0,22,0.0,0,ftmo_1step,,7,2.0,1,,False,IS,845,0.5,0.0,1.2,0.9,97.4,5.6,4.8,5.07,-1.98,99591.0,2.1
s1,XAUUSD,prevday,24,[1],3.0,2.0,22,0.0,0,ftmo_1step,,7,2.0,1,,False,OOS,816,0.9,0.0,1.0,0.4,97.8,4.8,4.9,4.95,-1.97,99844.0,1.4
s1,XAUUSD,prevday,24,[1],3.0,2.0,22,0.0,0,fundingpips_1step,,7,2.0,1,,False,IS,845,0.6,0.0,1.2,12.8,85.4,6.1,4.8,4.97,-1.98,99564.0,14.0
s1,XAUUSD,prevday,24,[1],3.0,2.0,22,0.0,0,fundingpips_1step,,7,2.0,1,,False,OOS,816,0.9,0.0,1.0,9.3,88.8,4.8,4.8,4.87,-1.97,99811.0,10.3
s1,XAUUSD,asian,24,[10],1.0,2.0,22,0.0,0,ftmo_1step,,7,2.0,1,,False,IS,845,4.7,0.0,1.3,24.3,69.7,4.6,4.8,7.81,-2.17,98569.0,25.6
s1,XAUUSD,asian,24,[10],1.0,2.0,22,0.0,0,ftmo_1step,,7,2.0,1,,False,OOS,816,4.9,0.0,0.0,25.1,70.0,4.4,4.8,7.75,-2.11,98513.0,25.1
s1,XAUUSD,asian,24,[10],1.0,2.0,22,0.0,0,fundingpips_1step,,7,2.0,1,,False,IS,845,5.0,0.0,1.3,34.6,59.2,4.6,4.2,7.11,-2.16,98795.0,35.9
s1,XAUUSD,asian,24,[10],1.0,2.0,22,0.0,0,fundingpips_1step,,7,2.0,1,,False,OOS,816,5.1,0.0,0.0,34.2,60.7,4.4,4.2,7.0,-2.1,98762.0,34.2
s1,XAUUSD,asian,24,[10],1.0,3.0,22,0.0,0,ftmo_1step,,7,2.0,1,,False,IS,845,5.1,5.1,1.5,35.3,53.0,6.2,4.5,8.5,-2.14,98766.0,36.8
s1,XAUUSD,asian,24,[10],1.0,3.0,22,0.0,0,ftmo_1step,,7,2.0,1,,False,OOS,816,4.2,4.2,1.5,39.0,51.2,6.4,4.5,8.7,-2.1,98217.0,40.5
s1,XAUUSD,asian,24,[10],1.0,3.0,22,0.0,0,fundingpips_1step,,7,2.0,1,,False,IS,845,10.7,0.0,1.5,43.7,44.1,3.7,3.9,7.66,-2.13,99061.0,45.2
s1,XAUUSD,asian,24,[10],1.0,3.0,22,0.0,0,fundingpips_1step,,7,2.0,1,,False,OOS,816,8.5,0.0,1.3,45.3,44.9,3.5,3.9,7.82,-2.1,98536.0,46.6
s1,XAUUSD,prevday,24,[1],3.0,3.0,22,0.0,0,ftmo_1step,,7,2.0,1,,False,IS,845,0.5,0.8,1.1,0.9,96.7,5.2,4.8,5.15,-1.98,99652.0,2.0
s1,XAUUSD,prevday,24,[1],3.0,3.0,22,0.0,0,ftmo_1step,,7,2.0,1,,False,OOS,816,1.2,1.1,1.0,0.6,96.1,4.9,4.8,5.04,-1.96,99906.0,1.6
s1,XAUUSD,prevday,24,[1],3.0,3.0,22,0.0,0,fundingpips_1step,,7,2.0,1,,False,IS,845,1.5,0.0,1.1,12.8,84.6,4.9,4.8,5.04,-1.98,99641.0,13.9
s1,XAUUSD,prevday,24,[1],3.0,3.0,22,0.0,0,fundingpips_1step,,7,2.0,1,,False,OOS,816,2.3,0.0,1.0,9.4,87.3,4.9,4.8,4.96,-1.96,99872.0,10.4
s1,XAUUSD,asian,24,[10],2.0,1.0,22,0.0,0,ftmo_1step,,7,2.0,1,,False,IS,845,0.0,0.0,1.5,5.4,93.0,,4.9,5.71,-2.09,99014.0,6.9
s1,XAUUSD,asian,24,[10],2.0,1.0,22,0.0,0,ftmo_1step,,7,2.0,1,,False,OOS,816,0.0,0.0,2.0,3.9,94.1,,4.9,5.64,-2.07,99275.0,5.9
s1,XAUUSD,asian,24,[10],2.0,1.0,22,0.0,0,fundingpips_1step,,7,2.0,1,,False,IS,845,0.0,0.0,1.4,23.8,74.8,,4.6,5.41,-2.09,99064.0,25.2
s1,XAUUSD,asian,24,[10],2.0,1.0,22,0.0,0,fundingpips_1step,,7,2.0,1,,False,OOS,816,0.0,0.0,2.0,23.0,75.0,,4.7,5.39,-2.07,99230.0,25.0
s1,XAUUSD,asian,24,[10],2.0,2.0,22,0.0,0,ftmo_1step,,7,2.0,1,,False,IS,845,3.6,0.0,2.4,9.2,84.9,5.5,4.8,6.63,-2.1,99368.0,11.6
s1,XAUUSD,asian,24,[10],2.0,2.0,22,0.0,0,ftmo_1step,,7,2.0,1,,False,OOS,816,4.4,0.2,2.0,9.2,84.2,5.6,4.8,6.8,-2.08,99349.0,11.2
s1,XAUUSD,asian,24,[10],2.0,2.0,22,0.0,0,fundingpips_1step,,7,2.0,1,,False,IS,845,3.6,0.0,2.2,25.9,68.3,5.5,4.5,6.19,-2.1,99423.0,28.1
s1,XAUUSD,asian,24,[10],2.0,2.0,22,0.0,0,fundingpips_1step,,7,2.0,1,,False,OOS,816,4.7,0.0,2.0,29.0,64.3,5.2,4.5,6.37,-2.07,99212.0,31.0
s1,XAUUSD,asian,24,[10],2.0,3.0,22,0.0,0,ftmo_1step,,7,2.0,1,,False,IS,845,5.7,2.5,2.5,15.0,74.3,5.7,4.7,7.14,-2.09,99204.0,17.5
s1,XAUUSD,asian,24,[10],2.0,3.0,22,0.0,0,ftmo_1step,,7,2.0,1,,False,OOS,816,5.1,2.9,2.5,12.6,76.8,4.8,4.7,7.2,-2.07,99450.0,15.1
s1,XAUUSD,asian,24,[10],2.0,3.0,22,0.0,0,fundingpips_1step,,7,2.0,1,,False,IS,845,8.3,0.0,2.4,31.0,58.3,4.7,4.4,6.62,-2.09,99405.0,33.4
s1,XAUUSD,asian,24,[10],2.0,3.0,22,0.0,0,fundingpips_1step,,7,2.0,1,,False,OOS,816,8.1,0.0,2.5,32.7,56.7,4.6,4.4,6.74,-2.07,99316.0,35.2
s1,XAUUSD,asian,24,[10],3.0,1.0,22,0.0,0,ftmo_1step,,7,2.0,1,,False,IS,845,0.0,0.0,1.3,2.1,96.6,,4.9,5.04,-2.04,99246.0,3.4
s1,XAUUSD,asian,24,[10],3.0,1.0,22,0.0,0,ftmo_1step,,7,2.0,1,,False,OOS,816,0.0,0.0,1.0,0.5,98.5,,4.9,4.96,-2.02,99549.0,1.5
s1,XAUUSD,asian,24,[10],3.0,1.0,22,0.0,0,fundingpips_1step,,7,2.0,1,,False,IS,845,0.0,0.0,1.2,14.7,84.1,,4.7,4.86,-2.04,99274.0,15.9
s1,XAUUSD,asian,24,[10],3.0,1.0,22,0.0,0,fundingpips_1step,,7,2.0,1,,False,OOS,816,0.0,0.0,1.0,11.9,87.1,,4.8,4.84,-2.02,99512.0,12.9
s1,XAUUSD,asian,24,[16],0.5,1.0,22,0.0,0,ftmo_1step,,7,2.0,1,,False,IS,845,0.0,0.0,0.0,21.3,78.7,,4.8,8.32,-2.27,95786.0,21.3
s1,XAUUSD,asian,24,[16],0.5,1.0,22,0.0,0,ftmo_1step,,7,2.0,1,,False,OOS,816,0.0,0.0,0.0,22.4,77.6,,4.9,8.27,-2.2,95703.0,22.4
s1,XAUUSD,asian,24,[16],0.5,1.0,22,0.0,0,fundingpips_1step,,7,2.0,1,,False,IS,845,0.0,0.0,0.0,50.2,49.8,,4.3,7.57,-2.28,96261.0,50.2
s1,XAUUSD,asian,24,[16],0.5,1.0,22,0.0,0,fundingpips_1step,,7,2.0,1,,False,OOS,816,0.0,0.0,0.0,52.7,47.3,,4.3,7.52,-2.21,96228.0,52.7
s1,XAUUSD,asian,24,[10],3.0,2.0,22,0.0,0,ftmo_1step,,7,2.0,1,,False,IS,845,1.7,0.0,1.7,3.2,93.5,5.6,4.9,5.67,-2.05,99387.0,4.9
s1,XAUUSD,asian,24,[10],3.0,2.0,22,0.0,0,ftmo_1step,,7,2.0,1,,False,OOS,816,2.5,0.2,2.0,1.6,93.8,5.1,4.9,5.6,-2.04,99719.0,3.6
s1,XAUUSD,asian,24,[10],3.0,2.0,22,0.0,0,fundingpips_1step,,7,2.0,1,,False,IS,845,1.7,0.0,1.4,18.9,78.0,5.6,4.7,5.41,-2.04,99442.0,20.3
s1,XAUUSD,asian,24,[10],3.0,2.0,22,0.0,0,fundingpips_1step,,7,2.0,1,,False,OOS,816,2.7,0.0,2.0,15.3,80.0,5.2,4.7,5.41,-2.04,99696.0,17.3
s1,XAUUSD,asian,24,[16],0.5,2.0,22,0.0,0,ftmo_1step,,7,2.0,1,,False,IS,845,2.2,0.0,0.2,32.8,64.7,4.7,4.8,9.01,-2.27,96367.0,33.0
s1,XAUUSD,asian,24,[16],0.5,2.0,22,0.0,0,ftmo_1step,,7,2.0,1,,False,OOS,816,2.6,0.0,1.0,34.6,61.9,4.7,4.8,8.81,-2.21,96459.0,35.6
s1,XAUUSD,asian,24,[16],0.5,2.0,22,0.0,0,fundingpips_1step,,7,2.0,1,,False,IS,845,2.2,0.0,0.1,44.1,53.5,4.7,4.1,7.89,-2.27,96881.0,44.2
s1,XAUUSD,asian,24,[16],0.5,2.0,22,0.0,0,fundingpips_1step,,7,2.0,1,,False,OOS,816,2.8,0.0,0.9,44.5,51.8,4.7,4.0,7.65,-2.21,97063.0,45.4
s1,XAUUSD,asian,24,[10],3.0,3.0,22,0.0,0,ftmo_1step,,7,2.0,1,,False,IS,845,2.0,1.1,1.7,4.0,91.2,5.9,4.8,5.83,-2.05,99419.0,5.7
s1,XAUUSD,asian,24,[10],3.0,3.0,22,0.0,0,ftmo_1step,,7,2.0,1,,False,OOS,816,2.5,1.5,2.0,2.5,91.7,4.8,4.8,5.83,-2.04,99780.0,4.5
s1,XAUUSD,asian,24,[10],3.0,3.0,22,0.0,0,fundingpips_1step,,7,2.0,1,,False,IS,845,3.1,0.0,1.4,20.0,75.5,5.7,4.7,5.57,-2.04,99470.0,21.4
s1,XAUUSD,asian,24,[10],3.0,3.0,22,0.0,0,fundingpips_1step,,7,2.0,1,,False,OOS,816,3.9,0.0,2.0,16.4,77.7,4.6,4.7,5.64,-2.04,99766.0,18.4
s1,XAUUSD,asian,24,[16],0.5,3.0,22,0.0,0,ftmo_1step,,7,2.0,1,,False,IS,845,2.4,3.3,0.6,45.9,47.8,6.2,4.6,9.61,-2.23,96658.0,46.5
s1,XAUUSD,asian,24,[16],0.5,3.0,22,0.0,0,ftmo_1step,,7,2.0,1,,False,OOS,816,2.1,2.9,1.2,46.0,47.8,5.7,4.6,9.56,-2.19,96209.0,47.2
s1,XAUUSD,asian,24,[16],0.5,3.0,22,0.0,0,fundingpips_1step,,7,2.0,1,,False,IS,845,7.1,0.0,0.6,54.3,38.0,3.7,3.8,8.18,-2.23,97331.0,54.9
s1,XAUUSD,asian,24,[16],0.5,3.0,22,0.0,0,fundingpips_1step,,7,2.0,1,,False,OOS,816,5.4,0.0,1.0,55.0,38.6,3.6,3.8,8.12,-2.19,96864.0,56.0
s1,XAUUSD,asian,24,[16],1.0,1.0,22,0.0,0,ftmo_1step,,7,2.0,1,,False,IS,845,0.0,0.0,1.2,7.6,91.2,,4.9,6.29,-2.14,98273.0,8.8
s1,XAUUSD,asian,24,[16],1.0,1.0,22,0.0,0,ftmo_1step,,7,2.0,1,,False,OOS,816,0.0,0.0,2.0,6.9,91.2,,4.9,6.16,-2.12,98688.0,8.9
s1,XAUUSD,asian,24,[16],1.0,1.0,22,0.0,0,fundingpips_1step,,7,2.0,1,,False,IS,845,0.0,0.0,1.1,31.2,67.7,,4.5,5.91,-2.14,98357.0,32.3
s1,XAUUSD,asian,24,[16],1.0,1.0,22,0.0,0,fundingpips_1step,,7,2.0,1,,False,OOS,816,0.0,0.0,1.6,27.9,70.5,,4.6,5.84,-2.12,98719.0,29.5
s1,XAUUSD,asian,24,[16],1.0,2.0,22,0.0,0,ftmo_1step,,7,2.0,1,,False,IS,845,3.8,0.1,2.0,18.0,76.1,5.7,4.8,7.46,-2.17,98422.0,20.0
s1,XAUUSD,asian,24,[16],1.0,2.0,22,0.0,0,ftmo_1step,,7,2.0,1,,False,OOS,816,4.2,0.0,3.8,14.8,77.2,4.7,4.8,7.37,-2.14,98673.0,18.6
s1,XAUUSD,asian,24,[16],1.0,2.0,22,0.0,0,fundingpips_1step,,7,2.0,1,,False,IS,845,4.0,0.0,1.8,35.0,59.2,5.7,4.3,6.82,-2.16,98541.0,36.8
s1,XAUUSD,asian,24,[16],1.0,2.0,22,0.0,0,fundingpips_1step,,7,2.0,1,,False,OOS,816,4.2,0.0,2.7,31.5,61.6,4.7,4.3,6.79,-2.12,98725.0,34.2
s1,XAUUSD,asian,24,[16],1.0,3.0,22,0.0,0,ftmo_1step,,7,2.0,1,,False,IS,845,5.1,3.1,2.4,23.0,66.5,5.7,4.7,7.93,-2.15,98567.0,25.4
s1,XAUUSD,asian,24,[16],1.0,3.0,22,0.0,0,ftmo_1step,,7,2.0,1,,False,OOS,816,5.0,2.6,4.3,20.8,67.3,5.7,4.7,7.8,-2.14,98838.0,25.1
s1,XAUUSD,asian,24,[16],1.0,3.0,22,0.0,0,fundingpips_1step,,7,2.0,1,,False,IS,845,8.5,0.0,2.0,40.8,48.6,4.7,4.1,7.2,-2.14,98752.0,42.8
s1,XAUUSD,asian,24,[16],1.0,3.0,22,0.0,0,fundingpips_1step,,7,2.0,1,,False,OOS,816,7.6,0.0,3.1,36.9,52.5,5.4,4.2,7.13,-2.12,98923.0,40.0
s1,XAUUSD,asian,24,[16],2.0,1.0,22,0.0,0,ftmo_1step,,7,2.0,1,,False,IS,845,0.0,0.0,2.4,1.4,96.2,,4.9,4.96,-2.06,99131.0,3.8
s1,XAUUSD,asian,24,[16],2.0,1.0,22,0.0,0,ftmo_1step,,7,2.0,1,,False,OOS,816,0.0,0.0,2.8,1.0,96.2,,4.9,4.92,-2.02,99517.0,3.8
s1,XAUUSD,asian,24,[16],2.0,1.0,22,0.0,0,fundingpips_1step,,7,2.0,1,,False,IS,845,0.0,0.0,2.4,13.7,83.9,,4.8,4.82,-2.06,99141.0,16.1
s1,XAUUSD,asian,24,[16],2.0,1.0,22,0.0,0,fundingpips_1step,,7,2.0,1,,False,OOS,816,0.0,0.0,2.6,12.3,85.2,,4.8,4.81,-2.02,99467.0,14.9
s1,XAUUSD,asian,24,[16],2.0,2.0,22,0.0,0,ftmo_1step,,7,2.0,1,,False,IS,845,1.1,0.1,3.1,2.6,93.1,5.7,4.9,5.4,-2.07,99458.0,5.7
s1,XAUUSD,asian,24,[16],2.0,2.0,22,0.0,0,ftmo_1step,,7,2.0,1,,False,OOS,816,0.9,0.1,4.3,2.1,92.6,6.7,4.9,5.38,-2.06,99623.0,6.4
s1,XAUUSD,asian,24,[16],2.0,2.0,22,0.0,0,fundingpips_1step,,7,2.0,1,,False,IS,845,1.2,0.0,3.1,16.1,79.6,5.2,4.7,5.21,-2.07,99482.0,19.2
s1,XAUUSD,asian,24,[16],2.0,2.0,22,0.0,0,fundingpips_1step,,7,2.0,1,,False,OOS,816,1.0,0.0,3.7,15.2,80.1,6.7,4.7,5.21,-2.05,99581.0,18.9
s1,XAUUSD,asian,24,[16],2.0,3.0,22,0.0,0,ftmo_1step,,7,2.0,1,,False,IS,845,1.3,1.1,3.1,2.8,91.7,4.9,4.8,5.56,-2.07,99449.0,5.9
s1,XAUUSD,asian,24,[16],2.0,3.0,22,0.0,0,ftmo_1step,,7,2.0,1,,False,OOS,816,0.5,1.6,5.5,2.5,90.0,6.3,4.8,5.56,-2.07,99593.0,8.0
s1,XAUUSD,asian,24,[16],2.0,3.0,22,0.0,0,fundingpips_1step,,7,2.0,1,,False,IS,845,2.4,0.0,3.0,16.3,78.3,4.9,4.7,5.37,-2.07,99475.0,19.3
s1,XAUUSD,asian,24,[16],2.0,3.0,22,0.0,0,fundingpips_1step,,7,2.0,1,,False,OOS,816,2.1,0.0,4.9,15.9,77.1,5.9,4.7,5.39,-2.06,99544.0,20.8
s1,XAUUSD,asian,24,[16],3.0,1.0,22,0.0,0,ftmo_1step,,7,2.0,1,,False,IS,845,0.0,0.0,1.5,0.1,98.3,,4.9,4.0,-1.91,99447.0,1.6
s1,XAUUSD,asian,24,[16],3.0,1.0,22,0.0,0,ftmo_1step,,7,2.0,1,,False,OOS,816,0.0,0.0,2.8,0.1,97.1,,4.9,3.84,-1.86,99867.0,2.9
s1,XAUUSD,asian,24,[16],3.0,1.0,22,0.0,0,fundingpips_1step,,7,2.0,1,,False,IS,845,0.0,0.0,1.5,5.1,93.4,,4.9,3.95,-1.91,99455.0,6.6
s1,XAUUSD,asian,24,[16],3.0,1.0,22,0.0,0,fundingpips_1step,,7,2.0,1,,False,OOS,816,0.0,0.0,2.5,4.8,92.8,,4.9,3.8,-1.86,99842.0,7.3
s1,XAUUSD,asian,24,[16],3.0,2.0,22,0.0,0,ftmo_1step,,7,2.0,1,,False,IS,845,0.1,0.0,1.9,0.2,97.8,5.9,4.9,4.2,-1.92,99536.0,2.1
s1,XAUUSD,asian,24,[16],3.0,2.0,22,0.0,0,ftmo_1step,,7,2.0,1,,False,OOS,816,0.1,0.0,3.3,0.1,96.4,6.9,4.9,4.13,-1.89,99827.0,3.4
s1,XAUUSD,asian,24,[16],3.0,2.0,22,0.0,0,fundingpips_1step,,7,2.0,1,,False,IS,845,0.1,0.0,1.9,6.5,91.5,5.9,4.8,4.15,-1.92,99540.0,8.4
s1,XAUUSD,asian,24,[16],3.0,2.0,22,0.0,0,fundingpips_1step,,7,2.0,1,,False,OOS,816,0.1,0.0,2.9,5.3,91.7,6.9,4.8,4.09,-1.89,99805.0,8.2
s1,XAUUSD,asian,24,[1],0.5,1.0,22,0.0,0,ftmo_1step,,7,2.0,1,,False,IS,845,0.0,0.0,0.0,13.6,86.4,,4.9,6.69,-2.22,97817.0,13.6
s1,XAUUSD,asian,24,[1],0.5,1.0,22,0.0,0,ftmo_1step,,7,2.0,1,,False,OOS,816,0.0,0.0,0.0,14.6,85.4,,4.9,6.74,-2.18,97479.0,14.6
s1,XAUUSD,asian,24,[1],0.5,1.0,22,0.0,0,fundingpips_1step,,7,2.0,1,,False,IS,845,0.0,0.0,0.0,36.7,63.3,,4.5,6.18,-2.22,97922.0,36.7
s1,XAUUSD,asian,24,[1],0.5,1.0,22,0.0,0,fundingpips_1step,,7,2.0,1,,False,OOS,816,0.0,0.0,0.0,38.2,61.8,,4.5,6.18,-2.18,97714.0,38.2
s1,XAUUSD,asian,24,[1],0.5,2.0,22,0.0,0,ftmo_1step,,7,2.0,1,,False,IS,845,2.8,0.0,0.0,32.0,65.2,4.1,4.7,8.19,-2.22,97446.0,32.0
s1,XAUUSD,asian,24,[1],0.5,2.0,22,0.0,0,ftmo_1step,,7,2.0,1,,False,OOS,816,1.5,0.0,0.0,37.5,61.0,4.1,4.7,8.49,-2.18,96765.0,37.5
s1,XAUUSD,asian,24,[1],0.5,2.0,22,0.0,0,fundingpips_1step,,7,2.0,1,,False,IS,845,3.1,0.0,0.0,41.8,55.1,4.1,4.1,7.3,-2.21,97768.0,41.8
s1,XAUUSD,asian,24,[1],0.5,2.0,22,0.0,0,fundingpips_1step,,7,2.0,1,,False,OOS,816,1.8,0.0,0.0,45.0,53.2,4.2,4.0,7.48,-2.17,97331.0,45.0
s1,XAUUSD,asian,24,[16],3.0,3.0,22,0.0,0,ftmo_1step,,7,2.0,1,,False,IS,845,0.4,0.0,1.9,0.2,97.5,5.9,4.9,4.24,-1.92,99556.0,2.1
s1,XAUUSD,asian,24,[16],3.0,3.0,22,0.0,0,ftmo_1step,,7,2.0,1,,False,OOS,816,0.1,0.0,4.2,0.1,95.6,6.9,4.9,4.18,-1.9,99781.0,4.3
s1,XAUUSD,asian,24,[16],3.0,3.0,22,0.0,0,fundingpips_1step,,7,2.0,1,,False,IS,845,0.4,0.0,1.9,6.6,91.1,5.9,4.8,4.19,-1.92,99560.0,8.5
s1,XAUUSD,asian,24,[16],3.0,3.0,22,0.0,0,fundingpips_1step,,7,2.0,1,,False,OOS,816,0.1,0.0,3.8,5.3,90.8,6.9,4.8,4.14,-1.9,99756.0,9.1
s1,XAUUSD,asian,24,[1],0.5,3.0,22,0.0,0,ftmo_1step,,7,2.0,1,,False,IS,845,3.4,2.6,0.0,54.7,39.3,6.1,4.4,9.32,-2.21,96915.0,54.7
s1,XAUUSD,asian,24,[1],0.5,3.0,22,0.0,0,ftmo_1step,,7,2.0,1,,False,OOS,816,1.5,2.7,1.0,55.3,39.6,5.3,4.5,9.57,-2.16,96366.0,56.3
s1,XAUUSD,asian,24,[1],0.5,3.0,22,0.0,0,fundingpips_1step,,7,2.0,1,,False,IS,845,6.9,0.0,0.0,56.9,36.2,3.6,3.7,8.26,-2.21,97433.0,56.9
s1,XAUUSD,asian,24,[1],0.5,3.0,22,0.0,0,fundingpips_1step,,7,2.0,1,,False,OOS,816,5.4,0.0,0.9,57.4,36.4,3.3,3.7,8.38,-2.16,97063.0,58.3
s1,XAUUSD,asian,24,[1],1.0,1.0,22,0.0,0,ftmo_1step,,7,2.0,1,,False,IS,845,0.0,0.0,0.5,7.0,92.5,,4.9,6.07,-2.11,98760.0,7.5
s1,XAUUSD,asian,24,[1],1.0,1.0,22,0.0,0,ftmo_1step,,7,2.0,1,,False,OOS,816,0.0,0.0,0.0,8.2,91.8,,4.9,6.29,-2.08,98249.0,8.2
s1,XAUUSD,asian,24,[1],1.0,1.0,22,0.0,0,fundingpips_1step,,7,2.0,1,,False,IS,845,0.0,0.0,0.5,29.5,70.1,,4.6,5.74,-2.11,98795.0,30.0
s1,XAUUSD,asian,24,[1],1.0,1.0,22,0.0,0,fundingpips_1step,,7,2.0,1,,False,OOS,816,0.0,0.0,0.0,33.1,66.9,,4.6,5.89,-2.08,98353.0,33.1
s1,XAUUSD,asian,24,[1],1.0,2.0,22,0.0,0,ftmo_1step,,7,2.0,1,,False,IS,845,5.3,0.0,1.3,23.7,69.7,4.3,4.7,7.8,-2.11,98502.0,25.0
s1,XAUUSD,asian,24,[1],1.0,2.0,22,0.0,0,ftmo_1step,,7,2.0,1,,False,OOS,816,3.6,0.0,0.9,27.7,67.9,4.9,4.8,7.89,-2.09,98146.0,28.6
s1,XAUUSD,asian,24,[1],1.0,2.0,22,0.0,0,fundingpips_1step,,7,2.0,1,,False,IS,845,5.4,0.0,1.1,36.9,56.6,4.3,4.2,7.07,-2.11,98740.0,38.0
s1,XAUUSD,asian,24,[1],1.0,2.0,22,0.0,0,fundingpips_1step,,7,2.0,1,,False,OOS,816,3.7,0.0,0.7,39.2,56.4,4.7,4.2,7.06,-2.09,98394.0,39.9
s1,XAUUSD,asian,24,[1],1.0,3.0,22,0.0,0,ftmo_1step,,7,2.0,1,,False,IS,845,4.9,4.4,1.8,36.1,52.9,5.5,4.5,8.42,-2.1,98359.0,37.9
s1,XAUUSD,asian,24,[1],1.0,3.0,22,0.0,0,ftmo_1step,,7,2.0,1,,False,OOS,816,5.0,3.9,0.5,36.6,53.9,5.3,4.6,8.39,-2.06,98397.0,37.1
s1,XAUUSD,asian,24,[1],1.0,3.0,22,0.0,0,fundingpips_1step,,7,2.0,1,,False,IS,845,9.3,0.0,1.7,46.9,42.1,3.9,3.9,7.62,-2.1,98652.0,48.6
s1,XAUUSD,asian,24,[1],1.0,3.0,22,0.0,0,fundingpips_1step,,7,2.0,1,,False,OOS,816,9.3,0.0,0.4,46.7,43.6,3.6,3.9,7.47,-2.06,98656.0,47.1
s1,XAUUSD,asian,24,[1],2.0,1.0,22,0.0,0,ftmo_1step,,7,2.0,1,,False,IS,845,0.0,0.0,0.6,2.7,96.7,,4.9,5.48,-2.02,99331.0,3.3
s1,XAUUSD,asian,24,[1],2.0,1.0,22,0.0,0,ftmo_1step,,7,2.0,1,,False,OOS,816,0.0,0.0,0.5,2.9,96.6,,4.9,5.49,-2.03,98998.0,3.4
s1,XAUUSD,asian,24,[1],2.0,1.0,22,0.0,0,fundingpips_1step,,7,2.0,1,,False,IS,845,0.0,0.0,0.6,20.4,79.1,,4.7,5.25,-2.03,99337.0,21.0
s1,XAUUSD,asian,24,[1],2.0,1.0,22,0.0,0,fundingpips_1step,,7,2.0,1,,False,OOS,816,0.0,0.0,0.5,21.3,78.2,,4.7,5.21,-2.03,99044.0,21.8
s1,XAUUSD,asian,24,[1],2.0,2.0,22,0.0,0,ftmo_1step,,7,2.0,1,,False,IS,845,2.0,0.0,1.3,5.2,91.5,4.9,4.8,6.32,-2.05,99286.0,6.5
s1,XAUUSD,asian,24,[1],2.0,2.0,22,0.0,0,ftmo_1step,,7,2.0,1,,False,OOS,816,3.1,0.0,0.5,5.8,90.7,4.6,4.9,6.26,-2.03,99266.0,6.3
s1,XAUUSD,asian,24,[1],2.0,2.0,22,0.0,0,fundingpips_1step,,7,2.0,1,,False,IS,845,2.0,0.0,1.3,25.4,71.2,4.9,4.6,5.96,-2.05,99253.0,26.7
s1,XAUUSD,asian,24,[1],2.0,2.0,22,0.0,0,fundingpips_1step,,7,2.0,1,,False,OOS,816,3.2,0.0,0.5,26.3,70.0,4.6,4.6,5.86,-2.03,99344.0,26.8
s1,XAUUSD,asian,24,[1],2.0,3.0,22,0.0,0,ftmo_1step,,7,2.0,1,,False,IS,845,2.5,1.2,1.3,6.2,88.9,5.9,4.8,6.59,-2.06,99343.0,7.5
s1,XAUUSD,asian,24,[1],2.0,3.0,22,0.0,0,ftmo_1step,,7,2.0,1,,False,OOS,816,2.7,2.1,0.9,6.6,87.7,5.8,4.8,6.6,-2.04,99198.0,7.5
s1,XAUUSD,asian,24,[1],2.0,3.0,22,0.0,0,fundingpips_1step,,7,2.0,1,,False,IS,845,3.8,0.0,1.3,26.4,68.5,5.2,4.5,6.22,-2.06,99317.0,27.7
s1,XAUUSD,asian,24,[1],2.0,3.0,22,0.0,0,fundingpips_1step,,7,2.0,1,,False,OOS,816,5.1,0.0,0.9,27.9,66.1,4.6,4.5,6.19,-2.04,99274.0,28.8
s1,XAUUSD,asian,24,[1],3.0,1.0,22,0.0,0,ftmo_1step,,7,2.0,1,,False,IS,845,0.0,0.0,0.4,0.7,98.9,,4.8,4.6,-1.95,99629.0,1.1
s1,XAUUSD,asian,24,[1],3.0,1.0,22,0.0,0,ftmo_1step,,7,2.0,1,,False,OOS,816,0.0,0.0,0.0,0.4,99.6,,4.9,4.48,-1.96,99675.0,0.4
s1,XAUUSD,asian,24,[1],3.0,1.0,22,0.0,0,fundingpips_1step,,7,2.0,1,,False,IS,845,0.0,0.0,0.4,10.7,89.0,,4.8,4.5,-1.96,99634.0,11.1
s1,XAUUSD,asian,24,[1],3.0,1.0,22,0.0,0,fundingpips_1step,,7,2.0,1,,False,OOS,816,0.0,0.0,0.0,10.4,89.6,,4.8,4.37,-1.96,99674.0,10.4
s1,XAUUSD,long,24,[10],0.5,1.0,22,0.0,0,ftmo_1step,,7,2.0,1,,False,IS,845,0.0,0.0,0.0,20.0,80.0,,4.9,7.82,-2.33,95860.0,20.0
s1,XAUUSD,long,24,[10],0.5,1.0,22,0.0,0,ftmo_1step,,7,2.0,1,,False,OOS,816,0.0,0.0,0.0,15.0,85.0,,4.9,7.29,-2.24,96872.0,15.0
s1,XAUUSD,long,24,[10],0.5,1.0,22,0.0,0,fundingpips_1step,,7,2.0,1,,False,IS,845,0.0,0.0,0.0,49.3,50.7,,4.4,7.1,-2.32,96277.0,49.3
s1,XAUUSD,long,24,[10],0.5,1.0,22,0.0,0,fundingpips_1step,,7,2.0,1,,False,OOS,816,0.0,0.0,0.0,40.8,59.2,,4.5,6.67,-2.23,97219.0,40.8
s1,XAUUSD,long,24,[10],0.5,2.0,22,0.0,0,ftmo_1step,,7,2.0,1,,False,IS,845,2.5,0.0,0.0,35.0,62.5,4.4,4.8,8.78,-2.32,96291.0,35.0
s1,XAUUSD,long,24,[10],0.5,2.0,22,0.0,0,ftmo_1step,,7,2.0,1,,False,OOS,816,3.3,0.0,0.0,31.2,65.4,4.4,4.8,8.27,-2.22,97126.0,31.2
s1,XAUUSD,long,24,[10],0.5,2.0,22,0.0,0,fundingpips_1step,,7,2.0,1,,False,IS,845,2.6,0.0,0.0,45.2,52.2,4.4,4.0,7.56,-2.31,96949.0,45.2
s1,XAUUSD,long,24,[10],0.5,2.0,22,0.0,0,fundingpips_1step,,7,2.0,1,,False,OOS,816,3.8,0.0,0.0,40.4,55.8,4.4,4.1,7.22,-2.22,97788.0,40.4
s1,XAUUSD,long,24,[10],0.5,3.0,22,0.0,0,ftmo_1step,,7,2.0,1,,False,IS,845,3.7,3.9,0.0,50.3,42.1,6.4,4.6,9.56,-2.28,96553.0,50.3
s1,XAUUSD,long,24,[10],0.5,3.0,22,0.0,0,ftmo_1step,,7,2.0,1,,False,OOS,816,2.1,3.6,0.0,47.1,47.3,5.5,4.6,9.38,-2.2,96716.0,47.1
s1,XAUUSD,long,24,[10],0.5,3.0,22,0.0,0,fundingpips_1step,,7,2.0,1,,False,IS,845,8.0,0.0,0.0,55.3,36.7,3.4,3.7,8.11,-2.28,97368.0,55.3
s1,XAUUSD,long,24,[10],0.5,3.0,22,0.0,0,fundingpips_1step,,7,2.0,1,,False,OOS,816,6.6,0.0,0.0,52.5,40.9,2.0,3.8,8.01,-2.19,97660.0,52.5
s1,XAUUSD,asian,24,[1],3.0,2.0,22,0.0,0,ftmo_1step,,7,2.0,1,,False,IS,845,0.5,0.0,0.6,0.8,98.1,6.3,4.8,5.01,-1.97,99678.0,1.4
s1,XAUUSD,asian,24,[1],3.0,2.0,22,0.0,0,ftmo_1step,,7,2.0,1,,False,OOS,816,0.6,0.0,0.0,0.6,98.8,5.8,4.9,4.97,-1.98,99646.0,0.6
s1,XAUUSD,asian,24,[1],3.0,2.0,22,0.0,0,fundingpips_1step,,7,2.0,1,,False,IS,845,0.6,0.0,0.6,11.8,87.0,6.1,4.8,4.9,-1.98,99686.0,12.4
s1,XAUUSD,asian,24,[1],3.0,2.0,22,0.0,0,fundingpips_1step,,7,2.0,1,,False,OOS,816,0.6,0.0,0.0,12.7,86.6,5.8,4.8,4.84,-1.98,99638.0,12.7
s1,XAUUSD,long,24,[10],1.0,1.0,22,0.0,0,ftmo_1step,,7,2.0,1,,False,IS,845,0.0,0.0,0.5,9.3,90.2,,4.9,6.28,-2.17,98063.0,9.8
s1,XAUUSD,long,24,[10],1.0,1.0,22,0.0,0,ftmo_1step,,7,2.0,1,,False,OOS,816,0.0,0.0,0.0,6.2,93.8,,4.9,5.88,-2.1,99108.0,6.2
s1,XAUUSD,long,24,[10],1.0,1.0,22,0.0,0,fundingpips_1step,,7,2.0,1,,False,IS,845,0.0,0.0,0.5,31.6,67.9,,4.6,5.86,-2.16,98231.0,32.1
s1,XAUUSD,long,24,[10],1.0,1.0,22,0.0,0,fundingpips_1step,,7,2.0,1,,False,OOS,816,0.0,0.0,0.0,25.9,74.1,,4.6,5.56,-2.1,99174.0,25.9
s1,XAUUSD,long,24,[10],1.0,2.0,22,0.0,0,ftmo_1step,,7,2.0,1,,False,IS,845,3.1,0.1,1.5,27.0,68.3,4.5,4.8,7.93,-2.18,98098.0,28.5
s1,XAUUSD,long,24,[10],1.0,2.0,22,0.0,0,ftmo_1step,,7,2.0,1,,False,OOS,816,6.4,0.2,0.0,22.4,71.0,4.6,4.8,7.66,-2.1,99151.0,22.4
s1,XAUUSD,long,24,[10],1.0,2.0,22,0.0,0,fundingpips_1step,,7,2.0,1,,False,IS,845,3.2,0.0,1.4,36.7,58.7,4.5,4.2,7.12,-2.17,98467.0,38.1
s1,XAUUSD,long,24,[10],1.0,2.0,22,0.0,0,fundingpips_1step,,7,2.0,1,,False,OOS,816,7.0,0.0,0.0,32.1,60.9,4.6,4.3,6.97,-2.1,99329.0,32.1
s1,XAUUSD,asian,24,[1],3.0,3.0,22,0.0,0,ftmo_1step,,7,2.0,1,,False,IS,845,0.5,1.1,0.6,0.9,96.9,6.4,4.8,5.08,-1.97,99754.0,1.5
s1,XAUUSD,asian,24,[1],3.0,3.0,22,0.0,0,ftmo_1step,,7,2.0,1,,False,OOS,816,0.9,0.7,0.0,0.6,97.8,5.9,4.9,5.07,-1.98,99713.0,0.6
s1,XAUUSD,asian,24,[1],3.0,3.0,22,0.0,0,fundingpips_1step,,7,2.0,1,,False,IS,845,1.8,0.0,0.6,11.8,85.8,5.9,4.8,4.96,-1.97,99774.0,12.4
s1,XAUUSD,asian,24,[1],3.0,3.0,22,0.0,0,fundingpips_1step,,7,2.0,1,,False,OOS,816,1.6,0.0,0.0,12.9,85.5,4.9,4.8,4.94,-1.97,99704.0,12.9
s1,XAUUSD,long,24,[10],1.0,3.0,22,0.0,0,ftmo_1step,,7,2.0,1,,False,IS,845,5.0,3.3,1.8,39.8,50.2,5.5,4.6,8.68,-2.16,98323.0,41.6
s1,XAUUSD,long,24,[10],1.0,3.0,22,0.0,0,ftmo_1step,,7,2.0,1,,False,OOS,816,5.3,4.7,1.5,37.5,51.1,5.5,4.5,8.61,-2.09,98776.0,39.0
s1,XAUUSD,long,24,[10],1.0,3.0,22,0.0,0,fundingpips_1step,,7,2.0,1,,False,IS,845,8.8,0.0,1.7,46.9,42.7,3.9,3.9,7.77,-2.16,98733.0,48.6
s1,XAUUSD,long,24,[10],1.0,3.0,22,0.0,0,fundingpips_1step,,7,2.0,1,,False,OOS,816,10.4,0.0,1.3,44.7,43.5,3.6,3.9,7.77,-2.09,98981.0,46.0
s1,XAUUSD,long,24,[10],2.0,1.0,22,0.0,0,ftmo_1step,,7,2.0,1,,False,IS,845,0.0,0.0,1.8,5.1,93.1,,4.9,5.8,-2.1,98631.0,6.9
s1,XAUUSD,long,24,[10],2.0,1.0,22,0.0,0,ftmo_1step,,7,2.0,1,,False,OOS,816,0.0,0.0,1.5,3.9,94.6,,4.9,5.43,-2.05,99638.0,5.4
s1,XAUUSD,long,24,[10],2.0,1.0,22,0.0,0,fundingpips_1step,,7,2.0,1,,False,IS,845,0.0,0.0,1.7,25.1,73.3,,4.7,5.51,-2.1,98732.0,26.8
s1,XAUUSD,long,24,[10],2.0,1.0,22,0.0,0,fundingpips_1step,,7,2.0,1,,False,OOS,816,0.0,0.0,1.1,20.3,78.6,,4.7,5.2,-2.05,99609.0,21.4
s1,XAUUSD,long,24,[10],2.0,2.0,22,0.0,0,ftmo_1step,,7,2.0,1,,False,IS,845,1.9,0.0,3.7,12.0,82.5,6.2,4.8,6.77,-2.12,98759.0,15.7
s1,XAUUSD,long,24,[10],2.0,2.0,22,0.0,0,ftmo_1step,,7,2.0,1,,False,OOS,816,4.2,0.7,1.5,10.7,83.0,6.2,4.8,6.65,-2.06,99736.0,12.2
s1,XAUUSD,long,24,[10],2.0,2.0,22,0.0,0,fundingpips_1step,,7,2.0,1,,False,IS,845,1.9,0.0,3.4,28.2,66.5,6.2,4.5,6.29,-2.12,98911.0,31.6
s1,XAUUSD,long,24,[10],2.0,2.0,22,0.0,0,fundingpips_1step,,7,2.0,1,,False,OOS,816,5.1,0.0,1.1,27.2,66.5,5.9,4.5,6.24,-2.06,99729.0,28.3
s1,XAUUSD,long,24,[10],2.0,3.0,22,0.0,0,ftmo_1step,,7,2.0,1,,False,IS,845,2.8,1.2,3.6,15.6,76.8,5.9,4.8,7.22,-2.12,98576.0,19.2
s1,XAUUSD,long,24,[10],2.0,3.0,22,0.0,0,ftmo_1step,,7,2.0,1,,False,OOS,816,5.5,3.8,1.8,12.4,76.5,5.8,4.7,6.98,-2.04,99873.0,14.2
s1,XAUUSD,long,24,[10],2.0,3.0,22,0.0,0,fundingpips_1step,,7,2.0,1,,False,IS,845,4.1,0.0,3.3,32.3,60.2,4.9,4.4,6.68,-2.12,98783.0,35.6
s1,XAUUSD,long,24,[10],2.0,3.0,22,0.0,0,fundingpips_1step,,7,2.0,1,,False,OOS,816,9.7,0.0,1.5,29.5,59.3,4.6,4.4,6.54,-2.04,99858.0,31.0
s1,XAUUSD,long,24,[10],3.0,1.0,22,0.0,0,ftmo_1step,,7,2.0,1,,False,IS,845,0.0,0.0,3.2,1.7,95.1,,4.9,5.04,-2.06,99174.0,4.9
s1,XAUUSD,long,24,[10],3.0,1.0,22,0.0,0,ftmo_1step,,7,2.0,1,,False,OOS,816,0.0,0.0,2.0,1.0,97.1,,4.9,4.81,-2.01,99941.0,3.0
s1,XAUUSD,long,24,[10],3.0,1.0,22,0.0,0,fundingpips_1step,,7,2.0,1,,False,IS,845,0.0,0.0,2.8,15.1,82.0,,4.7,4.87,-2.06,99185.0,17.9
s1,XAUUSD,long,24,[10],3.0,1.0,22,0.0,0,fundingpips_1step,,7,2.0,1,,False,OOS,816,0.0,0.0,1.7,10.3,88.0,,4.8,4.7,-2.01,99924.0,12.0
s1,XAUUSD,long,24,[16],0.5,1.0,22,0.0,0,ftmo_1step,,7,2.0,1,,False,IS,845,0.0,0.0,0.0,27.7,72.3,,4.8,8.58,-2.25,95627.0,27.7
s1,XAUUSD,long,24,[16],0.5,1.0,22,0.0,0,ftmo_1step,,7,2.0,1,,False,OOS,816,0.0,0.0,0.0,21.9,78.1,,4.9,8.02,-2.2,96269.0,21.9
s1,XAUUSD,long,24,[16],0.5,1.0,22,0.0,0,fundingpips_1step,,7,2.0,1,,False,IS,845,0.0,0.0,0.0,51.5,48.5,,4.3,7.75,-2.27,96137.0,51.5
s1,XAUUSD,long,24,[16],0.5,1.0,22,0.0,0,fundingpips_1step,,7,2.0,1,,False,OOS,816,0.0,0.0,0.0,49.9,50.1,,4.4,7.31,-2.2,96662.0,49.9
s1,XAUUSD,long,24,[16],0.5,2.0,22,0.0,0,ftmo_1step,,7,2.0,1,,False,IS,845,1.4,0.0,0.5,37.9,60.2,4.7,4.8,9.11,-2.26,96246.0,38.4
s1,XAUUSD,long,24,[16],0.5,2.0,22,0.0,0,ftmo_1step,,7,2.0,1,,False,OOS,816,3.9,0.0,0.0,34.3,61.8,4.6,4.8,8.69,-2.18,96923.0,34.3
s1,XAUUSD,long,24,[16],0.5,2.0,22,0.0,0,fundingpips_1step,,7,2.0,1,,False,IS,845,2.1,0.0,0.4,43.8,53.7,4.7,4.1,7.91,-2.27,96964.0,44.2
s1,XAUUSD,long,24,[16],0.5,2.0,22,0.0,0,fundingpips_1step,,7,2.0,1,,False,OOS,816,4.0,0.0,0.0,43.8,52.2,4.6,4.0,7.56,-2.18,97509.0,43.8
s1,XAUUSD,long,24,[10],3.0,2.0,22,0.0,0,ftmo_1step,,7,2.0,1,,False,IS,845,0.6,0.0,3.4,2.4,93.6,6.9,4.8,5.68,-2.08,99098.0,5.8
s1,XAUUSD,long,24,[10],3.0,2.0,22,0.0,0,ftmo_1step,,7,2.0,1,,False,OOS,816,1.8,0.1,2.0,2.0,94.1,5.9,4.8,5.39,-2.02,100233.0,4.0
s1,XAUUSD,long,24,[10],3.0,2.0,22,0.0,0,fundingpips_1step,,7,2.0,1,,False,IS,845,0.6,0.0,3.1,18.6,77.8,6.9,4.7,5.45,-2.07,99110.0,21.7
s1,XAUUSD,long,24,[10],3.0,2.0,22,0.0,0,fundingpips_1step,,7,2.0,1,,False,OOS,816,2.0,0.0,1.7,13.6,82.7,5.9,4.7,5.24,-2.02,100192.0,15.3
s1,XAUUSD,long,24,[16],0.5,3.0,22,0.0,0,ftmo_1step,,7,2.0,1,,False,IS,845,2.2,2.0,0.8,49.1,45.8,6.6,4.6,9.82,-2.23,96458.0,49.9
s1,XAUUSD,long,24,[16],0.5,3.0,22,0.0,0,ftmo_1step,,7,2.0,1,,False,OOS,816,2.9,4.2,0.0,48.4,44.5,5.7,4.6,9.65,-2.15,96462.0,48.4
s1,XAUUSD,long,24,[16],0.5,3.0,22,0.0,0,fundingpips_1step,,7,2.0,1,,False,IS,845,6.0,0.0,0.6,53.5,39.9,4.7,3.8,8.38,-2.24,97276.0,54.1
s1,XAUUSD,long,24,[16],0.5,3.0,22,0.0,0,fundingpips_1step,,7,2.0,1,,False,OOS,816,7.7,0.0,0.0,57.6,34.7,3.6,3.7,8.18,-2.15,97314.0,57.6
s1,XAUUSD,long,24,[10],3.0,3.0,22,0.0,0,ftmo_1step,,7,2.0,1,,False,IS,845,1.1,0.4,3.4,2.7,92.4,6.8,4.8,5.84,-2.08,99125.0,6.1
s1,XAUUSD,long,24,[10],3.0,3.0,22,0.0,0,ftmo_1step,,7,2.0,1,,False,OOS,816,2.8,0.9,3.2,2.5,90.7,5.9,4.8,5.6,-2.04,100165.0,5.7
s1,XAUUSD,long,24,[10],3.0,3.0,22,0.0,0,fundingpips_1step,,7,2.0,1,,False,IS,845,1.4,0.0,3.1,19.4,76.1,5.7,4.7,5.61,-2.07,99127.0,22.5
s1,XAUUSD,long,24,[10],3.0,3.0,22,0.0,0,fundingpips_1step,,7,2.0,1,,False,OOS,816,3.7,0.0,2.9,14.2,79.2,4.9,4.7,5.44,-2.04,100137.0,17.1
s1,XAUUSD,long,24,[16],1.0,1.0,22,0.0,0,ftmo_1step,,7,2.0,1,,False,IS,845,0.0,0.0,1.7,9.7,88.6,,4.9,6.39,-2.15,97930.0,11.4
s1,XAUUSD,long,24,[16],1.0,1.0,22,0.0,0,ftmo_1step,,7,2.0,1,,False,OOS,816,0.0,0.0,0.5,5.4,94.1,,4.9,6.06,-2.09,98979.0,5.9
s1,XAUUSD,long,24,[16],1.0,1.0,22,0.0,0,fundingpips_1step,,7,2.0,1,,False,IS,845,0.0,0.0,1.7,31.6,66.7,,4.6,5.97,-2.15,98125.0,33.3
s1,XAUUSD,long,24,[16],1.0,1.0,22,0.0,0,fundingpips_1step,,7,2.0,1,,False,OOS,816,0.0,0.0,0.2,25.1,74.6,,4.7,5.78,-2.09,99002.0,25.3
s1,XAUUSD,long,24,[16],1.0,2.0,22,0.0,0,ftmo_1step,,7,2.0,1,,False,IS,845,2.1,0.0,3.3,19.8,74.8,5.3,4.8,7.48,-2.18,98017.0,23.1
s1,XAUUSD,long,24,[16],1.0,2.0,22,0.0,0,ftmo_1step,,7,2.0,1,,False,OOS,816,4.9,0.0,2.0,16.3,76.8,4.7,4.8,7.38,-2.1,99074.0,18.3
s1,XAUUSD,long,24,[16],1.0,2.0,22,0.0,0,fundingpips_1step,,7,2.0,1,,False,IS,845,2.2,0.0,3.1,33.5,61.2,5.7,4.3,6.77,-2.17,98337.0,36.6
s1,XAUUSD,long,24,[16],1.0,2.0,22,0.0,0,fundingpips_1step,,7,2.0,1,,False,OOS,816,4.9,0.0,1.6,32.5,61.0,4.7,4.4,6.79,-2.1,99106.0,34.1
s1,XAUUSD,long,24,[16],1.0,3.0,22,0.0,0,ftmo_1step,,7,2.0,1,,False,IS,845,3.9,1.3,3.6,26.9,64.4,4.9,4.7,8.04,-2.17,98055.0,30.5
s1,XAUUSD,long,24,[16],1.0,3.0,22,0.0,0,ftmo_1step,,7,2.0,1,,False,OOS,816,6.0,3.8,2.9,21.4,65.8,5.9,4.7,7.8,-2.1,99235.0,24.3
s1,XAUUSD,long,24,[16],1.0,3.0,22,0.0,0,fundingpips_1step,,7,2.0,1,,False,IS,845,5.3,0.0,3.3,40.5,50.9,4.8,4.2,7.3,-2.17,98386.0,43.8
s1,XAUUSD,long,24,[16],1.0,3.0,22,0.0,0,fundingpips_1step,,7,2.0,1,,False,OOS,816,9.8,0.0,2.2,39.0,49.0,4.7,4.2,7.15,-2.09,99317.0,41.2
s1,XAUUSD,long,24,[16],2.0,1.0,22,0.0,0,ftmo_1step,,7,2.0,1,,False,IS,845,0.0,0.0,3.2,1.2,95.6,,4.9,5.04,-2.07,99003.0,4.4
s1,XAUUSD,long,24,[16],2.0,1.0,22,0.0,0,ftmo_1step,,7,2.0,1,,False,OOS,816,0.0,0.0,2.5,1.1,96.4,,4.9,4.84,-2.03,99590.0,3.6
s1,XAUUSD,long,24,[16],2.0,1.0,22,0.0,0,fundingpips_1step,,7,2.0,1,,False,IS,845,0.0,0.0,3.1,15.7,81.2,,4.8,4.87,-2.07,99017.0,18.8
s1,XAUUSD,long,24,[16],2.0,1.0,22,0.0,0,fundingpips_1step,,7,2.0,1,,False,OOS,816,0.0,0.0,2.2,11.2,86.6,,4.8,4.74,-2.02,99565.0,13.4
s1,XAUUSD,long,24,[16],2.0,2.0,22,0.0,0,ftmo_1step,,7,2.0,1,,False,IS,845,0.5,0.0,4.0,1.7,93.8,4.7,4.9,5.56,-2.1,99118.0,5.7
s1,XAUUSD,long,24,[16],2.0,2.0,22,0.0,0,ftmo_1step,,7,2.0,1,,False,OOS,816,1.8,0.5,4.9,1.1,91.7,5.8,4.8,5.29,-2.07,99798.0,6.0
s1,XAUUSD,long,24,[16],2.0,2.0,22,0.0,0,fundingpips_1step,,7,2.0,1,,False,IS,845,0.5,0.0,3.9,17.9,77.8,4.7,4.7,5.36,-2.1,99118.0,21.8
s1,XAUUSD,long,24,[16],2.0,2.0,22,0.0,0,fundingpips_1step,,7,2.0,1,,False,OOS,816,2.3,0.0,4.7,13.0,80.0,5.8,4.7,5.16,-2.07,99744.0,17.7
s1,XAUUSD,long,24,[16],2.0,3.0,22,0.0,0,ftmo_1step,,7,2.0,1,,False,IS,845,0.5,0.6,4.3,1.8,92.9,4.4,4.8,5.69,-2.1,99171.0,6.1
s1,XAUUSD,long,24,[16],2.0,3.0,22,0.0,0,ftmo_1step,,7,2.0,1,,False,OOS,816,1.7,1.3,5.9,1.7,89.3,6.4,4.8,5.51,-2.09,99776.0,7.6
s1,XAUUSD,long,24,[16],2.0,3.0,22,0.0,0,fundingpips_1step,,7,2.0,1,,False,IS,845,1.1,0.0,4.1,18.1,76.7,4.7,4.7,5.48,-2.1,99168.0,22.2
s1,XAUUSD,long,24,[16],2.0,3.0,22,0.0,0,fundingpips_1step,,7,2.0,1,,False,OOS,816,3.1,0.0,5.6,13.2,78.1,5.9,4.7,5.38,-2.08,99730.0,18.8
s1,XAUUSD,long,24,[16],3.0,1.0,22,0.0,0,ftmo_1step,,7,2.0,1,,False,IS,845,0.0,0.0,2.7,0.0,97.3,,4.9,4.13,-1.95,99146.0,2.7
s1,XAUUSD,long,24,[16],3.0,1.0,22,0.0,0,ftmo_1step,,7,2.0,1,,False,OOS,816,0.0,0.0,2.5,0.0,97.5,,4.9,3.82,-1.89,99951.0,2.5
s1,XAUUSD,long,24,[16],3.0,1.0,22,0.0,0,fundingpips_1step,,7,2.0,1,,False,IS,845,0.0,0.0,2.7,6.4,90.9,,4.8,4.08,-1.95,99140.0,9.1
s1,XAUUSD,long,24,[16],3.0,1.0,22,0.0,0,fundingpips_1step,,7,2.0,1,,False,OOS,816,0.0,0.0,2.3,4.8,92.9,,4.9,3.8,-1.89,99917.0,7.1
s1,XAUUSD,long,24,[1],0.5,1.0,22,0.0,0,ftmo_1step,,7,2.0,1,,False,IS,845,0.0,0.0,0.0,12.7,87.3,,4.9,6.64,-2.22,97623.0,12.7
s1,XAUUSD,long,24,[1],0.5,1.0,22,0.0,0,ftmo_1step,,7,2.0,1,,False,OOS,816,0.0,0.0,0.0,11.8,88.2,,4.9,6.46,-2.15,98271.0,11.8
s1,XAUUSD,long,24,[1],0.5,1.0,22,0.0,0,fundingpips_1step,,7,2.0,1,,False,IS,845,0.0,0.0,0.0,36.4,63.6,,4.5,6.17,-2.22,97738.0,36.4
s1,XAUUSD,long,24,[1],0.5,1.0,22,0.0,0,fundingpips_1step,,7,2.0,1,,False,OOS,816,0.0,0.0,0.0,32.5,67.5,,4.6,6.08,-2.16,98374.0,32.5
s1,XAUUSD,long,24,[16],3.0,2.0,22,0.0,0,ftmo_1step,,7,2.0,1,,False,IS,845,0.1,0.0,3.3,0.1,96.4,6.9,4.9,4.32,-1.97,99250.0,3.4
s1,XAUUSD,long,24,[16],3.0,2.0,22,0.0,0,ftmo_1step,,7,2.0,1,,False,OOS,816,0.2,0.4,3.4,0.0,96.0,6.4,4.8,4.11,-1.93,99971.0,3.4
s1,XAUUSD,long,24,[16],3.0,2.0,22,0.0,0,fundingpips_1step,,7,2.0,1,,False,IS,845,0.1,0.0,3.3,6.9,89.7,6.9,4.8,4.27,-1.97,99242.0,10.2
s1,XAUUSD,long,24,[16],3.0,2.0,22,0.0,0,fundingpips_1step,,7,2.0,1,,False,OOS,816,0.6,0.0,3.3,5.1,90.9,6.9,4.8,4.09,-1.93,99941.0,8.4
s1,XAUUSD,long,24,[16],3.0,3.0,22,0.0,0,ftmo_1step,,7,2.0,1,,False,IS,845,0.0,0.0,3.2,0.1,96.7,,4.9,4.35,-1.97,99293.0,3.3
s1,XAUUSD,long,24,[16],3.0,3.0,22,0.0,0,ftmo_1step,,7,2.0,1,,False,OOS,816,0.1,0.4,4.3,0.0,95.2,6.9,4.8,4.15,-1.94,100002.0,4.3
s1,XAUUSD,long,24,[16],3.0,3.0,22,0.0,0,fundingpips_1step,,7,2.0,1,,False,IS,845,0.0,0.0,3.2,6.9,89.9,,4.8,4.3,-1.97,99284.0,10.1
s1,XAUUSD,long,24,[16],3.0,3.0,22,0.0,0,fundingpips_1step,,7,2.0,1,,False,OOS,816,0.5,0.0,4.2,5.1,90.2,6.9,4.8,4.13,-1.94,99973.0,9.3
s1,XAUUSD,long,24,[1],0.5,2.0,22,0.0,0,ftmo_1step,,7,2.0,1,,False,IS,845,2.8,0.0,0.0,30.5,66.6,4.1,4.7,8.13,-2.22,97401.0,30.5
s1,XAUUSD,long,24,[1],0.5,2.0,22,0.0,0,ftmo_1step,,7,2.0,1,,False,OOS,816,3.1,0.0,0.0,25.0,71.9,4.2,4.8,7.89,-2.17,98220.0,25.0
s1,XAUUSD,long,24,[1],0.5,2.0,22,0.0,0,fundingpips_1step,,7,2.0,1,,False,IS,845,2.8,0.0,0.0,40.6,56.6,4.1,4.1,7.26,-2.21,97683.0,40.6
s1,XAUUSD,long,24,[1],0.5,2.0,22,0.0,0,fundingpips_1step,,7,2.0,1,,False,OOS,816,3.2,0.0,0.0,33.2,63.6,4.2,4.3,7.23,-2.17,98409.0,33.2
s1,XAUUSD,long,24,[1],0.5,3.0,22,0.0,0,ftmo_1step,,7,2.0,1,,False,IS,845,3.7,2.8,0.1,49.9,43.4,5.3,4.5,9.09,-2.21,97067.0,50.0
s1,XAUUSD,long,24,[1],0.5,3.0,22,0.0,0,ftmo_1step,,7,2.0,1,,False,OOS,816,3.7,4.0,0.0,43.6,48.7,6.1,4.5,8.85,-2.14,98086.0,43.6
s1,XAUUSD,long,24,[1],0.5,3.0,22,0.0,0,fundingpips_1step,,7,2.0,1,,False,IS,845,6.7,0.0,0.1,54.3,38.8,3.9,3.8,8.01,-2.21,97574.0,54.4
s1,XAUUSD,long,24,[1],0.5,3.0,22,0.0,0,fundingpips_1step,,7,2.0,1,,False,OOS,816,7.8,0.0,0.0,47.4,44.7,4.0,3.9,8.03,-2.14,98220.0,47.4
s1,XAUUSD,long,24,[1],1.0,1.0,22,0.0,0,ftmo_1step,,7,2.0,1,,False,IS,845,0.0,0.0,0.2,5.9,93.8,,4.9,5.92,-2.12,98889.0,6.1
s1,XAUUSD,long,24,[1],1.0,1.0,22,0.0,0,ftmo_1step,,7,2.0,1,,False,OOS,816,0.0,0.0,0.0,3.9,96.1,,4.9,5.55,-2.06,99798.0,3.9
s1,XAUUSD,long,24,[1],1.0,1.0,22,0.0,0,fundingpips_1step,,7,2.0,1,,False,IS,845,0.0,0.0,0.2,25.6,74.2,,4.6,5.61,-2.11,98885.0,25.8
s1,XAUUSD,long,24,[1],1.0,1.0,22,0.0,0,fundingpips_1step,,7,2.0,1,,False,OOS,816,0.0,0.0,0.0,19.5,80.5,,4.7,5.36,-2.06,99772.0,19.5
s1,XAUUSD,long,24,[1],1.0,2.0,22,0.0,0,ftmo_1step,,7,2.0,1,,False,IS,845,3.2,0.0,0.7,25.9,70.2,4.3,4.7,7.78,-2.12,98267.0,26.6
s1,XAUUSD,long,24,[1],1.0,2.0,22,0.0,0,ftmo_1step,,7,2.0,1,,False,OOS,816,4.7,0.0,0.4,16.5,78.4,4.5,4.8,7.27,-2.07,99796.0,16.9
s1,XAUUSD,long,24,[1],1.0,2.0,22,0.0,0,fundingpips_1step,,7,2.0,1,,False,IS,845,3.2,0.0,0.5,37.2,59.2,4.3,4.2,7.05,-2.11,98533.0,37.7
s1,XAUUSD,long,24,[1],1.0,2.0,22,0.0,0,fundingpips_1step,,7,2.0,1,,False,OOS,816,4.9,0.0,0.4,28.2,66.5,4.5,4.4,6.79,-2.07,99766.0,28.6
s1,XAUUSD,long,24,[1],1.0,3.0,22,0.0,0,ftmo_1step,,7,2.0,1,,False,IS,845,4.3,3.1,1.5,35.6,55.5,5.2,4.5,8.42,-2.11,98298.0,37.1
s1,XAUUSD,long,24,[1],1.0,3.0,22,0.0,0,ftmo_1step,,7,2.0,1,,False,OOS,816,7.4,4.5,0.5,28.4,59.2,5.6,4.6,8.08,-2.05,99707.0,28.9
s1,XAUUSD,long,24,[1],1.0,3.0,22,0.0,0,fundingpips_1step,,7,2.0,1,,False,IS,845,7.6,0.0,1.4,46.7,44.3,3.9,4.0,7.63,-2.11,98509.0,48.1
s1,XAUUSD,long,24,[1],1.0,3.0,22,0.0,0,fundingpips_1step,,7,2.0,1,,False,OOS,816,12.1,0.0,0.5,38.6,48.8,4.2,4.1,7.52,-2.05,99676.0,39.1
s1,XAUUSD,long,24,[1],2.0,1.0,22,0.0,0,ftmo_1step,,7,2.0,1,,False,IS,845,0.0,0.0,0.2,2.7,97.0,,4.8,5.45,-2.04,99177.0,2.9
s1,XAUUSD,long,24,[1],2.0,1.0,22,0.0,0,ftmo_1step,,7,2.0,1,,False,OOS,816,0.0,0.0,0.0,0.6,99.4,,4.9,4.95,-1.99,100162.0,0.6
s1,XAUUSD,long,24,[1],2.0,1.0,22,0.0,0,fundingpips_1step,,7,2.0,1,,False,IS,845,0.0,0.0,0.2,18.5,81.3,,4.7,5.22,-2.04,99193.0,18.7
s1,XAUUSD,long,24,[1],2.0,1.0,22,0.0,0,fundingpips_1step,,7,2.0,1,,False,OOS,816,0.0,0.0,0.0,13.6,86.4,,4.8,4.83,-1.99,100111.0,13.6
s1,XAUUSD,long,24,[1],2.0,2.0,22,0.0,0,ftmo_1step,,7,2.0,1,,False,IS,845,0.9,0.0,0.9,5.1,93.0,4.8,4.8,6.28,-2.06,99154.0,6.0
s1,XAUUSD,long,24,[1],2.0,2.0,22,0.0,0,ftmo_1step,,7,2.0,1,,False,OOS,816,4.9,0.0,0.0,2.9,92.2,5.6,4.8,5.85,-2.01,100424.0,2.9
s1,XAUUSD,long,24,[1],2.0,2.0,22,0.0,0,fundingpips_1step,,7,2.0,1,,False,IS,845,0.9,0.0,0.9,25.2,72.9,4.8,4.5,5.93,-2.06,99169.0,26.1
s1,XAUUSD,long,24,[1],2.0,2.0,22,0.0,0,fundingpips_1step,,7,2.0,1,,False,OOS,816,4.9,0.0,0.0,17.2,77.9,5.6,4.7,5.64,-2.01,100350.0,17.2
s1,XAUUSD,long,24,[1],2.0,3.0,22,0.0,0,ftmo_1step,,7,2.0,1,,False,IS,845,3.1,1.4,1.2,6.0,88.3,5.9,4.8,6.51,-2.05,99294.0,7.2
s1,XAUUSD,long,24,[1],2.0,3.0,22,0.0,0,ftmo_1step,,7,2.0,1,,False,OOS,816,4.5,2.7,1.2,3.2,88.4,5.9,4.8,6.15,-2.03,100465.0,4.4
s1,XAUUSD,long,24,[1],2.0,3.0,22,0.0,0,fundingpips_1step,,7,2.0,1,,False,IS,845,4.5,0.0,1.2,26.2,68.2,4.8,4.5,6.16,-2.05,99311.0,27.4
s1,XAUUSD,long,24,[1],2.0,3.0,22,0.0,0,fundingpips_1step,,7,2.0,1,,False,OOS,816,7.2,0.0,1.1,17.4,74.3,4.9,4.6,5.93,-2.02,100382.0,18.5
s1,XAUUSD,long,24,[1],3.0,1.0,22,0.0,0,ftmo_1step,,7,2.0,1,,False,IS,845,0.0,0.0,0.0,0.0,100.0,,4.8,4.61,-1.97,99389.0,0.0
s1,XAUUSD,long,24,[1],3.0,1.0,22,0.0,0,ftmo_1step,,7,2.0,1,,False,OOS,816,0.0,0.0,0.0,0.0,100.0,,4.8,4.2,-1.91,100417.0,0.0
s1,XAUUSD,long,24,[1],3.0,1.0,22,0.0,0,fundingpips_1step,,7,2.0,1,,False,IS,845,0.0,0.0,0.0,9.5,90.5,,4.8,4.54,-1.97,99369.0,9.5
s1,XAUUSD,long,24,[1],3.0,1.0,22,0.0,0,fundingpips_1step,,7,2.0,1,,False,OOS,816,0.0,0.0,0.0,5.5,94.5,,4.8,4.15,-1.91,100412.0,5.5
s1,BTCUSD,momentum,4,[8],0.5,1.0,23,0.0,0,ftmo_1step,,7,2.0,1,,False,IS,391,0.0,0.0,0.0,31.7,68.3,,6.6,8.16,-2.21,96827.0,31.7
s1,BTCUSD,momentum,4,[8],0.5,1.0,23,0.0,0,ftmo_1step,,7,2.0,1,,False,OOS,395,0.5,0.0,0.0,20.3,79.2,5.3,6.7,7.89,-2.15,97906.0,20.3
s1,BTCUSD,momentum,4,[8],0.5,1.0,23,0.0,0,fundingpips_1step,,7,2.0,1,,False,IS,391,0.0,0.0,0.0,49.9,50.1,,5.8,7.34,-2.21,97268.0,49.9
s1,BTCUSD,momentum,4,[8],0.5,1.0,23,0.0,0,fundingpips_1step,,7,2.0,1,,False,OOS,395,0.5,0.0,0.0,39.7,59.7,5.3,6.1,7.39,-2.15,97967.0,39.7
s1,BTCUSD,momentum,4,[8],0.5,2.0,23,0.0,0,ftmo_1step,,7,2.0,1,,False,IS,391,4.1,0.0,0.0,50.4,45.5,4.4,6.0,9.32,-2.2,96867.0,50.4
s1,BTCUSD,momentum,4,[8],0.5,2.0,23,0.0,0,ftmo_1step,,7,2.0,1,,False,OOS,395,6.8,0.0,0.0,36.2,57.0,5.3,6.2,8.79,-2.14,98824.0,36.2
s1,BTCUSD,momentum,4,[8],0.5,2.0,23,0.0,0,fundingpips_1step,,7,2.0,1,,False,IS,391,4.6,0.0,0.0,56.8,38.6,4.7,5.1,8.2,-2.19,97431.0,56.8
s1,BTCUSD,momentum,4,[8],0.5,2.0,23,0.0,0,fundingpips_1step,,7,2.0,1,,False,OOS,395,7.1,0.0,0.0,43.8,49.1,5.3,5.5,8.09,-2.13,99020.0,43.8
s1,BTCUSD,momentum,4,[8],0.5,3.0,23,0.0,0,ftmo_1step,,7,2.0,1,,False,IS,391,6.4,4.1,0.0,66.2,23.3,4.9,5.2,9.79,-2.15,97250.0,66.2
s1,BTCUSD,momentum,4,[8],0.5,3.0,23,0.0,0,ftmo_1step,,7,2.0,1,,False,OOS,395,10.4,5.1,0.0,51.9,32.7,4.5,5.4,9.35,-2.09,99222.0,51.9
s1,BTCUSD,momentum,4,[8],0.5,3.0,23,0.0,0,fundingpips_1step,,7,2.0,1,,False,IS,391,12.5,0.0,0.0,65.5,22.0,4.3,4.5,8.83,-2.15,97960.0,65.5
s1,BTCUSD,momentum,4,[8],0.5,3.0,23,0.0,0,fundingpips_1step,,7,2.0,1,,False,OOS,395,16.5,0.0,0.0,55.7,27.8,4.3,4.8,8.83,-2.08,99405.0,55.7
s1,BTCUSD,momentum,4,[8],1.0,1.0,23,0.0,0,ftmo_1step,,7,2.0,1,,False,IS,391,0.5,0.0,0.0,15.3,84.1,5.4,6.8,6.97,-2.12,98901.0,15.3
s1,BTCUSD,momentum,4,[8],1.0,1.0,23,0.0,0,ftmo_1step,,7,2.0,1,,False,OOS,395,2.3,0.0,0.0,16.2,81.5,5.5,6.8,6.86,-2.07,99282.0,16.2
s1,BTCUSD,momentum,4,[8],1.0,1.0,23,0.0,0,fundingpips_1step,,7,2.0,1,,False,IS,391,0.5,0.0,0.0,35.0,64.5,5.4,6.2,6.45,-2.11,98904.0,35.0
s1,BTCUSD,momentum,4,[8],1.0,1.0,23,0.0,0,fundingpips_1step,,7,2.0,1,,False,OOS,395,2.3,0.0,0.0,32.9,64.8,5.5,6.2,6.39,-2.06,99388.0,32.9
s1,XAUUSD,long,24,[1],3.0,2.0,22,0.0,0,ftmo_1step,,7,2.0,1,,False,IS,845,0.4,0.0,0.5,0.4,98.8,6.8,4.8,4.98,-1.99,99520.0,0.9
s1,XAUUSD,long,24,[1],3.0,2.0,22,0.0,0,ftmo_1step,,7,2.0,1,,False,OOS,816,1.5,0.0,0.5,0.0,98.0,5.4,4.8,4.67,-1.96,100476.0,0.5
s1,XAUUSD,long,24,[1],3.0,2.0,22,0.0,0,fundingpips_1step,,7,2.0,1,,False,IS,845,0.4,0.0,0.5,11.2,87.9,6.8,4.8,4.88,-1.99,99507.0,11.7
s1,XAUUSD,long,24,[1],3.0,2.0,22,0.0,0,fundingpips_1step,,7,2.0,1,,False,OOS,816,1.5,0.0,0.5,6.1,91.9,5.4,4.8,4.61,-1.96,100473.0,6.6
s1,BTCUSD,momentum,4,[8],1.0,2.0,23,0.0,0,ftmo_1step,,7,2.0,1,,False,IS,391,7.9,0.0,0.0,28.4,63.7,5.3,6.4,8.17,-2.1,99831.0,28.4
s1,BTCUSD,momentum,4,[8],1.0,2.0,23,0.0,0,ftmo_1step,,7,2.0,1,,False,OOS,395,12.7,0.0,0.0,27.3,60.0,4.5,6.3,8.11,-2.05,99944.0,27.3
s1,BTCUSD,momentum,4,[8],1.0,2.0,23,0.0,0,fundingpips_1step,,7,2.0,1,,False,IS,391,7.9,0.0,0.0,39.1,52.9,5.3,5.7,7.64,-2.11,99698.0,39.1
s1,BTCUSD,momentum,4,[8],1.0,2.0,23,0.0,0,fundingpips_1step,,7,2.0,1,,False,OOS,395,12.7,0.0,0.0,40.5,46.8,4.5,5.5,7.51,-2.04,100062.0,40.5
s1,BTCUSD,momentum,4,[8],1.0,3.0,23,0.0,0,ftmo_1step,,7,2.0,1,,False,IS,391,10.2,2.6,0.0,40.2,47.1,4.9,6.0,8.69,-2.1,99888.0,40.2
s1,BTCUSD,momentum,4,[8],1.0,3.0,23,0.0,0,ftmo_1step,,7,2.0,1,,False,OOS,395,13.9,5.3,0.0,44.6,36.2,4.5,5.5,8.98,-2.01,100188.0,44.6
s1,BTCUSD,momentum,4,[8],1.0,3.0,23,0.0,0,fundingpips_1step,,7,2.0,1,,False,IS,391,13.0,0.0,0.0,42.7,44.2,4.7,5.4,8.24,-2.09,99964.0,42.7
s1,BTCUSD,momentum,4,[8],1.0,3.0,23,0.0,0,fundingpips_1step,,7,2.0,1,,False,OOS,395,19.2,0.0,0.0,48.1,32.7,3.7,4.9,8.54,-2.01,100038.0,48.1
s1,XAUUSD,long,24,[1],3.0,3.0,22,0.0,0,ftmo_1step,,7,2.0,1,,False,IS,845,0.2,0.1,0.5,0.5,98.7,5.9,4.8,5.06,-1.99,99515.0,1.0
s1,XAUUSD,long,24,[1],3.0,3.0,22,0.0,0,ftmo_1step,,7,2.0,1,,False,OOS,816,1.5,1.0,0.6,0.2,96.7,5.9,4.8,4.77,-1.95,100459.0,0.8
s1,XAUUSD,long,24,[1],3.0,3.0,22,0.0,0,fundingpips_1step,,7,2.0,1,,False,IS,845,0.4,0.0,0.5,11.2,87.9,4.9,4.8,4.96,-1.99,99502.0,11.7
s1,XAUUSD,long,24,[1],3.0,3.0,22,0.0,0,fundingpips_1step,,7,2.0,1,,False,OOS,816,2.5,0.0,0.6,6.2,90.7,5.9,4.8,4.72,-1.95,100453.0,6.8
s1,BTCUSD,momentum,4,[8],2.0,1.0,23,0.0,0,ftmo_1step,,7,2.0,1,,False,IS,391,0.3,0.0,0.0,3.3,96.4,6.3,7.0,6.05,-2.05,99852.0,3.3
s1,BTCUSD,momentum,4,[8],2.0,1.0,23,0.0,0,ftmo_1step,,7,2.0,1,,False,OOS,395,2.5,0.0,0.0,9.9,87.6,5.6,6.8,5.87,-2.01,100475.0,9.9
s1,BTCUSD,momentum,4,[8],2.0,1.0,23,0.0,0,fundingpips_1step,,7,2.0,1,,False,IS,391,0.3,0.0,0.0,23.3,76.5,6.3,6.5,5.76,-2.05,99615.0,23.3
s1,BTCUSD,momentum,4,[8],2.0,1.0,23,0.0,0,fundingpips_1step,,7,2.0,1,,False,OOS,395,2.5,0.0,0.0,22.3,75.2,5.6,6.4,5.5,-2.01,100555.0,22.3
s1,BTCUSD,momentum,4,[8],2.0,2.0,23,0.0,0,ftmo_1step,,7,2.0,1,,False,IS,391,5.9,0.0,0.0,9.5,84.7,5.8,6.8,6.88,-2.05,100410.0,9.5
s1,BTCUSD,momentum,4,[8],2.0,2.0,23,0.0,0,ftmo_1step,,7,2.0,1,,False,OOS,395,12.7,0.0,0.0,17.7,69.6,4.9,6.5,7.08,-1.98,100478.0,17.7
s1,BTCUSD,momentum,4,[8],2.0,2.0,23,0.0,0,fundingpips_1step,,7,2.0,1,,False,IS,391,5.9,0.0,0.0,24.6,69.6,5.8,6.3,6.52,-2.04,100241.0,24.6
s1,BTCUSD,momentum,4,[8],2.0,2.0,23,0.0,0,fundingpips_1step,,7,2.0,1,,False,OOS,395,12.7,0.0,0.0,31.6,55.7,4.9,5.9,6.58,-1.98,100625.0,31.6
s1,BTCUSD,momentum,4,[8],2.0,3.0,23,0.0,0,ftmo_1step,,7,2.0,1,,False,IS,391,9.5,1.3,0.0,14.3,74.9,5.6,6.7,7.3,-2.04,100804.0,14.3
s1,BTCUSD,momentum,4,[8],2.0,3.0,23,0.0,0,ftmo_1step,,7,2.0,1,,False,OOS,395,10.4,2.8,0.0,22.3,64.6,4.9,6.4,7.49,-1.98,100309.0,22.3
s1,BTCUSD,momentum,4,[8],2.0,3.0,23,0.0,0,fundingpips_1step,,7,2.0,1,,False,IS,391,10.7,0.0,0.0,28.6,60.6,5.5,6.2,6.95,-2.04,100585.0,28.6
s1,BTCUSD,momentum,4,[8],2.0,3.0,23,0.0,0,fundingpips_1step,,7,2.0,1,,False,OOS,395,13.2,0.0,0.0,33.9,52.9,4.6,5.8,6.97,-1.97,100492.0,33.9
s1,BTCUSD,momentum,4,[8],3.0,1.0,23,0.0,0,ftmo_1step,,7,2.0,1,,False,IS,391,0.0,0.0,0.0,1.5,98.5,,7.0,5.11,-2.01,100048.0,1.5
s1,BTCUSD,momentum,4,[8],3.0,1.0,23,0.0,0,ftmo_1step,,7,2.0,1,,False,OOS,395,1.8,0.0,0.0,3.8,94.4,6.5,6.9,5.33,-1.97,100111.0,3.8
s1,BTCUSD,momentum,4,[8],3.0,1.0,23,0.0,0,fundingpips_1step,,7,2.0,1,,False,IS,391,0.0,0.0,0.0,10.5,89.5,,6.8,4.98,-2.01,99994.0,10.5
s1,BTCUSD,momentum,4,[8],3.0,1.0,23,0.0,0,fundingpips_1step,,7,2.0,1,,False,OOS,395,1.8,0.0,0.0,16.7,81.5,6.5,6.6,5.08,-1.97,100164.0,16.7
s1,BTCUSD,momentum,4,[13],0.5,1.0,23,0.0,0,ftmo_1step,,7,2.0,1,,False,IS,391,0.8,0.0,0.0,39.4,59.8,5.5,6.3,8.96,-2.22,96107.0,39.4
s1,BTCUSD,momentum,4,[13],0.5,1.0,23,0.0,0,ftmo_1step,,7,2.0,1,,False,OOS,395,0.0,0.0,0.0,28.9,71.1,,6.5,8.22,-2.16,97333.0,28.9
s1,BTCUSD,momentum,4,[13],0.5,1.0,23,0.0,0,fundingpips_1step,,7,2.0,1,,False,IS,391,0.8,0.0,0.0,56.0,43.2,5.5,5.6,8.07,-2.23,96593.0,56.0
s1,BTCUSD,momentum,4,[13],0.5,1.0,23,0.0,0,fundingpips_1step,,7,2.0,1,,False,OOS,395,0.0,0.0,0.0,41.0,59.0,,6.0,7.62,-2.16,97694.0,41.0
s1,BTCUSD,momentum,4,[13],0.5,2.0,23,0.0,0,ftmo_1step,,7,2.0,1,,False,IS,391,2.3,0.0,0.0,58.8,38.9,4.5,5.8,9.99,-2.2,96069.0,58.8
s1,BTCUSD,momentum,4,[13],0.5,2.0,23,0.0,0,ftmo_1step,,7,2.0,1,,False,OOS,395,5.6,0.0,0.0,44.3,50.1,5.0,5.9,9.24,-2.14,98350.0,44.3
s1,BTCUSD,momentum,4,[13],0.5,2.0,23,0.0,0,fundingpips_1step,,7,2.0,1,,False,IS,391,2.8,0.0,0.0,58.3,38.9,4.5,5.2,8.99,-2.22,96776.0,58.3
s1,BTCUSD,momentum,4,[13],0.5,2.0,23,0.0,0,fundingpips_1step,,7,2.0,1,,False,OOS,395,6.8,0.0,0.0,45.3,47.8,4.6,5.4,8.58,-2.14,98895.0,45.3
s1,BTCUSD,momentum,4,[8],3.0,2.0,23,0.0,0,ftmo_1step,,7,2.0,1,,False,IS,391,2.6,0.0,0.0,4.3,93.1,6.7,6.9,5.8,-2.01,100716.0,4.3
s1,BTCUSD,momentum,4,[8],3.0,2.0,23,0.0,0,ftmo_1step,,7,2.0,1,,False,OOS,395,6.3,0.0,0.0,6.1,87.6,5.5,6.8,5.96,-1.95,100261.0,6.1
s1,BTCUSD,momentum,4,[8],3.0,2.0,23,0.0,0,fundingpips_1step,,7,2.0,1,,False,IS,391,2.6,0.0,0.0,14.8,82.6,6.7,6.7,5.61,-2.01,100683.0,14.8
s1,BTCUSD,momentum,4,[8],3.0,2.0,23,0.0,0,fundingpips_1step,,7,2.0,1,,False,OOS,395,6.3,0.0,0.0,20.8,72.9,5.5,6.5,5.64,-1.95,100316.0,20.8
s1,BTCUSD,momentum,4,[13],0.5,3.0,23,0.0,0,ftmo_1step,,7,2.0,1,,False,IS,391,5.1,2.6,0.0,69.6,22.8,4.6,5.2,10.39,-2.17,96234.0,69.6
s1,BTCUSD,momentum,4,[13],0.5,3.0,23,0.0,0,ftmo_1step,,7,2.0,1,,False,OOS,395,7.3,4.1,0.0,60.5,28.1,4.6,5.2,9.93,-2.11,97668.0,60.5
s1,BTCUSD,momentum,4,[13],0.5,3.0,23,0.0,0,fundingpips_1step,,7,2.0,1,,False,IS,391,9.0,0.0,0.0,69.3,21.7,4.5,4.6,9.48,-2.19,97088.0,69.3
s1,BTCUSD,momentum,4,[13],0.5,3.0,23,0.0,0,fundingpips_1step,,7,2.0,1,,False,OOS,395,14.4,0.0,0.0,61.5,24.1,4.5,4.7,9.09,-2.1,98712.0,61.5
s1,BTCUSD,momentum,4,[13],1.0,1.0,23,0.0,0,ftmo_1step,,7,2.0,1,,False,IS,391,0.0,0.0,0.0,22.3,77.7,,6.7,7.59,-2.13,97873.0,22.3
s1,BTCUSD,momentum,4,[13],1.0,1.0,23,0.0,0,ftmo_1step,,7,2.0,1,,False,OOS,395,0.3,0.0,0.0,17.2,82.5,5.5,6.8,7.06,-2.07,98836.0,17.2
s1,BTCUSD,momentum,4,[13],1.0,1.0,23,0.0,0,fundingpips_1step,,7,2.0,1,,False,IS,391,0.0,0.0,0.0,41.4,58.6,,6.0,6.96,-2.12,98049.0,41.4
s1,BTCUSD,momentum,4,[13],1.0,1.0,23,0.0,0,fundingpips_1step,,7,2.0,1,,False,OOS,395,0.3,0.0,0.0,33.2,66.6,5.5,6.1,6.47,-2.06,99089.0,33.2
s1,BTCUSD,momentum,4,[13],1.0,2.0,23,0.0,0,ftmo_1step,,7,2.0,1,,False,IS,391,5.4,0.0,0.0,41.7,52.9,5.5,6.2,8.69,-2.12,97835.0,41.7
s1,BTCUSD,momentum,4,[13],1.0,2.0,23,0.0,0,ftmo_1step,,7,2.0,1,,False,OOS,395,8.9,0.0,0.0,30.4,60.8,4.6,6.3,8.42,-2.06,99376.0,30.4
s1,BTCUSD,momentum,4,[13],1.0,2.0,23,0.0,0,fundingpips_1step,,7,2.0,1,,False,IS,391,5.4,0.0,0.0,49.4,45.3,5.5,5.4,7.79,-2.11,98103.0,49.4
s1,BTCUSD,momentum,4,[13],1.0,2.0,23,0.0,0,fundingpips_1step,,7,2.0,1,,False,OOS,395,9.4,0.0,0.0,41.3,49.4,4.9,5.5,7.56,-2.06,99583.0,41.3
s1,BTCUSD,momentum,4,[13],1.0,3.0,23,0.0,0,ftmo_1step,,7,2.0,1,,False,IS,391,10.7,2.8,0.0,51.4,35.0,4.8,5.7,9.26,-2.1,98231.0,51.4
s1,BTCUSD,momentum,4,[13],1.0,3.0,23,0.0,0,ftmo_1step,,7,2.0,1,,False,OOS,395,11.9,3.5,0.0,41.0,43.5,4.7,5.8,8.74,-2.03,99893.0,41.0
s1,BTCUSD,momentum,4,[13],1.0,3.0,23,0.0,0,fundingpips_1step,,7,2.0,1,,False,IS,391,13.0,0.0,0.0,56.8,30.2,4.6,5.0,8.42,-2.09,98487.0,56.8
s1,BTCUSD,momentum,4,[13],1.0,3.0,23,0.0,0,fundingpips_1step,,7,2.0,1,,False,OOS,395,15.2,0.0,0.0,46.8,38.0,3.9,5.1,8.03,-2.02,99941.0,46.8
s1,BTCUSD,momentum,4,[8],3.0,3.0,23,0.0,0,ftmo_1step,,7,2.0,1,,False,IS,391,3.1,0.0,0.0,6.6,90.3,5.9,6.9,6.27,-2.01,100389.0,6.6
s1,BTCUSD,momentum,4,[8],3.0,3.0,23,0.0,0,ftmo_1step,,7,2.0,1,,False,OOS,395,5.8,1.0,0.0,6.1,87.1,4.9,6.8,6.11,-1.95,100462.0,6.1
s1,BTCUSD,momentum,4,[8],3.0,3.0,23,0.0,0,fundingpips_1step,,7,2.0,1,,False,IS,391,3.1,0.0,0.0,17.6,79.3,5.9,6.7,6.07,-2.01,100387.0,17.6
s1,BTCUSD,momentum,4,[8],3.0,3.0,23,0.0,0,fundingpips_1step,,7,2.0,1,,False,OOS,395,6.8,0.0,0.0,20.3,72.9,4.9,6.4,5.79,-1.95,100505.0,20.3
s1,BTCUSD,momentum,4,[13],2.0,1.0,23,0.0,0,ftmo_1step,,7,2.0,1,,False,IS,391,0.5,0.0,0.0,10.5,89.0,6.6,6.9,6.2,-2.06,99374.0,10.5
s1,BTCUSD,momentum,4,[13],2.0,1.0,23,0.0,0,ftmo_1step,,7,2.0,1,,False,OOS,395,2.3,0.0,0.0,7.1,90.6,5.7,6.9,5.85,-2.02,100282.0,7.1
s1,BTCUSD,momentum,4,[13],2.0,1.0,23,0.0,0,fundingpips_1step,,7,2.0,1,,False,IS,391,0.5,0.0,0.0,26.6,72.9,6.6,6.4,5.69,-2.05,99544.0,26.6
s1,BTCUSD,momentum,4,[13],2.0,1.0,23,0.0,0,fundingpips_1step,,7,2.0,1,,False,OOS,395,2.3,0.0,0.0,17.2,80.5,5.7,6.5,5.58,-2.01,100301.0,17.2
s1,BTCUSD,momentum,4,[13],2.0,2.0,23,0.0,0,ftmo_1step,,7,2.0,1,,False,IS,391,7.7,0.0,0.0,23.5,68.8,5.6,6.6,7.25,-2.05,99441.0,23.5
s1,BTCUSD,momentum,4,[13],2.0,2.0,23,0.0,0,ftmo_1step,,7,2.0,1,,False,OOS,395,6.6,0.0,0.0,11.6,81.8,4.9,6.7,6.72,-2.01,100338.0,11.6
s1,BTCUSD,momentum,4,[13],2.0,2.0,23,0.0,0,fundingpips_1step,,7,2.0,1,,False,IS,391,7.7,0.0,0.0,35.8,56.5,5.6,6.0,6.64,-2.04,99702.0,35.8
s1,BTCUSD,momentum,4,[13],2.0,2.0,23,0.0,0,fundingpips_1step,,7,2.0,1,,False,OOS,395,6.6,0.0,0.0,24.1,69.4,4.9,6.2,6.33,-2.01,100262.0,24.1
s1,BTCUSD,momentum,4,[13],2.0,3.0,23,0.0,0,ftmo_1step,,7,2.0,1,,False,IS,391,8.7,2.0,0.0,26.6,62.7,5.6,6.4,7.52,-2.04,99724.0,26.6
s1,BTCUSD,momentum,4,[13],2.0,3.0,23,0.0,0,ftmo_1step,,7,2.0,1,,False,OOS,395,6.8,2.8,0.0,13.9,76.5,5.6,6.6,7.02,-2.0,100140.0,13.9
s1,BTCUSD,momentum,4,[13],2.0,3.0,23,0.0,0,fundingpips_1step,,7,2.0,1,,False,IS,391,11.8,0.0,0.0,35.3,52.9,4.9,5.9,6.9,-2.04,100029.0,35.3
s1,BTCUSD,momentum,4,[13],2.0,3.0,23,0.0,0,fundingpips_1step,,7,2.0,1,,False,OOS,395,9.6,0.0,0.0,26.1,64.3,4.9,6.1,6.65,-2.0,100047.0,26.1
s1,BTCUSD,momentum,4,[13],3.0,1.0,23,0.0,0,ftmo_1step,,7,2.0,1,,False,IS,391,0.0,0.0,0.0,7.4,92.6,,6.9,5.6,-1.99,99430.0,7.4
s1,BTCUSD,momentum,4,[13],3.0,1.0,23,0.0,0,ftmo_1step,,7,2.0,1,,False,OOS,395,0.3,0.0,0.0,0.3,99.5,6.7,6.9,4.84,-1.96,100334.0,0.3
s1,BTCUSD,momentum,4,[13],3.0,1.0,23,0.0,0,fundingpips_1step,,7,2.0,1,,False,IS,391,0.0,0.0,0.0,20.5,79.5,,6.6,5.26,-1.99,99514.0,20.5
s1,BTCUSD,momentum,4,[13],3.0,1.0,23,0.0,0,fundingpips_1step,,7,2.0,1,,False,OOS,395,0.3,0.0,0.0,7.8,91.9,6.7,6.8,4.74,-1.96,100256.0,7.8
s1,BTCUSD,momentum,4,[13],3.0,2.0,23,0.0,0,ftmo_1step,,7,2.0,1,,False,IS,391,3.8,0.0,0.0,9.0,87.2,5.7,6.9,6.11,-1.99,99780.0,9.0
s1,BTCUSD,momentum,4,[13],3.0,2.0,23,0.0,0,ftmo_1step,,7,2.0,1,,False,OOS,395,3.0,0.0,0.0,1.8,95.2,5.2,6.9,5.36,-1.97,100200.0,1.8
s1,BTCUSD,momentum,4,[13],3.0,2.0,23,0.0,0,fundingpips_1step,,7,2.0,1,,False,IS,391,3.8,0.0,0.0,24.0,72.1,5.7,6.5,5.74,-1.99,99842.0,24.0
s1,BTCUSD,momentum,4,[13],3.0,2.0,23,0.0,0,fundingpips_1step,,7,2.0,1,,False,OOS,395,3.0,0.0,0.0,11.9,85.1,5.2,6.7,5.24,-1.97,100091.0,11.9
s1,BTCUSD,momentum,4,[0],0.5,1.0,23,0.0,0,ftmo_1step,,7,2.0,1,,False,IS,391,0.0,0.0,0.0,25.3,74.7,,6.7,7.93,-2.21,96794.0,25.3
s1,BTCUSD,momentum,4,[0],0.5,1.0,23,0.0,0,ftmo_1step,,7,2.0,1,,False,OOS,395,0.8,0.0,0.0,26.6,72.7,6.0,6.5,8.17,-2.13,97518.0,26.6
s1,BTCUSD,momentum,4,[0],0.5,1.0,23,0.0,0,fundingpips_1step,,7,2.0,1,,False,IS,391,0.0,0.0,0.0,48.6,51.4,,5.9,7.18,-2.2,97071.0,48.6
s1,BTCUSD,momentum,4,[0],0.5,1.0,23,0.0,0,fundingpips_1step,,7,2.0,1,,False,OOS,395,0.8,0.0,0.0,42.0,57.2,6.0,5.9,7.57,-2.13,97727.0,42.0
s1,BTCUSD,momentum,4,[13],3.0,3.0,23,0.0,0,ftmo_1step,,7,2.0,1,,False,IS,391,4.3,1.5,0.0,12.8,81.3,5.9,6.8,6.49,-1.98,99657.0,12.8
s1,BTCUSD,momentum,4,[13],3.0,3.0,23,0.0,0,ftmo_1step,,7,2.0,1,,False,OOS,395,1.8,1.8,0.0,2.0,94.4,5.8,6.8,5.56,-1.96,100308.0,2.0
s1,BTCUSD,momentum,4,[13],3.0,3.0,23,0.0,0,fundingpips_1step,,7,2.0,1,,False,IS,391,5.9,0.0,0.0,27.1,67.0,5.7,6.4,6.11,-1.98,99736.0,27.1
s1,BTCUSD,momentum,4,[13],3.0,3.0,23,0.0,0,fundingpips_1step,,7,2.0,1,,False,OOS,395,3.5,0.0,0.0,12.7,83.8,4.9,6.7,5.44,-1.96,100161.0,12.7
s1,BTCUSD,momentum,4,[0],0.5,2.0,23,0.0,0,ftmo_1step,,7,2.0,1,,False,IS,391,5.1,0.0,0.0,49.6,45.3,5.6,6.0,9.31,-2.2,96759.0,49.6
s1,BTCUSD,momentum,4,[0],0.5,2.0,23,0.0,0,ftmo_1step,,7,2.0,1,,False,OOS,395,3.5,0.0,0.0,49.6,46.8,5.0,6.0,9.41,-2.14,96537.0,49.6
s1,BTCUSD,momentum,4,[0],0.5,2.0,23,0.0,0,fundingpips_1step,,7,2.0,1,,False,IS,391,4.9,0.0,0.0,59.6,35.5,5.3,5.1,8.19,-2.19,97396.0,59.6
s1,BTCUSD,momentum,4,[0],0.5,2.0,23,0.0,0,fundingpips_1step,,7,2.0,1,,False,OOS,395,3.8,0.0,0.0,57.5,38.7,5.0,5.1,8.4,-2.13,97130.0,57.5
s1,BTCUSD,momentum,4,[0],0.5,3.0,23,0.0,0,ftmo_1step,,7,2.0,1,,False,IS,391,5.6,2.8,0.0,64.7,26.9,5.8,5.4,9.96,-2.18,96390.0,64.7
s1,BTCUSD,momentum,4,[0],0.5,3.0,23,0.0,0,ftmo_1step,,7,2.0,1,,False,OOS,395,5.6,3.3,0.0,62.8,28.4,6.0,5.4,9.82,-2.11,96662.0,62.8
s1,BTCUSD,momentum,4,[0],0.5,3.0,23,0.0,0,fundingpips_1step,,7,2.0,1,,False,IS,391,9.2,0.0,0.0,67.3,23.5,4.6,4.5,8.86,-2.17,97108.0,67.3
s1,BTCUSD,momentum,4,[0],0.5,3.0,23,0.0,0,fundingpips_1step,,7,2.0,1,,False,OOS,395,9.4,0.0,0.0,64.8,25.8,4.9,4.6,8.75,-2.1,97391.0,64.8
s1,BTCUSD,momentum,4,[0],1.0,1.0,23,0.0,0,ftmo_1step,,7,2.0,1,,False,IS,391,0.0,0.0,0.0,17.6,82.4,,6.8,6.91,-2.11,98581.0,17.6
s1,BTCUSD,momentum,4,[0],1.0,1.0,23,0.0,0,ftmo_1step,,7,2.0,1,,False,OOS,395,1.3,0.0,0.0,14.2,84.6,6.0,6.8,6.83,-2.05,98694.0,14.2
s1,BTCUSD,momentum,4,[0],1.0,1.0,23,0.0,0,fundingpips_1step,,7,2.0,1,,False,IS,391,0.0,0.0,0.0,33.2,66.8,,6.1,6.23,-2.1,98904.0,33.2
s1,BTCUSD,momentum,4,[0],1.0,1.0,23,0.0,0,fundingpips_1step,,7,2.0,1,,False,OOS,395,1.3,0.0,0.0,29.4,69.4,6.0,6.1,6.33,-2.05,98752.0,29.4
s1,BTCUSD,momentum,4,[0],1.0,2.0,23,0.0,0,ftmo_1step,,7,2.0,1,,False,IS,391,6.1,0.0,0.0,32.7,61.1,5.6,6.2,8.11,-2.1,98912.0,32.7
s1,BTCUSD,momentum,4,[0],1.0,2.0,23,0.0,0,ftmo_1step,,7,2.0,1,,False,OOS,395,4.3,0.0,0.0,35.9,59.7,5.0,6.3,8.4,-2.06,98126.0,35.9
s1,BTCUSD,momentum,4,[0],1.0,2.0,23,0.0,0,fundingpips_1step,,7,2.0,1,,False,IS,391,6.1,0.0,0.0,44.2,49.6,5.6,5.4,7.31,-2.09,99119.0,44.2
s1,BTCUSD,momentum,4,[0],1.0,2.0,23,0.0,0,fundingpips_1step,,7,2.0,1,,False,OOS,395,4.3,0.0,0.0,46.3,49.4,5.0,5.4,7.66,-2.05,98346.0,46.3
s1,BTCUSD,momentum,4,[0],1.0,3.0,23,0.0,0,ftmo_1step,,7,2.0,1,,False,IS,391,11.0,3.8,0.0,44.8,40.4,5.3,5.7,8.64,-2.08,99202.0,44.8
s1,BTCUSD,momentum,4,[0],1.0,3.0,23,0.0,0,ftmo_1step,,7,2.0,1,,False,OOS,395,7.6,2.5,0.0,47.6,42.3,5.2,5.8,8.78,-2.04,98490.0,47.6
s1,BTCUSD,momentum,4,[0],1.0,3.0,23,0.0,0,fundingpips_1step,,7,2.0,1,,False,IS,391,14.8,0.0,0.0,48.1,37.1,5.0,5.0,7.8,-2.07,99459.0,48.1
s1,BTCUSD,momentum,4,[0],1.0,3.0,23,0.0,0,fundingpips_1step,,7,2.0,1,,False,OOS,395,10.1,0.0,0.0,46.8,43.0,4.6,5.1,8.1,-2.04,98683.0,46.8
s1,BTCUSD,momentum,4,[0],2.0,1.0,23,0.0,0,ftmo_1step,,7,2.0,1,,False,IS,391,0.3,0.0,0.0,8.4,91.3,6.0,6.9,6.01,-2.05,99019.0,8.4
s1,BTCUSD,momentum,4,[0],2.0,1.0,23,0.0,0,ftmo_1step,,7,2.0,1,,False,OOS,395,1.3,0.0,0.0,6.1,92.7,6.1,6.9,5.91,-2.01,99483.0,6.1
s1,BTCUSD,momentum,4,[0],2.0,1.0,23,0.0,0,fundingpips_1step,,7,2.0,1,,False,IS,391,0.3,0.0,0.0,24.3,75.4,6.0,6.4,5.6,-2.05,99154.0,24.3
s1,BTCUSD,momentum,4,[0],2.0,1.0,23,0.0,0,fundingpips_1step,,7,2.0,1,,False,OOS,395,1.3,0.0,0.0,19.2,79.5,6.1,6.5,5.62,-2.01,99526.0,19.2
s1,BTCUSD,momentum,4,[0],2.0,2.0,23,0.0,0,ftmo_1step,,7,2.0,1,,False,IS,391,4.9,0.0,0.0,14.3,80.8,5.3,6.7,7.0,-2.04,99778.0,14.3
s1,BTCUSD,momentum,4,[0],2.0,2.0,23,0.0,0,ftmo_1step,,7,2.0,1,,False,OOS,395,6.3,0.0,0.0,13.9,79.7,5.7,6.6,6.79,-2.0,99900.0,13.9
s1,BTCUSD,momentum,4,[0],2.0,2.0,23,0.0,0,fundingpips_1step,,7,2.0,1,,False,IS,391,4.9,0.0,0.0,28.1,67.0,5.3,6.2,6.5,-2.03,99812.0,28.1
s1,BTCUSD,momentum,4,[0],2.0,2.0,23,0.0,0,fundingpips_1step,,7,2.0,1,,False,OOS,395,6.3,0.0,0.0,26.8,66.8,5.7,6.1,6.33,-2.0,99986.0,26.8
s1,BTCUSD,momentum,4,[0],2.0,3.0,23,0.0,0,ftmo_1step,,7,2.0,1,,False,IS,391,5.4,2.8,0.0,18.9,72.9,6.2,6.6,7.51,-2.03,99733.0,18.9
s1,BTCUSD,momentum,4,[0],2.0,3.0,23,0.0,0,ftmo_1step,,7,2.0,1,,False,OOS,395,7.1,1.0,0.0,18.7,73.2,6.1,6.5,7.29,-2.0,99628.0,18.7
s1,BTCUSD,momentum,4,[0],2.0,3.0,23,0.0,0,fundingpips_1step,,7,2.0,1,,False,IS,391,8.2,0.0,0.0,32.0,59.8,5.6,6.0,7.0,-2.03,99817.0,32.0
s1,BTCUSD,momentum,4,[0],2.0,3.0,23,0.0,0,fundingpips_1step,,7,2.0,1,,False,OOS,395,8.1,0.0,0.0,30.4,61.5,5.9,6.0,6.77,-2.0,99782.0,30.4
s1,BTCUSD,momentum,4,[0],3.0,1.0,23,0.0,0,ftmo_1step,,7,2.0,1,,False,IS,391,0.0,0.0,0.0,2.0,98.0,,7.0,5.07,-1.99,99541.0,2.0
s1,BTCUSD,momentum,4,[0],3.0,1.0,23,0.0,0,ftmo_1step,,7,2.0,1,,False,OOS,395,1.0,0.0,0.0,2.0,97.0,6.6,6.9,5.02,-1.96,99907.0,2.0
s1,BTCUSD,momentum,4,[0],3.0,1.0,23,0.0,0,fundingpips_1step,,7,2.0,1,,False,IS,391,0.0,0.0,0.0,15.1,84.9,,6.7,4.85,-1.99,99574.0,15.1
s1,BTCUSD,momentum,4,[0],3.0,1.0,23,0.0,0,fundingpips_1step,,7,2.0,1,,False,OOS,395,1.0,0.0,0.0,11.9,87.1,6.6,6.7,4.86,-1.96,99896.0,11.9
s1,BTCUSD,momentum,12,[8],0.5,1.0,23,0.0,0,ftmo_1step,,7,2.0,1,,False,IS,391,1.0,0.0,0.0,33.8,65.2,5.3,6.5,8.12,-2.22,97058.0,33.8
s1,BTCUSD,momentum,12,[8],0.5,1.0,23,0.0,0,ftmo_1step,,7,2.0,1,,False,OOS,395,1.0,0.0,0.0,20.5,78.5,5.3,6.7,7.75,-2.16,98242.0,20.5
s1,BTCUSD,momentum,12,[8],0.5,1.0,23,0.0,0,fundingpips_1step,,7,2.0,1,,False,IS,391,1.0,0.0,0.0,46.3,52.7,5.3,5.8,7.15,-2.21,97784.0,46.3
s1,BTCUSD,momentum,12,[8],0.5,1.0,23,0.0,0,fundingpips_1step,,7,2.0,1,,False,OOS,395,1.0,0.0,0.0,37.2,61.8,5.3,6.1,7.26,-2.15,98394.0,37.2
s1,BTCUSD,momentum,12,[8],0.5,3.0,23,0.0,0,ftmo_1step,,7,2.0,1,,False,IS,391,6.4,4.9,0.0,64.5,24.3,4.9,5.3,9.78,-2.15,97174.0,64.5
s1,BTCUSD,momentum,12,[8],0.5,3.0,23,0.0,0,ftmo_1step,,7,2.0,1,,False,OOS,395,9.4,5.6,0.0,50.4,34.7,5.3,5.5,9.42,-2.09,99445.0,50.4
s1,BTCUSD,momentum,12,[8],0.5,3.0,23,0.0,0,fundingpips_1step,,7,2.0,1,,False,IS,391,14.3,0.0,0.0,62.9,22.8,4.3,4.5,8.69,-2.14,98327.0,62.9
s1,BTCUSD,momentum,12,[8],0.5,3.0,23,0.0,0,fundingpips_1step,,7,2.0,1,,False,OOS,395,15.2,0.0,0.0,51.1,33.7,3.9,4.9,8.87,-2.08,99713.0,51.1
s1,BTCUSD,momentum,4,[0],3.0,2.0,23,0.0,0,ftmo_1step,,7,2.0,1,,False,IS,391,3.6,0.0,0.0,4.1,92.3,6.1,6.9,5.78,-1.99,100015.0,4.1
s1,BTCUSD,momentum,4,[0],3.0,2.0,23,0.0,0,ftmo_1step,,7,2.0,1,,False,OOS,395,2.5,0.0,0.0,3.0,94.4,6.0,6.9,5.74,-1.98,99865.0,3.0
s1,BTCUSD,momentum,4,[0],3.0,2.0,23,0.0,0,fundingpips_1step,,7,2.0,1,,False,IS,391,3.6,0.0,0.0,16.6,79.8,6.1,6.6,5.54,-1.99,100050.0,16.6
s1,BTCUSD,momentum,4,[0],3.0,2.0,23,0.0,0,fundingpips_1step,,7,2.0,1,,False,OOS,395,2.5,0.0,0.0,17.5,80.0,6.0,6.5,5.49,-1.98,99882.0,17.5
s1,BTCUSD,momentum,12,[8],0.5,2.0,23,0.0,0,ftmo_1step,,7,2.0,1,,False,IS,391,6.4,0.0,0.0,52.4,41.2,4.6,5.9,9.33,-2.21,97214.0,52.4
s1,BTCUSD,momentum,12,[8],0.5,2.0,23,0.0,0,ftmo_1step,,7,2.0,1,,False,OOS,395,5.1,0.0,0.0,34.9,60.0,4.4,6.3,8.73,-2.14,98942.0,34.9
s1,BTCUSD,momentum,12,[8],0.5,2.0,23,0.0,0,fundingpips_1step,,7,2.0,1,,False,IS,391,7.7,0.0,0.0,55.0,37.3,5.3,5.1,8.12,-2.21,98304.0,55.0
s1,BTCUSD,momentum,12,[8],0.5,2.0,23,0.0,0,fundingpips_1step,,7,2.0,1,,False,OOS,395,5.1,0.0,0.0,39.5,55.4,4.4,5.6,8.22,-2.13,98943.0,39.5
s1,BTCUSD,momentum,4,[0],3.0,3.0,23,0.0,0,ftmo_1step,,7,2.0,1,,False,IS,391,4.3,1.3,0.0,5.1,89.3,6.9,6.8,6.12,-1.98,99966.0,5.1
s1,BTCUSD,momentum,4,[0],3.0,3.0,23,0.0,0,ftmo_1step,,7,2.0,1,,False,OOS,395,3.0,2.0,0.0,3.0,91.9,6.7,6.8,5.94,-1.96,100096.0,3.0
s1,BTCUSD,momentum,4,[0],3.0,3.0,23,0.0,0,fundingpips_1step,,7,2.0,1,,False,IS,391,5.9,0.0,0.0,18.4,75.7,6.2,6.5,5.87,-1.99,100015.0,18.4
s1,BTCUSD,momentum,4,[0],3.0,3.0,23,0.0,0,fundingpips_1step,,7,2.0,1,,False,OOS,395,5.1,0.0,0.0,18.2,76.7,6.1,6.5,5.69,-1.96,100079.0,18.2
s1,BTCUSD,momentum,12,[8],1.0,1.0,23,0.0,0,ftmo_1step,,7,2.0,1,,False,IS,391,1.3,0.0,0.0,13.3,85.4,5.4,6.8,6.91,-2.12,99074.0,13.3
s1,BTCUSD,momentum,12,[8],1.0,1.0,23,0.0,0,ftmo_1step,,7,2.0,1,,False,OOS,395,2.0,0.0,0.0,11.4,86.6,6.3,6.8,6.66,-2.07,99239.0,11.4
s1,BTCUSD,momentum,12,[8],1.0,1.0,23,0.0,0,fundingpips_1step,,7,2.0,1,,False,IS,391,1.3,0.0,0.0,34.0,64.7,5.4,6.2,6.43,-2.11,99051.0,34.0
s1,BTCUSD,momentum,12,[8],1.0,1.0,23,0.0,0,fundingpips_1step,,7,2.0,1,,False,OOS,395,2.0,0.0,0.0,29.6,68.4,6.3,6.3,6.34,-2.06,99190.0,29.6
s1,BTCUSD,momentum,12,[8],1.0,2.0,23,0.0,0,ftmo_1step,,7,2.0,1,,False,IS,391,9.0,0.0,0.0,35.5,55.5,5.3,6.2,8.13,-2.09,99565.0,35.5
s1,BTCUSD,momentum,12,[8],1.0,2.0,23,0.0,0,ftmo_1step,,7,2.0,1,,False,OOS,395,8.6,0.0,0.0,29.9,61.5,4.6,6.3,8.21,-2.06,99575.0,29.9
s1,BTCUSD,momentum,12,[8],1.0,2.0,23,0.0,0,fundingpips_1step,,7,2.0,1,,False,IS,391,9.5,0.0,0.0,41.9,48.6,5.4,5.6,7.56,-2.09,99715.0,41.9
s1,BTCUSD,momentum,12,[8],1.0,2.0,23,0.0,0,fundingpips_1step,,7,2.0,1,,False,OOS,395,8.6,0.0,0.0,40.8,50.6,4.6,5.6,7.7,-2.06,99469.0,40.8
s1,BTCUSD,momentum,12,[8],1.0,3.0,23,0.0,0,ftmo_1step,,7,2.0,1,,False,IS,391,11.3,4.9,0.0,51.9,32.0,4.7,5.5,8.87,-2.06,99261.0,51.9
s1,BTCUSD,momentum,12,[8],1.0,3.0,23,0.0,0,ftmo_1step,,7,2.0,1,,False,OOS,395,11.4,5.3,0.0,50.4,32.9,4.9,5.6,9.11,-2.01,99447.0,50.4
s1,BTCUSD,momentum,12,[8],1.0,3.0,23,0.0,0,fundingpips_1step,,7,2.0,1,,False,IS,391,16.9,0.0,0.0,49.4,33.8,3.9,5.0,8.38,-2.05,99558.0,49.4
s1,BTCUSD,momentum,12,[8],1.0,3.0,23,0.0,0,fundingpips_1step,,7,2.0,1,,False,OOS,395,16.7,0.0,0.0,50.6,32.7,4.2,5.0,8.62,-2.01,99521.0,50.6
s1,BTCUSD,momentum,12,[8],2.0,1.0,23,0.0,0,ftmo_1step,,7,2.0,1,,False,IS,391,1.8,0.0,0.0,8.4,89.8,6.4,6.9,6.19,-2.04,99643.0,8.4
s1,BTCUSD,momentum,12,[8],2.0,1.0,23,0.0,0,ftmo_1step,,7,2.0,1,,False,OOS,395,0.3,0.0,0.0,6.6,93.2,5.3,6.9,5.96,-2.03,99634.0,6.6
s1,BTCUSD,momentum,12,[8],2.0,1.0,23,0.0,0,fundingpips_1step,,7,2.0,1,,False,IS,391,1.8,0.0,0.0,25.8,72.4,6.4,6.4,5.81,-2.03,99596.0,25.8
s1,BTCUSD,momentum,12,[8],2.0,1.0,23,0.0,0,fundingpips_1step,,7,2.0,1,,False,OOS,395,0.3,0.0,0.0,21.8,78.0,5.3,6.5,5.7,-2.03,99583.0,21.8
s1,BTCUSD,momentum,12,[8],2.0,3.0,23,0.0,0,ftmo_1step,,7,2.0,1,,False,IS,391,7.9,2.8,0.0,19.4,69.8,5.5,6.6,7.59,-2.01,99979.0,19.4
s1,BTCUSD,momentum,12,[8],2.0,3.0,23,0.0,0,ftmo_1step,,7,2.0,1,,False,OOS,395,4.1,2.5,0.0,21.0,72.4,5.8,6.6,7.43,-2.01,99637.0,21.0
s1,BTCUSD,momentum,12,[8],2.0,3.0,23,0.0,0,fundingpips_1step,,7,2.0,1,,False,IS,391,10.7,0.0,0.0,36.6,52.7,4.9,5.9,7.1,-2.01,99736.0,36.6
s1,BTCUSD,momentum,12,[8],2.0,3.0,23,0.0,0,fundingpips_1step,,7,2.0,1,,False,OOS,395,6.8,0.0,0.0,31.6,61.5,4.6,6.1,7.0,-2.01,99774.0,31.6
s1,BTCUSD,momentum,12,[8],2.0,2.0,23,0.0,0,ftmo_1step,,7,2.0,1,,False,IS,391,9.0,0.0,0.0,16.1,74.9,4.7,6.7,7.31,-2.02,99683.0,16.1
s1,BTCUSD,momentum,12,[8],2.0,2.0,23,0.0,0,ftmo_1step,,7,2.0,1,,False,OOS,395,4.1,0.0,0.0,14.9,81.0,4.9,6.7,7.06,-2.02,99792.0,14.9
s1,BTCUSD,momentum,12,[8],2.0,2.0,23,0.0,0,fundingpips_1step,,7,2.0,1,,False,IS,391,9.0,0.0,0.0,33.8,57.3,4.7,6.0,6.83,-2.02,99519.0,33.8
s1,BTCUSD,momentum,12,[8],2.0,2.0,23,0.0,0,fundingpips_1step,,7,2.0,1,,False,OOS,395,4.1,0.0,0.0,26.1,69.9,4.9,6.2,6.68,-2.02,99828.0,26.1
s1,BTCUSD,momentum,12,[8],3.0,1.0,23,0.0,0,ftmo_1step,,7,2.0,1,,False,IS,391,0.5,0.0,0.0,2.3,97.2,6.5,7.0,5.57,-1.99,99481.0,2.3
s1,BTCUSD,momentum,12,[8],3.0,1.0,23,0.0,0,ftmo_1step,,7,2.0,1,,False,OOS,395,0.8,0.0,0.0,4.6,94.7,6.6,6.9,5.57,-2.0,99380.0,4.6
s1,BTCUSD,momentum,12,[8],3.0,1.0,23,0.0,0,fundingpips_1step,,7,2.0,1,,False,IS,391,0.5,0.0,0.0,19.7,79.8,6.5,6.7,5.33,-1.99,99418.0,19.7
s1,BTCUSD,momentum,12,[8],3.0,1.0,23,0.0,0,fundingpips_1step,,7,2.0,1,,False,OOS,395,0.8,0.0,0.0,16.5,82.8,6.6,6.6,5.34,-2.0,99403.0,16.5
s1,BTCUSD,momentum,12,[13],0.5,1.0,23,0.0,0,ftmo_1step,,7,2.0,1,,False,IS,391,0.0,0.0,0.0,36.8,63.2,,6.4,9.03,-2.23,95790.0,36.8
s1,BTCUSD,momentum,12,[13],0.5,1.0,23,0.0,0,ftmo_1step,,7,2.0,1,,False,OOS,395,0.3,0.0,0.0,26.6,73.2,5.5,6.6,8.18,-2.16,97741.0,26.6
s1,BTCUSD,momentum,12,[13],0.5,1.0,23,0.0,0,fundingpips_1step,,7,2.0,1,,False,IS,391,0.0,0.0,0.0,55.5,44.5,,5.6,7.99,-2.23,96393.0,55.5
s1,BTCUSD,momentum,12,[13],0.5,1.0,23,0.0,0,fundingpips_1step,,7,2.0,1,,False,OOS,395,0.3,0.0,0.0,41.3,58.5,5.5,5.9,7.54,-2.16,98054.0,41.3
s1,BTCUSD,momentum,12,[13],0.5,3.0,23,0.0,0,ftmo_1step,,7,2.0,1,,False,IS,391,3.6,2.3,0.0,69.6,24.6,5.5,5.4,10.41,-2.19,95862.0,69.6
s1,BTCUSD,momentum,12,[13],0.5,3.0,23,0.0,0,ftmo_1step,,7,2.0,1,,False,OOS,395,8.1,5.3,0.0,59.5,27.1,4.5,5.2,9.94,-2.1,97814.0,59.5
s1,BTCUSD,momentum,12,[13],0.5,3.0,23,0.0,0,fundingpips_1step,,7,2.0,1,,False,IS,391,7.9,0.0,0.0,70.1,22.0,4.5,4.7,9.39,-2.18,96977.0,70.1
s1,BTCUSD,momentum,12,[13],0.5,3.0,23,0.0,0,fundingpips_1step,,7,2.0,1,,False,OOS,395,14.2,0.0,0.0,63.0,22.8,3.6,4.7,9.23,-2.09,98421.0,63.0
s1,BTCUSD,momentum,12,[13],0.5,2.0,23,0.0,0,ftmo_1step,,7,2.0,1,,False,IS,391,2.6,0.0,0.0,53.5,44.0,4.5,5.9,9.82,-2.21,96060.0,53.5
s1,BTCUSD,momentum,12,[13],0.5,2.0,23,0.0,0,ftmo_1step,,7,2.0,1,,False,OOS,395,8.9,0.0,0.0,45.1,46.1,4.5,5.9,9.25,-2.13,98621.0,45.1
s1,BTCUSD,momentum,12,[13],0.5,2.0,23,0.0,0,fundingpips_1step,,7,2.0,1,,False,IS,391,3.3,0.0,0.0,60.9,35.8,4.5,5.1,8.76,-2.21,96732.0,60.9
s1,BTCUSD,momentum,12,[13],0.5,2.0,23,0.0,0,fundingpips_1step,,7,2.0,1,,False,OOS,395,9.6,0.0,0.0,48.6,41.8,4.5,5.3,8.71,-2.12,98823.0,48.6
s1,BTCUSD,momentum,12,[8],3.0,2.0,23,0.0,0,ftmo_1step,,7,2.0,1,,False,IS,391,4.9,0.0,0.0,5.9,89.3,5.9,6.9,6.23,-1.98,99919.0,5.9
s1,BTCUSD,momentum,12,[8],3.0,2.0,23,0.0,0,ftmo_1step,,7,2.0,1,,False,OOS,395,2.5,0.0,0.0,7.3,90.1,5.2,6.9,6.09,-2.0,99453.0,7.3
s1,BTCUSD,momentum,12,[8],3.0,2.0,23,0.0,0,fundingpips_1step,,7,2.0,1,,False,IS,391,4.9,0.0,0.0,25.1,70.1,5.9,6.5,5.93,-1.98,99791.0,25.1
s1,BTCUSD,momentum,12,[8],3.0,2.0,23,0.0,0,fundingpips_1step,,7,2.0,1,,False,OOS,395,2.5,0.0,0.0,20.3,77.2,5.2,6.5,5.77,-2.0,99496.0,20.3
s1,BTCUSD,momentum,12,[8],3.0,3.0,23,0.0,0,ftmo_1step,,7,2.0,1,,False,IS,391,2.0,2.8,0.0,6.6,88.5,6.4,6.9,6.55,-1.99,99729.0,6.6
s1,BTCUSD,momentum,12,[8],3.0,3.0,23,0.0,0,ftmo_1step,,7,2.0,1,,False,OOS,395,3.0,1.3,0.0,7.1,88.6,4.9,6.8,6.22,-1.99,99581.0,7.1
s1,BTCUSD,momentum,12,[8],3.0,3.0,23,0.0,0,fundingpips_1step,,7,2.0,1,,False,IS,391,4.9,0.0,0.0,25.6,69.6,5.9,6.5,6.23,-1.98,99623.0,25.6
s1,BTCUSD,momentum,12,[8],3.0,3.0,23,0.0,0,fundingpips_1step,,7,2.0,1,,False,OOS,395,4.3,0.0,0.0,21.5,74.2,4.8,6.5,5.89,-1.99,99608.0,21.5
s1,BTCUSD,momentum,12,[13],1.0,1.0,23,0.0,0,ftmo_1step,,7,2.0,1,,False,IS,391,0.5,0.0,0.0,25.3,74.2,5.5,6.6,7.55,-2.12,98128.0,25.3
s1,BTCUSD,momentum,12,[13],1.0,1.0,23,0.0,0,ftmo_1step,,7,2.0,1,,False,OOS,395,1.0,0.0,0.0,15.7,83.3,5.5,6.8,6.97,-2.07,98965.0,15.7
s1,BTCUSD,momentum,12,[13],1.0,1.0,23,0.0,0,fundingpips_1step,,7,2.0,1,,False,IS,391,0.5,0.0,0.0,41.4,58.1,5.5,5.9,6.85,-2.12,98306.0,41.4
s1,BTCUSD,momentum,12,[13],1.0,1.0,23,0.0,0,fundingpips_1step,,7,2.0,1,,False,OOS,395,1.0,0.0,0.0,33.2,65.8,5.5,6.2,6.48,-2.07,99034.0,33.2
s1,BTCUSD,momentum,12,[13],1.0,2.0,23,0.0,0,ftmo_1step,,7,2.0,1,,False,IS,391,6.6,0.0,0.0,40.7,52.7,5.2,6.2,8.76,-2.12,97815.0,40.7
s1,BTCUSD,momentum,12,[13],1.0,2.0,23,0.0,0,ftmo_1step,,7,2.0,1,,False,OOS,395,7.3,0.0,0.0,34.2,58.5,4.6,6.3,8.54,-2.06,98513.0,34.2
s1,BTCUSD,momentum,12,[13],1.0,2.0,23,0.0,0,fundingpips_1step,,7,2.0,1,,False,IS,391,6.6,0.0,0.0,50.4,43.0,5.2,5.3,7.77,-2.11,98144.0,50.4
s1,BTCUSD,momentum,12,[13],1.0,2.0,23,0.0,0,fundingpips_1step,,7,2.0,1,,False,OOS,395,7.3,0.0,0.0,46.1,46.6,4.6,5.5,7.74,-2.05,98700.0,46.1
s1,BTCUSD,momentum,12,[13],1.0,3.0,23,0.0,0,ftmo_1step,,7,2.0,1,,False,IS,391,10.0,2.6,0.0,53.2,34.3,4.9,5.7,9.28,-2.11,98113.0,53.2
s1,BTCUSD,momentum,12,[13],1.0,3.0,23,0.0,0,ftmo_1step,,7,2.0,1,,False,OOS,395,7.1,3.8,0.0,50.4,38.7,4.6,5.7,9.27,-2.03,98134.0,50.4
s1,BTCUSD,momentum,12,[13],1.0,3.0,23,0.0,0,fundingpips_1step,,7,2.0,1,,False,IS,391,12.3,0.0,0.0,57.5,30.2,4.6,5.0,8.48,-2.1,98455.0,57.5
s1,BTCUSD,momentum,12,[13],1.0,3.0,23,0.0,0,fundingpips_1step,,7,2.0,1,,False,OOS,395,11.6,0.0,0.0,51.6,36.7,3.7,5.1,8.59,-2.03,98516.0,51.6
s1,BTCUSD,momentum,12,[13],2.0,1.0,23,0.0,0,ftmo_1step,,7,2.0,1,,False,IS,391,1.0,0.0,0.0,8.4,90.5,5.8,6.9,6.14,-2.05,99608.0,8.4
s1,BTCUSD,momentum,12,[13],2.0,1.0,23,0.0,0,ftmo_1step,,7,2.0,1,,False,OOS,395,1.3,0.0,0.0,4.8,93.9,5.6,6.9,6.1,-2.02,99221.0,4.8
s1,BTCUSD,momentum,12,[13],2.0,1.0,23,0.0,0,fundingpips_1step,,7,2.0,1,,False,IS,391,1.0,0.0,0.0,25.1,73.9,5.8,6.4,5.7,-2.05,99556.0,25.1
s1,BTCUSD,momentum,12,[13],2.0,1.0,23,0.0,0,fundingpips_1step,,7,2.0,1,,False,OOS,395,1.3,0.0,0.0,21.5,77.2,5.6,6.4,5.81,-2.02,99180.0,21.5
s1,BTCUSD,momentum,12,[13],2.0,2.0,23,0.0,0,ftmo_1step,,7,2.0,1,,False,IS,391,6.4,0.0,0.0,15.1,78.5,5.7,6.8,7.21,-2.05,99875.0,15.1
s1,BTCUSD,momentum,12,[13],2.0,2.0,23,0.0,0,ftmo_1step,,7,2.0,1,,False,OOS,395,4.1,0.0,0.0,15.4,80.5,4.6,6.7,7.19,-2.02,98845.0,15.4
s1,BTCUSD,momentum,12,[13],2.0,2.0,23,0.0,0,fundingpips_1step,,7,2.0,1,,False,IS,391,6.4,0.0,0.0,30.9,62.7,5.7,6.2,6.72,-2.05,99720.0,30.9
s1,BTCUSD,momentum,12,[13],2.0,2.0,23,0.0,0,fundingpips_1step,,7,2.0,1,,False,OOS,395,4.1,0.0,0.0,32.7,63.3,4.6,6.2,6.73,-2.02,98947.0,32.7
s1,BTCUSD,momentum,12,[13],3.0,1.0,23,0.0,0,ftmo_1step,,7,2.0,1,,False,IS,391,0.8,0.0,0.0,3.6,95.7,6.6,7.0,5.33,-2.0,99963.0,3.6
s1,BTCUSD,momentum,12,[13],3.0,1.0,23,0.0,0,ftmo_1step,,7,2.0,1,,False,OOS,395,0.8,0.0,0.0,1.5,97.7,6.5,6.9,5.22,-1.98,99447.0,1.5
s1,BTCUSD,momentum,12,[13],3.0,1.0,23,0.0,0,fundingpips_1step,,7,2.0,1,,False,IS,391,0.8,0.0,0.0,16.6,82.6,6.6,6.7,5.1,-2.0,99893.0,16.6
s1,BTCUSD,momentum,12,[13],3.0,1.0,23,0.0,0,fundingpips_1step,,7,2.0,1,,False,OOS,395,0.8,0.0,0.0,15.2,84.1,6.5,6.7,5.03,-1.97,99489.0,15.2
s1,BTCUSD,momentum,12,[13],2.0,3.0,23,0.0,0,ftmo_1step,,7,2.0,1,,False,IS,391,7.2,1.3,0.0,17.9,73.7,5.7,6.6,7.4,-2.05,100189.0,17.9
s1,BTCUSD,momentum,12,[13],2.0,3.0,23,0.0,0,ftmo_1step,,7,2.0,1,,False,OOS,395,4.8,0.8,0.0,19.7,74.7,4.8,6.6,7.55,-2.02,98631.0,19.7
s1,BTCUSD,momentum,12,[13],2.0,3.0,23,0.0,0,fundingpips_1step,,7,2.0,1,,False,IS,391,8.4,0.0,0.0,32.0,59.6,4.9,6.1,6.9,-2.04,100018.0,32.0
s1,BTCUSD,momentum,12,[13],2.0,3.0,23,0.0,0,fundingpips_1step,,7,2.0,1,,False,OOS,395,5.6,0.0,0.0,35.9,58.5,4.7,6.0,7.06,-2.02,98832.0,35.9
s1,BTCUSD,momentum,12,[0],0.5,1.0,23,0.0,0,ftmo_1step,,7,2.0,1,,False,IS,391,0.0,0.0,0.0,32.0,68.0,,6.6,8.41,-2.21,96178.0,32.0
s1,BTCUSD,momentum,12,[0],0.5,1.0,23,0.0,0,ftmo_1step,,7,2.0,1,,False,OOS,395,0.3,0.0,0.0,26.3,73.4,6.0,6.6,8.03,-2.13,97899.0,26.3
s1,BTCUSD,momentum,12,[0],0.5,1.0,23,0.0,0,fundingpips_1step,,7,2.0,1,,False,IS,391,0.0,0.0,0.0,51.9,48.1,,5.7,7.33,-2.19,96891.0,51.9
s1,BTCUSD,momentum,12,[0],0.5,1.0,23,0.0,0,fundingpips_1step,,7,2.0,1,,False,OOS,395,0.5,0.0,0.0,43.5,55.9,6.0,5.9,7.39,-2.13,98108.0,43.5
s1,BTCUSD,momentum,12,[0],0.5,2.0,23,0.0,0,ftmo_1step,,7,2.0,1,,False,IS,391,7.9,0.0,0.0,52.4,39.6,5.4,5.9,9.26,-2.2,96439.0,52.4
s1,BTCUSD,momentum,12,[0],0.5,2.0,23,0.0,0,ftmo_1step,,7,2.0,1,,False,OOS,395,7.3,0.0,0.0,50.4,42.3,6.0,5.8,9.35,-2.13,97381.0,50.4
s1,BTCUSD,momentum,12,[0],0.5,2.0,23,0.0,0,fundingpips_1step,,7,2.0,1,,False,IS,391,7.7,0.0,0.0,61.4,30.9,5.3,4.8,7.8,-2.18,97527.0,61.4
s1,BTCUSD,momentum,12,[0],0.5,2.0,23,0.0,0,fundingpips_1step,,7,2.0,1,,False,OOS,395,7.8,0.0,0.0,56.7,35.4,6.0,5.0,8.32,-2.12,98112.0,56.7
s1,BTCUSD,momentum,12,[13],3.0,2.0,23,0.0,0,ftmo_1step,,7,2.0,1,,False,IS,391,3.6,0.0,0.0,4.9,91.6,6.7,6.9,5.76,-2.0,100366.0,4.9
s1,BTCUSD,momentum,12,[13],3.0,2.0,23,0.0,0,ftmo_1step,,7,2.0,1,,False,OOS,395,1.8,0.0,0.0,2.5,95.7,5.9,6.9,5.79,-1.98,99306.0,2.5
s1,BTCUSD,momentum,12,[13],3.0,2.0,23,0.0,0,fundingpips_1step,,7,2.0,1,,False,IS,391,3.6,0.0,0.0,17.4,79.0,6.7,6.6,5.52,-2.0,100246.0,17.4
s1,BTCUSD,momentum,12,[13],3.0,2.0,23,0.0,0,fundingpips_1step,,7,2.0,1,,False,OOS,395,1.8,0.0,0.0,19.0,79.2,5.9,6.6,5.56,-1.97,99320.0,19.0
s1,BTCUSD,momentum,12,[13],3.0,3.0,23,0.0,0,ftmo_1step,,7,2.0,1,,False,IS,391,3.3,1.5,0.0,6.9,88.2,6.8,6.9,6.02,-1.99,100364.0,6.9
s1,BTCUSD,momentum,12,[13],3.0,3.0,23,0.0,0,ftmo_1step,,7,2.0,1,,False,OOS,395,1.5,0.8,0.0,3.0,94.7,6.3,6.9,5.85,-1.97,99522.0,3.0
s1,BTCUSD,momentum,12,[13],3.0,3.0,23,0.0,0,fundingpips_1step,,7,2.0,1,,False,IS,391,4.9,0.0,0.0,19.4,75.7,5.9,6.6,5.77,-1.99,100229.0,19.4
s1,BTCUSD,momentum,12,[13],3.0,3.0,23,0.0,0,fundingpips_1step,,7,2.0,1,,False,OOS,395,2.3,0.0,0.0,19.5,78.2,4.9,6.6,5.63,-1.97,99502.0,19.5
s1,BTCUSD,momentum,12,[0],0.5,3.0,23,0.0,0,ftmo_1step,,7,2.0,1,,False,IS,391,9.2,3.3,0.0,64.2,23.3,5.3,5.3,9.89,-2.18,96590.0,64.2
s1,BTCUSD,momentum,12,[0],0.5,3.0,23,0.0,0,ftmo_1step,,7,2.0,1,,False,OOS,395,8.9,3.3,0.0,58.0,29.9,6.0,5.3,9.73,-2.11,97933.0,58.0
s1,BTCUSD,momentum,12,[0],0.5,3.0,23,0.0,0,fundingpips_1step,,7,2.0,1,,False,IS,391,12.3,0.0,0.0,65.7,22.0,5.0,4.3,8.49,-2.16,97582.0,65.7
s1,BTCUSD,momentum,12,[0],0.5,3.0,23,0.0,0,fundingpips_1step,,7,2.0,1,,False,OOS,395,13.4,0.0,0.0,58.5,28.1,5.1,4.6,8.72,-2.1,98489.0,58.5
s1,BTCUSD,momentum,12,[0],1.0,1.0,23,0.0,0,ftmo_1step,,7,2.0,1,,False,IS,391,1.5,0.0,0.0,18.7,79.8,6.0,6.7,7.02,-2.1,98231.0,18.7
s1,BTCUSD,momentum,12,[0],1.0,1.0,23,0.0,0,ftmo_1step,,7,2.0,1,,False,OOS,395,0.3,0.0,0.0,9.4,90.4,6.6,6.8,6.62,-2.06,99182.0,9.4
s1,BTCUSD,momentum,12,[0],1.0,1.0,23,0.0,0,fundingpips_1step,,7,2.0,1,,False,IS,391,1.5,0.0,0.0,37.1,61.4,6.0,5.8,6.22,-2.08,98551.0,37.1
s1,BTCUSD,momentum,12,[0],1.0,1.0,23,0.0,0,fundingpips_1step,,7,2.0,1,,False,OOS,395,0.3,0.0,0.0,26.6,73.2,6.6,6.2,6.2,-2.06,99136.0,26.6
s1,BTCUSD,momentum,12,[0],1.0,2.0,23,0.0,0,ftmo_1step,,7,2.0,1,,False,IS,391,9.2,0.0,0.0,37.3,53.5,5.4,6.2,8.33,-2.09,98374.0,37.3
s1,BTCUSD,momentum,12,[0],1.0,2.0,23,0.0,0,ftmo_1step,,7,2.0,1,,False,OOS,395,4.3,0.0,0.0,32.7,63.0,5.3,6.3,8.37,-2.06,98572.0,32.7
s1,BTCUSD,momentum,12,[0],1.0,2.0,23,0.0,0,fundingpips_1step,,7,2.0,1,,False,IS,391,9.2,0.0,0.0,49.9,40.9,5.4,5.3,7.43,-2.08,98642.0,49.9
s1,BTCUSD,momentum,12,[0],1.0,2.0,23,0.0,0,fundingpips_1step,,7,2.0,1,,False,OOS,395,4.3,0.0,0.0,45.6,50.1,5.3,5.6,7.73,-2.05,98626.0,45.6
s1,BTCUSD,momentum,12,[0],1.0,3.0,23,0.0,0,ftmo_1step,,7,2.0,1,,False,IS,391,11.0,3.1,0.0,49.4,36.6,5.3,5.7,8.9,-2.08,98273.0,49.4
s1,BTCUSD,momentum,12,[0],1.0,3.0,23,0.0,0,ftmo_1step,,7,2.0,1,,False,OOS,395,7.3,3.8,0.0,43.0,45.8,5.4,5.8,8.74,-2.03,99015.0,43.0
s1,BTCUSD,momentum,12,[0],1.0,3.0,23,0.0,0,fundingpips_1step,,7,2.0,1,,False,IS,391,13.8,0.0,0.0,52.9,33.2,4.8,4.8,7.94,-2.07,98559.0,52.9
s1,BTCUSD,momentum,12,[0],1.0,3.0,23,0.0,0,fundingpips_1step,,7,2.0,1,,False,OOS,395,11.1,0.0,0.0,44.1,44.8,4.5,5.2,8.15,-2.03,99001.0,44.1
s1,BTCUSD,momentum,12,[0],2.0,1.0,23,0.0,0,ftmo_1step,,7,2.0,1,,False,IS,391,0.0,0.0,0.0,8.2,91.8,,6.9,6.22,-2.04,98580.0,8.2
s1,BTCUSD,momentum,12,[0],2.0,1.0,23,0.0,0,ftmo_1step,,7,2.0,1,,False,OOS,395,0.3,0.0,0.0,6.3,93.4,6.0,6.9,6.0,-2.02,99101.0,6.3
s1,BTCUSD,momentum,12,[0],2.0,1.0,23,0.0,0,fundingpips_1step,,7,2.0,1,,False,IS,391,0.0,0.0,0.0,28.4,71.6,,6.3,5.71,-2.03,98754.0,28.4
s1,BTCUSD,momentum,12,[0],2.0,1.0,23,0.0,0,fundingpips_1step,,7,2.0,1,,False,OOS,395,0.3,0.0,0.0,22.5,77.2,6.0,6.4,5.61,-2.01,99202.0,22.5
s1,BTCUSD,momentum,12,[0],2.0,3.0,23,0.0,0,ftmo_1step,,7,2.0,1,,False,IS,391,7.2,1.5,0.0,25.6,65.7,5.2,6.4,7.78,-2.03,98872.0,25.6
s1,BTCUSD,momentum,12,[0],2.0,3.0,23,0.0,0,ftmo_1step,,7,2.0,1,,False,OOS,395,5.8,2.5,0.0,14.7,77.0,6.1,6.6,7.31,-2.0,99699.0,14.7
s1,BTCUSD,momentum,12,[0],2.0,3.0,23,0.0,0,fundingpips_1step,,7,2.0,1,,False,IS,391,8.4,0.0,0.0,40.9,50.6,4.6,5.7,7.01,-2.02,99034.0,40.9
s1,BTCUSD,momentum,12,[0],2.0,3.0,23,0.0,0,fundingpips_1step,,7,2.0,1,,False,OOS,395,8.4,0.0,0.0,31.4,60.3,5.9,6.0,6.85,-2.0,99591.0,31.4
s1,BTCUSD,momentum,12,[0],2.0,2.0,23,0.0,0,ftmo_1step,,7,2.0,1,,False,IS,391,4.9,0.0,0.0,18.9,76.2,5.0,6.7,7.3,-2.03,98619.0,18.9
s1,BTCUSD,momentum,12,[0],2.0,2.0,23,0.0,0,ftmo_1step,,7,2.0,1,,False,OOS,395,5.8,0.0,0.0,10.4,83.8,5.8,6.7,6.89,-2.01,99818.0,10.4
s1,BTCUSD,momentum,12,[0],2.0,2.0,23,0.0,0,fundingpips_1step,,7,2.0,1,,False,IS,391,4.9,0.0,0.0,37.6,57.5,5.0,5.9,6.52,-2.03,98864.0,37.6
s1,BTCUSD,momentum,12,[0],2.0,2.0,23,0.0,0,fundingpips_1step,,7,2.0,1,,False,OOS,395,5.8,0.0,0.0,28.1,66.1,5.8,6.1,6.44,-2.01,99709.0,28.1
s1,BTCUSD,momentum,12,[0],3.0,1.0,23,0.0,0,ftmo_1step,,7,2.0,1,,False,IS,391,0.0,0.0,0.0,2.6,97.4,,7.0,5.53,-1.99,98672.0,2.6
s1,BTCUSD,momentum,12,[0],3.0,1.0,23,0.0,0,ftmo_1step,,7,2.0,1,,False,OOS,395,0.3,0.0,0.0,1.0,98.7,6.1,6.9,4.85,-1.97,100110.0,1.0
s1,BTCUSD,momentum,12,[0],3.0,1.0,23,0.0,0,fundingpips_1step,,7,2.0,1,,False,IS,391,0.0,0.0,0.0,23.3,76.7,,6.5,5.13,-1.99,98858.0,23.3
s1,BTCUSD,momentum,12,[0],3.0,1.0,23,0.0,0,fundingpips_1step,,7,2.0,1,,False,OOS,395,0.3,0.0,0.0,9.4,90.4,6.1,6.8,4.75,-1.97,100095.0,9.4
s1,BTCUSD,momentum,24,[8],0.5,1.0,23,0.0,0,ftmo_1step,,7,2.0,1,,False,IS,391,0.8,0.0,0.0,28.9,70.3,5.3,6.6,8.17,-2.22,96749.0,28.9
s1,BTCUSD,momentum,24,[8],0.5,1.0,23,0.0,0,ftmo_1step,,7,2.0,1,,False,OOS,395,1.0,0.0,0.0,23.0,75.9,5.3,6.6,7.86,-2.14,97938.0,23.0
s1,BTCUSD,momentum,24,[8],0.5,1.0,23,0.0,0,fundingpips_1step,,7,2.0,1,,False,IS,391,0.8,0.0,0.0,50.9,48.3,5.3,5.8,7.4,-2.21,97060.0,50.9
s1,BTCUSD,momentum,24,[8],0.5,1.0,23,0.0,0,fundingpips_1step,,7,2.0,1,,False,OOS,395,1.0,0.0,0.0,42.5,56.5,5.3,5.9,7.27,-2.13,98091.0,42.5
s1,BTCUSD,momentum,24,[8],0.5,2.0,23,0.0,0,ftmo_1step,,7,2.0,1,,False,IS,391,5.6,0.0,0.0,50.4,44.0,2.4,6.0,9.3,-2.18,96615.0,50.4
s1,BTCUSD,momentum,24,[8],0.5,2.0,23,0.0,0,ftmo_1step,,7,2.0,1,,False,OOS,395,8.4,0.0,0.0,38.5,53.2,4.3,6.1,8.77,-2.12,98871.0,38.5
s1,BTCUSD,momentum,24,[8],0.5,2.0,23,0.0,0,fundingpips_1step,,7,2.0,1,,False,IS,391,5.9,0.0,0.0,60.4,33.8,2.4,5.1,8.31,-2.17,97144.0,60.4
s1,BTCUSD,momentum,24,[8],0.5,2.0,23,0.0,0,fundingpips_1step,,7,2.0,1,,False,OOS,395,8.4,0.0,0.0,43.8,47.8,4.3,5.3,8.09,-2.11,99029.0,43.8
s1,BTCUSD,momentum,12,[0],3.0,2.0,23,0.0,0,ftmo_1step,,7,2.0,1,,False,IS,391,2.6,0.0,0.0,5.4,92.1,5.8,6.9,6.24,-2.0,99006.0,5.4
s1,BTCUSD,momentum,12,[0],3.0,2.0,23,0.0,0,ftmo_1step,,7,2.0,1,,False,OOS,395,1.8,0.0,0.0,2.5,95.7,5.1,6.9,5.54,-1.98,100263.0,2.5
s1,BTCUSD,momentum,12,[0],3.0,2.0,23,0.0,0,fundingpips_1step,,7,2.0,1,,False,IS,391,2.6,0.0,0.0,27.1,70.3,5.8,6.4,5.82,-2.0,99149.0,27.1
s1,BTCUSD,momentum,12,[0],3.0,2.0,23,0.0,0,fundingpips_1step,,7,2.0,1,,False,OOS,395,1.8,0.0,0.0,13.7,84.6,5.1,6.7,5.38,-1.98,100249.0,13.7
s1,BTCUSD,momentum,24,[8],0.5,3.0,23,0.0,0,ftmo_1step,,7,2.0,1,,False,IS,391,4.1,4.6,0.0,62.7,28.6,5.0,5.4,9.84,-2.16,96607.0,62.7
s1,BTCUSD,momentum,24,[8],0.5,3.0,23,0.0,0,ftmo_1step,,7,2.0,1,,False,OOS,395,10.9,6.3,0.0,50.1,32.7,4.5,5.4,9.26,-2.07,99631.0,50.1
s1,BTCUSD,momentum,24,[8],0.5,3.0,23,0.0,0,fundingpips_1step,,7,2.0,1,,False,IS,391,10.0,0.0,0.0,68.8,21.2,3.3,4.6,8.94,-2.15,97404.0,68.8
s1,BTCUSD,momentum,24,[8],0.5,3.0,23,0.0,0,fundingpips_1step,,7,2.0,1,,False,OOS,395,17.2,0.0,0.0,52.9,29.9,4.3,4.9,8.75,-2.07,99858.0,52.9
s1,BTCUSD,momentum,24,[8],1.0,1.0,23,0.0,0,ftmo_1step,,7,2.0,1,,False,IS,391,2.0,0.0,0.0,14.1,83.9,5.4,6.9,7.13,-2.11,98568.0,14.1
s1,BTCUSD,momentum,24,[8],1.0,1.0,23,0.0,0,ftmo_1step,,7,2.0,1,,False,OOS,395,2.3,0.0,0.0,8.9,88.9,5.4,6.8,6.65,-2.06,99423.0,8.9
s1,BTCUSD,momentum,24,[8],1.0,1.0,23,0.0,0,fundingpips_1step,,7,2.0,1,,False,IS,391,2.0,0.0,0.0,38.6,59.3,5.4,6.2,6.61,-2.1,98570.0,38.6
s1,BTCUSD,momentum,24,[8],1.0,1.0,23,0.0,0,fundingpips_1step,,7,2.0,1,,False,OOS,395,2.3,0.0,0.0,28.9,68.9,5.4,6.3,6.35,-2.05,99372.0,28.9
s1,BTCUSD,momentum,24,[8],1.0,2.0,23,0.0,0,ftmo_1step,,7,2.0,1,,False,IS,391,10.2,0.0,0.0,37.9,51.9,4.0,6.1,8.31,-2.09,99291.0,37.9
s1,BTCUSD,momentum,24,[8],1.0,2.0,23,0.0,0,ftmo_1step,,7,2.0,1,,False,OOS,395,12.9,0.0,0.0,24.8,62.3,4.5,6.2,7.85,-2.05,100260.0,24.8
s1,BTCUSD,momentum,24,[8],1.0,2.0,23,0.0,0,fundingpips_1step,,7,2.0,1,,False,IS,391,10.2,0.0,0.0,41.7,48.1,4.0,5.4,7.57,-2.08,99593.0,41.7
s1,BTCUSD,momentum,24,[8],1.0,2.0,23,0.0,0,fundingpips_1step,,7,2.0,1,,False,OOS,395,12.9,0.0,0.0,35.2,51.9,4.5,5.6,7.37,-2.05,100215.0,35.2
s1,BTCUSD,momentum,12,[0],3.0,3.0,23,0.0,0,ftmo_1step,,7,2.0,1,,False,IS,391,2.8,1.8,0.0,5.6,89.8,5.8,6.8,6.47,-1.99,99045.0,5.6
s1,BTCUSD,momentum,12,[0],3.0,3.0,23,0.0,0,ftmo_1step,,7,2.0,1,,False,OOS,395,4.8,1.0,0.0,2.8,91.4,5.8,6.8,5.67,-1.97,100737.0,2.8
s1,BTCUSD,momentum,12,[0],3.0,3.0,23,0.0,0,fundingpips_1step,,7,2.0,1,,False,IS,391,4.6,0.0,0.0,28.6,66.8,4.9,6.3,6.04,-1.99,99181.0,28.6
s1,BTCUSD,momentum,12,[0],3.0,3.0,23,0.0,0,fundingpips_1step,,7,2.0,1,,False,OOS,395,5.8,0.0,0.0,14.4,79.7,5.9,6.6,5.5,-1.97,100689.0,14.4
s1,BTCUSD,momentum,24,[8],1.0,3.0,23,0.0,0,ftmo_1step,,7,2.0,1,,False,IS,391,11.3,5.6,0.0,52.9,30.2,4.7,5.4,8.97,-2.06,99354.0,52.9
s1,BTCUSD,momentum,24,[8],1.0,3.0,23,0.0,0,ftmo_1step,,7,2.0,1,,False,OOS,395,13.4,6.6,0.0,42.0,38.0,4.6,5.5,8.46,-2.01,100552.0,42.0
s1,BTCUSD,momentum,24,[8],1.0,3.0,23,0.0,0,fundingpips_1step,,7,2.0,1,,False,IS,391,16.4,0.0,0.0,52.7,30.9,3.5,4.8,8.26,-2.05,99510.0,52.7
s1,BTCUSD,momentum,24,[8],1.0,3.0,23,0.0,0,fundingpips_1step,,7,2.0,1,,False,OOS,395,19.7,0.0,0.0,46.1,34.2,3.6,5.0,8.15,-2.01,100514.0,46.1
s1,BTCUSD,momentum,24,[8],2.0,1.0,23,0.0,0,ftmo_1step,,7,2.0,1,,False,IS,391,2.6,0.0,0.0,9.2,88.2,6.4,6.9,6.3,-2.04,99680.0,9.2
s1,BTCUSD,momentum,24,[8],2.0,1.0,23,0.0,0,ftmo_1step,,7,2.0,1,,False,OOS,395,1.0,0.0,0.0,4.3,94.7,5.6,6.9,5.79,-2.02,100034.0,4.3
s1,BTCUSD,momentum,24,[8],2.0,1.0,23,0.0,0,fundingpips_1step,,7,2.0,1,,False,IS,391,2.6,0.0,0.0,27.4,70.1,6.4,6.4,5.85,-2.04,99702.0,27.4
s1,BTCUSD,momentum,24,[8],2.0,1.0,23,0.0,0,fundingpips_1step,,7,2.0,1,,False,OOS,395,1.0,0.0,0.0,19.2,79.7,5.6,6.5,5.51,-2.02,99924.0,19.2
s1,BTCUSD,momentum,24,[8],2.0,2.0,23,0.0,0,ftmo_1step,,7,2.0,1,,False,IS,391,12.0,0.0,0.0,23.0,65.0,5.6,6.6,7.35,-2.02,100066.0,23.0
s1,BTCUSD,momentum,24,[8],2.0,2.0,23,0.0,0,ftmo_1step,,7,2.0,1,,False,OOS,395,7.6,0.0,0.0,13.9,78.5,4.9,6.7,6.96,-2.01,100604.0,13.9
s1,BTCUSD,momentum,24,[8],2.0,2.0,23,0.0,0,fundingpips_1step,,7,2.0,1,,False,IS,391,12.0,0.0,0.0,34.3,53.7,5.6,6.0,6.75,-2.02,100129.0,34.3
s1,BTCUSD,momentum,24,[8],2.0,2.0,23,0.0,0,fundingpips_1step,,7,2.0,1,,False,OOS,395,7.6,0.0,0.0,25.6,66.8,4.9,6.2,6.55,-2.01,100548.0,25.6
s1,BTCUSD,momentum,24,[8],2.0,3.0,23,0.0,0,ftmo_1step,,7,2.0,1,,False,IS,391,12.3,2.8,0.0,28.9,56.0,4.9,6.3,7.75,-2.01,100217.0,28.9
s1,BTCUSD,momentum,24,[8],2.0,3.0,23,0.0,0,ftmo_1step,,7,2.0,1,,False,OOS,395,10.1,2.5,0.0,17.2,70.1,5.2,6.5,7.25,-2.0,100949.0,17.2
s1,BTCUSD,momentum,24,[8],2.0,3.0,23,0.0,0,fundingpips_1step,,7,2.0,1,,False,IS,391,15.1,0.0,0.0,36.8,48.1,4.9,5.7,7.15,-2.01,100296.0,36.8
s1,BTCUSD,momentum,24,[8],2.0,3.0,23,0.0,0,fundingpips_1step,,7,2.0,1,,False,OOS,395,12.7,0.0,0.0,26.1,61.3,4.8,6.0,6.87,-2.0,100845.0,26.1
s1,BTCUSD,momentum,24,[13],0.5,1.0,23,0.0,0,ftmo_1step,,7,2.0,1,,False,IS,391,0.3,0.0,0.0,36.3,63.4,5.5,6.4,9.0,-2.21,95800.0,36.3
s1,BTCUSD,momentum,24,[13],0.5,1.0,23,0.0,0,ftmo_1step,,7,2.0,1,,False,OOS,395,1.8,0.0,0.0,29.9,68.4,5.5,6.5,8.32,-2.17,97624.0,29.9
s1,BTCUSD,momentum,24,[13],0.5,1.0,23,0.0,0,fundingpips_1step,,7,2.0,1,,False,IS,391,0.3,0.0,0.0,58.1,41.7,5.5,5.6,8.16,-2.23,96134.0,58.1
s1,BTCUSD,momentum,24,[13],0.5,1.0,23,0.0,0,fundingpips_1step,,7,2.0,1,,False,OOS,395,1.8,0.0,0.0,43.5,54.7,5.5,5.9,7.67,-2.16,98050.0,43.5
s1,BTCUSD,momentum,24,[8],3.0,1.0,23,0.0,0,ftmo_1step,,7,2.0,1,,False,IS,391,1.3,0.0,0.0,6.1,92.6,6.6,7.0,5.73,-2.01,99571.0,6.1
s1,BTCUSD,momentum,24,[8],3.0,1.0,23,0.0,0,ftmo_1step,,7,2.0,1,,False,OOS,395,0.0,0.0,0.0,2.8,97.2,,6.9,5.05,-2.0,100511.0,2.8
s1,BTCUSD,momentum,24,[8],3.0,1.0,23,0.0,0,fundingpips_1step,,7,2.0,1,,False,IS,391,1.3,0.0,0.0,23.3,75.4,6.6,6.6,5.35,-2.01,99641.0,23.3
s1,BTCUSD,momentum,24,[8],3.0,1.0,23,0.0,0,fundingpips_1step,,7,2.0,1,,False,OOS,395,0.0,0.0,0.0,12.7,87.3,,6.7,4.85,-2.0,100507.0,12.7
s1,BTCUSD,momentum,24,[13],0.5,2.0,23,0.0,0,ftmo_1step,,7,2.0,1,,False,IS,391,2.8,0.0,0.0,50.9,46.3,4.5,5.9,9.87,-2.2,96467.0,50.9
s1,BTCUSD,momentum,24,[13],0.5,2.0,23,0.0,0,ftmo_1step,,7,2.0,1,,False,OOS,395,9.9,0.0,0.0,42.0,48.1,4.5,5.9,9.21,-2.13,98996.0,42.0
s1,BTCUSD,momentum,24,[13],0.5,2.0,23,0.0,0,fundingpips_1step,,7,2.0,1,,False,IS,391,2.6,0.0,0.0,60.1,37.3,3.5,5.1,8.81,-2.22,96727.0,60.1
s1,BTCUSD,momentum,24,[13],0.5,2.0,23,0.0,0,fundingpips_1step,,7,2.0,1,,False,OOS,395,12.2,0.0,0.0,45.1,42.8,4.5,5.3,8.46,-2.12,99616.0,45.1
s1,BTCUSD,momentum,24,[13],0.5,3.0,23,0.0,0,ftmo_1step,,7,2.0,1,,False,IS,391,5.4,2.6,0.0,67.0,25.1,5.5,5.3,10.28,-2.18,96456.0,67.0
s1,BTCUSD,momentum,24,[13],0.5,3.0,23,0.0,0,ftmo_1step,,7,2.0,1,,False,OOS,395,5.3,6.3,0.0,58.2,30.1,4.6,5.3,9.87,-2.09,98485.0,58.2
s1,BTCUSD,momentum,24,[13],0.5,3.0,23,0.0,0,fundingpips_1step,,7,2.0,1,,False,IS,391,8.7,0.0,0.0,70.3,21.0,4.5,4.7,9.39,-2.2,97061.0,70.3
s1,BTCUSD,momentum,24,[13],0.5,3.0,23,0.0,0,fundingpips_1step,,7,2.0,1,,False,OOS,395,14.4,0.0,0.0,57.7,27.8,3.5,4.8,9.33,-2.08,99096.0,57.7
s1,BTCUSD,momentum,24,[8],3.0,2.0,23,0.0,0,ftmo_1step,,7,2.0,1,,False,IS,391,4.1,0.0,0.0,8.7,87.2,5.8,6.9,6.37,-2.01,100055.0,8.7
s1,BTCUSD,momentum,24,[8],3.0,2.0,23,0.0,0,ftmo_1step,,7,2.0,1,,False,OOS,395,3.0,0.0,0.0,4.6,92.4,5.2,6.9,5.62,-1.99,100813.0,4.6
s1,BTCUSD,momentum,24,[8],3.0,2.0,23,0.0,0,fundingpips_1step,,7,2.0,1,,False,IS,391,4.1,0.0,0.0,25.6,70.3,5.8,6.5,5.94,-2.01,100050.0,25.6
s1,BTCUSD,momentum,24,[8],3.0,2.0,23,0.0,0,fundingpips_1step,,7,2.0,1,,False,OOS,395,3.0,0.0,0.0,15.7,81.3,5.2,6.6,5.4,-1.99,100757.0,15.7
s1,BTCUSD,momentum,24,[8],3.0,3.0,23,0.0,0,ftmo_1step,,7,2.0,1,,False,IS,391,3.1,1.8,0.0,8.4,86.7,5.7,6.9,6.6,-2.0,99951.0,8.4
s1,BTCUSD,momentum,24,[8],3.0,3.0,23,0.0,0,ftmo_1step,,7,2.0,1,,False,OOS,395,3.3,1.8,0.0,6.1,88.9,5.9,6.8,5.77,-1.98,101043.0,6.1
s1,BTCUSD,momentum,24,[8],3.0,3.0,23,0.0,0,fundingpips_1step,,7,2.0,1,,False,IS,391,4.9,0.0,0.0,25.8,69.3,4.9,6.5,6.16,-2.0,99988.0,25.8
s1,BTCUSD,momentum,24,[8],3.0,3.0,23,0.0,0,fundingpips_1step,,7,2.0,1,,False,OOS,395,5.1,0.0,0.0,15.7,79.2,4.9,6.5,5.54,-1.98,100967.0,15.7
s1,BTCUSD,momentum,24,[13],1.0,1.0,23,0.0,0,ftmo_1step,,7,2.0,1,,False,IS,391,1.5,0.0,0.0,19.2,79.3,5.6,6.7,7.47,-2.12,98038.0,19.2
s1,BTCUSD,momentum,24,[13],1.0,1.0,23,0.0,0,ftmo_1step,,7,2.0,1,,False,OOS,395,0.8,0.0,0.0,10.1,89.1,5.5,6.8,6.74,-2.08,99703.0,10.1
s1,BTCUSD,momentum,24,[13],1.0,1.0,23,0.0,0,fundingpips_1step,,7,2.0,1,,False,IS,391,1.5,0.0,0.0,40.7,57.8,5.6,6.1,6.91,-2.12,98074.0,40.7
s1,BTCUSD,momentum,24,[13],1.0,1.0,23,0.0,0,fundingpips_1step,,7,2.0,1,,False,OOS,395,0.8,0.0,0.0,28.4,70.9,5.5,6.3,6.31,-2.07,99664.0,28.4
s1,BTCUSD,momentum,24,[13],1.0,3.0,23,0.0,0,ftmo_1step,,7,2.0,1,,False,IS,391,10.7,1.5,0.0,57.5,30.2,4.5,5.6,9.35,-2.1,97825.0,57.5
s1,BTCUSD,momentum,24,[13],1.0,3.0,23,0.0,0,ftmo_1step,,7,2.0,1,,False,OOS,395,11.9,6.1,0.0,47.6,34.4,5.5,5.7,9.09,-2.01,99325.0,47.6
s1,BTCUSD,momentum,24,[13],1.0,3.0,23,0.0,0,fundingpips_1step,,7,2.0,1,,False,IS,391,13.6,0.0,0.0,58.6,27.9,4.5,4.9,8.55,-2.1,98310.0,58.6
s1,BTCUSD,momentum,24,[13],1.0,3.0,23,0.0,0,fundingpips_1step,,7,2.0,1,,False,OOS,395,18.5,0.0,0.0,50.4,31.1,4.6,5.0,8.41,-2.01,99513.0,50.4
s1,BTCUSD,momentum,24,[13],1.0,2.0,23,0.0,0,ftmo_1step,,7,2.0,1,,False,IS,391,6.9,0.0,0.0,44.2,48.8,4.6,6.1,8.83,-2.11,97652.0,44.2
s1,BTCUSD,momentum,24,[13],1.0,2.0,23,0.0,0,ftmo_1step,,7,2.0,1,,False,OOS,395,10.6,0.0,0.0,32.7,56.7,4.6,6.2,8.59,-2.05,99342.0,32.7
s1,BTCUSD,momentum,24,[13],1.0,2.0,23,0.0,0,fundingpips_1step,,7,2.0,1,,False,IS,391,7.7,0.0,0.0,53.5,38.9,4.6,5.2,7.94,-2.11,98071.0,53.5
s1,BTCUSD,momentum,24,[13],1.0,2.0,23,0.0,0,fundingpips_1step,,7,2.0,1,,False,OOS,395,10.6,0.0,0.0,44.6,44.8,4.6,5.5,7.87,-2.04,99486.0,44.6
s1,BTCUSD,momentum,24,[13],2.0,1.0,23,0.0,0,ftmo_1step,,7,2.0,1,,False,IS,391,2.0,0.0,0.0,10.2,87.7,5.8,6.9,6.32,-2.03,99560.0,10.2
s1,BTCUSD,momentum,24,[13],2.0,1.0,23,0.0,0,ftmo_1step,,7,2.0,1,,False,OOS,395,1.3,0.0,0.0,7.3,91.4,6.5,6.9,6.15,-2.03,99662.0,7.3
s1,BTCUSD,momentum,24,[13],2.0,1.0,23,0.0,0,fundingpips_1step,,7,2.0,1,,False,IS,391,2.0,0.0,0.0,29.4,68.5,5.8,6.3,5.84,-2.03,99624.0,29.4
s1,BTCUSD,momentum,24,[13],2.0,1.0,23,0.0,0,fundingpips_1step,,7,2.0,1,,False,OOS,395,1.3,0.0,0.0,21.8,77.0,6.5,6.5,5.86,-2.03,99625.0,21.8
s1,BTCUSD,momentum,24,[13],2.0,2.0,23,0.0,0,ftmo_1step,,7,2.0,1,,False,IS,391,9.5,0.0,0.0,21.5,69.1,5.7,6.6,7.35,-2.03,99866.0,21.5
s1,BTCUSD,momentum,24,[13],2.0,2.0,23,0.0,0,ftmo_1step,,7,2.0,1,,False,OOS,395,8.4,0.0,0.0,14.4,77.2,5.6,6.7,7.0,-2.0,100059.0,14.4
s1,BTCUSD,momentum,24,[13],2.0,2.0,23,0.0,0,fundingpips_1step,,7,2.0,1,,False,IS,391,10.7,0.0,0.0,33.8,55.5,5.7,6.0,6.71,-2.03,100169.0,33.8
s1,BTCUSD,momentum,24,[13],2.0,2.0,23,0.0,0,fundingpips_1step,,7,2.0,1,,False,OOS,395,8.4,0.0,0.0,29.4,62.3,5.6,6.1,6.54,-2.0,99962.0,29.4
s1,BTCUSD,momentum,24,[13],2.0,3.0,23,0.0,0,ftmo_1step,,7,2.0,1,,False,IS,391,9.2,3.1,0.0,27.4,60.4,5.7,6.4,7.7,-2.02,99773.0,27.4
s1,BTCUSD,momentum,24,[13],2.0,3.0,23,0.0,0,ftmo_1step,,7,2.0,1,,False,OOS,395,7.6,2.3,0.0,19.0,71.1,5.9,6.5,7.41,-1.99,99894.0,19.0
s1,BTCUSD,momentum,24,[13],2.0,3.0,23,0.0,0,fundingpips_1step,,7,2.0,1,,False,IS,391,13.6,0.0,0.0,38.4,48.1,4.9,5.8,7.0,-2.01,99975.0,38.4
s1,BTCUSD,momentum,24,[13],2.0,3.0,23,0.0,0,fundingpips_1step,,7,2.0,1,,False,OOS,395,9.9,0.0,0.0,33.7,56.5,4.9,6.0,6.96,-1.99,99783.0,33.7
s1,BTCUSD,momentum,24,[13],3.0,1.0,23,0.0,0,ftmo_1step,,7,2.0,1,,False,IS,391,1.3,0.0,0.0,5.4,93.4,5.9,7.0,5.62,-1.98,99654.0,5.4
s1,BTCUSD,momentum,24,[13],3.0,1.0,23,0.0,0,ftmo_1step,,7,2.0,1,,False,OOS,395,1.3,0.0,0.0,0.8,98.0,6.6,6.9,5.02,-1.97,100298.0,0.8
s1,BTCUSD,momentum,24,[13],3.0,1.0,23,0.0,0,fundingpips_1step,,7,2.0,1,,False,IS,391,1.3,0.0,0.0,20.7,78.0,5.9,6.6,5.31,-1.97,99672.0,20.7
s1,BTCUSD,momentum,24,[13],3.0,1.0,23,0.0,0,fundingpips_1step,,7,2.0,1,,False,OOS,395,1.3,0.0,0.0,13.4,85.3,6.6,6.7,4.9,-1.97,100167.0,13.4
s1,BTCUSD,momentum,24,[0],0.5,1.0,23,0.0,0,ftmo_1step,,7,2.0,1,,False,IS,391,0.5,0.0,0.0,34.0,65.5,6.0,6.6,8.32,-2.21,96499.0,34.0
s1,BTCUSD,momentum,24,[0],0.5,1.0,23,0.0,0,ftmo_1step,,7,2.0,1,,False,OOS,395,0.0,0.0,0.0,32.4,67.6,,6.5,8.33,-2.15,96845.0,32.4
s1,BTCUSD,momentum,24,[0],0.5,1.0,23,0.0,0,fundingpips_1step,,7,2.0,1,,False,IS,391,0.5,0.0,0.0,50.9,48.6,6.0,5.7,7.31,-2.2,97209.0,50.9
s1,BTCUSD,momentum,24,[0],0.5,1.0,23,0.0,0,fundingpips_1step,,7,2.0,1,,False,OOS,395,0.0,0.0,0.0,49.9,50.1,,5.8,7.55,-2.14,97265.0,49.9
s1,BTCUSD,momentum,24,[13],3.0,2.0,23,0.0,0,ftmo_1step,,7,2.0,1,,False,IS,391,5.6,0.0,0.0,7.4,87.0,4.8,6.9,6.11,-1.97,100040.0,7.4
s1,BTCUSD,momentum,24,[13],3.0,2.0,23,0.0,0,ftmo_1step,,7,2.0,1,,False,OOS,395,2.0,0.0,0.0,2.0,95.9,6.3,6.9,5.58,-1.97,100402.0,2.0
s1,BTCUSD,momentum,24,[13],3.0,2.0,23,0.0,0,fundingpips_1step,,7,2.0,1,,False,IS,391,5.6,0.0,0.0,24.8,69.6,4.8,6.5,5.74,-1.97,100042.0,24.8
s1,BTCUSD,momentum,24,[13],3.0,2.0,23,0.0,0,fundingpips_1step,,7,2.0,1,,False,OOS,395,2.0,0.0,0.0,15.7,82.3,6.3,6.7,5.41,-1.97,100287.0,15.7
s1,BTCUSD,momentum,24,[0],0.5,2.0,23,0.0,0,ftmo_1step,,7,2.0,1,,False,IS,391,5.1,0.0,0.0,51.2,43.7,5.0,5.9,9.27,-2.2,96380.0,51.2
s1,BTCUSD,momentum,24,[0],0.5,2.0,23,0.0,0,ftmo_1step,,7,2.0,1,,False,OOS,395,4.1,0.0,0.0,49.4,46.6,5.6,5.9,9.42,-2.14,96453.0,49.4
s1,BTCUSD,momentum,24,[0],0.5,2.0,23,0.0,0,fundingpips_1step,,7,2.0,1,,False,IS,391,4.9,0.0,0.0,60.4,34.8,5.0,4.9,7.92,-2.19,97190.0,60.4
s1,BTCUSD,momentum,24,[0],0.5,2.0,23,0.0,0,fundingpips_1step,,7,2.0,1,,False,OOS,395,4.1,0.0,0.0,61.5,34.4,5.6,5.0,8.3,-2.13,97063.0,61.5
s1,BTCUSD,momentum,24,[0],0.5,3.0,23,0.0,0,ftmo_1step,,7,2.0,1,,False,IS,391,7.2,2.8,0.0,63.9,26.1,5.8,5.4,9.93,-2.18,96503.0,63.9
s1,BTCUSD,momentum,24,[0],0.5,3.0,23,0.0,0,ftmo_1step,,7,2.0,1,,False,OOS,395,6.6,2.3,0.0,62.8,28.4,5.6,5.3,9.8,-2.13,96603.0,62.8
s1,BTCUSD,momentum,24,[0],0.5,3.0,23,0.0,0,fundingpips_1step,,7,2.0,1,,False,IS,391,9.7,0.0,0.0,67.8,22.5,5.0,4.5,8.68,-2.17,97243.0,67.8
s1,BTCUSD,momentum,24,[0],0.5,3.0,23,0.0,0,fundingpips_1step,,7,2.0,1,,False,OOS,395,9.1,0.0,0.0,64.3,26.6,4.9,4.5,8.59,-2.11,97369.0,64.3
s1,BTCUSD,momentum,24,[13],3.0,3.0,23,0.0,0,ftmo_1step,,7,2.0,1,,False,IS,391,4.9,1.0,0.0,10.5,83.6,5.7,6.8,6.52,-1.98,99924.0,10.5
s1,BTCUSD,momentum,24,[13],3.0,3.0,23,0.0,0,ftmo_1step,,7,2.0,1,,False,OOS,395,2.0,0.8,0.0,2.0,95.2,5.8,6.9,5.71,-1.97,100603.0,2.0
s1,BTCUSD,momentum,24,[13],3.0,3.0,23,0.0,0,fundingpips_1step,,7,2.0,1,,False,IS,391,5.9,0.0,0.0,27.9,66.2,5.7,6.5,6.14,-1.98,99993.0,27.9
s1,BTCUSD,momentum,24,[13],3.0,3.0,23,0.0,0,fundingpips_1step,,7,2.0,1,,False,OOS,395,2.8,0.0,0.0,16.2,81.0,4.9,6.6,5.53,-1.97,100433.0,16.2
s1,BTCUSD,momentum,24,[0],1.0,1.0,23,0.0,0,ftmo_1step,,7,2.0,1,,False,IS,391,1.8,0.0,0.0,14.6,83.6,6.0,6.8,6.89,-2.09,98669.0,14.6
s1,BTCUSD,momentum,24,[0],1.0,1.0,23,0.0,0,ftmo_1step,,7,2.0,1,,False,OOS,395,1.3,0.0,0.0,13.7,85.1,6.2,6.8,6.97,-2.06,98229.0,13.7
s1,BTCUSD,momentum,24,[0],1.0,1.0,23,0.0,0,fundingpips_1step,,7,2.0,1,,False,IS,391,1.8,0.0,0.0,32.5,65.7,6.0,6.0,6.26,-2.08,98777.0,32.5
s1,BTCUSD,momentum,24,[0],1.0,1.0,23,0.0,0,fundingpips_1step,,7,2.0,1,,False,OOS,395,1.3,0.0,0.0,31.4,67.3,6.2,6.1,6.45,-2.06,98369.0,31.4
s1,BTCUSD,momentum,24,[0],1.0,3.0,23,0.0,0,ftmo_1step,,7,2.0,1,,False,IS,391,9.5,3.3,0.0,53.2,34.0,5.0,5.6,8.98,-2.07,98184.0,53.2
s1,BTCUSD,momentum,24,[0],1.0,3.0,23,0.0,0,ftmo_1step,,7,2.0,1,,False,OOS,395,7.8,2.8,0.0,45.1,44.3,5.5,5.9,8.84,-2.04,98469.0,45.1
s1,BTCUSD,momentum,24,[0],1.0,3.0,23,0.0,0,fundingpips_1step,,7,2.0,1,,False,IS,391,12.5,0.0,0.0,52.9,34.5,4.5,4.8,8.13,-2.07,98643.0,52.9
s1,BTCUSD,momentum,24,[0],1.0,3.0,23,0.0,0,fundingpips_1step,,7,2.0,1,,False,OOS,395,10.6,0.0,0.0,45.3,44.1,4.9,5.2,8.18,-2.04,98733.0,45.3
s1,BTCUSD,momentum,24,[0],1.0,2.0,23,0.0,0,ftmo_1step,,7,2.0,1,,False,IS,391,6.9,0.0,0.0,36.1,57.0,5.0,6.2,8.25,-2.09,98554.0,36.1
s1,BTCUSD,momentum,24,[0],1.0,2.0,23,0.0,0,ftmo_1step,,7,2.0,1,,False,OOS,395,5.8,0.0,0.0,34.7,59.5,5.9,6.3,8.31,-2.05,98347.0,34.7
s1,BTCUSD,momentum,24,[0],1.0,2.0,23,0.0,0,fundingpips_1step,,7,2.0,1,,False,IS,391,6.9,0.0,0.0,46.0,47.1,5.0,5.4,7.43,-2.08,98770.0,46.0
s1,BTCUSD,momentum,24,[0],1.0,2.0,23,0.0,0,fundingpips_1step,,7,2.0,1,,False,OOS,395,5.8,0.0,0.0,46.1,48.1,5.9,5.5,7.57,-2.05,98687.0,46.1
s1,BTCUSD,momentum,24,[0],2.0,1.0,23,0.0,0,ftmo_1step,,7,2.0,1,,False,IS,391,0.5,0.0,0.0,7.7,91.8,6.3,6.9,5.97,-2.03,99261.0,7.7
s1,BTCUSD,momentum,24,[0],2.0,1.0,23,0.0,0,ftmo_1step,,7,2.0,1,,False,OOS,395,0.5,0.0,0.0,8.9,90.6,6.4,6.9,6.0,-2.02,99315.0,8.9
s1,BTCUSD,momentum,24,[0],2.0,1.0,23,0.0,0,fundingpips_1step,,7,2.0,1,,False,IS,391,0.5,0.0,0.0,25.3,74.2,6.3,6.4,5.55,-2.03,99274.0,25.3
s1,BTCUSD,momentum,24,[0],2.0,1.0,23,0.0,0,fundingpips_1step,,7,2.0,1,,False,OOS,395,0.5,0.0,0.0,22.8,76.7,6.4,6.4,5.63,-2.01,99341.0,22.8
s1,BTCUSD,momentum,24,[0],2.0,2.0,23,0.0,0,ftmo_1step,,7,2.0,1,,False,IS,391,6.9,0.0,0.0,16.6,76.5,5.7,6.7,7.02,-2.03,99662.0,16.6
s1,BTCUSD,momentum,24,[0],2.0,2.0,23,0.0,0,ftmo_1step,,7,2.0,1,,False,OOS,395,4.8,0.0,0.0,15.4,79.7,5.7,6.7,6.91,-2.02,99866.0,15.4
s1,BTCUSD,momentum,24,[0],2.0,2.0,23,0.0,0,fundingpips_1step,,7,2.0,1,,False,IS,391,6.9,0.0,0.0,34.8,58.3,5.7,5.9,6.33,-2.03,99816.0,34.8
s1,BTCUSD,momentum,24,[0],2.0,2.0,23,0.0,0,fundingpips_1step,,7,2.0,1,,False,OOS,395,4.8,0.0,0.0,26.8,68.4,5.7,6.2,6.38,-2.01,99981.0,26.8
s1,BTCUSD,momentum,24,[0],2.0,3.0,23,0.0,0,ftmo_1step,,7,2.0,1,,False,IS,391,11.0,2.0,0.0,23.0,63.9,5.6,6.3,7.46,-2.01,100078.0,23.0
s1,BTCUSD,momentum,24,[0],2.0,3.0,23,0.0,0,ftmo_1step,,7,2.0,1,,False,OOS,395,3.3,2.5,0.0,18.2,75.9,6.5,6.6,7.45,-2.01,99633.0,18.2
s1,BTCUSD,momentum,24,[0],2.0,3.0,23,0.0,0,fundingpips_1step,,7,2.0,1,,False,IS,391,12.8,0.0,0.0,37.3,49.9,5.1,5.7,6.81,-2.01,100194.0,37.3
s1,BTCUSD,momentum,24,[0],2.0,3.0,23,0.0,0,fundingpips_1step,,7,2.0,1,,False,OOS,395,5.8,0.0,0.0,29.9,64.3,5.9,6.1,6.95,-2.0,99683.0,29.9
s1,BTCUSD,momentum,24,[0],3.0,1.0,23,0.0,0,ftmo_1step,,7,2.0,1,,False,IS,391,0.5,0.0,0.0,2.0,97.4,6.3,7.0,5.26,-1.98,99386.0,2.0
s1,BTCUSD,momentum,24,[0],3.0,1.0,23,0.0,0,ftmo_1step,,7,2.0,1,,False,OOS,395,0.0,0.0,0.0,0.8,99.2,,6.9,4.82,-1.98,100024.0,0.8
s1,BTCUSD,momentum,24,[0],3.0,1.0,23,0.0,0,fundingpips_1step,,7,2.0,1,,False,IS,391,0.5,0.0,0.0,19.9,79.5,6.3,6.6,4.98,-1.97,99393.0,19.9
s1,BTCUSD,momentum,24,[0],3.0,1.0,23,0.0,0,fundingpips_1step,,7,2.0,1,,False,OOS,395,0.0,0.0,0.0,11.1,88.9,,6.7,4.69,-1.98,99996.0,11.1
s1,BTCUSD,momentum,72,[8],0.5,1.0,23,0.0,0,ftmo_1step,,7,2.0,1,,False,IS,391,0.3,0.0,0.0,21.7,78.0,5.3,6.7,7.8,-2.23,97569.0,21.7
s1,BTCUSD,momentum,72,[8],0.5,1.0,23,0.0,0,ftmo_1step,,7,2.0,1,,False,OOS,395,1.0,0.0,0.0,25.1,73.9,5.3,6.7,7.9,-2.15,98036.0,25.1
s1,BTCUSD,momentum,72,[8],0.5,1.0,23,0.0,0,fundingpips_1step,,7,2.0,1,,False,IS,391,0.3,0.0,0.0,42.2,57.5,5.3,6.1,7.2,-2.22,97882.0,42.2
s1,BTCUSD,momentum,72,[8],0.5,1.0,23,0.0,0,fundingpips_1step,,7,2.0,1,,False,OOS,395,1.0,0.0,0.0,40.8,58.2,5.3,6.0,7.21,-2.14,98272.0,40.8
s1,BTCUSD,momentum,24,[0],3.0,2.0,23,0.0,0,ftmo_1step,,7,2.0,1,,False,IS,391,3.1,0.0,0.0,4.3,92.6,4.9,6.9,5.93,-1.99,100052.0,4.3
s1,BTCUSD,momentum,24,[0],3.0,2.0,23,0.0,0,ftmo_1step,,7,2.0,1,,False,OOS,395,1.5,0.0,0.0,2.3,96.2,4.5,6.9,5.53,-1.98,100197.0,2.3
s1,BTCUSD,momentum,24,[0],3.0,2.0,23,0.0,0,fundingpips_1step,,7,2.0,1,,False,IS,391,3.1,0.0,0.0,23.8,73.1,4.9,6.5,5.62,-1.99,100011.0,23.8
s1,BTCUSD,momentum,24,[0],3.0,2.0,23,0.0,0,fundingpips_1step,,7,2.0,1,,False,OOS,395,1.5,0.0,0.0,14.7,83.8,4.5,6.6,5.36,-1.98,100120.0,14.7
s1,BTCUSD,momentum,72,[8],0.5,2.0,23,0.0,0,ftmo_1step,,7,2.0,1,,False,IS,391,7.7,0.0,0.0,42.7,49.6,4.4,6.1,8.94,-2.2,98137.0,42.7
s1,BTCUSD,momentum,72,[8],0.5,2.0,23,0.0,0,ftmo_1step,,7,2.0,1,,False,OOS,395,9.9,0.0,0.0,39.0,51.1,4.3,6.1,8.64,-2.12,99079.0,39.0
s1,BTCUSD,momentum,72,[8],0.5,2.0,23,0.0,0,fundingpips_1step,,7,2.0,1,,False,IS,391,7.7,0.0,0.0,51.2,41.2,4.4,5.3,8.11,-2.2,98465.0,51.2
s1,BTCUSD,momentum,72,[8],0.5,2.0,23,0.0,0,fundingpips_1step,,7,2.0,1,,False,OOS,395,9.9,0.0,0.0,43.5,46.6,4.3,5.4,7.99,-2.11,99188.0,43.5
s1,BTCUSD,momentum,72,[8],0.5,3.0,23,0.0,0,ftmo_1step,,7,2.0,1,,False,IS,391,8.2,4.6,0.0,56.8,30.4,5.3,5.4,9.59,-2.15,98073.0,56.8
s1,BTCUSD,momentum,72,[8],0.5,3.0,23,0.0,0,ftmo_1step,,7,2.0,1,,False,OOS,395,11.1,6.1,0.0,55.2,27.6,4.5,5.4,9.32,-2.09,99146.0,55.2
s1,BTCUSD,momentum,72,[8],0.5,3.0,23,0.0,0,fundingpips_1step,,7,2.0,1,,False,IS,391,14.6,0.0,0.0,61.4,24.0,4.3,4.7,8.9,-2.14,98683.0,61.4
s1,BTCUSD,momentum,72,[8],0.5,3.0,23,0.0,0,fundingpips_1step,,7,2.0,1,,False,OOS,395,18.2,0.0,0.0,56.2,25.6,4.3,4.9,8.75,-2.08,99755.0,56.2
s1,BTCUSD,momentum,24,[0],3.0,3.0,23,0.0,0,ftmo_1step,,7,2.0,1,,False,IS,391,3.8,1.0,0.0,5.1,90.0,5.2,6.8,6.29,-1.99,100050.0,5.1
s1,BTCUSD,momentum,24,[0],3.0,3.0,23,0.0,0,ftmo_1step,,7,2.0,1,,False,OOS,395,3.5,1.0,0.0,2.3,93.2,6.3,6.8,5.68,-1.98,100664.0,2.3
s1,BTCUSD,momentum,24,[0],3.0,3.0,23,0.0,0,fundingpips_1step,,7,2.0,1,,False,IS,391,4.9,0.0,0.0,25.8,69.3,4.9,6.4,5.97,-1.98,99964.0,25.8
s1,BTCUSD,momentum,24,[0],3.0,3.0,23,0.0,0,fundingpips_1step,,7,2.0,1,,False,OOS,395,4.6,0.0,0.0,15.2,80.3,5.9,6.6,5.51,-1.98,100550.0,15.2
s1,BTCUSD,momentum,72,[8],1.0,1.0,23,0.0,0,ftmo_1step,,7,2.0,1,,False,IS,391,2.3,0.0,0.0,14.3,83.4,5.4,6.8,6.64,-2.11,99637.0,14.3
s1,BTCUSD,momentum,72,[8],1.0,1.0,23,0.0,0,ftmo_1step,,7,2.0,1,,False,OOS,395,1.5,0.0,0.0,13.9,84.6,5.5,6.8,6.67,-2.06,99779.0,13.9
s1,BTCUSD,momentum,72,[8],1.0,1.0,23,0.0,0,fundingpips_1step,,7,2.0,1,,False,IS,391,2.3,0.0,0.0,27.6,70.1,5.4,6.3,6.19,-2.1,99810.0,27.6
s1,BTCUSD,momentum,72,[8],1.0,1.0,23,0.0,0,fundingpips_1step,,7,2.0,1,,False,OOS,395,1.5,0.0,0.0,28.6,69.9,5.5,6.3,6.28,-2.06,99857.0,28.6
s1,BTCUSD,momentum,72,[8],1.0,3.0,23,0.0,0,ftmo_1step,,7,2.0,1,,False,IS,391,18.4,5.9,0.0,47.6,28.1,4.7,5.5,8.64,-2.04,100635.0,47.6
s1,BTCUSD,momentum,72,[8],1.0,3.0,23,0.0,0,ftmo_1step,,7,2.0,1,,False,OOS,395,12.7,7.6,0.0,47.3,32.4,4.7,5.4,8.68,-2.0,100269.0,47.3
s1,BTCUSD,momentum,72,[8],1.0,3.0,23,0.0,0,fundingpips_1step,,7,2.0,1,,False,IS,391,23.8,0.0,0.0,45.5,30.7,3.9,5.0,8.22,-2.04,100510.0,45.5
s1,BTCUSD,momentum,72,[8],1.0,3.0,23,0.0,0,fundingpips_1step,,7,2.0,1,,False,OOS,395,20.0,0.0,0.0,48.6,31.4,3.6,4.9,8.44,-2.01,100146.0,48.6
s1,BTCUSD,momentum,72,[8],1.0,2.0,23,0.0,0,ftmo_1step,,7,2.0,1,,False,IS,391,13.3,0.0,0.0,30.9,55.8,4.5,6.2,7.95,-2.09,100672.0,30.9
s1,BTCUSD,momentum,72,[8],1.0,2.0,23,0.0,0,ftmo_1step,,7,2.0,1,,False,OOS,395,11.1,0.0,0.0,31.9,57.0,4.6,6.2,8.11,-2.06,99973.0,31.9
s1,BTCUSD,momentum,72,[8],1.0,2.0,23,0.0,0,fundingpips_1step,,7,2.0,1,,False,IS,391,13.6,0.0,0.0,38.9,47.6,4.6,5.6,7.4,-2.08,100663.0,38.9
s1,BTCUSD,momentum,72,[8],1.0,2.0,23,0.0,0,fundingpips_1step,,7,2.0,1,,False,OOS,395,11.1,0.0,0.0,39.2,49.6,4.6,5.6,7.64,-2.06,99941.0,39.2
s1,BTCUSD,momentum,72,[8],2.0,1.0,23,0.0,0,ftmo_1step,,7,2.0,1,,False,IS,391,1.3,0.0,0.0,6.1,92.6,6.5,6.9,5.69,-2.05,100617.0,6.1
s1,BTCUSD,momentum,72,[8],2.0,1.0,23,0.0,0,ftmo_1step,,7,2.0,1,,False,OOS,395,2.5,0.0,0.0,7.1,90.4,6.2,6.9,6.0,-2.02,100042.0,7.1
s1,BTCUSD,momentum,72,[8],2.0,1.0,23,0.0,0,fundingpips_1step,,7,2.0,1,,False,IS,391,1.3,0.0,0.0,17.9,80.8,6.5,6.6,5.43,-2.05,100596.0,17.9
s1,BTCUSD,momentum,72,[8],2.0,1.0,23,0.0,0,fundingpips_1step,,7,2.0,1,,False,OOS,395,2.5,0.0,0.0,23.5,73.9,6.2,6.4,5.67,-2.02,99929.0,23.5
s1,BTCUSD,momentum,72,[8],2.0,2.0,23,0.0,0,ftmo_1step,,7,2.0,1,,False,IS,391,10.5,0.0,0.0,14.8,74.7,5.3,6.7,6.92,-2.03,100619.0,14.8
s1,BTCUSD,momentum,72,[8],2.0,2.0,23,0.0,0,ftmo_1step,,7,2.0,1,,False,OOS,395,10.6,0.0,0.0,19.0,70.4,4.6,6.6,7.17,-1.99,100223.0,19.0
s1,BTCUSD,momentum,72,[8],2.0,2.0,23,0.0,0,fundingpips_1step,,7,2.0,1,,False,IS,391,10.5,0.0,0.0,25.3,64.2,5.3,6.2,6.52,-2.03,100590.0,25.3
s1,BTCUSD,momentum,72,[8],2.0,2.0,23,0.0,0,fundingpips_1step,,7,2.0,1,,False,OOS,395,10.6,0.0,0.0,28.9,60.5,4.6,6.0,6.76,-1.99,100225.0,28.9
s1,BTCUSD,momentum,72,[8],2.0,3.0,23,0.0,0,ftmo_1step,,7,2.0,1,,False,IS,391,14.1,1.8,0.0,18.9,65.2,4.9,6.5,7.3,-2.02,101023.0,18.9
s1,BTCUSD,momentum,72,[8],2.0,3.0,23,0.0,0,ftmo_1step,,7,2.0,1,,False,OOS,395,9.6,2.8,0.0,21.0,66.6,5.7,6.5,7.48,-1.99,100189.0,21.0
s1,BTCUSD,momentum,72,[8],2.0,3.0,23,0.0,0,fundingpips_1step,,7,2.0,1,,False,IS,391,15.9,0.0,0.0,27.6,56.5,4.9,6.0,6.91,-2.02,100991.0,27.6
s1,BTCUSD,momentum,72,[8],2.0,3.0,23,0.0,0,fundingpips_1step,,7,2.0,1,,False,OOS,395,12.4,0.0,0.0,32.2,55.4,3.9,5.9,7.04,-1.99,100098.0,32.2
s1,BTCUSD,momentum,72,[8],3.0,1.0,23,0.0,0,ftmo_1step,,7,2.0,1,,False,IS,391,1.5,0.0,0.0,1.5,96.9,6.5,7.0,5.09,-2.0,100440.0,1.5
s1,BTCUSD,momentum,72,[8],3.0,1.0,23,0.0,0,ftmo_1step,,7,2.0,1,,False,OOS,395,1.5,0.0,0.0,2.5,95.9,6.5,6.9,5.24,-1.98,100281.0,2.5
s1,BTCUSD,momentum,72,[8],3.0,1.0,23,0.0,0,fundingpips_1step,,7,2.0,1,,False,IS,391,1.5,0.0,0.0,12.8,85.7,6.5,6.8,4.93,-2.0,100365.0,12.8
s1,BTCUSD,momentum,72,[8],3.0,1.0,23,0.0,0,fundingpips_1step,,7,2.0,1,,False,OOS,395,1.5,0.0,0.0,14.9,83.5,6.5,6.7,5.06,-1.98,100149.0,14.9
s1,BTCUSD,momentum,72,[13],0.5,1.0,23,0.0,0,ftmo_1step,,7,2.0,1,,False,IS,391,0.0,0.0,0.0,48.3,51.7,,6.3,9.58,-2.22,95577.0,48.3
s1,BTCUSD,momentum,72,[13],0.5,1.0,23,0.0,0,ftmo_1step,,7,2.0,1,,False,OOS,395,1.0,0.0,0.0,29.9,69.1,5.5,6.5,8.17,-2.16,98284.0,29.9
s1,BTCUSD,momentum,72,[13],0.5,1.0,23,0.0,0,fundingpips_1step,,7,2.0,1,,False,IS,391,0.0,0.0,0.0,61.9,38.1,,5.4,8.27,-2.23,96367.0,61.9
s1,BTCUSD,momentum,72,[13],0.5,1.0,23,0.0,0,fundingpips_1step,,7,2.0,1,,False,OOS,395,1.0,0.0,0.0,40.8,58.2,5.5,6.0,7.65,-2.15,98622.0,40.8
s1,BTCUSD,momentum,72,[8],3.0,2.0,23,0.0,0,ftmo_1step,,7,2.0,1,,False,IS,391,7.4,0.0,0.0,4.3,88.2,5.7,6.9,5.85,-1.99,100821.0,4.3
s1,BTCUSD,momentum,72,[8],3.0,2.0,23,0.0,0,ftmo_1step,,7,2.0,1,,False,OOS,395,3.5,0.0,0.0,4.6,91.9,4.9,6.9,5.92,-1.98,100184.0,4.6
s1,BTCUSD,momentum,72,[8],3.0,2.0,23,0.0,0,fundingpips_1step,,7,2.0,1,,False,IS,391,7.4,0.0,0.0,16.6,76.0,5.7,6.6,5.64,-1.99,100720.0,16.6
s1,BTCUSD,momentum,72,[8],3.0,2.0,23,0.0,0,fundingpips_1step,,7,2.0,1,,False,OOS,395,3.5,0.0,0.0,19.2,77.2,4.9,6.5,5.66,-1.97,100056.0,19.2
s1,BTCUSD,momentum,72,[13],0.5,3.0,23,0.0,0,ftmo_1step,,7,2.0,1,,False,IS,391,5.4,2.3,0.0,68.0,24.3,4.6,5.3,10.54,-2.18,96276.0,68.0
s1,BTCUSD,momentum,72,[13],0.5,3.0,23,0.0,0,ftmo_1step,,7,2.0,1,,False,OOS,395,10.6,6.8,0.0,64.6,18.0,4.5,5.0,9.9,-2.07,98696.0,64.6
s1,BTCUSD,momentum,72,[13],0.5,3.0,23,0.0,0,fundingpips_1step,,7,2.0,1,,False,IS,391,11.0,0.0,0.0,70.6,18.4,4.5,4.5,9.35,-2.19,97219.0,70.6
s1,BTCUSD,momentum,72,[13],0.5,3.0,23,0.0,0,fundingpips_1step,,7,2.0,1,,False,OOS,395,19.0,0.0,0.0,59.0,22.0,3.6,4.5,9.16,-2.06,99369.0,59.0
s1,BTCUSD,momentum,72,[13],0.5,2.0,23,0.0,0,ftmo_1step,,7,2.0,1,,False,IS,391,5.4,0.0,0.0,59.8,34.8,4.5,5.7,10.16,-2.19,96077.0,59.8
s1,BTCUSD,momentum,72,[13],0.5,2.0,23,0.0,0,ftmo_1step,,7,2.0,1,,False,OOS,395,11.4,0.0,0.0,49.4,39.2,4.5,5.7,9.29,-2.12,98734.0,49.4
s1,BTCUSD,momentum,72,[13],0.5,2.0,23,0.0,0,fundingpips_1step,,7,2.0,1,,False,IS,391,7.7,0.0,0.0,65.0,27.4,4.5,4.8,8.87,-2.2,96974.0,65.0
s1,BTCUSD,momentum,72,[13],0.5,2.0,23,0.0,0,fundingpips_1step,,7,2.0,1,,False,OOS,395,13.9,0.0,0.0,48.6,37.5,4.5,5.1,8.47,-2.11,99516.0,48.6
s1,BTCUSD,momentum,72,[8],3.0,3.0,23,0.0,0,ftmo_1step,,7,2.0,1,,False,IS,391,6.1,3.6,0.0,4.9,85.4,5.7,6.8,6.13,-1.98,100818.0,4.9
s1,BTCUSD,momentum,72,[8],3.0,3.0,23,0.0,0,ftmo_1step,,7,2.0,1,,False,OOS,395,3.8,3.0,0.0,4.6,88.6,4.9,6.8,6.04,-1.96,100371.0,4.6
s1,BTCUSD,momentum,72,[8],3.0,3.0,23,0.0,0,fundingpips_1step,,7,2.0,1,,False,IS,391,9.7,0.0,0.0,17.4,72.9,5.8,6.6,5.91,-1.98,100762.0,17.4
s1,BTCUSD,momentum,72,[8],3.0,3.0,23,0.0,0,fundingpips_1step,,7,2.0,1,,False,OOS,395,6.8,0.0,0.0,19.7,73.4,4.6,6.4,5.78,-1.96,100201.0,19.7
s1,BTCUSD,momentum,72,[13],1.0,1.0,23,0.0,0,ftmo_1step,,7,2.0,1,,False,IS,391,0.3,0.0,0.0,24.8,74.9,5.5,6.7,7.74,-2.13,97899.0,24.8
s1,BTCUSD,momentum,72,[13],1.0,1.0,23,0.0,0,ftmo_1step,,7,2.0,1,,False,OOS,395,1.5,0.0,0.0,14.9,83.5,6.5,6.8,6.83,-2.08,99272.0,14.9
s1,BTCUSD,momentum,72,[13],1.0,1.0,23,0.0,0,fundingpips_1step,,7,2.0,1,,False,IS,391,0.3,0.0,0.0,41.9,57.8,5.5,5.9,6.95,-2.13,98328.0,41.9
s1,BTCUSD,momentum,72,[13],1.0,1.0,23,0.0,0,fundingpips_1step,,7,2.0,1,,False,OOS,395,1.5,0.0,0.0,30.4,68.1,6.5,6.2,6.27,-2.07,99495.0,30.4
s1,BTCUSD,momentum,72,[13],1.0,2.0,23,0.0,0,ftmo_1step,,7,2.0,1,,False,IS,391,6.9,0.0,0.0,45.0,48.1,4.6,6.1,8.85,-2.11,97889.0,45.0
s1,BTCUSD,momentum,72,[13],1.0,2.0,23,0.0,0,ftmo_1step,,7,2.0,1,,False,OOS,395,9.4,0.0,0.0,32.2,58.5,4.6,6.2,8.38,-2.05,99361.0,32.2
s1,BTCUSD,momentum,72,[13],1.0,2.0,23,0.0,0,fundingpips_1step,,7,2.0,1,,False,IS,391,8.4,0.0,0.0,52.4,39.1,4.7,5.2,7.97,-2.11,98413.0,52.4
s1,BTCUSD,momentum,72,[13],1.0,2.0,23,0.0,0,fundingpips_1step,,7,2.0,1,,False,OOS,395,9.6,0.0,0.0,41.8,48.6,4.6,5.5,7.67,-2.05,99469.0,41.8
s1,BTCUSD,momentum,72,[13],1.0,3.0,23,0.0,0,ftmo_1step,,7,2.0,1,,False,IS,391,9.7,1.8,0.0,52.4,36.1,4.6,5.7,9.16,-2.1,98230.0,52.4
s1,BTCUSD,momentum,72,[13],1.0,3.0,23,0.0,0,ftmo_1step,,7,2.0,1,,False,OOS,395,11.6,5.3,0.0,49.6,33.4,4.9,5.6,9.01,-2.03,99040.0,49.6
s1,BTCUSD,momentum,72,[13],1.0,3.0,23,0.0,0,fundingpips_1step,,7,2.0,1,,False,IS,391,13.6,0.0,0.0,56.0,30.4,4.5,4.9,8.37,-2.1,98698.0,56.0
s1,BTCUSD,momentum,72,[13],1.0,3.0,23,0.0,0,fundingpips_1step,,7,2.0,1,,False,OOS,395,15.9,0.0,0.0,51.9,32.2,3.7,4.9,8.35,-2.02,99203.0,51.9
s1,BTCUSD,momentum,72,[13],2.0,1.0,23,0.0,0,ftmo_1step,,7,2.0,1,,False,IS,391,1.3,0.0,0.0,7.2,91.6,5.6,6.9,6.04,-2.04,100046.0,7.2
s1,BTCUSD,momentum,72,[13],2.0,1.0,23,0.0,0,ftmo_1step,,7,2.0,1,,False,OOS,395,1.0,0.0,0.0,8.1,90.9,5.9,6.9,6.13,-2.02,99809.0,8.1
s1,BTCUSD,momentum,72,[13],2.0,1.0,23,0.0,0,fundingpips_1step,,7,2.0,1,,False,IS,391,1.3,0.0,0.0,22.5,76.2,5.6,6.5,5.69,-2.04,99937.0,22.5
s1,BTCUSD,momentum,72,[13],2.0,1.0,23,0.0,0,fundingpips_1step,,7,2.0,1,,False,OOS,395,1.0,0.0,0.0,21.3,77.7,5.9,6.5,5.84,-2.02,99746.0,21.3
s1,BTCUSD,momentum,72,[13],2.0,2.0,23,0.0,0,ftmo_1step,,7,2.0,1,,False,IS,391,9.5,0.0,0.0,19.4,71.1,5.6,6.7,7.22,-2.03,100057.0,19.4
s1,BTCUSD,momentum,72,[13],2.0,2.0,23,0.0,0,ftmo_1step,,7,2.0,1,,False,OOS,395,7.8,0.0,0.0,15.7,76.5,4.9,6.7,7.14,-2.0,99729.0,15.7
s1,BTCUSD,momentum,72,[13],2.0,2.0,23,0.0,0,fundingpips_1step,,7,2.0,1,,False,IS,391,10.0,0.0,0.0,29.9,60.1,5.6,6.1,6.71,-2.03,100158.0,29.9
s1,BTCUSD,momentum,72,[13],2.0,2.0,23,0.0,0,fundingpips_1step,,7,2.0,1,,False,OOS,395,7.8,0.0,0.0,31.1,61.0,4.9,6.1,6.66,-2.0,99638.0,31.1
s1,BTCUSD,momentum,72,[13],2.0,3.0,23,0.0,0,ftmo_1step,,7,2.0,1,,False,IS,391,8.2,2.3,0.0,27.1,62.4,4.9,6.5,7.66,-2.03,99736.0,27.1
s1,BTCUSD,momentum,72,[13],2.0,3.0,23,0.0,0,ftmo_1step,,7,2.0,1,,False,OOS,395,5.1,4.8,0.0,19.0,71.1,4.9,6.5,7.39,-1.98,99902.0,19.0
s1,BTCUSD,momentum,72,[13],2.0,3.0,23,0.0,0,fundingpips_1step,,7,2.0,1,,False,IS,391,11.3,0.0,0.0,35.0,53.7,4.9,5.9,7.11,-2.02,99945.0,35.0
s1,BTCUSD,momentum,72,[13],2.0,3.0,23,0.0,0,fundingpips_1step,,7,2.0,1,,False,OOS,395,9.9,0.0,0.0,34.7,55.4,3.9,6.0,6.9,-1.98,99791.0,34.7
s1,BTCUSD,momentum,72,[13],3.0,1.0,23,0.0,0,ftmo_1step,,7,2.0,1,,False,IS,391,0.8,0.0,0.0,1.3,98.0,5.9,7.0,5.32,-1.98,99979.0,1.3
s1,BTCUSD,momentum,72,[13],3.0,1.0,23,0.0,0,ftmo_1step,,7,2.0,1,,False,OOS,395,0.3,0.0,0.0,1.5,98.2,5.9,6.9,5.29,-1.98,99766.0,1.5
s1,BTCUSD,momentum,72,[13],3.0,1.0,23,0.0,0,fundingpips_1step,,7,2.0,1,,False,IS,391,0.8,0.0,0.0,14.1,85.2,5.9,6.8,5.17,-1.98,99877.0,14.1
s1,BTCUSD,momentum,72,[13],3.0,1.0,23,0.0,0,fundingpips_1step,,7,2.0,1,,False,OOS,395,0.3,0.0,0.0,11.6,88.1,5.9,6.8,5.13,-1.98,99734.0,11.6
s1,BTCUSD,momentum,72,[0],0.5,1.0,23,0.0,0,ftmo_1step,,7,2.0,1,,False,IS,391,0.0,0.0,0.0,31.2,68.8,,6.6,8.27,-2.21,96421.0,31.2
s1,BTCUSD,momentum,72,[0],0.5,1.0,23,0.0,0,ftmo_1step,,7,2.0,1,,False,OOS,395,0.3,0.0,0.0,30.1,69.6,6.1,6.5,8.34,-2.14,96884.0,30.1
s1,BTCUSD,momentum,72,[0],0.5,1.0,23,0.0,0,fundingpips_1step,,7,2.0,1,,False,IS,391,0.0,0.0,0.0,50.6,49.4,,5.8,7.29,-2.19,97075.0,50.6
s1,BTCUSD,momentum,72,[0],0.5,1.0,23,0.0,0,fundingpips_1step,,7,2.0,1,,False,OOS,395,0.3,0.0,0.0,47.6,52.2,6.1,5.7,7.51,-2.14,97137.0,47.6
s1,BTCUSD,momentum,72,[13],3.0,2.0,23,0.0,0,ftmo_1step,,7,2.0,1,,False,IS,391,5.4,0.0,0.0,4.9,89.8,5.6,6.9,5.95,-1.98,100164.0,4.9
s1,BTCUSD,momentum,72,[13],3.0,2.0,23,0.0,0,ftmo_1step,,7,2.0,1,,False,OOS,395,3.0,0.0,0.0,2.3,94.7,5.7,6.9,5.73,-1.97,99965.0,2.3
s1,BTCUSD,momentum,72,[13],3.0,2.0,23,0.0,0,fundingpips_1step,,7,2.0,1,,False,IS,391,5.4,0.0,0.0,19.7,74.9,5.6,6.6,5.69,-1.98,100156.0,19.7
s1,BTCUSD,momentum,72,[13],3.0,2.0,23,0.0,0,fundingpips_1step,,7,2.0,1,,False,OOS,395,3.0,0.0,0.0,15.7,81.3,5.7,6.7,5.55,-1.97,99864.0,15.7
s1,BTCUSD,momentum,72,[0],0.5,2.0,23,0.0,0,ftmo_1step,,7,2.0,1,,False,IS,391,7.7,0.0,0.0,46.3,46.0,5.2,6.1,9.11,-2.19,96915.0,46.3
s1,BTCUSD,momentum,72,[0],0.5,2.0,23,0.0,0,ftmo_1step,,7,2.0,1,,False,OOS,395,2.3,0.0,0.0,51.1,46.6,6.0,6.0,9.33,-2.14,96571.0,51.1
s1,BTCUSD,momentum,72,[0],0.5,2.0,23,0.0,0,fundingpips_1step,,7,2.0,1,,False,IS,391,7.7,0.0,0.0,59.6,32.7,5.2,4.9,7.72,-2.17,97728.0,59.6
s1,BTCUSD,momentum,72,[0],0.5,2.0,23,0.0,0,fundingpips_1step,,7,2.0,1,,False,OOS,395,2.3,0.0,0.0,57.5,40.3,6.0,5.0,8.18,-2.13,97072.0,57.5
s1,BTCUSD,momentum,72,[13],3.0,3.0,23,0.0,0,ftmo_1step,,7,2.0,1,,False,IS,391,6.4,1.3,0.0,6.4,85.9,5.7,6.8,6.33,-1.98,100263.0,6.4
s1,BTCUSD,momentum,72,[13],3.0,3.0,23,0.0,0,ftmo_1step,,7,2.0,1,,False,OOS,395,1.0,0.8,0.0,2.5,95.7,6.4,6.9,5.97,-1.98,99921.0,2.5
s1,BTCUSD,momentum,72,[13],3.0,3.0,23,0.0,0,fundingpips_1step,,7,2.0,1,,False,IS,391,7.7,0.0,0.0,22.3,70.1,4.9,6.5,6.06,-1.98,100260.0,22.3
s1,BTCUSD,momentum,72,[13],3.0,3.0,23,0.0,0,fundingpips_1step,,7,2.0,1,,False,OOS,395,1.8,0.0,0.0,15.4,82.8,5.9,6.7,5.79,-1.98,99800.0,15.4
s1,BTCUSD,momentum,72,[0],0.5,3.0,23,0.0,0,ftmo_1step,,7,2.0,1,,False,IS,391,8.2,2.8,0.0,61.4,27.6,5.9,5.4,9.94,-2.18,96846.0,61.4
s1,BTCUSD,momentum,72,[0],0.5,3.0,23,0.0,0,ftmo_1step,,7,2.0,1,,False,OOS,395,5.3,2.5,0.0,65.6,26.6,6.0,5.3,9.77,-2.11,96529.0,65.6
s1,BTCUSD,momentum,72,[0],0.5,3.0,23,0.0,0,fundingpips_1step,,7,2.0,1,,False,IS,391,10.7,0.0,0.0,65.0,24.3,5.0,4.5,8.72,-2.16,97473.0,65.0
s1,BTCUSD,momentum,72,[0],0.5,3.0,23,0.0,0,fundingpips_1step,,7,2.0,1,,False,OOS,395,8.4,0.0,0.0,66.1,25.6,5.1,4.5,8.62,-2.1,97153.0,66.1
s1,BTCUSD,momentum,72,[0],1.0,1.0,23,0.0,0,ftmo_1step,,7,2.0,1,,False,IS,391,1.0,0.0,0.0,17.6,81.3,6.0,6.8,6.91,-2.1,98428.0,17.6
s1,BTCUSD,momentum,72,[0],1.0,1.0,23,0.0,0,ftmo_1step,,7,2.0,1,,False,OOS,395,0.0,0.0,0.0,15.7,84.3,,6.7,6.79,-2.06,98495.0,15.7
s1,BTCUSD,momentum,72,[0],1.0,1.0,23,0.0,0,fundingpips_1step,,7,2.0,1,,False,IS,391,1.0,0.0,0.0,35.3,63.7,6.0,6.0,6.21,-2.09,98734.0,35.3
s1,BTCUSD,momentum,72,[0],1.0,1.0,23,0.0,0,fundingpips_1step,,7,2.0,1,,False,OOS,395,0.0,0.0,0.0,32.7,67.3,,6.0,6.23,-2.06,98592.0,32.7
s1,BTCUSD,momentum,72,[0],1.0,2.0,23,0.0,0,ftmo_1step,,7,2.0,1,,False,IS,391,12.8,0.0,0.0,35.0,52.2,5.7,6.2,8.11,-2.09,98867.0,35.0
s1,BTCUSD,momentum,72,[0],1.0,2.0,23,0.0,0,ftmo_1step,,7,2.0,1,,False,OOS,395,6.3,0.0,0.0,32.9,60.8,5.9,6.3,8.38,-2.06,98276.0,32.9
s1,BTCUSD,momentum,72,[0],1.0,2.0,23,0.0,0,fundingpips_1step,,7,2.0,1,,False,IS,391,12.8,0.0,0.0,44.5,42.7,5.7,5.4,7.35,-2.09,99292.0,44.5
s1,BTCUSD,momentum,72,[0],1.0,2.0,23,0.0,0,fundingpips_1step,,7,2.0,1,,False,OOS,395,6.3,0.0,0.0,46.8,46.8,5.9,5.4,7.57,-2.06,98383.0,46.8
s1,BTCUSD,momentum,72,[0],1.0,3.0,23,0.0,0,ftmo_1step,,7,2.0,1,,False,IS,391,10.2,3.1,0.0,46.5,40.2,5.0,5.8,8.79,-2.09,98807.0,46.5
s1,BTCUSD,momentum,72,[0],1.0,3.0,23,0.0,0,ftmo_1step,,7,2.0,1,,False,OOS,395,7.6,2.5,0.0,43.5,46.3,5.9,5.9,8.83,-2.05,98356.0,43.5
s1,BTCUSD,momentum,72,[0],1.0,3.0,23,0.0,0,fundingpips_1step,,7,2.0,1,,False,IS,391,13.8,0.0,0.0,47.3,38.9,4.9,5.1,8.01,-2.08,99339.0,47.3
s1,BTCUSD,momentum,72,[0],1.0,3.0,23,0.0,0,fundingpips_1step,,7,2.0,1,,False,OOS,395,10.1,0.0,0.0,47.6,42.3,5.3,5.1,8.06,-2.05,98415.0,47.6
s1,BTCUSD,momentum,72,[0],2.0,1.0,23,0.0,0,ftmo_1step,,7,2.0,1,,False,IS,391,2.3,0.0,0.0,6.1,91.6,6.3,6.9,5.63,-2.03,99799.0,6.1
s1,BTCUSD,momentum,72,[0],2.0,1.0,23,0.0,0,ftmo_1step,,7,2.0,1,,False,OOS,395,0.5,0.0,0.0,6.6,92.9,6.4,6.9,6.11,-2.02,98984.0,6.6
s1,BTCUSD,momentum,72,[0],2.0,1.0,23,0.0,0,fundingpips_1step,,7,2.0,1,,False,IS,391,2.3,0.0,0.0,19.4,78.3,6.3,6.5,5.33,-2.02,99850.0,19.4
s1,BTCUSD,momentum,72,[0],2.0,1.0,23,0.0,0,fundingpips_1step,,7,2.0,1,,False,OOS,395,0.5,0.0,0.0,24.3,75.2,6.4,6.4,5.72,-2.02,99024.0,24.3
s1,BTCUSD,momentum,72,[0],2.0,2.0,23,0.0,0,ftmo_1step,,7,2.0,1,,False,IS,391,8.2,0.0,0.0,12.0,79.8,5.1,6.7,6.71,-2.02,100227.0,12.0
s1,BTCUSD,momentum,72,[0],2.0,2.0,23,0.0,0,ftmo_1step,,7,2.0,1,,False,OOS,395,6.6,0.0,0.0,16.7,76.7,5.8,6.6,7.2,-2.01,98897.0,16.7
s1,BTCUSD,momentum,72,[0],2.0,2.0,23,0.0,0,fundingpips_1step,,7,2.0,1,,False,IS,391,8.2,0.0,0.0,28.1,63.7,5.1,6.1,6.23,-2.01,100240.0,28.1
s1,BTCUSD,momentum,72,[0],2.0,2.0,23,0.0,0,fundingpips_1step,,7,2.0,1,,False,OOS,395,6.6,0.0,0.0,34.4,59.0,5.8,6.0,6.6,-2.01,99042.0,34.4
s1,BTCUSD,momentum,72,[0],2.0,3.0,23,0.0,0,ftmo_1step,,7,2.0,1,,False,IS,391,10.2,2.3,0.0,16.4,71.1,5.2,6.4,7.2,-2.01,100476.0,16.4
s1,BTCUSD,momentum,72,[0],2.0,3.0,23,0.0,0,ftmo_1step,,7,2.0,1,,False,OOS,395,4.8,3.3,0.0,19.7,72.2,5.9,6.5,7.49,-2.01,98887.0,19.7
s1,BTCUSD,momentum,72,[0],2.0,3.0,23,0.0,0,fundingpips_1step,,7,2.0,1,,False,IS,391,12.8,0.0,0.0,30.2,57.0,4.9,5.9,6.71,-2.01,100472.0,30.2
s1,BTCUSD,momentum,72,[0],2.0,3.0,23,0.0,0,fundingpips_1step,,7,2.0,1,,False,OOS,395,8.1,0.0,0.0,38.7,53.2,5.0,5.9,6.86,-2.0,99028.0,38.7
s1,BTCUSD,momentum,72,[0],3.0,1.0,23,0.0,0,ftmo_1step,,7,2.0,1,,False,IS,391,1.3,0.0,0.0,0.5,98.2,6.0,7.0,4.92,-1.98,99842.0,0.5
s1,BTCUSD,momentum,72,[0],3.0,1.0,23,0.0,0,ftmo_1step,,7,2.0,1,,False,OOS,395,0.0,0.0,0.0,1.8,98.2,,6.9,5.26,-1.99,99294.0,1.8
s1,BTCUSD,momentum,72,[0],3.0,1.0,23,0.0,0,fundingpips_1step,,7,2.0,1,,False,IS,391,1.3,0.0,0.0,13.8,84.9,6.0,6.7,4.74,-1.97,99834.0,13.8
s1,BTCUSD,momentum,72,[0],3.0,1.0,23,0.0,0,fundingpips_1step,,7,2.0,1,,False,OOS,395,0.0,0.0,0.0,14.2,85.8,,6.7,5.05,-1.99,99258.0,14.2
s1,BTCUSD,meanrev,4,[8],0.5,1.0,23,0.0,0,ftmo_1step,,7,2.0,1,,False,IS,391,1.0,0.0,0.0,24.6,74.4,5.3,6.7,7.78,-2.23,96665.0,24.6
s1,BTCUSD,meanrev,4,[8],0.5,1.0,23,0.0,0,ftmo_1step,,7,2.0,1,,False,OOS,395,0.3,0.0,0.0,21.0,78.7,5.3,6.7,7.4,-2.16,97286.0,21.0
s1,BTCUSD,meanrev,4,[8],0.5,1.0,23,0.0,0,fundingpips_1step,,7,2.0,1,,False,IS,391,1.0,0.0,0.0,45.5,53.5,5.3,5.9,6.83,-2.21,97281.0,45.5
s1,BTCUSD,meanrev,4,[8],0.5,1.0,23,0.0,0,fundingpips_1step,,7,2.0,1,,False,OOS,395,0.3,0.0,0.0,44.8,54.9,5.3,5.9,6.69,-2.15,97542.0,44.8
s1,BTCUSD,meanrev,4,[8],0.5,2.0,23,0.0,0,ftmo_1step,,7,2.0,1,,False,IS,391,5.4,0.0,0.0,45.0,49.6,2.6,6.1,9.15,-2.21,96945.0,45.0
s1,BTCUSD,meanrev,4,[8],0.5,2.0,23,0.0,0,ftmo_1step,,7,2.0,1,,False,OOS,395,7.6,0.0,0.0,37.2,55.2,5.3,6.2,8.57,-2.14,98525.0,37.2
s1,BTCUSD,meanrev,4,[8],0.5,2.0,23,0.0,0,fundingpips_1step,,7,2.0,1,,False,IS,391,5.9,0.0,0.0,57.3,36.8,2.6,5.1,7.97,-2.2,97436.0,57.3
s1,BTCUSD,meanrev,4,[8],0.5,2.0,23,0.0,0,fundingpips_1step,,7,2.0,1,,False,OOS,395,7.6,0.0,0.0,50.4,42.0,5.3,5.2,7.7,-2.12,98698.0,50.4
s1,BTCUSD,momentum,72,[0],3.0,2.0,23,0.0,0,ftmo_1step,,7,2.0,1,,False,IS,391,6.1,0.0,0.0,1.5,92.3,5.8,6.9,5.59,-1.98,100412.0,1.5
s1,BTCUSD,momentum,72,[0],3.0,2.0,23,0.0,0,ftmo_1step,,7,2.0,1,,False,OOS,395,3.8,0.0,0.0,2.3,93.9,5.2,6.8,5.89,-1.98,99311.0,2.3
s1,BTCUSD,momentum,72,[0],3.0,2.0,23,0.0,0,fundingpips_1step,,7,2.0,1,,False,IS,391,6.1,0.0,0.0,16.6,77.2,5.8,6.6,5.39,-1.98,100370.0,16.6
s1,BTCUSD,momentum,72,[0],3.0,2.0,23,0.0,0,fundingpips_1step,,7,2.0,1,,False,OOS,395,3.8,0.0,0.0,21.8,74.4,5.2,6.5,5.61,-1.98,99266.0,21.8
s1,BTCUSD,meanrev,4,[8],0.5,3.0,23,0.0,0,ftmo_1step,,7,2.0,1,,False,IS,391,6.1,3.3,0.0,62.1,28.4,5.1,5.4,9.87,-2.18,96851.0,62.1
s1,BTCUSD,meanrev,4,[8],0.5,3.0,23,0.0,0,ftmo_1step,,7,2.0,1,,False,OOS,395,11.1,4.8,0.0,55.4,28.6,5.3,5.4,9.27,-2.1,98737.0,55.4
s1,BTCUSD,meanrev,4,[8],0.5,3.0,23,0.0,0,fundingpips_1step,,7,2.0,1,,False,IS,391,10.0,0.0,0.0,66.2,23.8,4.4,4.6,8.84,-2.17,97521.0,66.2
s1,BTCUSD,meanrev,4,[8],0.5,3.0,23,0.0,0,fundingpips_1step,,7,2.0,1,,False,OOS,395,15.4,0.0,0.0,61.5,23.0,4.3,4.7,8.58,-2.09,98944.0,61.5
s1,BTCUSD,meanrev,4,[8],1.0,1.0,23,0.0,0,ftmo_1step,,7,2.0,1,,False,IS,391,0.8,0.0,0.0,16.9,82.4,5.3,6.8,6.95,-2.12,98555.0,16.9
s1,BTCUSD,meanrev,4,[8],1.0,1.0,23,0.0,0,ftmo_1step,,7,2.0,1,,False,OOS,395,1.0,0.0,0.0,19.0,80.0,5.4,6.8,6.87,-2.07,98362.0,19.0
s1,BTCUSD,meanrev,4,[8],1.0,1.0,23,0.0,0,fundingpips_1step,,7,2.0,1,,False,IS,391,0.8,0.0,0.0,38.6,60.6,5.3,6.0,6.26,-2.1,98762.0,38.6
s1,BTCUSD,meanrev,4,[8],1.0,1.0,23,0.0,0,fundingpips_1step,,7,2.0,1,,False,OOS,395,1.0,0.0,0.0,38.7,60.3,5.4,6.0,6.17,-2.06,98690.0,38.7
s1,BTCUSD,momentum,72,[0],3.0,3.0,23,0.0,0,ftmo_1step,,7,2.0,1,,False,IS,391,4.6,1.5,0.0,1.0,92.8,5.6,6.9,5.92,-1.98,100409.0,1.0
s1,BTCUSD,momentum,72,[0],3.0,3.0,23,0.0,0,ftmo_1step,,7,2.0,1,,False,OOS,395,3.5,1.0,0.0,2.3,93.2,5.4,6.8,6.08,-1.99,99597.0,2.3
s1,BTCUSD,momentum,72,[0],3.0,3.0,23,0.0,0,fundingpips_1step,,7,2.0,1,,False,IS,391,6.1,0.0,0.0,16.9,77.0,5.2,6.5,5.72,-1.97,100337.0,16.9
s1,BTCUSD,momentum,72,[0],3.0,3.0,23,0.0,0,fundingpips_1step,,7,2.0,1,,False,OOS,395,4.6,0.0,0.0,22.3,73.2,5.4,6.4,5.8,-1.99,99529.0,22.3
s1,BTCUSD,meanrev,4,[8],1.0,2.0,23,0.0,0,ftmo_1step,,7,2.0,1,,False,IS,391,11.0,0.0,0.0,32.0,57.0,4.9,6.3,8.11,-2.1,99296.0,32.0
s1,BTCUSD,meanrev,4,[8],1.0,2.0,23,0.0,0,ftmo_1step,,7,2.0,1,,False,OOS,395,9.1,0.0,0.0,43.8,47.1,4.6,6.1,8.45,-2.06,98033.0,43.8
s1,BTCUSD,meanrev,4,[8],1.0,2.0,23,0.0,0,fundingpips_1step,,7,2.0,1,,False,IS,391,11.3,0.0,0.0,43.0,45.8,5.1,5.6,7.42,-2.09,99505.0,43.0
s1,BTCUSD,meanrev,4,[8],1.0,2.0,23,0.0,0,fundingpips_1step,,7,2.0,1,,False,OOS,395,8.9,0.0,0.0,51.6,39.5,4.5,5.2,7.54,-2.05,98299.0,51.6
s1,BTCUSD,meanrev,4,[8],1.0,3.0,23,0.0,0,ftmo_1step,,7,2.0,1,,False,IS,391,14.8,3.6,0.0,51.7,29.9,5.2,5.7,9.01,-2.09,99267.0,51.7
s1,BTCUSD,meanrev,4,[8],1.0,3.0,23,0.0,0,ftmo_1step,,7,2.0,1,,False,OOS,395,9.1,3.8,0.0,49.6,37.5,5.1,5.8,8.89,-2.03,98676.0,49.6
s1,BTCUSD,meanrev,4,[8],1.0,3.0,23,0.0,0,fundingpips_1step,,7,2.0,1,,False,IS,391,17.9,0.0,0.0,50.4,31.7,4.7,5.0,8.42,-2.07,99350.0,50.4
s1,BTCUSD,meanrev,4,[8],1.0,3.0,23,0.0,0,fundingpips_1step,,7,2.0,1,,False,OOS,395,11.9,0.0,0.0,54.9,33.2,3.9,4.9,8.17,-2.03,98773.0,54.9
s1,BTCUSD,meanrev,4,[8],2.0,1.0,23,0.0,0,ftmo_1step,,7,2.0,1,,False,IS,391,0.8,0.0,0.0,7.7,91.6,5.5,6.9,6.27,-2.05,98864.0,7.7
s1,BTCUSD,meanrev,4,[8],2.0,1.0,23,0.0,0,ftmo_1step,,7,2.0,1,,False,OOS,395,2.3,0.0,0.0,16.7,81.0,5.5,6.8,6.58,-2.02,98421.0,16.7
s1,BTCUSD,meanrev,4,[8],2.0,1.0,23,0.0,0,fundingpips_1step,,7,2.0,1,,False,IS,391,0.8,0.0,0.0,25.3,73.9,5.5,6.5,5.91,-2.05,98908.0,25.3
s1,BTCUSD,meanrev,4,[8],2.0,1.0,23,0.0,0,fundingpips_1step,,7,2.0,1,,False,OOS,395,2.3,0.0,0.0,34.9,62.8,5.5,6.1,5.94,-2.02,98701.0,34.9
s1,BTCUSD,meanrev,4,[8],2.0,2.0,23,0.0,0,ftmo_1step,,7,2.0,1,,False,IS,391,4.3,0.0,0.0,18.9,76.7,4.8,6.8,7.52,-2.05,98811.0,18.9
s1,BTCUSD,meanrev,4,[8],2.0,2.0,23,0.0,0,ftmo_1step,,7,2.0,1,,False,OOS,395,8.6,0.0,0.0,24.3,67.1,5.6,6.5,7.44,-2.01,98575.0,24.3
s1,BTCUSD,meanrev,4,[8],2.0,2.0,23,0.0,0,fundingpips_1step,,7,2.0,1,,False,IS,391,4.3,0.0,0.0,34.0,61.6,4.8,6.2,6.98,-2.04,98877.0,34.0
s1,BTCUSD,meanrev,4,[8],2.0,2.0,23,0.0,0,fundingpips_1step,,7,2.0,1,,False,OOS,395,8.6,0.0,0.0,37.0,54.4,5.6,5.8,6.75,-2.01,98863.0,37.0
s1,BTCUSD,meanrev,4,[8],2.0,3.0,23,0.0,0,ftmo_1step,,7,2.0,1,,False,IS,391,5.4,1.8,0.0,26.9,66.0,4.9,6.6,7.89,-2.04,98822.0,26.9
s1,BTCUSD,meanrev,4,[8],2.0,3.0,23,0.0,0,ftmo_1step,,7,2.0,1,,False,OOS,395,6.3,2.3,0.0,27.1,64.3,4.9,6.4,7.7,-2.01,98617.0,27.1
s1,BTCUSD,meanrev,4,[8],2.0,3.0,23,0.0,0,fundingpips_1step,,7,2.0,1,,False,IS,391,7.2,0.0,0.0,40.2,52.7,4.9,6.0,7.27,-2.04,99002.0,40.2
s1,BTCUSD,meanrev,4,[8],2.0,3.0,23,0.0,0,fundingpips_1step,,7,2.0,1,,False,OOS,395,8.6,0.0,0.0,39.0,52.4,4.8,5.8,7.02,-2.0,98883.0,39.0
s1,BTCUSD,meanrev,4,[13],0.5,1.0,23,0.0,0,ftmo_1step,,7,2.0,1,,False,IS,391,0.0,0.0,0.0,36.6,63.4,,6.4,8.84,-2.21,96247.0,36.6
s1,BTCUSD,meanrev,4,[13],0.5,1.0,23,0.0,0,ftmo_1step,,7,2.0,1,,False,OOS,395,0.8,0.0,0.0,32.4,66.8,5.5,6.5,8.3,-2.16,97210.0,32.4
s1,BTCUSD,meanrev,4,[13],0.5,1.0,23,0.0,0,fundingpips_1step,,7,2.0,1,,False,IS,391,0.0,0.0,0.0,54.2,45.8,,5.6,7.91,-2.23,96850.0,54.2
s1,BTCUSD,meanrev,4,[13],0.5,1.0,23,0.0,0,fundingpips_1step,,7,2.0,1,,False,OOS,395,0.8,0.0,0.0,47.8,51.4,5.5,5.8,7.62,-2.15,97589.0,47.8
s1,BTCUSD,meanrev,4,[8],3.0,1.0,23,0.0,0,ftmo_1step,,7,2.0,1,,False,IS,391,0.3,0.0,0.0,3.8,95.9,6.8,7.0,5.77,-2.03,98639.0,3.8
s1,BTCUSD,meanrev,4,[8],3.0,1.0,23,0.0,0,ftmo_1step,,7,2.0,1,,False,OOS,395,0.5,0.0,0.0,4.8,94.7,6.7,6.9,5.64,-2.0,99177.0,4.8
s1,BTCUSD,meanrev,4,[8],3.0,1.0,23,0.0,0,fundingpips_1step,,7,2.0,1,,False,IS,391,0.3,0.0,0.0,19.4,80.3,6.8,6.7,5.48,-2.03,98731.0,19.4
s1,BTCUSD,meanrev,4,[8],3.0,1.0,23,0.0,0,fundingpips_1step,,7,2.0,1,,False,OOS,395,0.5,0.0,0.0,21.8,77.7,6.7,6.5,5.29,-2.0,99199.0,21.8
s1,BTCUSD,meanrev,4,[13],0.5,2.0,23,0.0,0,ftmo_1step,,7,2.0,1,,False,IS,391,5.9,0.0,0.0,52.9,41.2,4.5,5.8,9.77,-2.2,96689.0,52.9
s1,BTCUSD,meanrev,4,[13],0.5,2.0,23,0.0,0,ftmo_1step,,7,2.0,1,,False,OOS,395,7.8,0.0,0.0,43.3,48.9,4.6,6.0,9.28,-2.14,98125.0,43.3
s1,BTCUSD,meanrev,4,[13],0.5,2.0,23,0.0,0,fundingpips_1step,,7,2.0,1,,False,IS,391,6.4,0.0,0.0,57.5,36.1,4.5,5.0,8.63,-2.21,97412.0,57.5
s1,BTCUSD,meanrev,4,[13],0.5,2.0,23,0.0,0,fundingpips_1step,,7,2.0,1,,False,OOS,395,7.8,0.0,0.0,52.2,40.0,4.6,5.2,8.57,-2.13,98216.0,52.2
s1,BTCUSD,meanrev,4,[13],0.5,3.0,23,0.0,0,ftmo_1step,,7,2.0,1,,False,IS,391,8.2,4.1,0.0,65.0,22.8,4.6,5.1,10.27,-2.16,97087.0,65.0
s1,BTCUSD,meanrev,4,[13],0.5,3.0,23,0.0,0,ftmo_1step,,7,2.0,1,,False,OOS,395,9.6,4.8,0.0,57.2,28.4,4.6,5.3,9.84,-2.1,98425.0,57.2
s1,BTCUSD,meanrev,4,[13],0.5,3.0,23,0.0,0,fundingpips_1step,,7,2.0,1,,False,IS,391,13.6,0.0,0.0,68.3,18.2,3.6,4.4,9.29,-2.16,97707.0,68.3
s1,BTCUSD,meanrev,4,[13],0.5,3.0,23,0.0,0,fundingpips_1step,,7,2.0,1,,False,OOS,395,14.4,0.0,0.0,63.0,22.5,4.5,4.7,9.23,-2.09,98512.0,63.0
s1,BTCUSD,meanrev,4,[8],3.0,2.0,23,0.0,0,ftmo_1step,,7,2.0,1,,False,IS,391,1.8,0.0,0.0,6.4,91.8,4.9,6.9,6.37,-2.03,98864.0,6.4
s1,BTCUSD,meanrev,4,[8],3.0,2.0,23,0.0,0,ftmo_1step,,7,2.0,1,,False,OOS,395,3.3,0.0,0.0,8.4,88.4,5.9,6.8,6.2,-1.99,98981.0,8.4
s1,BTCUSD,meanrev,4,[8],3.0,2.0,23,0.0,0,fundingpips_1step,,7,2.0,1,,False,IS,391,1.8,0.0,0.0,25.1,73.1,4.9,6.6,5.98,-2.02,98914.0,25.1
s1,BTCUSD,meanrev,4,[8],3.0,2.0,23,0.0,0,fundingpips_1step,,7,2.0,1,,False,OOS,395,3.3,0.0,0.0,25.6,71.1,5.9,6.4,5.77,-1.99,99046.0,25.6
s1,BTCUSD,meanrev,4,[8],3.0,3.0,23,0.0,0,ftmo_1step,,7,2.0,1,,False,IS,391,1.8,0.5,0.0,7.2,90.5,5.9,6.9,6.51,-2.02,98965.0,7.2
s1,BTCUSD,meanrev,4,[8],3.0,3.0,23,0.0,0,ftmo_1step,,7,2.0,1,,False,OOS,395,4.3,1.5,0.0,9.9,84.3,5.9,6.8,6.41,-1.98,98835.0,9.9
s1,BTCUSD,meanrev,4,[8],3.0,3.0,23,0.0,0,fundingpips_1step,,7,2.0,1,,False,IS,391,2.3,0.0,0.0,25.8,71.9,4.9,6.5,6.11,-2.02,99059.0,25.8
s1,BTCUSD,meanrev,4,[8],3.0,3.0,23,0.0,0,fundingpips_1step,,7,2.0,1,,False,OOS,395,5.8,0.0,0.0,27.3,66.8,5.9,6.3,5.95,-1.98,98930.0,27.3
s1,BTCUSD,meanrev,4,[13],1.0,1.0,23,0.0,0,ftmo_1step,,7,2.0,1,,False,IS,391,0.3,0.0,0.0,17.1,82.6,5.5,6.8,7.04,-2.13,98334.0,17.1
s1,BTCUSD,meanrev,4,[13],1.0,1.0,23,0.0,0,ftmo_1step,,7,2.0,1,,False,OOS,395,1.0,0.0,0.0,16.5,82.5,5.5,6.7,7.08,-2.08,98845.0,16.5
s1,BTCUSD,meanrev,4,[13],1.0,1.0,23,0.0,0,fundingpips_1step,,7,2.0,1,,False,IS,391,0.3,0.0,0.0,36.3,63.4,5.5,6.2,6.53,-2.13,98424.0,36.3
s1,BTCUSD,meanrev,4,[13],1.0,1.0,23,0.0,0,fundingpips_1step,,7,2.0,1,,False,OOS,395,1.0,0.0,0.0,33.7,65.3,5.5,6.2,6.71,-2.08,98864.0,33.7
s1,BTCUSD,meanrev,4,[13],1.0,2.0,23,0.0,0,ftmo_1step,,7,2.0,1,,False,IS,391,8.2,0.0,0.0,43.2,48.6,5.2,6.1,8.54,-2.11,98206.0,43.2
s1,BTCUSD,meanrev,4,[13],1.0,2.0,23,0.0,0,ftmo_1step,,7,2.0,1,,False,OOS,395,8.4,0.0,0.0,42.8,48.9,4.6,6.0,8.66,-2.06,98132.0,42.8
s1,BTCUSD,meanrev,4,[13],1.0,2.0,23,0.0,0,fundingpips_1step,,7,2.0,1,,False,IS,391,8.4,0.0,0.0,48.8,42.7,5.5,5.4,7.83,-2.1,98640.0,48.8
s1,BTCUSD,meanrev,4,[13],1.0,2.0,23,0.0,0,fundingpips_1step,,7,2.0,1,,False,OOS,395,8.4,0.0,0.0,52.2,39.5,4.6,5.2,7.94,-2.05,98277.0,52.2
s1,BTCUSD,meanrev,4,[13],1.0,3.0,23,0.0,0,ftmo_1step,,7,2.0,1,,False,IS,391,10.5,3.1,0.0,51.2,35.3,4.7,5.6,9.04,-2.09,98344.0,51.2
s1,BTCUSD,meanrev,4,[13],1.0,3.0,23,0.0,0,ftmo_1step,,7,2.0,1,,False,OOS,395,8.6,3.8,0.0,54.4,33.2,5.7,5.6,9.21,-2.05,98080.0,54.4
s1,BTCUSD,meanrev,4,[13],1.0,3.0,23,0.0,0,fundingpips_1step,,7,2.0,1,,False,IS,391,13.6,0.0,0.0,57.8,28.6,4.6,4.9,8.33,-2.08,98676.0,57.8
s1,BTCUSD,meanrev,4,[13],1.0,3.0,23,0.0,0,fundingpips_1step,,7,2.0,1,,False,OOS,395,11.9,0.0,0.0,58.0,30.1,4.7,4.9,8.52,-2.04,98320.0,58.0
s1,BTCUSD,meanrev,4,[13],2.0,1.0,23,0.0,0,ftmo_1step,,7,2.0,1,,False,IS,391,2.3,0.0,0.0,12.8,84.9,5.9,6.9,6.41,-2.05,99053.0,12.8
s1,BTCUSD,meanrev,4,[13],2.0,1.0,23,0.0,0,ftmo_1step,,7,2.0,1,,False,OOS,395,1.3,0.0,0.0,10.6,88.1,6.9,6.9,6.54,-2.03,98510.0,10.6
s1,BTCUSD,meanrev,4,[13],2.0,1.0,23,0.0,0,fundingpips_1step,,7,2.0,1,,False,IS,391,2.3,0.0,0.0,28.1,69.6,5.9,6.4,5.97,-2.04,99132.0,28.1
s1,BTCUSD,meanrev,4,[13],2.0,1.0,23,0.0,0,fundingpips_1step,,7,2.0,1,,False,OOS,395,1.3,0.0,0.0,29.1,69.6,6.9,6.3,6.02,-2.03,98603.0,29.1
s1,BTCUSD,meanrev,4,[13],2.0,2.0,23,0.0,0,ftmo_1step,,7,2.0,1,,False,IS,391,8.4,0.0,0.0,19.4,72.1,4.9,6.7,7.23,-2.04,99406.0,19.4
s1,BTCUSD,meanrev,4,[13],2.0,2.0,23,0.0,0,ftmo_1step,,7,2.0,1,,False,OOS,395,0.8,0.0,0.0,16.2,83.0,2.6,6.7,7.29,-2.03,98307.0,16.2
s1,BTCUSD,meanrev,4,[13],2.0,2.0,23,0.0,0,fundingpips_1step,,7,2.0,1,,False,IS,391,8.4,0.0,0.0,33.8,57.8,4.9,6.0,6.7,-2.04,99459.0,33.8
s1,BTCUSD,meanrev,4,[13],2.0,2.0,23,0.0,0,fundingpips_1step,,7,2.0,1,,False,OOS,395,0.8,0.0,0.0,34.9,64.3,2.6,6.1,6.72,-2.03,98332.0,34.9
s1,BTCUSD,meanrev,4,[13],2.0,3.0,23,0.0,0,ftmo_1step,,7,2.0,1,,False,IS,391,7.4,2.0,0.0,23.5,67.0,4.8,6.6,7.62,-2.04,99484.0,23.5
s1,BTCUSD,meanrev,4,[13],2.0,3.0,23,0.0,0,ftmo_1step,,7,2.0,1,,False,OOS,395,3.8,0.5,0.0,18.2,77.5,5.9,6.6,7.47,-2.03,98798.0,18.2
s1,BTCUSD,meanrev,4,[13],2.0,3.0,23,0.0,0,fundingpips_1step,,7,2.0,1,,False,IS,391,9.5,0.0,0.0,37.1,53.5,4.7,5.9,7.05,-2.04,99613.0,37.1
s1,BTCUSD,meanrev,4,[13],2.0,3.0,23,0.0,0,fundingpips_1step,,7,2.0,1,,False,OOS,395,4.3,0.0,0.0,34.2,61.5,5.8,6.0,6.88,-2.03,98786.0,34.2
s1,BTCUSD,meanrev,4,[13],3.0,1.0,23,0.0,0,ftmo_1step,,7,2.0,1,,False,IS,391,1.8,0.0,0.0,4.6,93.6,6.6,7.0,5.45,-2.01,99508.0,4.6
s1,BTCUSD,meanrev,4,[13],3.0,1.0,23,0.0,0,ftmo_1step,,7,2.0,1,,False,OOS,395,0.0,0.0,0.0,2.5,97.5,,6.9,5.39,-2.0,98899.0,2.5
s1,BTCUSD,meanrev,4,[13],3.0,1.0,23,0.0,0,fundingpips_1step,,7,2.0,1,,False,IS,391,1.8,0.0,0.0,20.5,77.7,6.6,6.6,5.17,-2.01,99581.0,20.5
s1,BTCUSD,meanrev,4,[13],3.0,1.0,23,0.0,0,fundingpips_1step,,7,2.0,1,,False,OOS,395,0.0,0.0,0.0,17.0,83.0,,6.7,5.19,-2.0,98809.0,17.0
s1,BTCUSD,meanrev,4,[0],0.5,1.0,23,0.0,0,ftmo_1step,,7,2.0,1,,False,IS,391,1.0,0.0,0.0,22.3,76.7,6.0,6.7,7.82,-2.2,97134.0,22.3
s1,BTCUSD,meanrev,4,[0],0.5,1.0,23,0.0,0,ftmo_1step,,7,2.0,1,,False,OOS,395,0.0,0.0,0.0,16.2,83.8,,6.7,7.39,-2.14,98047.0,16.2
s1,BTCUSD,meanrev,4,[0],0.5,1.0,23,0.0,0,fundingpips_1step,,7,2.0,1,,False,IS,391,1.0,0.0,0.0,43.5,55.5,6.0,6.0,7.05,-2.19,97559.0,43.5
s1,BTCUSD,meanrev,4,[0],0.5,1.0,23,0.0,0,fundingpips_1step,,7,2.0,1,,False,OOS,395,0.0,0.0,0.0,34.4,65.6,,6.1,6.85,-2.13,98298.0,34.4
s1,BTCUSD,meanrev,4,[0],0.5,2.0,23,0.0,0,ftmo_1step,,7,2.0,1,,False,IS,391,5.4,0.0,0.0,41.7,52.9,5.0,6.1,8.83,-2.19,97354.0,41.7
s1,BTCUSD,meanrev,4,[0],0.5,2.0,23,0.0,0,ftmo_1step,,7,2.0,1,,False,OOS,395,5.6,0.0,0.0,40.5,53.9,5.1,6.0,8.94,-2.12,97546.0,40.5
s1,BTCUSD,meanrev,4,[0],0.5,2.0,23,0.0,0,fundingpips_1step,,7,2.0,1,,False,IS,391,5.4,0.0,0.0,50.1,44.5,5.0,5.3,7.86,-2.18,97996.0,50.1
s1,BTCUSD,meanrev,4,[0],0.5,2.0,23,0.0,0,fundingpips_1step,,7,2.0,1,,False,OOS,395,5.8,0.0,0.0,54.2,40.0,5.1,5.2,7.97,-2.12,98016.0,54.2
s1,BTCUSD,meanrev,4,[13],3.0,2.0,23,0.0,0,ftmo_1step,,7,2.0,1,,False,IS,391,5.9,0.0,0.0,5.6,88.5,5.6,6.9,5.83,-2.0,100116.0,5.6
s1,BTCUSD,meanrev,4,[13],3.0,2.0,23,0.0,0,ftmo_1step,,7,2.0,1,,False,OOS,395,0.0,0.0,0.0,4.6,95.4,,6.9,5.73,-2.01,99197.0,4.6
s1,BTCUSD,meanrev,4,[13],3.0,2.0,23,0.0,0,fundingpips_1step,,7,2.0,1,,False,IS,391,5.9,0.0,0.0,22.5,71.6,5.6,6.5,5.53,-2.0,100188.0,22.5
s1,BTCUSD,meanrev,4,[13],3.0,2.0,23,0.0,0,fundingpips_1step,,7,2.0,1,,False,OOS,395,0.0,0.0,0.0,17.0,83.0,,6.6,5.48,-2.0,99183.0,17.0
s1,BTCUSD,meanrev,4,[13],3.0,3.0,23,0.0,0,ftmo_1step,,7,2.0,1,,False,IS,391,6.1,1.5,0.0,6.1,86.2,5.3,6.8,6.03,-1.99,100208.0,6.1
s1,BTCUSD,meanrev,4,[13],3.0,3.0,23,0.0,0,ftmo_1step,,7,2.0,1,,False,OOS,395,1.8,0.8,0.0,5.6,91.9,6.6,6.9,5.89,-2.0,99192.0,5.6
s1,BTCUSD,meanrev,4,[13],3.0,3.0,23,0.0,0,fundingpips_1step,,7,2.0,1,,False,IS,391,7.7,0.0,0.0,23.0,69.3,4.9,6.5,5.73,-1.99,100256.0,23.0
s1,BTCUSD,meanrev,4,[13],3.0,3.0,23,0.0,0,fundingpips_1step,,7,2.0,1,,False,OOS,395,2.5,0.0,0.0,18.5,79.0,5.4,6.6,5.64,-2.0,99194.0,18.5
s1,BTCUSD,meanrev,4,[0],0.5,3.0,23,0.0,0,ftmo_1step,,7,2.0,1,,False,IS,391,4.6,3.3,0.0,57.0,35.0,6.0,5.5,9.58,-2.17,97282.0,57.0
s1,BTCUSD,meanrev,4,[0],0.5,3.0,23,0.0,0,ftmo_1step,,7,2.0,1,,False,OOS,395,5.8,3.0,0.0,57.2,33.9,6.0,5.4,9.7,-2.09,97480.0,57.2
s1,BTCUSD,meanrev,4,[0],0.5,3.0,23,0.0,0,fundingpips_1step,,7,2.0,1,,False,IS,391,8.4,0.0,0.0,56.5,35.0,5.0,4.9,8.68,-2.16,97896.0,56.5
s1,BTCUSD,meanrev,4,[0],0.5,3.0,23,0.0,0,fundingpips_1step,,7,2.0,1,,False,OOS,395,9.6,0.0,0.0,59.7,30.6,5.1,4.7,8.92,-2.09,97769.0,59.7
s1,BTCUSD,meanrev,4,[0],1.0,1.0,23,0.0,0,ftmo_1step,,7,2.0,1,,False,IS,391,1.5,0.0,0.0,14.3,84.1,6.0,6.8,6.8,-2.09,98700.0,14.3
s1,BTCUSD,meanrev,4,[0],1.0,1.0,23,0.0,0,ftmo_1step,,7,2.0,1,,False,OOS,395,0.8,0.0,0.0,14.2,85.1,6.0,6.8,6.76,-2.06,98910.0,14.2
s1,BTCUSD,meanrev,4,[0],1.0,1.0,23,0.0,0,fundingpips_1step,,7,2.0,1,,False,IS,391,1.5,0.0,0.0,32.7,65.7,6.0,6.1,6.23,-2.09,98787.0,32.7
s1,BTCUSD,meanrev,4,[0],1.0,1.0,23,0.0,0,fundingpips_1step,,7,2.0,1,,False,OOS,395,0.8,0.0,0.0,29.4,69.9,6.0,6.1,6.2,-2.06,99037.0,29.4
s1,BTCUSD,meanrev,4,[0],1.0,2.0,23,0.0,0,ftmo_1step,,7,2.0,1,,False,IS,391,9.5,0.0,0.0,30.2,60.4,5.7,6.3,8.1,-2.1,98947.0,30.2
s1,BTCUSD,meanrev,4,[0],1.0,2.0,23,0.0,0,ftmo_1step,,7,2.0,1,,False,OOS,395,7.6,0.0,0.0,27.8,64.6,5.5,6.3,8.09,-2.05,99294.0,27.8
s1,BTCUSD,meanrev,4,[0],1.0,2.0,23,0.0,0,fundingpips_1step,,7,2.0,1,,False,IS,391,9.5,0.0,0.0,39.9,50.6,5.7,5.6,7.47,-2.1,99169.0,39.9
s1,BTCUSD,meanrev,4,[0],1.0,2.0,23,0.0,0,fundingpips_1step,,7,2.0,1,,False,OOS,395,7.6,0.0,0.0,40.0,52.4,5.5,5.5,7.46,-2.05,99335.0,40.0
s1,BTCUSD,meanrev,4,[0],1.0,3.0,23,0.0,0,ftmo_1step,,7,2.0,1,,False,IS,391,9.2,3.3,0.0,43.7,43.7,5.2,5.8,8.75,-2.08,98697.0,43.7
s1,BTCUSD,meanrev,4,[0],1.0,3.0,23,0.0,0,ftmo_1step,,7,2.0,1,,False,OOS,395,11.4,3.5,0.0,44.8,40.3,5.0,5.7,8.73,-2.03,99291.0,44.8
s1,BTCUSD,meanrev,4,[0],1.0,3.0,23,0.0,0,fundingpips_1step,,7,2.0,1,,False,IS,391,12.5,0.0,0.0,42.7,44.8,4.6,5.2,8.09,-2.08,98969.0,42.7
s1,BTCUSD,meanrev,4,[0],1.0,3.0,23,0.0,0,fundingpips_1step,,7,2.0,1,,False,OOS,395,15.4,0.0,0.0,46.6,38.0,4.6,4.9,7.96,-2.03,99518.0,46.6
s1,BTCUSD,meanrev,4,[0],2.0,1.0,23,0.0,0,ftmo_1step,,7,2.0,1,,False,IS,391,1.8,0.0,0.0,3.1,95.1,6.5,7.0,5.6,-2.03,99817.0,3.1
s1,BTCUSD,meanrev,4,[0],2.0,1.0,23,0.0,0,ftmo_1step,,7,2.0,1,,False,OOS,395,1.8,0.0,0.0,6.3,91.9,6.4,6.9,5.8,-2.02,99434.0,6.3
s1,BTCUSD,meanrev,4,[0],2.0,1.0,23,0.0,0,fundingpips_1step,,7,2.0,1,,False,IS,391,1.8,0.0,0.0,16.1,82.1,6.5,6.6,5.37,-2.03,99808.0,16.1
s1,BTCUSD,meanrev,4,[0],2.0,1.0,23,0.0,0,fundingpips_1step,,7,2.0,1,,False,OOS,395,1.8,0.0,0.0,20.3,78.0,6.4,6.4,5.5,-2.02,99484.0,20.3
s1,BTCUSD,meanrev,4,[0],2.0,2.0,23,0.0,0,ftmo_1step,,7,2.0,1,,False,IS,391,8.2,0.0,0.0,10.2,81.6,5.6,6.7,6.67,-2.03,100233.0,10.2
s1,BTCUSD,meanrev,4,[0],2.0,2.0,23,0.0,0,ftmo_1step,,7,2.0,1,,False,OOS,395,3.3,0.0,0.0,16.7,80.0,5.6,6.7,7.15,-2.02,99295.0,16.7
s1,BTCUSD,meanrev,4,[0],2.0,2.0,23,0.0,0,fundingpips_1step,,7,2.0,1,,False,IS,391,8.2,0.0,0.0,27.9,63.9,5.6,6.2,6.26,-2.02,100160.0,27.9
s1,BTCUSD,meanrev,4,[0],2.0,2.0,23,0.0,0,fundingpips_1step,,7,2.0,1,,False,OOS,395,3.8,0.0,0.0,32.4,63.8,5.6,6.1,6.61,-2.02,99532.0,32.4
s1,BTCUSD,meanrev,4,[0],2.0,3.0,23,0.0,0,ftmo_1step,,7,2.0,1,,False,IS,391,8.7,3.6,0.0,12.3,75.4,5.9,6.5,7.04,-2.01,100622.0,12.3
s1,BTCUSD,meanrev,4,[0],2.0,3.0,23,0.0,0,ftmo_1step,,7,2.0,1,,False,OOS,395,6.6,1.5,0.0,19.2,72.7,5.7,6.5,7.5,-2.01,99470.0,19.2
s1,BTCUSD,meanrev,4,[0],2.0,3.0,23,0.0,0,fundingpips_1step,,7,2.0,1,,False,IS,391,12.3,0.0,0.0,29.2,58.6,4.9,6.1,6.63,-2.01,100491.0,29.2
s1,BTCUSD,meanrev,4,[0],2.0,3.0,23,0.0,0,fundingpips_1step,,7,2.0,1,,False,OOS,395,9.1,0.0,0.0,34.4,56.5,5.2,5.9,6.93,-2.01,99739.0,34.4
s1,BTCUSD,meanrev,4,[0],3.0,1.0,23,0.0,0,ftmo_1step,,7,2.0,1,,False,IS,391,0.0,0.0,0.0,1.0,99.0,,7.0,5.02,-2.0,99618.0,1.0
s1,BTCUSD,meanrev,4,[0],3.0,1.0,23,0.0,0,ftmo_1step,,7,2.0,1,,False,OOS,395,1.0,0.0,0.0,2.3,96.7,6.6,6.9,5.14,-1.98,99546.0,2.3
s1,BTCUSD,meanrev,4,[0],3.0,1.0,23,0.0,0,fundingpips_1step,,7,2.0,1,,False,IS,391,0.0,0.0,0.0,11.8,88.2,,6.8,4.89,-2.0,99608.0,11.8
s1,BTCUSD,meanrev,4,[0],3.0,1.0,23,0.0,0,fundingpips_1step,,7,2.0,1,,False,OOS,395,1.0,0.0,0.0,16.2,82.8,6.6,6.6,4.92,-1.98,99569.0,16.2
s1,BTCUSD,meanrev,24,[8],0.5,1.0,23,0.0,0,ftmo_1step,,7,2.0,1,,False,IS,391,0.3,0.0,0.0,25.1,74.7,5.3,6.7,7.97,-2.22,96695.0,25.1
s1,BTCUSD,meanrev,24,[8],0.5,1.0,23,0.0,0,ftmo_1step,,7,2.0,1,,False,OOS,395,0.3,0.0,0.0,32.4,67.3,5.3,6.6,8.04,-2.16,97130.0,32.4
s1,BTCUSD,meanrev,24,[8],0.5,1.0,23,0.0,0,fundingpips_1step,,7,2.0,1,,False,IS,391,0.3,0.0,0.0,50.4,49.4,5.3,5.8,7.05,-2.21,97091.0,50.4
s1,BTCUSD,meanrev,24,[8],0.5,1.0,23,0.0,0,fundingpips_1step,,7,2.0,1,,False,OOS,395,0.3,0.0,0.0,48.1,51.6,5.3,5.7,7.12,-2.15,97680.0,48.1
s1,BTCUSD,meanrev,24,[8],0.5,2.0,23,0.0,0,ftmo_1step,,7,2.0,1,,False,IS,391,3.8,0.0,0.0,48.8,47.3,5.3,6.1,9.19,-2.21,96875.0,48.8
s1,BTCUSD,meanrev,24,[8],0.5,2.0,23,0.0,0,ftmo_1step,,7,2.0,1,,False,OOS,395,8.9,0.0,0.0,40.5,50.6,4.5,6.1,8.83,-2.13,98036.0,40.5
s1,BTCUSD,meanrev,24,[8],0.5,2.0,23,0.0,0,fundingpips_1step,,7,2.0,1,,False,IS,391,4.9,0.0,0.0,55.0,40.2,5.3,5.1,8.04,-2.19,97577.0,55.0
s1,BTCUSD,meanrev,24,[8],0.5,2.0,23,0.0,0,fundingpips_1step,,7,2.0,1,,False,OOS,395,9.1,0.0,0.0,51.4,39.5,4.5,5.2,7.8,-2.12,98529.0,51.4
s1,BTCUSD,meanrev,4,[0],3.0,2.0,23,0.0,0,ftmo_1step,,7,2.0,1,,False,IS,391,3.1,0.0,0.0,3.3,93.6,5.9,6.9,5.61,-2.0,100043.0,3.3
s1,BTCUSD,meanrev,4,[0],3.0,2.0,23,0.0,0,ftmo_1step,,7,2.0,1,,False,OOS,395,2.0,0.0,0.0,2.8,95.2,5.9,6.9,5.87,-1.99,99645.0,2.8
s1,BTCUSD,meanrev,4,[0],3.0,2.0,23,0.0,0,fundingpips_1step,,7,2.0,1,,False,IS,391,3.1,0.0,0.0,16.9,80.1,5.9,6.6,5.43,-2.0,100031.0,16.9
s1,BTCUSD,meanrev,4,[0],3.0,2.0,23,0.0,0,fundingpips_1step,,7,2.0,1,,False,OOS,395,2.0,0.0,0.0,20.0,78.0,5.9,6.5,5.6,-1.99,99621.0,20.0
s1,BTCUSD,meanrev,24,[8],0.5,3.0,23,0.0,0,ftmo_1step,,7,2.0,1,,False,IS,391,5.9,3.1,0.0,66.2,24.8,4.5,5.3,9.88,-2.16,96849.0,66.2
s1,BTCUSD,meanrev,24,[8],0.5,3.0,23,0.0,0,ftmo_1step,,7,2.0,1,,False,OOS,395,6.3,4.3,0.0,56.5,32.9,4.5,5.4,9.52,-2.11,97813.0,56.5
s1,BTCUSD,meanrev,24,[8],0.5,3.0,23,0.0,0,fundingpips_1step,,7,2.0,1,,False,IS,391,10.2,0.0,0.0,67.5,22.3,4.3,4.5,8.97,-2.16,97461.0,67.5
s1,BTCUSD,meanrev,24,[8],0.5,3.0,23,0.0,0,fundingpips_1step,,7,2.0,1,,False,OOS,395,11.1,0.0,0.0,62.5,26.3,3.5,4.7,8.71,-2.1,98122.0,62.5
s1,BTCUSD,meanrev,24,[8],1.0,1.0,23,0.0,0,ftmo_1step,,7,2.0,1,,False,IS,391,0.8,0.0,0.0,12.0,87.2,5.4,6.9,6.74,-2.12,98933.0,12.0
s1,BTCUSD,meanrev,24,[8],1.0,1.0,23,0.0,0,ftmo_1step,,7,2.0,1,,False,OOS,395,0.5,0.0,0.0,17.2,82.3,5.5,6.8,6.98,-2.08,98139.0,17.2
s1,BTCUSD,meanrev,24,[8],1.0,1.0,23,0.0,0,fundingpips_1step,,7,2.0,1,,False,IS,391,0.8,0.0,0.0,28.6,70.6,5.4,6.3,6.25,-2.11,99104.0,28.6
s1,BTCUSD,meanrev,24,[8],1.0,1.0,23,0.0,0,fundingpips_1step,,7,2.0,1,,False,OOS,395,0.5,0.0,0.0,37.0,62.5,5.5,6.0,6.27,-2.07,98433.0,37.0
s1,BTCUSD,meanrev,24,[8],1.0,2.0,23,0.0,0,ftmo_1step,,7,2.0,1,,False,IS,391,11.3,0.0,0.0,31.2,57.5,4.5,6.3,7.97,-2.09,99612.0,31.2
s1,BTCUSD,meanrev,24,[8],1.0,2.0,23,0.0,0,ftmo_1step,,7,2.0,1,,False,OOS,395,4.8,0.0,0.0,43.0,52.2,4.4,6.2,8.41,-2.06,97698.0,43.0
s1,BTCUSD,meanrev,24,[8],1.0,2.0,23,0.0,0,fundingpips_1step,,7,2.0,1,,False,IS,391,11.3,0.0,0.0,38.4,50.4,4.5,5.6,7.42,-2.09,99640.0,38.4
s1,BTCUSD,meanrev,24,[8],1.0,2.0,23,0.0,0,fundingpips_1step,,7,2.0,1,,False,OOS,395,4.8,0.0,0.0,49.9,45.3,4.4,5.3,7.51,-2.06,98154.0,49.9
s1,BTCUSD,meanrev,24,[8],1.0,3.0,23,0.0,0,ftmo_1step,,7,2.0,1,,False,IS,391,12.5,4.3,0.0,51.4,31.7,4.6,5.5,8.83,-2.07,99440.0,51.4
s1,BTCUSD,meanrev,24,[8],1.0,3.0,23,0.0,0,ftmo_1step,,7,2.0,1,,False,OOS,395,9.1,3.5,0.0,55.7,31.6,4.6,5.6,8.94,-2.04,98138.0,55.7
s1,BTCUSD,meanrev,24,[8],1.0,3.0,23,0.0,0,fundingpips_1step,,7,2.0,1,,False,IS,391,16.9,0.0,0.0,48.1,35.0,3.9,5.0,8.37,-2.07,99458.0,48.1
s1,BTCUSD,meanrev,24,[8],1.0,3.0,23,0.0,0,fundingpips_1step,,7,2.0,1,,False,OOS,395,12.7,0.0,0.0,58.2,29.1,4.4,4.8,8.15,-2.04,98434.0,58.2
s1,BTCUSD,meanrev,4,[0],3.0,3.0,23,0.0,0,ftmo_1step,,7,2.0,1,,False,IS,391,2.0,1.5,0.0,3.8,92.6,5.9,6.9,5.84,-2.0,99945.0,3.8
s1,BTCUSD,meanrev,4,[0],3.0,3.0,23,0.0,0,ftmo_1step,,7,2.0,1,,False,OOS,395,2.5,1.0,0.0,3.5,92.9,5.8,6.8,6.17,-1.99,99582.0,3.5
s1,BTCUSD,meanrev,4,[0],3.0,3.0,23,0.0,0,fundingpips_1step,,7,2.0,1,,False,IS,391,3.6,0.0,0.0,18.4,78.0,5.8,6.6,5.63,-1.99,99946.0,18.4
s1,BTCUSD,meanrev,4,[0],3.0,3.0,23,0.0,0,fundingpips_1step,,7,2.0,1,,False,OOS,395,3.5,0.0,0.0,21.5,74.9,5.3,6.5,5.9,-1.99,99556.0,21.5
s1,BTCUSD,meanrev,24,[8],2.0,2.0,23,0.0,0,ftmo_1step,,7,2.0,1,,False,IS,391,9.0,0.0,0.0,24.3,66.8,5.4,6.6,7.47,-2.03,99146.0,24.3
s1,BTCUSD,meanrev,24,[8],2.0,2.0,23,0.0,0,ftmo_1step,,7,2.0,1,,False,OOS,395,3.8,0.0,0.0,17.0,79.2,4.7,6.7,7.34,-2.03,98523.0,17.0
s1,BTCUSD,meanrev,24,[8],2.0,2.0,23,0.0,0,fundingpips_1step,,7,2.0,1,,False,IS,391,9.0,0.0,0.0,38.4,52.7,5.4,5.9,6.79,-2.03,99194.0,38.4
s1,BTCUSD,meanrev,24,[8],2.0,2.0,23,0.0,0,fundingpips_1step,,7,2.0,1,,False,OOS,395,3.8,0.0,0.0,35.7,60.5,4.7,6.0,6.75,-2.03,98630.0,35.7
s1,BTCUSD,meanrev,24,[8],2.0,1.0,23,0.0,0,ftmo_1step,,7,2.0,1,,False,IS,391,1.8,0.0,0.0,10.2,88.0,6.5,6.9,6.35,-2.05,99149.0,10.2
s1,BTCUSD,meanrev,24,[8],2.0,1.0,23,0.0,0,ftmo_1step,,7,2.0,1,,False,OOS,395,0.3,0.0,0.0,8.6,91.1,5.3,6.9,6.33,-2.03,98721.0,8.6
s1,BTCUSD,meanrev,24,[8],2.0,1.0,23,0.0,0,fundingpips_1step,,7,2.0,1,,False,IS,391,1.8,0.0,0.0,29.7,68.5,6.5,6.3,5.85,-2.05,99158.0,29.7
s1,BTCUSD,meanrev,24,[8],2.0,1.0,23,0.0,0,fundingpips_1step,,7,2.0,1,,False,OOS,395,0.3,0.0,0.0,27.3,72.4,5.3,6.4,5.93,-2.03,98779.0,27.3
s1,BTCUSD,meanrev,24,[8],2.0,3.0,23,0.0,0,ftmo_1step,,7,2.0,1,,False,IS,391,9.5,2.8,0.0,30.7,57.0,4.9,6.4,7.8,-2.02,99427.0,30.7
s1,BTCUSD,meanrev,24,[8],2.0,3.0,23,0.0,0,ftmo_1step,,7,2.0,1,,False,OOS,395,6.6,0.5,0.0,23.5,69.4,4.9,6.6,7.67,-2.03,98365.0,23.5
s1,BTCUSD,meanrev,24,[8],2.0,3.0,23,0.0,0,fundingpips_1step,,7,2.0,1,,False,IS,391,12.3,0.0,0.0,41.2,46.5,4.9,5.7,7.13,-2.02,99419.0,41.2
s1,BTCUSD,meanrev,24,[8],2.0,3.0,23,0.0,0,fundingpips_1step,,7,2.0,1,,False,OOS,395,7.1,0.0,0.0,39.0,53.9,4.9,5.9,7.07,-2.03,98520.0,39.0
s1,BTCUSD,meanrev,24,[8],3.0,1.0,23,0.0,0,ftmo_1step,,7,2.0,1,,False,IS,391,0.3,0.0,0.0,6.9,92.8,6.3,7.0,5.88,-2.01,99116.0,6.9
s1,BTCUSD,meanrev,24,[8],3.0,1.0,23,0.0,0,ftmo_1step,,7,2.0,1,,False,OOS,395,0.3,0.0,0.0,3.8,95.9,6.7,6.9,5.68,-2.01,98772.0,3.8
s1,BTCUSD,meanrev,24,[8],3.0,1.0,23,0.0,0,fundingpips_1step,,7,2.0,1,,False,IS,391,0.3,0.0,0.0,23.3,76.5,6.3,6.5,5.49,-2.01,99183.0,23.3
s1,BTCUSD,meanrev,24,[8],3.0,1.0,23,0.0,0,fundingpips_1step,,7,2.0,1,,False,OOS,395,0.3,0.0,0.0,20.8,79.0,6.7,6.6,5.38,-2.01,98819.0,20.8
s1,BTCUSD,meanrev,24,[13],0.5,1.0,23,0.0,0,ftmo_1step,,7,2.0,1,,False,IS,391,0.0,0.0,0.0,40.4,59.6,,6.3,8.87,-2.22,96205.0,40.4
s1,BTCUSD,meanrev,24,[13],0.5,1.0,23,0.0,0,ftmo_1step,,7,2.0,1,,False,OOS,395,0.5,0.0,0.0,26.6,72.9,5.5,6.6,8.24,-2.16,96872.0,26.6
s1,BTCUSD,meanrev,24,[13],0.5,1.0,23,0.0,0,fundingpips_1step,,7,2.0,1,,False,IS,391,0.0,0.0,0.0,52.9,47.1,,5.8,8.22,-2.24,96640.0,52.9
s1,BTCUSD,meanrev,24,[13],0.5,1.0,23,0.0,0,fundingpips_1step,,7,2.0,1,,False,OOS,395,0.5,0.0,0.0,46.6,52.9,5.5,5.8,7.52,-2.15,97218.0,46.6
s1,BTCUSD,meanrev,24,[13],0.5,2.0,23,0.0,0,ftmo_1step,,7,2.0,1,,False,IS,391,2.8,0.0,0.0,56.0,41.2,5.5,5.9,9.93,-2.22,96507.0,56.0
s1,BTCUSD,meanrev,24,[13],0.5,2.0,23,0.0,0,ftmo_1step,,7,2.0,1,,False,OOS,395,3.0,0.0,0.0,50.6,46.3,4.5,5.9,9.47,-2.15,96946.0,50.6
s1,BTCUSD,meanrev,24,[13],0.5,2.0,23,0.0,0,fundingpips_1step,,7,2.0,1,,False,IS,391,3.8,0.0,0.0,57.8,38.4,5.5,5.2,9.08,-2.23,97028.0,57.8
s1,BTCUSD,meanrev,24,[13],0.5,2.0,23,0.0,0,fundingpips_1step,,7,2.0,1,,False,OOS,395,3.5,0.0,0.0,52.9,43.5,4.5,5.2,8.56,-2.14,97662.0,52.9
s1,BTCUSD,meanrev,24,[13],0.5,3.0,23,0.0,0,ftmo_1step,,7,2.0,1,,False,IS,391,4.9,3.1,0.0,66.8,25.3,4.6,5.2,10.4,-2.18,96876.0,66.8
s1,BTCUSD,meanrev,24,[13],0.5,3.0,23,0.0,0,ftmo_1step,,7,2.0,1,,False,OOS,395,6.6,2.3,0.0,61.8,29.4,5.5,5.4,9.98,-2.14,96978.0,61.8
s1,BTCUSD,meanrev,24,[13],0.5,3.0,23,0.0,0,fundingpips_1step,,7,2.0,1,,False,IS,391,10.0,0.0,0.0,68.3,21.7,3.6,4.6,9.55,-2.19,97342.0,68.3
s1,BTCUSD,meanrev,24,[13],0.5,3.0,23,0.0,0,fundingpips_1step,,7,2.0,1,,False,OOS,395,10.1,0.0,0.0,64.3,25.6,4.5,4.8,9.1,-2.13,97886.0,64.3
s1,BTCUSD,meanrev,24,[8],3.0,2.0,23,0.0,0,ftmo_1step,,7,2.0,1,,False,IS,391,4.9,0.0,0.0,10.5,84.7,6.9,6.9,6.48,-2.01,99519.0,10.5
s1,BTCUSD,meanrev,24,[8],3.0,2.0,23,0.0,0,ftmo_1step,,7,2.0,1,,False,OOS,395,3.8,0.0,0.0,10.4,85.8,4.9,6.8,6.34,-2.0,98502.0,10.4
s1,BTCUSD,meanrev,24,[8],3.0,2.0,23,0.0,0,fundingpips_1step,,7,2.0,1,,False,IS,391,4.9,0.0,0.0,26.9,68.3,6.9,6.4,5.98,-2.01,99597.0,26.9
s1,BTCUSD,meanrev,24,[8],3.0,2.0,23,0.0,0,fundingpips_1step,,7,2.0,1,,False,OOS,395,3.8,0.0,0.0,26.6,69.6,4.9,6.4,5.91,-2.0,98681.0,26.6
s1,BTCUSD,meanrev,24,[8],3.0,3.0,23,0.0,0,ftmo_1step,,7,2.0,1,,False,IS,391,3.3,1.3,0.0,11.5,83.9,6.9,6.9,6.61,-2.0,99448.0,11.5
s1,BTCUSD,meanrev,24,[8],3.0,3.0,23,0.0,0,ftmo_1step,,7,2.0,1,,False,OOS,395,4.1,0.3,0.0,11.6,84.1,5.3,6.8,6.51,-2.0,98375.0,11.6
s1,BTCUSD,meanrev,24,[8],3.0,3.0,23,0.0,0,fundingpips_1step,,7,2.0,1,,False,IS,391,4.6,0.0,0.0,28.1,67.3,5.9,6.4,6.09,-2.0,99544.0,28.1
s1,BTCUSD,meanrev,24,[8],3.0,3.0,23,0.0,0,fundingpips_1step,,7,2.0,1,,False,OOS,395,4.3,0.0,0.0,28.4,67.3,4.9,6.4,6.07,-2.0,98556.0,28.4
s1,BTCUSD,meanrev,24,[13],1.0,1.0,23,0.0,0,ftmo_1step,,7,2.0,1,,False,IS,391,0.5,0.0,0.0,20.7,78.8,5.5,6.8,7.36,-2.13,98185.0,20.7
s1,BTCUSD,meanrev,24,[13],1.0,1.0,23,0.0,0,ftmo_1step,,7,2.0,1,,False,OOS,395,0.5,0.0,0.0,19.0,80.5,5.5,6.7,7.41,-2.07,97969.0,19.0
s1,BTCUSD,meanrev,24,[13],1.0,1.0,23,0.0,0,fundingpips_1step,,7,2.0,1,,False,IS,391,0.5,0.0,0.0,37.1,62.4,5.5,6.1,6.74,-2.13,98409.0,37.1
s1,BTCUSD,meanrev,24,[13],1.0,1.0,23,0.0,0,fundingpips_1step,,7,2.0,1,,False,OOS,395,0.5,0.0,0.0,40.0,59.5,5.5,6.0,6.74,-2.07,98204.0,40.0
s1,BTCUSD,meanrev,24,[13],1.0,2.0,23,0.0,0,ftmo_1step,,7,2.0,1,,False,IS,391,7.4,0.0,0.0,44.5,48.1,4.6,6.2,8.83,-2.11,97686.0,44.5
s1,BTCUSD,meanrev,24,[13],1.0,2.0,23,0.0,0,ftmo_1step,,7,2.0,1,,False,OOS,395,5.1,0.0,0.0,38.0,57.0,5.1,6.3,8.61,-2.06,97684.0,38.0
s1,BTCUSD,meanrev,24,[13],1.0,2.0,23,0.0,0,fundingpips_1step,,7,2.0,1,,False,IS,391,7.4,0.0,0.0,52.2,40.4,4.6,5.3,7.94,-2.1,98115.0,52.2
s1,BTCUSD,meanrev,24,[13],1.0,2.0,23,0.0,0,fundingpips_1step,,7,2.0,1,,False,OOS,395,5.3,0.0,0.0,48.9,45.8,5.5,5.5,7.78,-2.06,98212.0,48.9
s1,BTCUSD,meanrev,24,[13],1.0,3.0,23,0.0,0,ftmo_1step,,7,2.0,1,,False,IS,391,9.7,3.6,0.0,51.4,35.3,4.9,5.7,9.19,-2.09,98245.0,51.4
s1,BTCUSD,meanrev,24,[13],1.0,3.0,23,0.0,0,ftmo_1step,,7,2.0,1,,False,OOS,395,5.6,2.8,0.0,52.7,39.0,5.5,5.8,9.26,-2.06,97455.0,52.7
s1,BTCUSD,meanrev,24,[13],1.0,3.0,23,0.0,0,fundingpips_1step,,7,2.0,1,,False,IS,391,13.3,0.0,0.0,58.6,28.1,4.5,4.9,8.49,-2.08,98448.0,58.6
s1,BTCUSD,meanrev,24,[13],1.0,3.0,23,0.0,0,fundingpips_1step,,7,2.0,1,,False,OOS,395,8.9,0.0,0.0,57.0,34.2,4.7,5.1,8.54,-2.05,98027.0,57.0
s1,BTCUSD,meanrev,24,[13],2.0,1.0,23,0.0,0,ftmo_1step,,7,2.0,1,,False,IS,391,0.8,0.0,0.0,12.8,86.4,6.6,6.9,6.63,-2.06,98866.0,12.8
s1,BTCUSD,meanrev,24,[13],2.0,1.0,23,0.0,0,ftmo_1step,,7,2.0,1,,False,OOS,395,0.8,0.0,0.0,7.8,91.4,5.9,6.9,6.29,-2.03,99085.0,7.8
s1,BTCUSD,meanrev,24,[13],2.0,1.0,23,0.0,0,fundingpips_1step,,7,2.0,1,,False,IS,391,0.8,0.0,0.0,31.7,67.5,6.6,6.3,6.09,-2.06,99024.0,31.7
s1,BTCUSD,meanrev,24,[13],2.0,1.0,23,0.0,0,fundingpips_1step,,7,2.0,1,,False,OOS,395,0.8,0.0,0.0,27.3,71.9,5.9,6.3,5.87,-2.03,99052.0,27.3
s1,BTCUSD,meanrev,24,[13],2.0,2.0,23,0.0,0,ftmo_1step,,7,2.0,1,,False,IS,391,6.6,0.0,0.0,23.5,69.8,6.2,6.6,7.58,-2.06,99074.0,23.5
s1,BTCUSD,meanrev,24,[13],2.0,2.0,23,0.0,0,ftmo_1step,,7,2.0,1,,False,OOS,395,2.0,0.0,0.0,17.2,80.8,4.3,6.7,7.29,-2.02,98372.0,17.2
s1,BTCUSD,meanrev,24,[13],2.0,2.0,23,0.0,0,fundingpips_1step,,7,2.0,1,,False,IS,391,6.6,0.0,0.0,39.4,54.0,6.2,6.0,6.91,-2.05,99227.0,39.4
s1,BTCUSD,meanrev,24,[13],2.0,2.0,23,0.0,0,fundingpips_1step,,7,2.0,1,,False,OOS,395,2.0,0.0,0.0,33.9,64.1,4.3,6.1,6.76,-2.02,98506.0,33.9
s1,BTCUSD,meanrev,24,[13],2.0,3.0,23,0.0,0,ftmo_1step,,7,2.0,1,,False,IS,391,7.2,3.6,0.0,25.8,63.4,5.8,6.4,7.72,-2.04,99470.0,25.8
s1,BTCUSD,meanrev,24,[13],2.0,3.0,23,0.0,0,ftmo_1step,,7,2.0,1,,False,OOS,395,5.1,1.0,0.0,18.7,75.2,5.2,6.6,7.41,-2.02,98781.0,18.7
s1,BTCUSD,meanrev,24,[13],2.0,3.0,23,0.0,0,fundingpips_1step,,7,2.0,1,,False,IS,391,10.7,0.0,0.0,38.9,50.4,4.8,5.8,7.09,-2.03,99516.0,38.9
s1,BTCUSD,meanrev,24,[13],2.0,3.0,23,0.0,0,fundingpips_1step,,7,2.0,1,,False,OOS,395,6.1,0.0,0.0,34.9,59.0,4.3,6.0,6.86,-2.01,98825.0,34.9
s1,BTCUSD,meanrev,24,[13],3.0,1.0,23,0.0,0,ftmo_1step,,7,2.0,1,,False,IS,391,1.0,0.0,0.0,3.8,95.1,6.7,7.0,5.68,-2.02,99287.0,3.8
s1,BTCUSD,meanrev,24,[13],3.0,1.0,23,0.0,0,ftmo_1step,,7,2.0,1,,False,OOS,395,0.0,0.0,0.0,2.8,97.2,,6.9,5.56,-2.0,98918.0,2.8
s1,BTCUSD,meanrev,24,[13],3.0,1.0,23,0.0,0,fundingpips_1step,,7,2.0,1,,False,IS,391,1.0,0.0,0.0,22.5,76.5,6.7,6.6,5.35,-2.02,99337.0,22.5
s1,BTCUSD,meanrev,24,[13],3.0,1.0,23,0.0,0,fundingpips_1step,,7,2.0,1,,False,OOS,395,0.0,0.0,0.0,15.4,84.6,,6.6,5.35,-2.0,98923.0,15.4
s1,BTCUSD,meanrev,24,[0],0.5,1.0,23,0.0,0,ftmo_1step,,7,2.0,1,,False,IS,391,1.5,0.0,0.0,27.4,71.1,6.0,6.7,7.75,-2.19,97477.0,27.4
s1,BTCUSD,meanrev,24,[0],0.5,1.0,23,0.0,0,ftmo_1step,,7,2.0,1,,False,OOS,395,0.8,0.0,0.0,18.7,80.5,6.0,6.7,7.27,-2.12,98940.0,18.7
s1,BTCUSD,meanrev,24,[0],0.5,1.0,23,0.0,0,fundingpips_1step,,7,2.0,1,,False,IS,391,1.5,0.0,0.0,43.5,55.0,6.0,5.9,6.78,-2.17,98135.0,43.5
s1,BTCUSD,meanrev,24,[0],0.5,1.0,23,0.0,0,fundingpips_1step,,7,2.0,1,,False,OOS,395,1.0,0.0,0.0,34.7,64.3,6.0,6.1,6.69,-2.12,99274.0,34.7
s1,BTCUSD,meanrev,24,[13],3.0,2.0,23,0.0,0,ftmo_1step,,7,2.0,1,,False,IS,391,2.3,0.0,0.0,4.9,92.8,5.9,6.9,6.04,-2.01,99844.0,4.9
s1,BTCUSD,meanrev,24,[13],3.0,2.0,23,0.0,0,ftmo_1step,,7,2.0,1,,False,OOS,395,0.8,0.0,0.0,2.5,96.7,4.7,6.9,5.97,-2.0,99017.0,2.5
s1,BTCUSD,meanrev,24,[13],3.0,2.0,23,0.0,0,fundingpips_1step,,7,2.0,1,,False,IS,391,2.3,0.0,0.0,22.8,74.9,5.9,6.6,5.72,-2.01,99746.0,22.8
s1,BTCUSD,meanrev,24,[13],3.0,2.0,23,0.0,0,fundingpips_1step,,7,2.0,1,,False,OOS,395,0.8,0.0,0.0,20.3,79.0,4.7,6.6,5.71,-2.0,98985.0,20.3
s1,BTCUSD,meanrev,24,[0],0.5,2.0,23,0.0,0,ftmo_1step,,7,2.0,1,,False,IS,391,6.6,0.0,0.0,45.5,47.8,5.4,6.1,8.92,-2.19,97344.0,45.5
s1,BTCUSD,meanrev,24,[0],0.5,2.0,23,0.0,0,ftmo_1step,,7,2.0,1,,False,OOS,395,7.1,0.0,0.0,39.5,53.4,6.0,6.1,8.79,-2.12,97999.0,39.5
s1,BTCUSD,meanrev,24,[0],0.5,2.0,23,0.0,0,fundingpips_1step,,7,2.0,1,,False,IS,391,6.9,0.0,0.0,51.7,41.4,5.8,5.3,7.95,-2.17,98070.0,51.7
s1,BTCUSD,meanrev,24,[0],0.5,2.0,23,0.0,0,fundingpips_1step,,7,2.0,1,,False,OOS,395,7.1,0.0,0.0,48.6,44.3,6.0,5.3,7.89,-2.11,98519.0,48.6
s1,BTCUSD,meanrev,24,[0],0.5,3.0,23,0.0,0,ftmo_1step,,7,2.0,1,,False,IS,391,6.1,4.1,0.0,62.7,27.1,5.0,5.3,9.67,-2.16,97191.0,62.7
s1,BTCUSD,meanrev,24,[0],0.5,3.0,23,0.0,0,ftmo_1step,,7,2.0,1,,False,OOS,395,7.6,3.3,0.0,52.7,36.5,6.0,5.5,9.49,-2.09,98080.0,52.7
s1,BTCUSD,meanrev,24,[0],0.5,3.0,23,0.0,0,fundingpips_1step,,7,2.0,1,,False,IS,391,10.7,0.0,0.0,56.8,32.5,4.2,4.7,8.84,-2.15,98067.0,56.8
s1,BTCUSD,meanrev,24,[0],0.5,3.0,23,0.0,0,fundingpips_1step,,7,2.0,1,,False,OOS,395,10.6,0.0,0.0,57.5,31.9,5.0,4.7,8.75,-2.09,98409.0,57.5
s1,BTCUSD,meanrev,24,[13],3.0,3.0,23,0.0,0,ftmo_1step,,7,2.0,1,,False,IS,391,3.1,0.5,0.0,5.6,90.8,6.9,6.9,6.19,-2.01,99965.0,5.6
s1,BTCUSD,meanrev,24,[13],3.0,3.0,23,0.0,0,ftmo_1step,,7,2.0,1,,False,OOS,395,1.8,0.5,0.0,6.3,91.4,5.9,6.9,6.22,-1.99,98821.0,6.3
s1,BTCUSD,meanrev,24,[13],3.0,3.0,23,0.0,0,fundingpips_1step,,7,2.0,1,,False,IS,391,3.6,0.0,0.0,22.5,73.9,6.4,6.5,5.89,-2.01,99828.0,22.5
s1,BTCUSD,meanrev,24,[13],3.0,3.0,23,0.0,0,fundingpips_1step,,7,2.0,1,,False,OOS,395,2.3,0.0,0.0,23.3,74.4,4.8,6.5,5.94,-1.99,98854.0,23.3
s1,BTCUSD,meanrev,24,[0],1.0,1.0,23,0.0,0,ftmo_1step,,7,2.0,1,,False,IS,391,2.0,0.0,0.0,16.6,81.3,6.0,6.8,6.74,-2.1,98726.0,16.6
s1,BTCUSD,meanrev,24,[0],1.0,1.0,23,0.0,0,ftmo_1step,,7,2.0,1,,False,OOS,395,0.3,0.0,0.0,11.1,88.6,6.0,6.8,6.5,-2.05,99319.0,11.1
s1,BTCUSD,meanrev,24,[0],1.0,1.0,23,0.0,0,fundingpips_1step,,7,2.0,1,,False,IS,391,2.0,0.0,0.0,31.2,66.8,6.0,6.1,6.08,-2.09,99103.0,31.2
s1,BTCUSD,meanrev,24,[0],1.0,1.0,23,0.0,0,fundingpips_1step,,7,2.0,1,,False,OOS,395,0.3,0.0,0.0,26.8,72.9,6.0,6.2,6.07,-2.05,99337.0,26.8
s1,BTCUSD,meanrev,24,[0],1.0,2.0,23,0.0,0,ftmo_1step,,7,2.0,1,,False,IS,391,8.7,0.0,0.0,29.4,61.9,5.1,6.3,8.04,-2.09,98871.0,29.4
s1,BTCUSD,meanrev,24,[0],1.0,2.0,23,0.0,0,ftmo_1step,,7,2.0,1,,False,OOS,395,6.3,0.0,0.0,28.1,65.6,5.4,6.3,8.2,-2.04,98815.0,28.1
s1,BTCUSD,meanrev,24,[0],1.0,2.0,23,0.0,0,fundingpips_1step,,7,2.0,1,,False,IS,391,8.7,0.0,0.0,40.2,51.2,5.1,5.6,7.33,-2.08,99172.0,40.2
s1,BTCUSD,meanrev,24,[0],1.0,2.0,23,0.0,0,fundingpips_1step,,7,2.0,1,,False,OOS,395,6.1,0.0,0.0,43.8,50.1,5.3,5.5,7.65,-2.04,98736.0,43.8
s1,BTCUSD,meanrev,24,[0],1.0,3.0,23,0.0,0,ftmo_1step,,7,2.0,1,,False,IS,391,10.5,3.8,0.0,43.2,42.5,4.9,5.8,8.57,-2.07,99059.0,43.2
s1,BTCUSD,meanrev,24,[0],1.0,3.0,23,0.0,0,ftmo_1step,,7,2.0,1,,False,OOS,395,5.3,3.3,0.0,41.3,50.1,5.9,6.0,8.81,-2.04,98882.0,41.3
s1,BTCUSD,meanrev,24,[0],1.0,3.0,23,0.0,0,fundingpips_1step,,7,2.0,1,,False,IS,391,14.3,0.0,0.0,46.3,39.4,4.5,5.1,7.84,-2.06,99407.0,46.3
s1,BTCUSD,meanrev,24,[0],1.0,3.0,23,0.0,0,fundingpips_1step,,7,2.0,1,,False,OOS,395,8.4,0.0,0.0,46.3,45.3,4.5,5.2,8.16,-2.04,98875.0,46.3
s1,BTCUSD,meanrev,24,[0],2.0,1.0,23,0.0,0,ftmo_1step,,7,2.0,1,,False,IS,391,1.0,0.0,0.0,4.9,94.1,6.3,6.9,5.83,-2.02,99570.0,4.9
s1,BTCUSD,meanrev,24,[0],2.0,1.0,23,0.0,0,ftmo_1step,,7,2.0,1,,False,OOS,395,0.3,0.0,0.0,2.0,97.7,6.3,6.9,5.9,-2.01,99583.0,2.0
s1,BTCUSD,meanrev,24,[0],2.0,1.0,23,0.0,0,fundingpips_1step,,7,2.0,1,,False,IS,391,1.0,0.0,0.0,18.7,80.3,6.3,6.5,5.53,-2.02,99595.0,18.7
s1,BTCUSD,meanrev,24,[0],2.0,1.0,23,0.0,0,fundingpips_1step,,7,2.0,1,,False,OOS,395,0.3,0.0,0.0,20.0,79.7,6.3,6.5,5.64,-2.01,99451.0,20.0
s1,BTCUSD,meanrev,24,[0],2.0,2.0,23,0.0,0,ftmo_1step,,7,2.0,1,,False,IS,391,7.7,0.0,0.0,10.7,81.6,5.5,6.7,6.77,-2.02,100329.0,10.7
s1,BTCUSD,meanrev,24,[0],2.0,2.0,23,0.0,0,ftmo_1step,,7,2.0,1,,False,OOS,395,3.8,0.0,0.0,10.4,85.8,4.9,6.7,7.0,-2.0,99294.0,10.4
s1,BTCUSD,meanrev,24,[0],2.0,2.0,23,0.0,0,fundingpips_1step,,7,2.0,1,,False,IS,391,7.7,0.0,0.0,25.1,67.3,5.5,6.3,6.41,-2.02,100273.0,25.1
s1,BTCUSD,meanrev,24,[0],2.0,2.0,23,0.0,0,fundingpips_1step,,7,2.0,1,,False,OOS,395,3.8,0.0,0.0,29.9,66.3,4.9,6.1,6.56,-2.0,99160.0,29.9
s1,BTCUSD,meanrev,24,[0],2.0,3.0,23,0.0,0,ftmo_1step,,7,2.0,1,,False,IS,391,7.2,2.3,0.0,14.8,75.7,5.7,6.6,7.18,-2.01,100198.0,14.8
s1,BTCUSD,meanrev,24,[0],2.0,3.0,23,0.0,0,ftmo_1step,,7,2.0,1,,False,OOS,395,4.3,2.0,0.0,14.4,79.2,5.9,6.6,7.33,-2.0,99351.0,14.4
s1,BTCUSD,meanrev,24,[0],2.0,3.0,23,0.0,0,fundingpips_1step,,7,2.0,1,,False,IS,391,9.7,0.0,0.0,29.7,60.6,4.9,6.1,6.79,-2.01,100185.0,29.7
s1,BTCUSD,meanrev,24,[0],2.0,3.0,23,0.0,0,fundingpips_1step,,7,2.0,1,,False,OOS,395,6.1,0.0,0.0,33.9,60.0,5.4,6.0,6.85,-2.0,99211.0,33.9
s1,BTCUSD,meanrev,24,[0],3.0,1.0,23,0.0,0,ftmo_1step,,7,2.0,1,,False,IS,391,0.0,0.0,0.0,1.8,98.2,,7.0,5.12,-1.97,99770.0,1.8
s1,BTCUSD,meanrev,24,[0],3.0,1.0,23,0.0,0,ftmo_1step,,7,2.0,1,,False,OOS,395,0.0,0.0,0.0,0.5,99.5,,6.9,5.15,-1.97,99424.0,0.5
s1,BTCUSD,meanrev,24,[0],3.0,1.0,23,0.0,0,fundingpips_1step,,7,2.0,1,,False,IS,391,0.0,0.0,0.0,13.0,87.0,,6.7,4.93,-1.97,99824.0,13.0
s1,BTCUSD,meanrev,24,[0],3.0,1.0,23,0.0,0,fundingpips_1step,,7,2.0,1,,False,OOS,395,0.0,0.0,0.0,11.6,88.4,,6.7,5.04,-1.97,99366.0,11.6
s1,BTCUSD,prevday,24,[8],0.5,2.0,23,0.0,0,ftmo_1step,,7,2.0,1,,False,IS,391,10.2,0.0,0.0,45.5,44.2,4.4,6.0,9.04,-2.19,97589.0,45.5
s1,BTCUSD,prevday,24,[8],0.5,2.0,23,0.0,0,ftmo_1step,,7,2.0,1,,False,OOS,395,10.6,0.0,0.0,40.0,49.4,3.6,6.0,8.79,-2.11,98678.0,40.0
s1,BTCUSD,prevday,24,[8],0.5,2.0,23,0.0,0,fundingpips_1step,,7,2.0,1,,False,IS,391,10.2,0.0,0.0,57.0,32.7,4.4,5.0,8.03,-2.18,98138.0,57.0
s1,BTCUSD,prevday,24,[8],0.5,2.0,23,0.0,0,fundingpips_1step,,7,2.0,1,,False,OOS,395,10.4,0.0,0.0,47.6,42.0,2.8,5.2,8.07,-2.1,99010.0,47.6
s1,BTCUSD,prevday,24,[8],0.5,1.0,23,0.0,0,ftmo_1step,,7,2.0,1,,False,IS,391,0.5,0.0,0.0,30.7,68.8,5.3,6.7,8.07,-2.22,97317.0,30.7
s1,BTCUSD,prevday,24,[8],0.5,1.0,23,0.0,0,ftmo_1step,,7,2.0,1,,False,OOS,395,0.3,0.0,0.0,20.5,79.2,5.3,6.7,7.97,-2.15,97393.0,20.5
s1,BTCUSD,prevday,24,[8],0.5,1.0,23,0.0,0,fundingpips_1step,,7,2.0,1,,False,IS,391,0.5,0.0,0.0,46.5,52.9,5.3,5.9,7.22,-2.22,97886.0,46.5
s1,BTCUSD,prevday,24,[8],0.5,1.0,23,0.0,0,fundingpips_1step,,7,2.0,1,,False,OOS,395,0.3,0.0,0.0,45.3,54.4,5.3,5.9,7.43,-2.15,97504.0,45.3
s1,BTCUSD,meanrev,24,[0],3.0,2.0,23,0.0,0,ftmo_1step,,7,2.0,1,,False,IS,391,3.3,0.0,0.0,3.1,93.6,6.6,6.9,5.75,-1.98,100036.0,3.1
s1,BTCUSD,meanrev,24,[0],3.0,2.0,23,0.0,0,ftmo_1step,,7,2.0,1,,False,OOS,395,2.3,0.0,0.0,2.3,95.4,6.3,6.9,5.83,-1.98,99320.0,2.3
s1,BTCUSD,meanrev,24,[0],3.0,2.0,23,0.0,0,fundingpips_1step,,7,2.0,1,,False,IS,391,3.3,0.0,0.0,15.9,80.8,6.6,6.6,5.53,-1.99,100094.0,15.9
s1,BTCUSD,meanrev,24,[0],3.0,2.0,23,0.0,0,fundingpips_1step,,7,2.0,1,,False,OOS,395,2.3,0.0,0.0,21.3,76.5,6.3,6.5,5.59,-1.98,99214.0,21.3
s1,BTCUSD,prevday,24,[8],0.5,3.0,23,0.0,0,ftmo_1step,,7,2.0,1,,False,IS,391,7.9,4.9,0.0,60.6,26.6,4.5,5.4,9.65,-2.16,97384.0,60.6
s1,BTCUSD,prevday,24,[8],0.5,3.0,23,0.0,0,ftmo_1step,,7,2.0,1,,False,OOS,395,10.4,5.8,0.0,54.4,29.4,4.5,5.4,9.37,-2.08,99012.0,54.4
s1,BTCUSD,prevday,24,[8],0.5,3.0,23,0.0,0,fundingpips_1step,,7,2.0,1,,False,IS,391,13.6,0.0,0.0,67.0,19.4,4.3,4.6,8.83,-2.15,97964.0,67.0
s1,BTCUSD,prevday,24,[8],0.5,3.0,23,0.0,0,fundingpips_1step,,7,2.0,1,,False,OOS,395,16.7,0.0,0.0,55.4,27.8,4.1,4.8,8.81,-2.07,99475.0,55.4
s1,BTCUSD,meanrev,24,[0],3.0,3.0,23,0.0,0,ftmo_1step,,7,2.0,1,,False,IS,391,2.6,1.0,0.0,3.6,92.8,6.9,6.9,5.97,-1.97,99887.0,3.6
s1,BTCUSD,meanrev,24,[0],3.0,3.0,23,0.0,0,ftmo_1step,,7,2.0,1,,False,OOS,395,1.5,0.8,0.0,4.1,93.7,6.8,6.9,6.15,-1.99,99073.0,4.1
s1,BTCUSD,meanrev,24,[0],3.0,3.0,23,0.0,0,fundingpips_1step,,7,2.0,1,,False,IS,391,3.6,0.0,0.0,17.1,79.3,6.7,6.6,5.74,-1.98,99972.0,17.1
s1,BTCUSD,meanrev,24,[0],3.0,3.0,23,0.0,0,fundingpips_1step,,7,2.0,1,,False,OOS,395,2.3,0.0,0.0,24.1,73.7,5.9,6.4,5.89,-1.99,98994.0,24.1
s1,BTCUSD,prevday,24,[8],1.0,2.0,23,0.0,0,ftmo_1step,,7,2.0,1,,False,IS,391,12.3,0.0,0.0,32.7,55.0,4.5,6.2,8.21,-2.09,99688.0,32.7
s1,BTCUSD,prevday,24,[8],1.0,2.0,23,0.0,0,ftmo_1step,,7,2.0,1,,False,OOS,395,10.6,0.0,0.0,28.9,60.5,4.5,6.3,7.96,-2.05,99887.0,28.9
s1,BTCUSD,prevday,24,[8],1.0,2.0,23,0.0,0,fundingpips_1step,,7,2.0,1,,False,IS,391,12.3,0.0,0.0,39.6,48.1,4.5,5.5,7.59,-2.08,99722.0,39.6
s1,BTCUSD,prevday,24,[8],1.0,2.0,23,0.0,0,fundingpips_1step,,7,2.0,1,,False,OOS,395,10.6,0.0,0.0,38.7,50.6,4.5,5.6,7.44,-2.05,99738.0,38.7
s1,BTCUSD,prevday,24,[8],1.0,1.0,23,0.0,0,ftmo_1step,,7,2.0,1,,False,IS,391,3.1,0.0,0.0,12.5,84.4,5.4,6.8,6.89,-2.11,99334.0,12.5
s1,BTCUSD,prevday,24,[8],1.0,1.0,23,0.0,0,ftmo_1step,,7,2.0,1,,False,OOS,395,0.8,0.0,0.0,14.7,84.6,5.9,6.8,6.8,-2.07,99011.0,14.7
s1,BTCUSD,prevday,24,[8],1.0,1.0,23,0.0,0,fundingpips_1step,,7,2.0,1,,False,IS,391,3.1,0.0,0.0,34.5,62.4,5.4,6.2,6.38,-2.1,99328.0,34.5
s1,BTCUSD,prevday,24,[8],1.0,1.0,23,0.0,0,fundingpips_1step,,7,2.0,1,,False,OOS,395,0.8,0.0,0.0,30.9,68.4,5.9,6.2,6.33,-2.07,99080.0,30.9
s1,BTCUSD,prevday,24,[8],1.0,3.0,23,0.0,0,ftmo_1step,,7,2.0,1,,False,IS,391,11.8,5.6,0.0,50.1,32.5,4.7,5.5,8.87,-2.07,99519.0,50.1
s1,BTCUSD,prevday,24,[8],1.0,3.0,23,0.0,0,ftmo_1step,,7,2.0,1,,False,OOS,395,13.4,5.6,0.0,43.8,37.2,4.9,5.6,8.63,-2.02,100317.0,43.8
s1,BTCUSD,prevday,24,[8],1.0,3.0,23,0.0,0,fundingpips_1step,,7,2.0,1,,False,IS,391,18.2,0.0,0.0,51.9,29.9,4.5,4.9,8.28,-2.06,99718.0,51.9
s1,BTCUSD,prevday,24,[8],1.0,3.0,23,0.0,0,fundingpips_1step,,7,2.0,1,,False,OOS,395,17.7,0.0,0.0,46.3,35.9,4.5,5.1,8.31,-2.02,100080.0,46.3
s1,BTCUSD,prevday,24,[8],2.0,1.0,23,0.0,0,ftmo_1step,,7,2.0,1,,False,IS,391,2.0,0.0,0.0,10.0,88.0,5.7,6.9,6.33,-2.04,99327.0,10.0
s1,BTCUSD,prevday,24,[8],2.0,1.0,23,0.0,0,ftmo_1step,,7,2.0,1,,False,OOS,395,3.3,0.0,0.0,6.1,90.6,5.9,6.9,5.81,-2.01,100076.0,6.1
s1,BTCUSD,prevday,24,[8],2.0,1.0,23,0.0,0,fundingpips_1step,,7,2.0,1,,False,IS,391,2.0,0.0,0.0,29.9,68.0,5.7,6.3,5.84,-2.04,99367.0,29.9
s1,BTCUSD,prevday,24,[8],2.0,1.0,23,0.0,0,fundingpips_1step,,7,2.0,1,,False,OOS,395,3.3,0.0,0.0,19.7,77.0,5.9,6.5,5.51,-2.01,100106.0,19.7
s1,BTCUSD,prevday,24,[8],2.0,2.0,23,0.0,0,ftmo_1step,,7,2.0,1,,False,IS,391,6.9,0.0,0.0,23.5,69.6,4.9,6.7,7.37,-2.04,99384.0,23.5
s1,BTCUSD,prevday,24,[8],2.0,2.0,23,0.0,0,ftmo_1step,,7,2.0,1,,False,OOS,395,7.1,0.0,0.0,14.4,78.5,4.5,6.6,6.99,-2.01,100313.0,14.4
s1,BTCUSD,prevday,24,[8],2.0,2.0,23,0.0,0,fundingpips_1step,,7,2.0,1,,False,IS,391,6.9,0.0,0.0,36.6,56.5,4.9,5.9,6.65,-2.03,99574.0,36.6
s1,BTCUSD,prevday,24,[8],2.0,2.0,23,0.0,0,fundingpips_1step,,7,2.0,1,,False,OOS,395,7.1,0.0,0.0,25.8,67.1,4.5,6.2,6.66,-2.01,100331.0,25.8
s1,BTCUSD,prevday,24,[8],2.0,3.0,23,0.0,0,ftmo_1step,,7,2.0,1,,False,IS,391,10.0,2.6,0.0,27.1,60.4,5.7,6.4,7.71,-2.02,99800.0,27.1
s1,BTCUSD,prevday,24,[8],2.0,3.0,23,0.0,0,ftmo_1step,,7,2.0,1,,False,OOS,395,7.8,2.0,0.0,17.5,72.7,4.9,6.5,7.24,-2.01,100598.0,17.5
s1,BTCUSD,prevday,24,[8],2.0,3.0,23,0.0,0,fundingpips_1step,,7,2.0,1,,False,IS,391,12.3,0.0,0.0,39.6,48.1,4.7,5.7,6.95,-2.02,100029.0,39.6
s1,BTCUSD,prevday,24,[8],2.0,3.0,23,0.0,0,fundingpips_1step,,7,2.0,1,,False,OOS,395,9.9,0.0,0.0,26.3,63.8,3.9,6.1,6.92,-2.01,100642.0,26.3
s1,BTCUSD,prevday,24,[13],0.5,1.0,23,0.0,0,ftmo_1step,,7,2.0,1,,False,IS,391,0.3,0.0,0.0,43.7,56.0,5.5,6.4,9.31,-2.21,96054.0,43.7
s1,BTCUSD,prevday,24,[13],0.5,1.0,23,0.0,0,ftmo_1step,,7,2.0,1,,False,OOS,395,0.8,0.0,0.0,37.0,62.3,5.6,6.5,8.64,-2.17,97116.0,37.0
s1,BTCUSD,prevday,24,[13],0.5,1.0,23,0.0,0,fundingpips_1step,,7,2.0,1,,False,IS,391,0.3,0.0,0.0,56.3,43.5,5.5,5.6,8.27,-2.22,96668.0,56.3
s1,BTCUSD,prevday,24,[13],0.5,1.0,23,0.0,0,fundingpips_1step,,7,2.0,1,,False,OOS,395,0.8,0.0,0.0,46.3,52.9,5.6,5.7,7.79,-2.16,97833.0,46.3
s1,BTCUSD,prevday,24,[8],3.0,1.0,23,0.0,0,ftmo_1step,,7,2.0,1,,False,IS,391,0.8,0.0,0.0,3.6,95.7,6.5,7.0,5.75,-2.01,99144.0,3.6
s1,BTCUSD,prevday,24,[8],3.0,1.0,23,0.0,0,ftmo_1step,,7,2.0,1,,False,OOS,395,0.8,0.0,0.0,1.3,98.0,6.5,6.9,4.96,-1.97,100698.0,1.3
s1,BTCUSD,prevday,24,[8],3.0,1.0,23,0.0,0,fundingpips_1step,,7,2.0,1,,False,IS,391,0.8,0.0,0.0,27.6,71.6,6.5,6.5,5.38,-2.01,99089.0,27.6
s1,BTCUSD,prevday,24,[8],3.0,1.0,23,0.0,0,fundingpips_1step,,7,2.0,1,,False,OOS,395,0.8,0.0,0.0,12.4,86.8,6.5,6.8,4.82,-1.97,100624.0,12.4
s1,BTCUSD,prevday,24,[13],0.5,3.0,23,0.0,0,ftmo_1step,,7,2.0,1,,False,IS,391,5.9,2.0,0.0,67.0,25.1,4.7,5.2,10.56,-2.16,96596.0,67.0
s1,BTCUSD,prevday,24,[13],0.5,3.0,23,0.0,0,ftmo_1step,,7,2.0,1,,False,OOS,395,8.1,7.3,0.0,63.5,21.0,4.5,5.0,9.91,-2.07,98017.0,63.5
s1,BTCUSD,prevday,24,[13],0.5,3.0,23,0.0,0,fundingpips_1step,,7,2.0,1,,False,IS,391,9.7,0.0,0.0,67.0,23.3,4.5,4.6,9.52,-2.18,97377.0,67.0
s1,BTCUSD,prevday,24,[13],0.5,3.0,23,0.0,0,fundingpips_1step,,7,2.0,1,,False,OOS,395,18.2,0.0,0.0,62.0,19.7,3.5,4.4,9.0,-2.07,98924.0,62.0
s1,BTCUSD,prevday,24,[13],0.5,2.0,23,0.0,0,ftmo_1step,,7,2.0,1,,False,IS,391,3.1,0.0,0.0,52.9,44.0,3.5,5.8,10.03,-2.17,96492.0,52.9
s1,BTCUSD,prevday,24,[13],0.5,2.0,23,0.0,0,ftmo_1step,,7,2.0,1,,False,OOS,395,12.2,0.0,0.0,43.5,44.3,4.5,5.8,9.16,-2.12,98943.0,43.5
s1,BTCUSD,prevday,24,[13],0.5,2.0,23,0.0,0,fundingpips_1step,,7,2.0,1,,False,IS,391,3.1,0.0,0.0,57.3,39.6,3.5,5.1,8.85,-2.2,97188.0,57.3
s1,BTCUSD,prevday,24,[13],0.5,2.0,23,0.0,0,fundingpips_1step,,7,2.0,1,,False,OOS,395,15.2,0.0,0.0,48.9,35.9,4.5,5.0,8.29,-2.12,99565.0,48.9
s1,BTCUSD,prevday,24,[8],3.0,2.0,23,0.0,0,ftmo_1step,,7,2.0,1,,False,IS,391,4.6,0.0,0.0,6.6,88.7,4.8,6.9,6.32,-2.0,99587.0,6.6
s1,BTCUSD,prevday,24,[8],3.0,2.0,23,0.0,0,ftmo_1step,,7,2.0,1,,False,OOS,395,1.0,0.0,0.0,2.8,96.2,5.8,6.9,5.55,-1.98,100844.0,2.8
s1,BTCUSD,prevday,24,[8],3.0,2.0,23,0.0,0,fundingpips_1step,,7,2.0,1,,False,IS,391,4.6,0.0,0.0,29.7,65.7,4.8,6.4,5.88,-2.0,99528.0,29.7
s1,BTCUSD,prevday,24,[8],3.0,2.0,23,0.0,0,fundingpips_1step,,7,2.0,1,,False,OOS,395,1.0,0.0,0.0,13.7,85.3,5.8,6.7,5.4,-1.98,100763.0,13.7
s1,BTCUSD,prevday,24,[8],3.0,3.0,23,0.0,0,ftmo_1step,,7,2.0,1,,False,IS,391,4.9,2.0,0.0,7.2,85.9,5.7,6.8,6.62,-2.0,99555.0,7.2
s1,BTCUSD,prevday,24,[8],3.0,3.0,23,0.0,0,ftmo_1step,,7,2.0,1,,False,OOS,395,2.5,2.3,0.0,4.6,90.6,6.6,6.8,5.72,-1.96,101023.0,4.6
s1,BTCUSD,prevday,24,[8],3.0,3.0,23,0.0,0,fundingpips_1step,,7,2.0,1,,False,IS,391,6.9,0.0,0.0,30.4,62.7,4.9,6.3,6.16,-2.0,99486.0,30.4
s1,BTCUSD,prevday,24,[8],3.0,3.0,23,0.0,0,fundingpips_1step,,7,2.0,1,,False,OOS,395,4.8,0.0,0.0,14.9,80.3,4.9,6.6,5.55,-1.96,100954.0,14.9
s1,BTCUSD,prevday,24,[13],1.0,1.0,23,0.0,0,ftmo_1step,,7,2.0,1,,False,IS,391,0.5,0.0,0.0,25.1,74.4,5.5,6.6,7.75,-2.12,97535.0,25.1
s1,BTCUSD,prevday,24,[13],1.0,1.0,23,0.0,0,ftmo_1step,,7,2.0,1,,False,OOS,395,2.3,0.0,0.0,14.4,83.3,5.5,6.8,6.82,-2.07,99956.0,14.4
s1,BTCUSD,prevday,24,[13],1.0,1.0,23,0.0,0,fundingpips_1step,,7,2.0,1,,False,IS,391,0.5,0.0,0.0,43.5,56.0,5.5,5.9,7.06,-2.12,97815.0,43.5
s1,BTCUSD,prevday,24,[13],1.0,1.0,23,0.0,0,fundingpips_1step,,7,2.0,1,,False,OOS,395,2.3,0.0,0.0,31.6,66.1,5.5,6.2,6.28,-2.06,100086.0,31.6
s1,BTCUSD,prevday,24,[13],1.0,2.0,23,0.0,0,ftmo_1step,,7,2.0,1,,False,IS,391,2.3,0.0,0.0,46.3,51.4,4.5,6.1,9.11,-2.12,96670.0,46.3
s1,BTCUSD,prevday,24,[13],1.0,2.0,23,0.0,0,ftmo_1step,,7,2.0,1,,False,OOS,395,16.2,0.0,0.0,35.9,47.8,4.8,6.0,8.46,-2.03,99940.0,35.9
s1,BTCUSD,prevday,24,[13],1.0,2.0,23,0.0,0,fundingpips_1step,,7,2.0,1,,False,IS,391,2.8,0.0,0.0,57.8,39.4,4.5,5.2,8.08,-2.11,97253.0,57.8
s1,BTCUSD,prevday,24,[13],1.0,2.0,23,0.0,0,fundingpips_1step,,7,2.0,1,,False,OOS,395,16.5,0.0,0.0,44.6,39.0,4.8,5.3,7.85,-2.03,100119.0,44.6
s1,BTCUSD,prevday,24,[13],1.0,3.0,23,0.0,0,ftmo_1step,,7,2.0,1,,False,IS,391,7.2,1.5,0.0,57.5,33.8,5.6,5.7,9.41,-2.1,96961.0,57.5
s1,BTCUSD,prevday,24,[13],1.0,3.0,23,0.0,0,ftmo_1step,,7,2.0,1,,False,OOS,395,13.2,6.6,0.0,46.3,33.9,4.8,5.5,8.97,-2.01,99741.0,46.3
s1,BTCUSD,prevday,24,[13],1.0,3.0,23,0.0,0,fundingpips_1step,,7,2.0,1,,False,IS,391,9.2,0.0,0.0,62.9,27.9,4.8,4.8,8.47,-2.1,97468.0,62.9
s1,BTCUSD,prevday,24,[13],1.0,3.0,23,0.0,0,fundingpips_1step,,7,2.0,1,,False,OOS,395,19.2,0.0,0.0,49.6,31.1,3.8,4.9,8.37,-2.01,99935.0,49.6
s1,BTCUSD,prevday,24,[13],2.0,1.0,23,0.0,0,ftmo_1step,,7,2.0,1,,False,IS,391,1.5,0.0,0.0,12.3,86.2,6.2,6.9,6.74,-2.06,98347.0,12.3
s1,BTCUSD,prevday,24,[13],2.0,1.0,23,0.0,0,ftmo_1step,,7,2.0,1,,False,OOS,395,1.0,0.0,0.0,9.4,89.6,5.6,6.8,6.07,-2.02,99886.0,9.4
s1,BTCUSD,prevday,24,[13],2.0,1.0,23,0.0,0,fundingpips_1step,,7,2.0,1,,False,IS,391,1.5,0.0,0.0,33.5,65.0,6.2,6.2,6.18,-2.06,98411.0,33.5
s1,BTCUSD,prevday,24,[13],2.0,1.0,23,0.0,0,fundingpips_1step,,7,2.0,1,,False,OOS,395,1.0,0.0,0.0,21.8,77.2,5.6,6.4,5.74,-2.02,99881.0,21.8
s1,BTCUSD,prevday,24,[13],2.0,2.0,23,0.0,0,ftmo_1step,,7,2.0,1,,False,IS,391,6.4,0.0,0.0,19.7,73.9,4.9,6.7,7.49,-2.04,98740.0,19.7
s1,BTCUSD,prevday,24,[13],2.0,2.0,23,0.0,0,ftmo_1step,,7,2.0,1,,False,OOS,395,9.9,0.0,0.0,15.2,74.9,5.6,6.6,6.77,-1.99,100538.0,15.2
s1,BTCUSD,prevday,24,[13],2.0,2.0,23,0.0,0,fundingpips_1step,,7,2.0,1,,False,IS,391,6.6,0.0,0.0,40.2,53.2,4.9,5.9,6.76,-2.04,98817.0,40.2
s1,BTCUSD,prevday,24,[13],2.0,2.0,23,0.0,0,fundingpips_1step,,7,2.0,1,,False,OOS,395,9.9,0.0,0.0,25.1,65.1,5.6,6.1,6.33,-1.99,100604.0,25.1
s1,BTCUSD,prevday,24,[13],2.0,3.0,23,0.0,0,ftmo_1step,,7,2.0,1,,False,IS,391,8.2,1.8,0.0,25.8,64.2,4.9,6.5,7.88,-2.03,98933.0,25.8
s1,BTCUSD,prevday,24,[13],2.0,3.0,23,0.0,0,ftmo_1step,,7,2.0,1,,False,OOS,395,11.1,3.8,0.0,19.7,65.3,5.6,6.4,7.16,-1.97,100626.0,19.7
s1,BTCUSD,prevday,24,[13],2.0,3.0,23,0.0,0,fundingpips_1step,,7,2.0,1,,False,IS,391,10.2,0.0,0.0,45.3,44.5,4.8,5.6,7.1,-2.03,98926.0,45.3
s1,BTCUSD,prevday,24,[13],2.0,3.0,23,0.0,0,fundingpips_1step,,7,2.0,1,,False,OOS,395,14.9,0.0,0.0,29.4,55.7,4.9,5.9,6.73,-1.97,100749.0,29.4
s1,BTCUSD,prevday,24,[13],3.0,1.0,23,0.0,0,ftmo_1step,,7,2.0,1,,False,IS,391,0.0,0.0,0.0,3.3,96.7,,7.0,5.81,-2.01,98899.0,3.3
s1,BTCUSD,prevday,24,[13],3.0,1.0,23,0.0,0,ftmo_1step,,7,2.0,1,,False,OOS,395,0.8,0.0,0.0,1.5,97.7,6.7,6.9,4.9,-1.95,100391.0,1.5
s1,BTCUSD,prevday,24,[13],3.0,1.0,23,0.0,0,fundingpips_1step,,7,2.0,1,,False,IS,391,0.0,0.0,0.0,23.0,77.0,,6.6,5.49,-2.01,98855.0,23.0
s1,BTCUSD,prevday,24,[13],3.0,1.0,23,0.0,0,fundingpips_1step,,7,2.0,1,,False,OOS,395,0.8,0.0,0.0,11.4,87.8,6.7,6.7,4.76,-1.95,100370.0,11.4
s1,BTCUSD,prevday,24,[0],0.5,1.0,23,0.0,0,ftmo_1step,,7,2.0,1,,False,IS,391,0.5,0.0,0.0,34.0,65.5,6.0,6.6,8.29,-2.21,96553.0,34.0
s1,BTCUSD,prevday,24,[0],0.5,1.0,23,0.0,0,ftmo_1step,,7,2.0,1,,False,OOS,395,0.0,0.0,0.0,32.4,67.6,,6.5,8.33,-2.15,96845.0,32.4
s1,BTCUSD,prevday,24,[0],0.5,1.0,23,0.0,0,fundingpips_1step,,7,2.0,1,,False,IS,391,0.5,0.0,0.0,50.4,49.1,6.0,5.7,7.28,-2.2,97260.0,50.4
s1,BTCUSD,prevday,24,[0],0.5,1.0,23,0.0,0,fundingpips_1step,,7,2.0,1,,False,OOS,395,0.0,0.0,0.0,49.9,50.1,,5.8,7.55,-2.14,97265.0,49.9
s1,BTCUSD,prevday,24,[13],3.0,2.0,23,0.0,0,ftmo_1step,,7,2.0,1,,False,IS,391,4.9,0.0,0.0,6.1,89.0,5.6,6.9,6.32,-2.0,99466.0,6.1
s1,BTCUSD,prevday,24,[13],3.0,2.0,23,0.0,0,ftmo_1step,,7,2.0,1,,False,OOS,395,4.3,0.0,0.0,2.0,93.7,5.9,6.9,5.34,-1.95,100928.0,2.0
s1,BTCUSD,prevday,24,[13],3.0,2.0,23,0.0,0,fundingpips_1step,,7,2.0,1,,False,IS,391,4.9,0.0,0.0,27.6,67.5,5.6,6.4,5.87,-2.0,99424.0,27.6
s1,BTCUSD,prevday,24,[13],3.0,2.0,23,0.0,0,fundingpips_1step,,7,2.0,1,,False,OOS,395,4.3,0.0,0.0,13.4,82.3,5.9,6.7,5.19,-1.95,100867.0,13.4
s1,BTCUSD,prevday,24,[0],0.5,2.0,23,0.0,0,ftmo_1step,,7,2.0,1,,False,IS,391,5.1,0.0,0.0,50.4,44.5,5.0,5.9,9.24,-2.2,96469.0,50.4
s1,BTCUSD,prevday,24,[0],0.5,2.0,23,0.0,0,ftmo_1step,,7,2.0,1,,False,OOS,395,4.1,0.0,0.0,49.4,46.6,5.6,5.9,9.42,-2.14,96453.0,49.4
s1,BTCUSD,prevday,24,[0],0.5,2.0,23,0.0,0,fundingpips_1step,,7,2.0,1,,False,IS,391,4.9,0.0,0.0,60.1,35.0,5.0,4.9,7.9,-2.19,97259.0,60.1
s1,BTCUSD,prevday,24,[0],0.5,2.0,23,0.0,0,fundingpips_1step,,7,2.0,1,,False,OOS,395,4.1,0.0,0.0,61.5,34.4,5.6,5.0,8.3,-2.13,97063.0,61.5
s1,BTCUSD,prevday,24,[0],0.5,3.0,23,0.0,0,ftmo_1step,,7,2.0,1,,False,IS,391,7.4,2.8,0.0,63.2,26.6,6.0,5.4,9.89,-2.18,96618.0,63.2
s1,BTCUSD,prevday,24,[0],0.5,3.0,23,0.0,0,ftmo_1step,,7,2.0,1,,False,OOS,395,6.6,2.3,0.0,62.8,28.4,5.6,5.3,9.8,-2.13,96603.0,62.8
s1,BTCUSD,prevday,24,[0],0.5,3.0,23,0.0,0,fundingpips_1step,,7,2.0,1,,False,IS,391,10.0,0.0,0.0,67.3,22.8,5.0,4.5,8.66,-2.17,97322.0,67.3
s1,BTCUSD,prevday,24,[0],0.5,3.0,23,0.0,0,fundingpips_1step,,7,2.0,1,,False,OOS,395,9.1,0.0,0.0,64.3,26.6,4.9,4.5,8.59,-2.11,97369.0,64.3
s1,BTCUSD,prevday,24,[13],3.0,3.0,23,0.0,0,ftmo_1step,,7,2.0,1,,False,IS,391,5.9,1.0,0.0,9.5,83.6,5.7,6.8,6.7,-2.0,99410.0,9.5
s1,BTCUSD,prevday,24,[13],3.0,3.0,23,0.0,0,ftmo_1step,,7,2.0,1,,False,OOS,395,3.0,1.5,0.0,4.3,91.1,5.9,6.8,5.64,-1.95,100865.0,4.3
s1,BTCUSD,prevday,24,[13],3.0,3.0,23,0.0,0,fundingpips_1step,,7,2.0,1,,False,IS,391,6.9,0.0,0.0,30.9,62.1,4.9,6.3,6.24,-1.99,99374.0,30.9
s1,BTCUSD,prevday,24,[13],3.0,3.0,23,0.0,0,fundingpips_1step,,7,2.0,1,,False,OOS,395,4.6,0.0,0.0,14.4,81.0,5.9,6.6,5.47,-1.95,100888.0,14.4
s1,BTCUSD,prevday,24,[0],1.0,1.0,23,0.0,0,ftmo_1step,,7,2.0,1,,False,IS,391,1.8,0.0,0.0,14.6,83.6,6.0,6.8,6.88,-2.09,98722.0,14.6
s1,BTCUSD,prevday,24,[0],1.0,1.0,23,0.0,0,ftmo_1step,,7,2.0,1,,False,OOS,395,1.3,0.0,0.0,13.7,85.1,6.2,6.8,6.97,-2.06,98229.0,13.7
s1,BTCUSD,prevday,24,[0],1.0,1.0,23,0.0,0,fundingpips_1step,,7,2.0,1,,False,IS,391,1.8,0.0,0.0,32.2,66.0,6.0,6.0,6.25,-2.08,98832.0,32.2
s1,BTCUSD,prevday,24,[0],1.0,1.0,23,0.0,0,fundingpips_1step,,7,2.0,1,,False,OOS,395,1.3,0.0,0.0,31.4,67.3,6.2,6.1,6.45,-2.06,98369.0,31.4
s1,BTCUSD,prevday,24,[0],1.0,2.0,23,0.0,0,ftmo_1step,,7,2.0,1,,False,IS,391,7.2,0.0,0.0,35.3,57.5,5.1,6.2,8.23,-2.09,98640.0,35.3
s1,BTCUSD,prevday,24,[0],1.0,2.0,23,0.0,0,ftmo_1step,,7,2.0,1,,False,OOS,395,5.8,0.0,0.0,34.7,59.5,5.9,6.3,8.31,-2.05,98347.0,34.7
s1,BTCUSD,prevday,24,[0],1.0,2.0,23,0.0,0,fundingpips_1step,,7,2.0,1,,False,IS,391,7.2,0.0,0.0,45.5,47.3,5.1,5.4,7.42,-2.08,98826.0,45.5
s1,BTCUSD,prevday,24,[0],1.0,2.0,23,0.0,0,fundingpips_1step,,7,2.0,1,,False,OOS,395,5.8,0.0,0.0,46.1,48.1,5.9,5.5,7.57,-2.05,98687.0,46.1
s1,BTCUSD,prevday,24,[0],1.0,3.0,23,0.0,0,ftmo_1step,,7,2.0,1,,False,IS,391,9.7,3.3,0.0,52.4,34.5,5.0,5.6,8.95,-2.07,98301.0,52.4
s1,BTCUSD,prevday,24,[0],1.0,3.0,23,0.0,0,ftmo_1step,,7,2.0,1,,False,OOS,395,7.8,2.8,0.0,45.1,44.3,5.5,5.9,8.84,-2.04,98469.0,45.1
s1,BTCUSD,prevday,24,[0],1.0,3.0,23,0.0,0,fundingpips_1step,,7,2.0,1,,False,IS,391,12.8,0.0,0.0,52.7,34.5,4.5,4.8,8.1,-2.07,98726.0,52.7
s1,BTCUSD,prevday,24,[0],1.0,3.0,23,0.0,0,fundingpips_1step,,7,2.0,1,,False,OOS,395,10.6,0.0,0.0,45.3,44.1,4.9,5.2,8.18,-2.04,98733.0,45.3
s1,BTCUSD,prevday,24,[0],2.0,1.0,23,0.0,0,ftmo_1step,,7,2.0,1,,False,IS,391,0.5,0.0,0.0,7.7,91.8,6.3,6.9,5.95,-2.03,99306.0,7.7
s1,BTCUSD,prevday,24,[0],2.0,1.0,23,0.0,0,ftmo_1step,,7,2.0,1,,False,OOS,395,0.5,0.0,0.0,8.9,90.6,6.4,6.9,6.0,-2.02,99315.0,8.9
s1,BTCUSD,prevday,24,[0],2.0,1.0,23,0.0,0,fundingpips_1step,,7,2.0,1,,False,IS,391,0.5,0.0,0.0,24.8,74.7,6.3,6.4,5.53,-2.03,99328.0,24.8
s1,BTCUSD,prevday,24,[0],2.0,1.0,23,0.0,0,fundingpips_1step,,7,2.0,1,,False,OOS,395,0.5,0.0,0.0,22.8,76.7,6.4,6.4,5.63,-2.01,99341.0,22.8
s1,BTCUSD,prevday,24,[0],2.0,2.0,23,0.0,0,ftmo_1step,,7,2.0,1,,False,IS,391,6.9,0.0,0.0,16.6,76.5,5.7,6.7,7.03,-2.03,99662.0,16.6
s1,BTCUSD,prevday,24,[0],2.0,2.0,23,0.0,0,ftmo_1step,,7,2.0,1,,False,OOS,395,4.8,0.0,0.0,15.4,79.7,5.7,6.7,6.91,-2.02,99866.0,15.4
s1,BTCUSD,prevday,24,[0],2.0,2.0,23,0.0,0,fundingpips_1step,,7,2.0,1,,False,IS,391,6.9,0.0,0.0,34.8,58.3,5.7,5.9,6.33,-2.03,99816.0,34.8
s1,BTCUSD,prevday,24,[0],2.0,2.0,23,0.0,0,fundingpips_1step,,7,2.0,1,,False,OOS,395,4.8,0.0,0.0,26.8,68.4,5.7,6.2,6.38,-2.01,99981.0,26.8
s1,BTCUSD,prevday,24,[0],2.0,3.0,23,0.0,0,ftmo_1step,,7,2.0,1,,False,IS,391,11.0,2.0,0.0,23.0,63.9,5.6,6.3,7.46,-2.01,100078.0,23.0
s1,BTCUSD,prevday,24,[0],2.0,3.0,23,0.0,0,ftmo_1step,,7,2.0,1,,False,OOS,395,3.3,2.5,0.0,18.2,75.9,6.5,6.6,7.45,-2.01,99633.0,18.2
s1,BTCUSD,prevday,24,[0],2.0,3.0,23,0.0,0,fundingpips_1step,,7,2.0,1,,False,IS,391,12.8,0.0,0.0,37.3,49.9,5.1,5.7,6.81,-2.01,100194.0,37.3
s1,BTCUSD,prevday,24,[0],2.0,3.0,23,0.0,0,fundingpips_1step,,7,2.0,1,,False,OOS,395,5.8,0.0,0.0,29.9,64.3,5.9,6.1,6.95,-2.0,99683.0,29.9
s1,BTCUSD,prevday,24,[0],3.0,1.0,23,0.0,0,ftmo_1step,,7,2.0,1,,False,IS,391,0.5,0.0,0.0,2.0,97.4,6.3,7.0,5.24,-1.98,99429.0,2.0
s1,BTCUSD,prevday,24,[0],3.0,1.0,23,0.0,0,ftmo_1step,,7,2.0,1,,False,OOS,395,0.0,0.0,0.0,0.8,99.2,,6.9,4.82,-1.98,100024.0,0.8
s1,BTCUSD,prevday,24,[0],3.0,1.0,23,0.0,0,fundingpips_1step,,7,2.0,1,,False,IS,391,0.5,0.0,0.0,19.4,80.1,6.3,6.6,4.96,-1.97,99443.0,19.4
s1,BTCUSD,prevday,24,[0],3.0,1.0,23,0.0,0,fundingpips_1step,,7,2.0,1,,False,OOS,395,0.0,0.0,0.0,11.1,88.9,,6.7,4.69,-1.98,99996.0,11.1
s1,BTCUSD,asian,24,[8],0.5,1.0,23,0.0,0,ftmo_1step,,7,2.0,1,,False,IS,391,0.8,0.0,0.0,32.2,67.0,5.3,6.5,7.96,-2.22,97458.0,32.2
s1,BTCUSD,asian,24,[8],0.5,1.0,23,0.0,0,ftmo_1step,,7,2.0,1,,False,OOS,395,0.3,0.0,0.0,17.5,82.3,5.3,6.8,7.73,-2.16,97887.0,17.5
s1,BTCUSD,asian,24,[8],0.5,1.0,23,0.0,0,fundingpips_1step,,7,2.0,1,,False,IS,391,0.8,0.0,0.0,47.1,52.2,5.3,5.8,7.09,-2.21,98058.0,47.1
s1,BTCUSD,asian,24,[8],0.5,1.0,23,0.0,0,fundingpips_1step,,7,2.0,1,,False,OOS,395,0.3,0.0,0.0,36.7,63.0,5.3,6.2,7.3,-2.15,97898.0,36.7
s1,BTCUSD,asian,24,[8],0.5,2.0,23,0.0,0,ftmo_1step,,7,2.0,1,,False,IS,391,8.4,0.0,0.0,48.1,43.5,4.3,6.0,9.2,-2.2,97725.0,48.1
s1,BTCUSD,asian,24,[8],0.5,2.0,23,0.0,0,ftmo_1step,,7,2.0,1,,False,OOS,395,4.8,0.0,0.0,35.4,59.7,5.3,6.3,8.62,-2.14,99005.0,35.4
s1,BTCUSD,asian,24,[8],0.5,2.0,23,0.0,0,fundingpips_1step,,7,2.0,1,,False,IS,391,8.2,0.0,0.0,54.2,37.6,4.3,5.1,8.08,-2.19,98222.0,54.2
s1,BTCUSD,asian,24,[8],0.5,2.0,23,0.0,0,fundingpips_1step,,7,2.0,1,,False,OOS,395,4.8,0.0,0.0,40.5,54.7,5.3,5.6,8.03,-2.13,99067.0,40.5
s1,BTCUSD,prevday,24,[0],3.0,2.0,23,0.0,0,ftmo_1step,,7,2.0,1,,False,IS,391,3.1,0.0,0.0,4.3,92.6,4.9,6.9,5.94,-1.99,100054.0,4.3
s1,BTCUSD,prevday,24,[0],3.0,2.0,23,0.0,0,ftmo_1step,,7,2.0,1,,False,OOS,395,1.5,0.0,0.0,2.3,96.2,4.5,6.9,5.53,-1.98,100197.0,2.3
s1,BTCUSD,prevday,24,[0],3.0,2.0,23,0.0,0,fundingpips_1step,,7,2.0,1,,False,IS,391,3.1,0.0,0.0,23.8,73.1,4.9,6.5,5.63,-1.99,100012.0,23.8
s1,BTCUSD,prevday,24,[0],3.0,2.0,23,0.0,0,fundingpips_1step,,7,2.0,1,,False,OOS,395,1.5,0.0,0.0,14.7,83.8,4.5,6.6,5.36,-1.98,100120.0,14.7
s1,BTCUSD,asian,24,[8],0.5,3.0,23,0.0,0,ftmo_1step,,7,2.0,1,,False,IS,391,10.5,4.1,0.0,61.6,23.8,4.5,5.2,9.76,-2.14,97849.0,61.6
s1,BTCUSD,asian,24,[8],0.5,3.0,23,0.0,0,ftmo_1step,,7,2.0,1,,False,OOS,395,10.1,4.6,0.0,53.2,32.2,4.5,5.4,9.43,-2.09,99202.0,53.2
s1,BTCUSD,asian,24,[8],0.5,3.0,23,0.0,0,fundingpips_1step,,7,2.0,1,,False,IS,391,15.9,0.0,0.0,62.9,21.2,4.3,4.5,8.78,-2.14,98555.0,62.9
s1,BTCUSD,asian,24,[8],0.5,3.0,23,0.0,0,fundingpips_1step,,7,2.0,1,,False,OOS,395,14.9,0.0,0.0,52.4,32.7,4.4,5.0,8.93,-2.09,99457.0,52.4
s1,BTCUSD,asian,24,[8],1.0,1.0,23,0.0,0,ftmo_1step,,7,2.0,1,,False,IS,391,0.8,0.0,0.0,13.8,85.4,5.5,6.9,6.87,-2.11,99529.0,13.8
s1,BTCUSD,asian,24,[8],1.0,1.0,23,0.0,0,ftmo_1step,,7,2.0,1,,False,OOS,395,0.0,0.0,0.0,13.7,86.3,,6.8,6.68,-2.07,99122.0,13.7
s1,BTCUSD,asian,24,[8],1.0,1.0,23,0.0,0,fundingpips_1step,,7,2.0,1,,False,IS,391,0.8,0.0,0.0,30.2,69.1,5.5,6.3,6.4,-2.11,99635.0,30.2
s1,BTCUSD,asian,24,[8],1.0,1.0,23,0.0,0,fundingpips_1step,,7,2.0,1,,False,OOS,395,0.0,0.0,0.0,30.1,69.9,,6.3,6.33,-2.07,99170.0,30.1
s1,BTCUSD,prevday,24,[0],3.0,3.0,23,0.0,0,ftmo_1step,,7,2.0,1,,False,IS,391,3.8,1.0,0.0,5.1,90.0,5.2,6.8,6.3,-1.99,100052.0,5.1
s1,BTCUSD,prevday,24,[0],3.0,3.0,23,0.0,0,ftmo_1step,,7,2.0,1,,False,OOS,395,3.5,1.0,0.0,2.3,93.2,6.3,6.8,5.68,-1.98,100664.0,2.3
s1,BTCUSD,prevday,24,[0],3.0,3.0,23,0.0,0,fundingpips_1step,,7,2.0,1,,False,IS,391,4.9,0.0,0.0,25.8,69.3,4.9,6.4,5.98,-1.98,99965.0,25.8
s1,BTCUSD,prevday,24,[0],3.0,3.0,23,0.0,0,fundingpips_1step,,7,2.0,1,,False,OOS,395,4.6,0.0,0.0,15.2,80.3,5.9,6.6,5.51,-1.98,100550.0,15.2
s1,BTCUSD,asian,24,[8],1.0,2.0,23,0.0,0,ftmo_1step,,7,2.0,1,,False,IS,391,12.8,0.0,0.0,32.5,54.7,4.6,6.2,8.09,-2.09,100316.0,32.5
s1,BTCUSD,asian,24,[8],1.0,2.0,23,0.0,0,ftmo_1step,,7,2.0,1,,False,OOS,395,6.3,0.0,0.0,34.2,59.5,5.3,6.3,8.37,-2.06,98998.0,34.2
s1,BTCUSD,asian,24,[8],1.0,2.0,23,0.0,0,fundingpips_1step,,7,2.0,1,,False,IS,391,13.3,0.0,0.0,37.6,49.1,4.6,5.6,7.62,-2.1,100405.0,37.6
s1,BTCUSD,asian,24,[8],1.0,2.0,23,0.0,0,fundingpips_1step,,7,2.0,1,,False,OOS,395,6.3,0.0,0.0,45.8,47.8,5.3,5.5,7.85,-2.06,98902.0,45.8
s1,BTCUSD,asian,24,[8],1.0,3.0,23,0.0,0,ftmo_1step,,7,2.0,1,,False,IS,391,15.3,5.1,0.0,44.2,35.3,4.7,5.6,8.71,-2.07,100542.0,44.2
s1,BTCUSD,asian,24,[8],1.0,3.0,23,0.0,0,ftmo_1step,,7,2.0,1,,False,OOS,395,8.6,3.8,0.0,51.4,36.2,4.7,5.7,9.24,-2.04,98987.0,51.4
s1,BTCUSD,asian,24,[8],1.0,3.0,23,0.0,0,fundingpips_1step,,7,2.0,1,,False,IS,391,21.5,0.0,0.0,46.3,32.2,4.4,5.0,8.24,-2.06,100539.0,46.3
s1,BTCUSD,asian,24,[8],1.0,3.0,23,0.0,0,fundingpips_1step,,7,2.0,1,,False,OOS,395,12.7,0.0,0.0,53.2,34.2,3.9,5.0,8.82,-2.03,98781.0,53.2
s1,BTCUSD,asian,24,[8],2.0,1.0,23,0.0,0,ftmo_1step,,7,2.0,1,,False,IS,391,0.8,0.0,0.0,3.8,95.4,5.7,7.0,5.89,-2.05,100401.0,3.8
s1,BTCUSD,asian,24,[8],2.0,1.0,23,0.0,0,ftmo_1step,,7,2.0,1,,False,OOS,395,0.8,0.0,0.0,5.8,93.4,6.5,6.9,6.18,-2.03,99514.0,5.8
s1,BTCUSD,asian,24,[8],2.0,1.0,23,0.0,0,fundingpips_1step,,7,2.0,1,,False,IS,391,0.8,0.0,0.0,17.1,82.1,5.7,6.6,5.67,-2.05,100256.0,17.1
s1,BTCUSD,asian,24,[8],2.0,1.0,23,0.0,0,fundingpips_1step,,7,2.0,1,,False,OOS,395,0.8,0.0,0.0,24.3,74.9,6.5,6.4,5.83,-2.03,99438.0,24.3
s1,BTCUSD,asian,24,[8],2.0,2.0,23,0.0,0,ftmo_1step,,7,2.0,1,,False,IS,391,12.0,0.0,0.0,12.3,75.7,4.9,6.7,6.89,-2.02,100715.0,12.3
s1,BTCUSD,asian,24,[8],2.0,2.0,23,0.0,0,ftmo_1step,,7,2.0,1,,False,OOS,395,5.1,0.0,0.0,16.2,78.7,4.7,6.7,7.3,-2.02,99338.0,16.2
s1,BTCUSD,asian,24,[8],2.0,2.0,23,0.0,0,fundingpips_1step,,7,2.0,1,,False,IS,391,12.0,0.0,0.0,27.1,60.9,4.9,6.1,6.49,-2.02,100476.0,27.1
s1,BTCUSD,asian,24,[8],2.0,2.0,23,0.0,0,fundingpips_1step,,7,2.0,1,,False,OOS,395,5.1,0.0,0.0,29.9,65.1,4.7,6.1,6.85,-2.01,99243.0,29.9
s1,BTCUSD,asian,24,[8],2.0,3.0,23,0.0,0,ftmo_1step,,7,2.0,1,,False,IS,391,11.8,3.1,0.0,16.6,68.5,4.9,6.5,7.3,-2.01,101106.0,16.6
s1,BTCUSD,asian,24,[8],2.0,3.0,23,0.0,0,ftmo_1step,,7,2.0,1,,False,OOS,395,3.8,1.8,0.0,21.5,72.9,4.9,6.6,7.73,-2.02,99122.0,21.5
s1,BTCUSD,asian,24,[8],2.0,3.0,23,0.0,0,fundingpips_1step,,7,2.0,1,,False,IS,391,14.8,0.0,0.0,31.2,54.0,4.9,6.0,6.88,-2.01,100857.0,31.2
s1,BTCUSD,asian,24,[8],2.0,3.0,23,0.0,0,fundingpips_1step,,7,2.0,1,,False,OOS,395,6.1,0.0,0.0,33.7,60.3,4.9,6.0,7.23,-2.02,99064.0,33.7
s1,BTCUSD,asian,24,[8],3.0,1.0,23,0.0,0,ftmo_1step,,7,2.0,1,,False,IS,391,1.0,0.0,0.0,2.0,96.9,6.5,7.0,5.19,-2.01,100235.0,2.0
s1,BTCUSD,asian,24,[8],3.0,1.0,23,0.0,0,ftmo_1step,,7,2.0,1,,False,OOS,395,0.5,0.0,0.0,3.3,96.2,6.9,6.9,5.63,-1.99,99217.0,3.3
s1,BTCUSD,asian,24,[8],3.0,1.0,23,0.0,0,fundingpips_1step,,7,2.0,1,,False,IS,391,1.0,0.0,0.0,13.3,85.7,6.5,6.8,5.02,-2.0,100195.0,13.3
s1,BTCUSD,asian,24,[8],3.0,1.0,23,0.0,0,fundingpips_1step,,7,2.0,1,,False,OOS,395,0.5,0.0,0.0,14.7,84.8,6.9,6.7,5.43,-1.99,99166.0,14.7
s1,BTCUSD,asian,24,[13],0.5,2.0,23,0.0,0,ftmo_1step,,7,2.0,1,,False,IS,391,5.4,0.0,0.0,49.6,45.0,4.5,5.9,9.76,-2.21,96705.0,49.6
s1,BTCUSD,asian,24,[13],0.5,2.0,23,0.0,0,ftmo_1step,,7,2.0,1,,False,OOS,395,6.8,0.0,0.0,42.0,51.1,4.5,6.0,9.2,-2.15,98264.0,42.0
s1,BTCUSD,asian,24,[13],0.5,2.0,23,0.0,0,fundingpips_1step,,7,2.0,1,,False,IS,391,6.1,0.0,0.0,57.8,36.1,3.5,5.1,8.58,-2.21,97312.0,57.8
s1,BTCUSD,asian,24,[13],0.5,2.0,23,0.0,0,fundingpips_1step,,7,2.0,1,,False,OOS,395,6.8,0.0,0.0,45.1,48.1,4.5,5.5,8.56,-2.15,98564.0,45.1
s1,BTCUSD,asian,24,[13],0.5,1.0,23,0.0,0,ftmo_1step,,7,2.0,1,,False,IS,391,0.0,0.0,0.0,39.1,60.9,,6.4,9.08,-2.23,96101.0,39.1
s1,BTCUSD,asian,24,[13],0.5,1.0,23,0.0,0,ftmo_1step,,7,2.0,1,,False,OOS,395,0.5,0.0,0.0,23.8,75.7,5.5,6.6,8.03,-2.17,97877.0,23.8
s1,BTCUSD,asian,24,[13],0.5,1.0,23,0.0,0,fundingpips_1step,,7,2.0,1,,False,IS,391,0.0,0.0,0.0,54.5,45.5,,5.6,8.04,-2.23,96692.0,54.5
s1,BTCUSD,asian,24,[13],0.5,1.0,23,0.0,0,fundingpips_1step,,7,2.0,1,,False,OOS,395,0.5,0.0,0.0,41.3,58.2,5.5,6.0,7.43,-2.16,98126.0,41.3
s1,BTCUSD,asian,24,[8],3.0,2.0,23,0.0,0,ftmo_1step,,7,2.0,1,,False,IS,391,4.3,0.0,0.0,5.1,90.5,5.9,6.9,5.84,-2.01,100913.0,5.1
s1,BTCUSD,asian,24,[8],3.0,2.0,23,0.0,0,ftmo_1step,,7,2.0,1,,False,OOS,395,2.0,0.0,0.0,6.1,91.9,4.9,6.9,6.28,-1.99,99103.0,6.1
s1,BTCUSD,asian,24,[8],3.0,2.0,23,0.0,0,fundingpips_1step,,7,2.0,1,,False,IS,391,5.1,0.0,0.0,16.9,78.0,5.9,6.7,5.61,-2.01,100851.0,16.9
s1,BTCUSD,asian,24,[8],3.0,2.0,23,0.0,0,fundingpips_1step,,7,2.0,1,,False,OOS,395,2.0,0.0,0.0,21.3,76.7,4.9,6.5,5.99,-1.99,99051.0,21.3
s1,BTCUSD,asian,24,[13],0.5,3.0,23,0.0,0,ftmo_1step,,7,2.0,1,,False,IS,391,3.3,3.8,0.0,62.1,30.7,5.5,5.4,10.27,-2.18,96461.0,62.1
s1,BTCUSD,asian,24,[13],0.5,3.0,23,0.0,0,ftmo_1step,,7,2.0,1,,False,OOS,395,7.6,3.8,0.0,58.2,30.4,4.7,5.4,10.01,-2.13,97950.0,58.2
s1,BTCUSD,asian,24,[13],0.5,3.0,23,0.0,0,fundingpips_1step,,7,2.0,1,,False,IS,391,8.7,0.0,0.0,67.5,23.8,1.6,4.6,9.24,-2.18,97301.0,67.5
s1,BTCUSD,asian,24,[13],0.5,3.0,23,0.0,0,fundingpips_1step,,7,2.0,1,,False,OOS,395,12.2,0.0,0.0,59.7,28.1,4.5,4.9,9.51,-2.11,98446.0,59.7
s1,BTCUSD,asian,24,[8],3.0,3.0,23,0.0,0,ftmo_1step,,7,2.0,1,,False,IS,391,3.1,1.5,0.0,5.6,89.8,6.4,6.9,6.08,-2.0,100698.0,5.6
s1,BTCUSD,asian,24,[8],3.0,3.0,23,0.0,0,ftmo_1step,,7,2.0,1,,False,OOS,395,2.5,0.5,0.0,6.1,90.9,5.4,6.9,6.42,-1.99,99308.0,6.1
s1,BTCUSD,asian,24,[8],3.0,3.0,23,0.0,0,fundingpips_1step,,7,2.0,1,,False,IS,391,4.6,0.0,0.0,18.2,77.2,5.9,6.6,5.85,-2.0,100643.0,18.2
s1,BTCUSD,asian,24,[8],3.0,3.0,23,0.0,0,fundingpips_1step,,7,2.0,1,,False,OOS,395,3.0,0.0,0.0,21.0,75.9,4.8,6.5,6.13,-1.99,99235.0,21.0
s1,BTCUSD,asian,24,[13],1.0,1.0,23,0.0,0,ftmo_1step,,7,2.0,1,,False,IS,391,0.8,0.0,0.0,15.1,84.1,5.5,6.8,7.19,-2.13,98733.0,15.1
s1,BTCUSD,asian,24,[13],1.0,1.0,23,0.0,0,ftmo_1step,,7,2.0,1,,False,OOS,395,0.5,0.0,0.0,14.2,85.3,5.5,6.8,7.13,-2.08,98803.0,14.2
s1,BTCUSD,asian,24,[13],1.0,1.0,23,0.0,0,fundingpips_1step,,7,2.0,1,,False,IS,391,0.8,0.0,0.0,35.0,64.2,5.5,6.2,6.69,-2.13,98790.0,35.0
s1,BTCUSD,asian,24,[13],1.0,1.0,23,0.0,0,fundingpips_1step,,7,2.0,1,,False,OOS,395,0.5,0.0,0.0,35.7,63.8,5.5,6.2,6.64,-2.07,98884.0,35.7
s1,BTCUSD,asian,24,[13],1.0,2.0,23,0.0,0,ftmo_1step,,7,2.0,1,,False,IS,391,6.9,0.0,0.0,32.0,61.1,4.6,6.4,8.49,-2.12,98367.0,32.0
s1,BTCUSD,asian,24,[13],1.0,2.0,23,0.0,0,ftmo_1step,,7,2.0,1,,False,OOS,395,7.1,0.0,0.0,38.7,54.2,4.8,6.1,8.53,-2.06,98332.0,38.7
s1,BTCUSD,asian,24,[13],1.0,2.0,23,0.0,0,fundingpips_1step,,7,2.0,1,,False,IS,391,6.9,0.0,0.0,46.0,47.1,4.6,5.5,7.78,-2.11,98406.0,46.0
s1,BTCUSD,asian,24,[13],1.0,2.0,23,0.0,0,fundingpips_1step,,7,2.0,1,,False,OOS,395,7.1,0.0,0.0,48.9,44.1,4.8,5.4,8.06,-2.06,98553.0,48.9
s1,BTCUSD,asian,24,[13],1.0,3.0,23,0.0,0,ftmo_1step,,7,2.0,1,,False,IS,391,7.7,2.3,0.0,42.2,47.8,4.6,6.0,9.05,-2.11,98433.0,42.2
s1,BTCUSD,asian,24,[13],1.0,3.0,23,0.0,0,ftmo_1step,,7,2.0,1,,False,OOS,395,6.1,3.5,0.0,52.9,37.5,4.6,5.7,9.1,-2.04,98054.0,52.9
s1,BTCUSD,asian,24,[13],1.0,3.0,23,0.0,0,fundingpips_1step,,7,2.0,1,,False,IS,391,11.0,0.0,0.0,50.9,38.1,4.6,5.2,8.39,-2.11,98762.0,50.9
s1,BTCUSD,asian,24,[13],1.0,3.0,23,0.0,0,fundingpips_1step,,7,2.0,1,,False,OOS,395,11.1,0.0,0.0,53.7,35.2,3.7,5.0,8.66,-2.04,98633.0,53.7
s1,BTCUSD,asian,24,[13],2.0,1.0,23,0.0,0,ftmo_1step,,7,2.0,1,,False,IS,391,1.8,0.0,0.0,2.6,95.7,5.9,7.0,5.94,-2.05,100063.0,2.6
s1,BTCUSD,asian,24,[13],2.0,1.0,23,0.0,0,ftmo_1step,,7,2.0,1,,False,OOS,395,0.5,0.0,0.0,10.9,88.6,5.7,6.8,6.48,-2.02,99037.0,10.9
s1,BTCUSD,asian,24,[13],2.0,1.0,23,0.0,0,fundingpips_1step,,7,2.0,1,,False,IS,391,1.8,0.0,0.0,19.7,78.5,5.9,6.6,5.71,-2.05,99801.0,19.7
s1,BTCUSD,asian,24,[13],2.0,1.0,23,0.0,0,fundingpips_1step,,7,2.0,1,,False,OOS,395,0.5,0.0,0.0,25.3,74.2,5.7,6.4,6.08,-2.02,99079.0,25.3
s1,BTCUSD,asian,24,[13],2.0,2.0,23,0.0,0,ftmo_1step,,7,2.0,1,,False,IS,391,7.4,0.0,0.0,10.7,81.8,5.9,6.8,6.92,-2.04,100626.0,10.7
s1,BTCUSD,asian,24,[13],2.0,2.0,23,0.0,0,ftmo_1step,,7,2.0,1,,False,OOS,395,2.3,0.0,0.0,20.0,77.7,4.7,6.7,7.53,-2.02,98561.0,20.0
s1,BTCUSD,asian,24,[13],2.0,2.0,23,0.0,0,fundingpips_1step,,7,2.0,1,,False,IS,391,7.7,0.0,0.0,27.4,65.0,5.8,6.3,6.59,-2.04,100325.0,27.4
s1,BTCUSD,asian,24,[13],2.0,2.0,23,0.0,0,fundingpips_1step,,7,2.0,1,,False,OOS,395,2.8,0.0,0.0,35.4,61.8,4.9,6.1,6.99,-2.02,98593.0,35.4
s1,BTCUSD,asian,24,[13],2.0,3.0,23,0.0,0,ftmo_1step,,7,2.0,1,,False,IS,391,8.7,2.0,0.0,15.6,73.7,5.8,6.6,7.3,-2.03,100697.0,15.6
s1,BTCUSD,asian,24,[13],2.0,3.0,23,0.0,0,ftmo_1step,,7,2.0,1,,False,OOS,395,4.3,1.0,0.0,22.0,72.7,4.9,6.6,7.7,-2.02,98781.0,22.0
s1,BTCUSD,asian,24,[13],2.0,3.0,23,0.0,0,fundingpips_1step,,7,2.0,1,,False,IS,391,12.0,0.0,0.0,30.9,57.0,4.9,6.1,6.94,-2.03,100468.0,30.9
s1,BTCUSD,asian,24,[13],2.0,3.0,23,0.0,0,fundingpips_1step,,7,2.0,1,,False,OOS,395,6.3,0.0,0.0,37.7,55.9,4.8,5.9,7.16,-2.02,98732.0,37.7
s1,BTCUSD,asian,24,[13],3.0,1.0,23,0.0,0,ftmo_1step,,7,2.0,1,,False,IS,391,1.0,0.0,0.0,0.8,98.2,6.2,7.0,4.97,-2.0,100526.0,0.8
s1,BTCUSD,asian,24,[13],3.0,1.0,23,0.0,0,ftmo_1step,,7,2.0,1,,False,OOS,395,0.3,0.0,0.0,3.8,95.9,6.9,6.9,5.41,-2.0,99244.0,3.8
s1,BTCUSD,asian,24,[13],3.0,1.0,23,0.0,0,fundingpips_1step,,7,2.0,1,,False,IS,391,1.0,0.0,0.0,10.7,88.2,6.2,6.8,4.87,-2.0,100423.0,10.7
s1,BTCUSD,asian,24,[13],3.0,1.0,23,0.0,0,fundingpips_1step,,7,2.0,1,,False,OOS,395,0.3,0.0,0.0,16.2,83.5,6.9,6.7,5.18,-1.99,99259.0,16.2
s1,BTCUSD,asian,24,[0],0.5,1.0,23,0.0,0,ftmo_1step,,7,2.0,1,,False,IS,391,0.0,0.0,0.0,28.9,71.1,,6.6,8.21,-2.21,96497.0,28.9
s1,BTCUSD,asian,24,[0],0.5,1.0,23,0.0,0,ftmo_1step,,7,2.0,1,,False,OOS,395,0.5,0.0,0.0,19.7,79.7,6.0,6.7,7.98,-2.14,97446.0,19.7
s1,BTCUSD,asian,24,[0],0.5,1.0,23,0.0,0,fundingpips_1step,,7,2.0,1,,False,IS,391,0.0,0.0,0.0,49.9,50.1,,5.7,7.17,-2.2,97088.0,49.9
s1,BTCUSD,asian,24,[0],0.5,1.0,23,0.0,0,fundingpips_1step,,7,2.0,1,,False,OOS,395,0.5,0.0,0.0,40.5,59.0,6.0,6.0,7.41,-2.13,97476.0,40.5
s1,BTCUSD,asian,24,[0],0.5,2.0,23,0.0,0,ftmo_1step,,7,2.0,1,,False,IS,391,3.3,0.0,0.0,46.0,50.6,6.0,6.1,9.32,-2.2,96441.0,46.0
s1,BTCUSD,asian,24,[0],0.5,2.0,23,0.0,0,ftmo_1step,,7,2.0,1,,False,OOS,395,3.5,0.0,0.0,45.3,51.1,3.1,6.0,9.12,-2.12,96997.0,45.3
s1,BTCUSD,asian,24,[0],0.5,2.0,23,0.0,0,fundingpips_1step,,7,2.0,1,,False,IS,391,3.8,0.0,0.0,60.4,35.8,5.3,5.0,8.0,-2.18,97266.0,60.4
s1,BTCUSD,asian,24,[0],0.5,2.0,23,0.0,0,fundingpips_1step,,7,2.0,1,,False,OOS,395,3.5,0.0,0.0,53.9,42.5,3.1,5.2,8.16,-2.11,97487.0,53.9
s1,BTCUSD,asian,24,[13],3.0,2.0,23,0.0,0,ftmo_1step,,7,2.0,1,,False,IS,391,3.1,0.0,0.0,2.8,94.1,5.4,6.9,5.59,-2.0,100964.0,2.8
s1,BTCUSD,asian,24,[13],3.0,2.0,23,0.0,0,ftmo_1step,,7,2.0,1,,False,OOS,395,2.8,0.0,0.0,4.8,92.4,4.9,6.9,5.97,-1.99,99174.0,4.8
s1,BTCUSD,asian,24,[13],3.0,2.0,23,0.0,0,fundingpips_1step,,7,2.0,1,,False,IS,391,3.1,0.0,0.0,16.1,80.8,5.4,6.7,5.4,-2.0,100832.0,16.1
s1,BTCUSD,asian,24,[13],3.0,2.0,23,0.0,0,fundingpips_1step,,7,2.0,1,,False,OOS,395,2.8,0.0,0.0,20.5,76.7,4.9,6.6,5.71,-1.99,99171.0,20.5
s1,BTCUSD,asian,24,[13],3.0,3.0,23,0.0,0,ftmo_1step,,7,2.0,1,,False,IS,391,5.1,1.0,0.0,4.6,89.3,5.9,6.9,5.88,-1.99,100925.0,4.6
s1,BTCUSD,asian,24,[13],3.0,3.0,23,0.0,0,ftmo_1step,,7,2.0,1,,False,OOS,395,3.0,1.5,0.0,5.6,89.9,4.7,6.8,6.0,-1.98,99385.0,5.6
s1,BTCUSD,asian,24,[13],3.0,3.0,23,0.0,0,fundingpips_1step,,7,2.0,1,,False,IS,391,6.1,0.0,0.0,16.6,77.2,5.8,6.6,5.69,-1.99,100795.0,16.6
s1,BTCUSD,asian,24,[13],3.0,3.0,23,0.0,0,fundingpips_1step,,7,2.0,1,,False,OOS,395,4.6,0.0,0.0,21.5,73.9,4.3,6.5,5.74,-1.98,99335.0,21.5
s1,BTCUSD,asian,24,[0],0.5,3.0,23,0.0,0,ftmo_1step,,7,2.0,1,,False,IS,391,5.6,2.8,0.0,60.6,30.9,5.7,5.5,9.85,-2.17,96747.0,60.6
s1,BTCUSD,asian,24,[0],0.5,3.0,23,0.0,0,ftmo_1step,,7,2.0,1,,False,OOS,395,3.8,3.0,0.0,62.0,31.1,5.8,5.4,9.72,-2.1,96474.0,62.0
s1,BTCUSD,asian,24,[0],0.5,3.0,23,0.0,0,fundingpips_1step,,7,2.0,1,,False,IS,391,9.7,0.0,0.0,62.4,27.9,5.0,4.6,8.71,-2.16,97519.0,62.4
s1,BTCUSD,asian,24,[0],0.5,3.0,23,0.0,0,fundingpips_1step,,7,2.0,1,,False,OOS,395,8.9,0.0,0.0,64.8,26.3,4.3,4.6,8.67,-2.09,97239.0,64.8
s1,BTCUSD,asian,24,[0],1.0,1.0,23,0.0,0,ftmo_1step,,7,2.0,1,,False,IS,391,0.0,0.0,0.0,12.5,87.5,,6.8,6.82,-2.1,98235.0,12.5
s1,BTCUSD,asian,24,[0],1.0,1.0,23,0.0,0,ftmo_1step,,7,2.0,1,,False,OOS,395,1.0,0.0,0.0,8.4,90.6,6.1,6.8,6.47,-2.06,99431.0,8.4
s1,BTCUSD,asian,24,[0],1.0,1.0,23,0.0,0,fundingpips_1step,,7,2.0,1,,False,IS,391,0.0,0.0,0.0,32.5,67.5,,6.1,6.27,-2.1,98275.0,32.5
s1,BTCUSD,asian,24,[0],1.0,1.0,23,0.0,0,fundingpips_1step,,7,2.0,1,,False,OOS,395,1.0,0.0,0.0,23.0,75.9,6.1,6.3,6.1,-2.06,99476.0,23.0
s1,BTCUSD,asian,24,[0],1.0,2.0,23,0.0,0,ftmo_1step,,7,2.0,1,,False,IS,391,7.9,0.0,0.0,28.9,63.2,5.9,6.4,8.09,-2.1,98989.0,28.9
s1,BTCUSD,asian,24,[0],1.0,2.0,23,0.0,0,ftmo_1step,,7,2.0,1,,False,OOS,395,11.1,0.0,0.0,27.8,61.0,5.2,6.3,7.98,-2.04,99485.0,27.8
s1,BTCUSD,asian,24,[0],1.0,2.0,23,0.0,0,fundingpips_1step,,7,2.0,1,,False,IS,391,7.9,0.0,0.0,42.7,49.4,5.9,5.6,7.47,-2.09,98984.0,42.7
s1,BTCUSD,asian,24,[0],1.0,2.0,23,0.0,0,fundingpips_1step,,7,2.0,1,,False,OOS,395,11.1,0.0,0.0,37.2,51.6,5.2,5.6,7.37,-2.04,99701.0,37.2
s1,BTCUSD,asian,24,[0],1.0,3.0,23,0.0,0,ftmo_1step,,7,2.0,1,,False,IS,391,8.7,3.1,0.0,43.7,44.5,5.0,5.9,8.78,-2.08,99130.0,43.7
s1,BTCUSD,asian,24,[0],1.0,3.0,23,0.0,0,ftmo_1step,,7,2.0,1,,False,OOS,395,9.9,2.8,0.0,40.3,47.1,5.2,5.9,8.7,-2.03,99193.0,40.3
s1,BTCUSD,asian,24,[0],1.0,3.0,23,0.0,0,fundingpips_1step,,7,2.0,1,,False,IS,391,11.8,0.0,0.0,44.2,44.0,4.2,5.2,8.23,-2.07,99058.0,44.2
s1,BTCUSD,asian,24,[0],1.0,3.0,23,0.0,0,fundingpips_1step,,7,2.0,1,,False,OOS,395,12.7,0.0,0.0,41.8,45.6,4.8,5.2,8.08,-2.03,99454.0,41.8
s1,BTCUSD,asian,24,[0],2.0,1.0,23,0.0,0,ftmo_1step,,7,2.0,1,,False,IS,391,1.0,0.0,0.0,3.6,95.4,6.4,7.0,5.62,-2.03,100311.0,3.6
s1,BTCUSD,asian,24,[0],2.0,1.0,23,0.0,0,ftmo_1step,,7,2.0,1,,False,OOS,395,2.0,0.0,0.0,6.1,91.9,6.4,6.9,5.55,-2.0,99970.0,6.1
s1,BTCUSD,asian,24,[0],2.0,1.0,23,0.0,0,fundingpips_1step,,7,2.0,1,,False,IS,391,1.0,0.0,0.0,16.9,82.1,6.4,6.6,5.38,-2.03,100219.0,16.9
s1,BTCUSD,asian,24,[0],2.0,1.0,23,0.0,0,fundingpips_1step,,7,2.0,1,,False,OOS,395,2.0,0.0,0.0,16.2,81.8,6.4,6.5,5.28,-2.0,100047.0,16.2
s1,BTCUSD,asian,24,[0],2.0,2.0,23,0.0,0,ftmo_1step,,7,2.0,1,,False,IS,391,7.2,0.0,0.0,10.5,82.4,5.8,6.7,6.58,-2.03,101121.0,10.5
s1,BTCUSD,asian,24,[0],2.0,2.0,23,0.0,0,ftmo_1step,,7,2.0,1,,False,OOS,395,4.8,0.0,0.0,15.4,79.7,5.7,6.6,6.83,-2.01,100033.0,15.4
s1,BTCUSD,asian,24,[0],2.0,2.0,23,0.0,0,fundingpips_1step,,7,2.0,1,,False,IS,391,7.2,0.0,0.0,23.3,69.6,5.8,6.3,6.21,-2.03,101021.0,23.3
s1,BTCUSD,asian,24,[0],2.0,2.0,23,0.0,0,fundingpips_1step,,7,2.0,1,,False,OOS,395,4.8,0.0,0.0,27.3,67.8,5.7,6.1,6.34,-2.01,100119.0,27.3
s1,BTCUSD,asian,24,[0],2.0,3.0,23,0.0,0,ftmo_1step,,7,2.0,1,,False,IS,391,10.7,2.6,0.0,14.8,71.9,5.7,6.5,7.04,-2.02,101458.0,14.8
s1,BTCUSD,asian,24,[0],2.0,3.0,23,0.0,0,ftmo_1step,,7,2.0,1,,False,OOS,395,7.8,1.5,0.0,19.5,71.1,5.7,6.5,7.2,-2.01,100070.0,19.5
s1,BTCUSD,asian,24,[0],2.0,3.0,23,0.0,0,fundingpips_1step,,7,2.0,1,,False,IS,391,13.6,0.0,0.0,26.1,60.4,5.2,6.0,6.66,-2.02,101310.0,26.1
s1,BTCUSD,asian,24,[0],2.0,3.0,23,0.0,0,fundingpips_1step,,7,2.0,1,,False,OOS,395,9.4,0.0,0.0,30.4,60.3,5.5,6.0,6.7,-2.01,100165.0,30.4
s1,BTCUSD,asian,24,[0],3.0,1.0,23,0.0,0,ftmo_1step,,7,2.0,1,,False,IS,391,0.5,0.0,0.0,0.3,99.2,6.4,7.0,4.7,-1.97,100538.0,0.3
s1,BTCUSD,asian,24,[0],3.0,1.0,23,0.0,0,ftmo_1step,,7,2.0,1,,False,OOS,395,0.0,0.0,0.0,1.8,98.2,,6.9,5.04,-1.97,99770.0,1.8
s1,BTCUSD,asian,24,[0],3.0,1.0,23,0.0,0,fundingpips_1step,,7,2.0,1,,False,IS,391,0.5,0.0,0.0,8.2,91.3,6.4,6.8,4.61,-1.97,100538.0,8.2
s1,BTCUSD,asian,24,[0],3.0,1.0,23,0.0,0,fundingpips_1step,,7,2.0,1,,False,OOS,395,0.0,0.0,0.0,14.9,85.1,,6.6,4.86,-1.97,99687.0,14.9
s1,BTCUSD,asian,24,[0],3.0,2.0,23,0.0,0,ftmo_1step,,7,2.0,1,,False,IS,391,2.8,0.0,0.0,2.8,94.4,5.9,6.9,5.39,-1.99,101154.0,2.8
s1,BTCUSD,asian,24,[0],3.0,2.0,23,0.0,0,ftmo_1step,,7,2.0,1,,False,OOS,395,1.8,0.0,0.0,4.3,93.9,6.6,6.9,5.7,-1.99,99989.0,4.3
s1,BTCUSD,asian,24,[0],3.0,2.0,23,0.0,0,fundingpips_1step,,7,2.0,1,,False,IS,391,2.8,0.0,0.0,11.3,85.9,5.9,6.7,5.27,-1.99,101117.0,11.3
s1,BTCUSD,asian,24,[0],3.0,2.0,23,0.0,0,fundingpips_1step,,7,2.0,1,,False,OOS,395,1.8,0.0,0.0,19.0,79.2,6.6,6.5,5.46,-1.99,99929.0,19.0
s1,BTCUSD,long,24,[8],0.5,1.0,23,0.0,0,ftmo_1step,,7,2.0,1,,False,IS,391,0.5,0.0,0.0,24.6,74.9,5.4,6.6,7.73,-2.21,97720.0,24.6
s1,BTCUSD,long,24,[8],0.5,1.0,23,0.0,0,ftmo_1step,,7,2.0,1,,False,OOS,395,0.3,0.0,0.0,28.1,71.6,5.3,6.6,8.11,-2.14,97383.0,28.1
s1,BTCUSD,long,24,[8],0.5,1.0,23,0.0,0,fundingpips_1step,,7,2.0,1,,False,IS,391,0.5,0.0,0.0,37.9,61.6,5.4,6.1,7.1,-2.21,98181.0,37.9
s1,BTCUSD,long,24,[8],0.5,1.0,23,0.0,0,fundingpips_1step,,7,2.0,1,,False,OOS,395,0.3,0.0,0.0,45.1,54.7,5.3,5.9,7.4,-2.13,97693.0,45.1
s1,BTCUSD,asian,24,[0],3.0,3.0,23,0.0,0,ftmo_1step,,7,2.0,1,,False,IS,391,4.1,0.8,0.0,2.8,92.3,5.9,6.9,5.66,-1.99,101373.0,2.8
s1,BTCUSD,asian,24,[0],3.0,3.0,23,0.0,0,ftmo_1step,,7,2.0,1,,False,OOS,395,2.8,1.0,0.0,5.3,90.9,6.9,6.8,6.02,-1.98,100095.0,5.3
s1,BTCUSD,asian,24,[0],3.0,3.0,23,0.0,0,fundingpips_1step,,7,2.0,1,,False,IS,391,4.9,0.0,0.0,12.5,82.6,5.5,6.6,5.52,-1.99,101302.0,12.5
s1,BTCUSD,asian,24,[0],3.0,3.0,23,0.0,0,fundingpips_1step,,7,2.0,1,,False,OOS,395,3.8,0.0,0.0,20.0,76.2,6.7,6.4,5.79,-1.98,99986.0,20.0
s1,BTCUSD,long,24,[8],0.5,2.0,23,0.0,0,ftmo_1step,,7,2.0,1,,False,IS,391,6.6,0.0,0.0,45.8,47.6,4.3,6.0,9.0,-2.2,98147.0,45.8
s1,BTCUSD,long,24,[8],0.5,2.0,23,0.0,0,ftmo_1step,,7,2.0,1,,False,OOS,395,7.8,0.0,0.0,42.0,50.1,4.5,6.1,8.94,-2.14,98436.0,42.0
s1,BTCUSD,long,24,[8],0.5,2.0,23,0.0,0,fundingpips_1step,,7,2.0,1,,False,IS,391,8.7,0.0,0.0,45.8,45.5,4.3,5.3,8.12,-2.19,98911.0,45.8
s1,BTCUSD,long,24,[8],0.5,2.0,23,0.0,0,fundingpips_1step,,7,2.0,1,,False,OOS,395,7.8,0.0,0.0,49.6,42.5,4.5,5.3,8.05,-2.12,98790.0,49.6
s1,BTCUSD,long,24,[8],0.5,3.0,23,0.0,0,ftmo_1step,,7,2.0,1,,False,IS,391,8.2,3.6,0.0,64.2,24.0,4.6,5.3,9.78,-2.17,97579.0,64.2
s1,BTCUSD,long,24,[8],0.5,3.0,23,0.0,0,ftmo_1step,,7,2.0,1,,False,OOS,395,11.1,5.3,0.0,53.9,29.6,4.5,5.4,9.39,-2.08,98756.0,53.9
s1,BTCUSD,long,24,[8],0.5,3.0,23,0.0,0,fundingpips_1step,,7,2.0,1,,False,IS,391,15.9,0.0,0.0,61.4,22.8,4.3,4.7,8.99,-2.16,98709.0,61.4
s1,BTCUSD,long,24,[8],0.5,3.0,23,0.0,0,fundingpips_1step,,7,2.0,1,,False,OOS,395,17.0,0.0,0.0,59.0,24.1,4.3,4.7,8.6,-2.07,99239.0,59.0
s1,BTCUSD,long,24,[8],1.0,1.0,23,0.0,0,ftmo_1step,,7,2.0,1,,False,IS,391,2.8,0.0,0.0,14.3,82.9,5.4,6.8,6.74,-2.1,99703.0,14.3
s1,BTCUSD,long,24,[8],1.0,1.0,23,0.0,0,ftmo_1step,,7,2.0,1,,False,OOS,395,0.5,0.0,0.0,18.5,81.0,5.6,6.7,6.91,-2.07,98764.0,18.5
s1,BTCUSD,long,24,[8],1.0,1.0,23,0.0,0,fundingpips_1step,,7,2.0,1,,False,IS,391,2.8,0.0,0.0,30.7,66.5,5.4,6.2,6.18,-2.09,99830.0,30.7
s1,BTCUSD,long,24,[8],1.0,1.0,23,0.0,0,fundingpips_1step,,7,2.0,1,,False,OOS,395,0.5,0.0,0.0,35.2,64.3,5.6,6.0,6.28,-2.06,99065.0,35.2
s1,BTCUSD,long,24,[8],1.0,2.0,23,0.0,0,ftmo_1step,,7,2.0,1,,False,IS,391,16.6,0.0,0.0,28.6,54.7,4.6,6.2,7.94,-2.09,100546.0,28.6
s1,BTCUSD,long,24,[8],1.0,2.0,23,0.0,0,ftmo_1step,,7,2.0,1,,False,OOS,395,11.9,0.0,0.0,38.2,49.9,4.6,6.1,8.38,-2.05,98560.0,38.2
s1,BTCUSD,long,24,[8],1.0,2.0,23,0.0,0,fundingpips_1step,,7,2.0,1,,False,IS,391,16.6,0.0,0.0,38.1,45.3,4.6,5.5,7.34,-2.08,100580.0,38.1
s1,BTCUSD,long,24,[8],1.0,2.0,23,0.0,0,fundingpips_1step,,7,2.0,1,,False,OOS,395,11.9,0.0,0.0,48.1,40.0,4.6,5.2,7.47,-2.04,98993.0,48.1
s1,BTCUSD,long,24,[8],1.0,3.0,23,0.0,0,ftmo_1step,,7,2.0,1,,False,IS,391,19.9,6.4,0.0,39.1,34.5,4.5,5.6,8.39,-2.05,101018.0,39.1
s1,BTCUSD,long,24,[8],1.0,3.0,23,0.0,0,ftmo_1step,,7,2.0,1,,False,OOS,395,15.9,5.3,0.0,48.4,30.4,4.7,5.6,8.7,-2.01,99398.0,48.4
s1,BTCUSD,long,24,[8],1.0,3.0,23,0.0,0,fundingpips_1step,,7,2.0,1,,False,IS,391,26.9,0.0,0.0,41.7,31.5,3.9,4.9,7.87,-2.05,101100.0,41.7
s1,BTCUSD,long,24,[8],1.0,3.0,23,0.0,0,fundingpips_1step,,7,2.0,1,,False,OOS,395,20.5,0.0,0.0,52.9,26.6,3.9,4.8,7.94,-2.0,99669.0,52.9
s1,BTCUSD,long,24,[8],2.0,1.0,23,0.0,0,ftmo_1step,,7,2.0,1,,False,IS,391,2.3,0.0,0.0,8.2,89.5,5.5,6.9,6.08,-2.03,99676.0,8.2
s1,BTCUSD,long,24,[8],2.0,1.0,23,0.0,0,ftmo_1step,,7,2.0,1,,False,OOS,395,2.0,0.0,0.0,12.2,85.8,5.9,6.8,6.36,-2.02,98935.0,12.2
s1,BTCUSD,long,24,[8],2.0,1.0,23,0.0,0,fundingpips_1step,,7,2.0,1,,False,IS,391,2.3,0.0,0.0,23.8,73.9,5.5,6.4,5.66,-2.03,99762.0,23.8
s1,BTCUSD,long,24,[8],2.0,1.0,23,0.0,0,fundingpips_1step,,7,2.0,1,,False,OOS,395,2.0,0.0,0.0,33.4,64.6,5.9,6.2,5.75,-2.02,99031.0,33.4
s1,BTCUSD,long,24,[8],2.0,2.0,23,0.0,0,ftmo_1step,,7,2.0,1,,False,IS,391,10.2,0.0,0.0,14.8,74.9,4.9,6.6,7.0,-2.02,100423.0,14.8
s1,BTCUSD,long,24,[8],2.0,2.0,23,0.0,0,ftmo_1step,,7,2.0,1,,False,OOS,395,9.4,0.0,0.0,19.2,71.4,4.8,6.5,7.29,-1.99,99369.0,19.2
s1,BTCUSD,long,24,[8],2.0,2.0,23,0.0,0,fundingpips_1step,,7,2.0,1,,False,IS,391,10.2,0.0,0.0,26.3,63.4,4.9,6.1,6.52,-2.02,100460.0,26.3
s1,BTCUSD,long,24,[8],2.0,2.0,23,0.0,0,fundingpips_1step,,7,2.0,1,,False,OOS,395,9.4,0.0,0.0,37.2,53.4,4.8,5.8,6.63,-1.99,99392.0,37.2
s1,BTCUSD,long,24,[8],2.0,3.0,23,0.0,0,ftmo_1step,,7,2.0,1,,False,IS,391,11.8,3.1,0.0,22.5,62.7,4.9,6.4,7.35,-2.01,100658.0,22.5
s1,BTCUSD,long,24,[8],2.0,3.0,23,0.0,0,ftmo_1step,,7,2.0,1,,False,OOS,395,7.6,2.8,0.0,22.5,67.1,4.9,6.4,7.56,-1.99,99539.0,22.5
s1,BTCUSD,long,24,[8],2.0,3.0,23,0.0,0,fundingpips_1step,,7,2.0,1,,False,IS,391,14.8,0.0,0.0,31.2,54.0,4.6,5.9,6.86,-2.01,100739.0,31.2
s1,BTCUSD,long,24,[8],2.0,3.0,23,0.0,0,fundingpips_1step,,7,2.0,1,,False,OOS,395,10.4,0.0,0.0,40.5,49.1,4.5,5.7,6.91,-1.99,99483.0,40.5
s1,BTCUSD,long,24,[13],0.5,1.0,23,0.0,0,ftmo_1step,,7,2.0,1,,False,IS,391,0.5,0.0,0.0,39.9,59.6,5.5,6.4,9.17,-2.22,95284.0,39.9
s1,BTCUSD,long,24,[13],0.5,1.0,23,0.0,0,ftmo_1step,,7,2.0,1,,False,OOS,395,0.0,0.0,0.0,38.5,61.5,,6.5,8.74,-2.17,95585.0,38.5
s1,BTCUSD,long,24,[13],0.5,1.0,23,0.0,0,fundingpips_1step,,7,2.0,1,,False,IS,391,0.5,0.0,0.0,64.2,35.3,5.5,5.4,8.09,-2.22,95818.0,64.2
s1,BTCUSD,long,24,[13],0.5,1.0,23,0.0,0,fundingpips_1step,,7,2.0,1,,False,OOS,395,0.0,0.0,0.0,58.7,41.3,,5.5,7.68,-2.16,96329.0,58.7
s1,BTCUSD,long,24,[8],3.0,1.0,23,0.0,0,ftmo_1step,,7,2.0,1,,False,IS,391,1.0,0.0,0.0,5.6,93.4,6.1,6.9,5.23,-2.0,100119.0,5.6
s1,BTCUSD,long,24,[8],3.0,1.0,23,0.0,0,ftmo_1step,,7,2.0,1,,False,OOS,395,1.3,0.0,0.0,4.8,93.9,6.5,6.9,5.31,-1.98,100077.0,4.8
s1,BTCUSD,long,24,[8],3.0,1.0,23,0.0,0,fundingpips_1step,,7,2.0,1,,False,IS,391,1.0,0.0,0.0,13.8,85.2,6.1,6.7,5.0,-2.0,100172.0,13.8
s1,BTCUSD,long,24,[8],3.0,1.0,23,0.0,0,fundingpips_1step,,7,2.0,1,,False,OOS,395,1.3,0.0,0.0,21.0,77.7,6.5,6.5,4.97,-1.98,100107.0,21.0
s1,BTCUSD,long,24,[8],3.0,2.0,23,0.0,0,ftmo_1step,,7,2.0,1,,False,IS,391,5.6,0.0,0.0,9.0,85.4,5.8,6.8,5.88,-1.99,100705.0,9.0
s1,BTCUSD,long,24,[8],3.0,2.0,23,0.0,0,ftmo_1step,,7,2.0,1,,False,OOS,395,3.5,0.0,0.0,6.8,89.6,5.2,6.8,5.98,-1.98,100124.0,6.8
s1,BTCUSD,long,24,[8],3.0,2.0,23,0.0,0,fundingpips_1step,,7,2.0,1,,False,IS,391,5.9,0.0,0.0,16.6,77.5,5.7,6.6,5.63,-1.99,100725.0,16.6
s1,BTCUSD,long,24,[8],3.0,2.0,23,0.0,0,fundingpips_1step,,7,2.0,1,,False,OOS,395,3.5,0.0,0.0,22.8,73.7,5.2,6.4,5.59,-1.98,100115.0,22.8
s1,BTCUSD,long,24,[13],0.5,2.0,23,0.0,0,ftmo_1step,,7,2.0,1,,False,IS,391,3.8,0.0,0.0,50.1,46.0,4.5,5.9,9.68,-2.2,96337.0,50.1
s1,BTCUSD,long,24,[13],0.5,2.0,23,0.0,0,ftmo_1step,,7,2.0,1,,False,OOS,395,2.5,0.0,0.0,49.4,48.1,5.0,6.1,9.55,-2.16,96304.0,49.4
s1,BTCUSD,long,24,[13],0.5,2.0,23,0.0,0,fundingpips_1step,,7,2.0,1,,False,IS,391,4.3,0.0,0.0,61.9,33.8,4.5,5.0,8.59,-2.21,96699.0,61.9
s1,BTCUSD,long,24,[13],0.5,2.0,23,0.0,0,fundingpips_1step,,7,2.0,1,,False,OOS,395,3.5,0.0,0.0,59.7,36.7,5.5,5.1,8.39,-2.14,97009.0,59.7
s1,BTCUSD,long,24,[13],0.5,3.0,23,0.0,0,ftmo_1step,,7,2.0,1,,False,IS,391,5.1,2.3,0.0,63.7,28.9,5.1,5.4,10.22,-2.18,96436.0,63.7
s1,BTCUSD,long,24,[13],0.5,3.0,23,0.0,0,ftmo_1step,,7,2.0,1,,False,OOS,395,5.8,2.3,0.0,65.6,26.3,5.5,5.4,10.07,-2.13,96403.0,65.6
s1,BTCUSD,long,24,[13],0.5,3.0,23,0.0,0,fundingpips_1step,,7,2.0,1,,False,IS,391,7.7,0.0,0.0,73.4,18.9,4.5,4.6,9.23,-2.19,96650.0,73.4
s1,BTCUSD,long,24,[13],0.5,3.0,23,0.0,0,fundingpips_1step,,7,2.0,1,,False,OOS,395,9.1,0.0,0.0,69.9,21.0,4.5,4.6,8.94,-2.12,97200.0,69.9
s1,BTCUSD,long,24,[13],1.0,1.0,23,0.0,0,ftmo_1step,,7,2.0,1,,False,IS,391,1.0,0.0,0.0,14.3,84.7,5.5,6.8,7.2,-2.12,98508.0,14.3
s1,BTCUSD,long,24,[13],1.0,1.0,23,0.0,0,ftmo_1step,,7,2.0,1,,False,OOS,395,0.3,0.0,0.0,17.5,82.3,5.8,6.7,7.25,-2.08,98085.0,17.5
s1,BTCUSD,long,24,[13],1.0,1.0,23,0.0,0,fundingpips_1step,,7,2.0,1,,False,IS,391,1.0,0.0,0.0,34.8,64.2,5.5,6.2,6.68,-2.12,98499.0,34.8
s1,BTCUSD,long,24,[13],1.0,1.0,23,0.0,0,fundingpips_1step,,7,2.0,1,,False,OOS,395,0.3,0.0,0.0,40.0,59.7,5.8,6.1,6.68,-2.07,98201.0,40.0
s1,BTCUSD,long,24,[13],1.0,2.0,23,0.0,0,ftmo_1step,,7,2.0,1,,False,IS,391,6.6,0.0,0.0,37.3,56.0,5.1,6.2,8.61,-2.11,98146.0,37.3
s1,BTCUSD,long,24,[13],1.0,2.0,23,0.0,0,ftmo_1step,,7,2.0,1,,False,OOS,395,7.1,0.0,0.0,42.0,50.9,4.6,6.1,8.72,-2.06,97609.0,42.0
s1,BTCUSD,long,24,[13],1.0,2.0,23,0.0,0,fundingpips_1step,,7,2.0,1,,False,IS,391,6.9,0.0,0.0,49.6,43.5,4.9,5.4,7.79,-2.1,98322.0,49.6
s1,BTCUSD,long,24,[13],1.0,2.0,23,0.0,0,fundingpips_1step,,7,2.0,1,,False,OOS,395,7.3,0.0,0.0,54.4,38.2,4.6,5.2,7.83,-2.06,97989.0,54.4
s1,BTCUSD,long,24,[8],3.0,3.0,23,0.0,0,ftmo_1step,,7,2.0,1,,False,IS,391,4.3,3.1,0.0,9.5,83.1,5.9,6.8,6.16,-1.99,100702.0,9.5
s1,BTCUSD,long,24,[8],3.0,3.0,23,0.0,0,ftmo_1step,,7,2.0,1,,False,OOS,395,4.6,1.5,0.0,8.6,85.3,6.2,6.8,6.19,-1.98,100224.0,8.6
s1,BTCUSD,long,24,[8],3.0,3.0,23,0.0,0,fundingpips_1step,,7,2.0,1,,False,IS,391,7.9,0.0,0.0,17.1,74.9,5.9,6.5,5.89,-1.99,100746.0,17.1
s1,BTCUSD,long,24,[8],3.0,3.0,23,0.0,0,fundingpips_1step,,7,2.0,1,,False,OOS,395,6.1,0.0,0.0,23.8,70.1,4.9,6.3,5.8,-1.97,100292.0,23.8
s1,BTCUSD,long,24,[13],1.0,3.0,23,0.0,0,ftmo_1step,,7,2.0,1,,False,IS,391,11.0,1.5,0.0,47.1,40.4,4.9,5.8,9.07,-2.1,98630.0,47.1
s1,BTCUSD,long,24,[13],1.0,3.0,23,0.0,0,ftmo_1step,,7,2.0,1,,False,OOS,395,9.4,3.3,0.0,55.9,31.4,4.8,5.6,9.2,-2.04,97679.0,55.9
s1,BTCUSD,long,24,[13],1.0,3.0,23,0.0,0,fundingpips_1step,,7,2.0,1,,False,IS,391,12.8,0.0,0.0,53.2,34.0,4.9,5.1,8.29,-2.1,98822.0,53.2
s1,BTCUSD,long,24,[13],1.0,3.0,23,0.0,0,fundingpips_1step,,7,2.0,1,,False,OOS,395,12.7,0.0,0.0,59.7,27.6,4.6,4.8,8.36,-2.04,98060.0,59.7
s1,BTCUSD,long,24,[13],2.0,1.0,23,0.0,0,ftmo_1step,,7,2.0,1,,False,IS,391,1.0,0.0,0.0,7.9,91.0,6.2,6.9,6.21,-2.05,99360.0,7.9
s1,BTCUSD,long,24,[13],2.0,1.0,23,0.0,0,ftmo_1step,,7,2.0,1,,False,OOS,395,2.0,0.0,0.0,10.4,87.6,6.2,6.9,6.31,-2.02,99384.0,10.4
s1,BTCUSD,long,24,[13],2.0,1.0,23,0.0,0,fundingpips_1step,,7,2.0,1,,False,IS,391,1.0,0.0,0.0,26.3,72.6,6.2,6.4,5.85,-2.04,99354.0,26.3
s1,BTCUSD,long,24,[13],2.0,1.0,23,0.0,0,fundingpips_1step,,7,2.0,1,,False,OOS,395,2.0,0.0,0.0,29.4,68.6,6.2,6.2,5.79,-2.02,99431.0,29.4
s1,BTCUSD,long,24,[13],2.0,2.0,23,0.0,0,ftmo_1step,,7,2.0,1,,False,IS,391,7.4,0.0,0.0,19.4,73.1,5.7,6.7,7.26,-2.03,99550.0,19.4
s1,BTCUSD,long,24,[13],2.0,2.0,23,0.0,0,ftmo_1step,,7,2.0,1,,False,OOS,395,6.3,0.0,0.0,19.5,74.2,4.8,6.6,7.23,-2.0,99227.0,19.5
s1,BTCUSD,long,24,[13],2.0,2.0,23,0.0,0,fundingpips_1step,,7,2.0,1,,False,IS,391,8.2,0.0,0.0,30.7,61.1,5.7,6.1,6.82,-2.03,99653.0,30.7
s1,BTCUSD,long,24,[13],2.0,2.0,23,0.0,0,fundingpips_1step,,7,2.0,1,,False,OOS,395,6.3,0.0,0.0,34.2,59.5,4.8,5.9,6.55,-2.0,99313.0,34.2
s1,BTCUSD,long,24,[13],2.0,3.0,23,0.0,0,ftmo_1step,,7,2.0,1,,False,IS,391,8.2,2.0,0.0,21.0,68.8,5.7,6.6,7.46,-2.03,99980.0,21.0
s1,BTCUSD,long,24,[13],2.0,3.0,23,0.0,0,ftmo_1step,,7,2.0,1,,False,OOS,395,7.6,2.5,0.0,22.5,67.3,4.9,6.5,7.53,-1.99,99524.0,22.5
s1,BTCUSD,long,24,[13],2.0,3.0,23,0.0,0,fundingpips_1step,,7,2.0,1,,False,IS,391,11.5,0.0,0.0,31.2,57.3,5.7,6.0,7.01,-2.02,100059.0,31.2
s1,BTCUSD,long,24,[13],2.0,3.0,23,0.0,0,fundingpips_1step,,7,2.0,1,,False,OOS,395,10.1,0.0,0.0,35.7,54.2,4.7,5.8,6.84,-1.99,99652.0,35.7
s1,BTCUSD,long,24,[13],3.0,1.0,23,0.0,0,ftmo_1step,,7,2.0,1,,False,IS,391,0.3,0.0,0.0,3.1,96.7,6.6,7.0,5.27,-2.0,99902.0,3.1
s1,BTCUSD,long,24,[13],3.0,1.0,23,0.0,0,ftmo_1step,,7,2.0,1,,False,OOS,395,1.5,0.0,0.0,2.8,95.7,6.7,6.9,5.46,-1.96,99439.0,2.8
s1,BTCUSD,long,24,[13],3.0,1.0,23,0.0,0,fundingpips_1step,,7,2.0,1,,False,IS,391,0.3,0.0,0.0,14.1,85.7,6.6,6.7,5.08,-2.0,99809.0,14.1
s1,BTCUSD,long,24,[13],3.0,1.0,23,0.0,0,fundingpips_1step,,7,2.0,1,,False,OOS,395,1.5,0.0,0.0,19.7,78.7,6.7,6.5,5.14,-1.96,99411.0,19.7
s1,BTCUSD,long,24,[0],0.5,1.0,23,0.0,0,ftmo_1step,,7,2.0,1,,False,IS,391,0.8,0.0,0.0,30.2,69.1,6.0,6.7,8.15,-2.21,96726.0,30.2
s1,BTCUSD,long,24,[0],0.5,1.0,23,0.0,0,ftmo_1step,,7,2.0,1,,False,OOS,395,0.0,0.0,0.0,22.0,78.0,,6.6,7.98,-2.14,97290.0,22.0
s1,BTCUSD,long,24,[0],0.5,1.0,23,0.0,0,fundingpips_1step,,7,2.0,1,,False,IS,391,0.8,0.0,0.0,51.9,47.3,6.0,5.8,7.15,-2.2,97291.0,51.9
s1,BTCUSD,long,24,[0],0.5,1.0,23,0.0,0,fundingpips_1step,,7,2.0,1,,False,OOS,395,0.0,0.0,0.0,45.6,54.4,,5.9,7.34,-2.14,97340.0,45.6
s1,BTCUSD,long,24,[0],0.5,2.0,23,0.0,0,ftmo_1step,,7,2.0,1,,False,IS,391,5.4,0.0,0.0,38.6,56.0,5.2,6.2,9.05,-2.21,96885.0,38.6
s1,BTCUSD,long,24,[0],0.5,2.0,23,0.0,0,ftmo_1step,,7,2.0,1,,False,OOS,395,2.3,0.0,0.0,45.8,51.9,3.9,6.0,9.14,-2.13,96277.0,45.8
s1,BTCUSD,long,24,[0],0.5,2.0,23,0.0,0,fundingpips_1step,,7,2.0,1,,False,IS,391,5.4,0.0,0.0,56.0,38.6,5.2,5.3,8.0,-2.19,97428.0,56.0
s1,BTCUSD,long,24,[0],0.5,2.0,23,0.0,0,fundingpips_1step,,7,2.0,1,,False,OOS,395,2.3,0.0,0.0,57.0,40.8,3.9,5.2,8.12,-2.13,96881.0,57.0
s1,BTCUSD,long,24,[13],3.0,2.0,23,0.0,0,ftmo_1step,,7,2.0,1,,False,IS,391,3.8,0.0,0.0,5.1,91.0,5.9,6.9,5.79,-2.0,100320.0,5.1
s1,BTCUSD,long,24,[13],3.0,2.0,23,0.0,0,ftmo_1step,,7,2.0,1,,False,OOS,395,3.5,0.0,0.0,4.3,92.2,5.9,6.9,5.93,-1.96,99611.0,4.3
s1,BTCUSD,long,24,[13],3.0,2.0,23,0.0,0,fundingpips_1step,,7,2.0,1,,False,IS,391,3.8,0.0,0.0,15.6,80.6,5.9,6.6,5.58,-2.0,100206.0,15.6
s1,BTCUSD,long,24,[13],3.0,2.0,23,0.0,0,fundingpips_1step,,7,2.0,1,,False,OOS,395,3.5,0.0,0.0,22.8,73.7,5.9,6.5,5.57,-1.96,99602.0,22.8
s1,BTCUSD,long,24,[13],3.0,3.0,23,0.0,0,ftmo_1step,,7,2.0,1,,False,IS,391,3.3,0.8,0.0,6.4,89.5,5.9,6.9,6.05,-2.0,100331.0,6.4
s1,BTCUSD,long,24,[13],3.0,3.0,23,0.0,0,ftmo_1step,,7,2.0,1,,False,OOS,395,4.1,1.0,0.0,5.8,89.1,5.9,6.8,6.15,-1.96,99599.0,5.8
s1,BTCUSD,long,24,[13],3.0,3.0,23,0.0,0,fundingpips_1step,,7,2.0,1,,False,IS,391,4.1,0.0,0.0,17.4,78.5,5.8,6.6,5.85,-2.0,100180.0,17.4
s1,BTCUSD,long,24,[13],3.0,3.0,23,0.0,0,fundingpips_1step,,7,2.0,1,,False,OOS,395,5.1,0.0,0.0,24.8,70.1,5.9,6.4,5.77,-1.96,99657.0,24.8
s1,BTCUSD,long,24,[0],0.5,3.0,23,0.0,0,ftmo_1step,,7,2.0,1,,False,IS,391,7.2,3.6,0.0,55.2,34.0,6.0,5.6,9.65,-2.18,97710.0,55.2
s1,BTCUSD,long,24,[0],0.5,3.0,23,0.0,0,ftmo_1step,,7,2.0,1,,False,OOS,395,4.1,1.8,0.0,58.2,35.9,6.0,5.5,9.64,-2.12,96423.0,58.2
s1,BTCUSD,long,24,[0],0.5,3.0,23,0.0,0,fundingpips_1step,,7,2.0,1,,False,IS,391,10.7,0.0,0.0,58.3,30.9,5.0,4.9,8.78,-2.17,98050.0,58.3
s1,BTCUSD,long,24,[0],0.5,3.0,23,0.0,0,fundingpips_1step,,7,2.0,1,,False,OOS,395,5.8,0.0,0.0,63.8,30.4,5.1,4.7,8.66,-2.12,97074.0,63.8
s1,BTCUSD,long,24,[0],1.0,1.0,23,0.0,0,ftmo_1step,,7,2.0,1,,False,IS,391,0.5,0.0,0.0,14.1,85.4,6.2,6.8,6.76,-2.11,98490.0,14.1
s1,BTCUSD,long,24,[0],1.0,1.0,23,0.0,0,ftmo_1step,,7,2.0,1,,False,OOS,395,0.3,0.0,0.0,13.7,86.1,6.0,6.8,6.81,-2.07,98275.0,13.7
s1,BTCUSD,long,24,[0],1.0,1.0,23,0.0,0,fundingpips_1step,,7,2.0,1,,False,IS,391,0.5,0.0,0.0,31.2,68.3,6.2,6.2,6.23,-2.1,98662.0,31.2
s1,BTCUSD,long,24,[0],1.0,1.0,23,0.0,0,fundingpips_1step,,7,2.0,1,,False,OOS,395,0.3,0.0,0.0,33.4,66.3,6.0,6.1,6.28,-2.06,98353.0,33.4
s1,BTCUSD,long,24,[0],1.0,2.0,23,0.0,0,ftmo_1step,,7,2.0,1,,False,IS,391,8.4,0.0,0.0,30.2,61.4,5.2,6.3,8.02,-2.09,99093.0,30.2
s1,BTCUSD,long,24,[0],1.0,2.0,23,0.0,0,ftmo_1step,,7,2.0,1,,False,OOS,395,7.3,0.0,0.0,30.4,62.3,5.8,6.3,8.16,-2.07,98632.0,30.4
s1,BTCUSD,long,24,[0],1.0,2.0,23,0.0,0,fundingpips_1step,,7,2.0,1,,False,IS,391,8.4,0.0,0.0,40.9,50.6,5.2,5.6,7.34,-2.08,99249.0,40.9
s1,BTCUSD,long,24,[0],1.0,2.0,23,0.0,0,fundingpips_1step,,7,2.0,1,,False,OOS,395,7.3,0.0,0.0,45.6,47.1,5.8,5.4,7.43,-2.06,98798.0,45.6
s1,BTCUSD,long,24,[0],1.0,3.0,23,0.0,0,ftmo_1step,,7,2.0,1,,False,IS,391,12.8,3.8,0.0,43.0,40.4,5.0,5.8,8.6,-2.07,99515.0,43.0
s1,BTCUSD,long,24,[0],1.0,3.0,23,0.0,0,ftmo_1step,,7,2.0,1,,False,OOS,395,9.4,3.5,0.0,42.8,44.3,5.5,5.8,8.59,-2.05,99071.0,42.8
s1,BTCUSD,long,24,[0],1.0,3.0,23,0.0,0,fundingpips_1step,,7,2.0,1,,False,IS,391,16.6,0.0,0.0,44.5,38.9,4.6,5.1,7.84,-2.06,99746.0,44.5
s1,BTCUSD,long,24,[0],1.0,3.0,23,0.0,0,fundingpips_1step,,7,2.0,1,,False,OOS,395,12.9,0.0,0.0,49.6,37.5,5.0,5.0,7.79,-2.04,99152.0,49.6
s1,BTCUSD,long,24,[0],2.0,1.0,23,0.0,0,ftmo_1step,,7,2.0,1,,False,IS,391,2.0,0.0,0.0,2.8,95.1,6.1,6.9,5.67,-2.03,100070.0,2.8
s1,BTCUSD,long,24,[0],2.0,1.0,23,0.0,0,ftmo_1step,,7,2.0,1,,False,OOS,395,0.3,0.0,0.0,5.8,93.9,6.5,6.9,5.93,-2.02,99368.0,5.8
s1,BTCUSD,long,24,[0],2.0,1.0,23,0.0,0,fundingpips_1step,,7,2.0,1,,False,IS,391,2.0,0.0,0.0,18.2,79.8,6.1,6.6,5.43,-2.03,100045.0,18.2
s1,BTCUSD,long,24,[0],2.0,1.0,23,0.0,0,fundingpips_1step,,7,2.0,1,,False,OOS,395,0.3,0.0,0.0,20.8,79.0,6.5,6.4,5.58,-2.02,99350.0,20.8
s1,BTCUSD,long,24,[0],2.0,2.0,23,0.0,0,ftmo_1step,,7,2.0,1,,False,IS,391,10.7,0.0,0.0,8.7,80.6,5.3,6.7,6.65,-2.01,100612.0,8.7
s1,BTCUSD,long,24,[0],2.0,2.0,23,0.0,0,ftmo_1step,,7,2.0,1,,False,OOS,395,6.1,0.0,0.0,12.4,81.5,6.0,6.7,6.84,-2.02,99735.0,12.4
s1,BTCUSD,long,24,[0],2.0,2.0,23,0.0,0,fundingpips_1step,,7,2.0,1,,False,IS,391,10.7,0.0,0.0,26.1,63.2,5.3,6.1,6.25,-2.01,100516.0,26.1
s1,BTCUSD,long,24,[0],2.0,2.0,23,0.0,0,fundingpips_1step,,7,2.0,1,,False,OOS,395,6.1,0.0,0.0,31.1,62.8,6.0,6.0,6.31,-2.01,99688.0,31.1
s1,BTCUSD,long,24,[0],2.0,3.0,23,0.0,0,ftmo_1step,,7,2.0,1,,False,IS,391,10.2,4.1,0.0,11.8,73.9,5.2,6.4,7.06,-1.99,100879.0,11.8
s1,BTCUSD,long,24,[0],2.0,3.0,23,0.0,0,ftmo_1step,,7,2.0,1,,False,OOS,395,5.6,3.8,0.0,15.2,75.4,5.9,6.5,7.22,-2.01,99869.0,15.2
s1,BTCUSD,long,24,[0],2.0,3.0,23,0.0,0,fundingpips_1step,,7,2.0,1,,False,IS,391,14.8,0.0,0.0,28.6,56.5,4.9,5.9,6.67,-2.0,100764.0,28.6
s1,BTCUSD,long,24,[0],2.0,3.0,23,0.0,0,fundingpips_1step,,7,2.0,1,,False,OOS,395,9.4,0.0,0.0,33.7,57.0,5.0,5.9,6.7,-2.0,99705.0,33.7
s1,BTCUSD,long,24,[0],3.0,1.0,23,0.0,0,ftmo_1step,,7,2.0,1,,False,IS,391,1.3,0.0,0.0,3.1,95.7,6.0,7.0,4.95,-1.95,100050.0,3.1
s1,BTCUSD,long,24,[0],3.0,1.0,23,0.0,0,ftmo_1step,,7,2.0,1,,False,OOS,395,0.3,0.0,0.0,1.3,98.5,6.4,6.9,5.04,-1.98,99828.0,1.3
s1,BTCUSD,long,24,[0],3.0,1.0,23,0.0,0,fundingpips_1step,,7,2.0,1,,False,IS,391,1.3,0.0,0.0,12.3,86.4,6.0,6.7,4.76,-1.95,100104.0,12.3
s1,BTCUSD,long,24,[0],3.0,1.0,23,0.0,0,fundingpips_1step,,7,2.0,1,,False,OOS,395,0.3,0.0,0.0,15.9,83.8,6.4,6.6,4.85,-1.98,99741.0,15.9
s1,USDJPY,momentum,24,[10],1.0,1.0,22,0.0,0,ftmo_1step,,7,2.0,1,,False,IS,790,0.0,0.0,0.1,5.3,94.6,,5.0,5.86,-2.13,99294.0,5.4
s1,USDJPY,momentum,24,[10],1.0,1.0,22,0.0,0,ftmo_1step,,7,2.0,1,,False,OOS,820,0.0,0.0,0.0,7.7,92.3,,4.9,6.2,-2.21,97980.0,7.7
s1,USDJPY,momentum,24,[10],1.0,1.0,22,0.0,0,fundingpips_1step,,7,2.0,1,,False,IS,790,0.0,0.0,0.1,25.2,74.7,,4.7,5.58,-2.12,99332.0,25.3
s1,USDJPY,momentum,24,[10],1.0,1.0,22,0.0,0,fundingpips_1step,,7,2.0,1,,False,OOS,820,0.0,0.0,0.0,31.6,68.4,,4.6,5.8,-2.2,98057.0,31.6
s1,BTCUSD,long,24,[0],3.0,2.0,23,0.0,0,ftmo_1step,,7,2.0,1,,False,IS,391,6.6,0.0,0.0,3.8,89.5,5.8,6.8,5.52,-1.95,100592.0,3.8
s1,BTCUSD,long,24,[0],3.0,2.0,23,0.0,0,ftmo_1step,,7,2.0,1,,False,OOS,395,4.1,0.0,0.0,2.3,93.7,5.5,6.9,5.62,-1.98,100108.0,2.3
s1,BTCUSD,long,24,[0],3.0,2.0,23,0.0,0,fundingpips_1step,,7,2.0,1,,False,IS,391,6.6,0.0,0.0,14.6,78.8,5.8,6.6,5.33,-1.95,100612.0,14.6
s1,BTCUSD,long,24,[0],3.0,2.0,23,0.0,0,fundingpips_1step,,7,2.0,1,,False,OOS,395,4.1,0.0,0.0,19.7,76.2,5.5,6.4,5.38,-1.98,99922.0,19.7
s1,USDJPY,momentum,24,[10],1.0,2.0,22,0.0,0,ftmo_1step,,7,2.0,1,,False,IS,790,6.2,0.0,0.5,17.0,76.3,4.5,4.8,7.3,-2.14,99714.0,17.5
s1,USDJPY,momentum,24,[10],1.0,2.0,22,0.0,0,ftmo_1step,,7,2.0,1,,False,OOS,820,5.9,0.1,0.0,27.3,66.7,4.4,4.8,7.83,-2.19,98192.0,27.3
s1,USDJPY,momentum,24,[10],1.0,2.0,22,0.0,0,fundingpips_1step,,7,2.0,1,,False,IS,790,6.2,0.0,0.5,27.7,65.6,4.5,4.4,6.79,-2.13,99745.0,28.2
s1,USDJPY,momentum,24,[10],1.0,2.0,22,0.0,0,fundingpips_1step,,7,2.0,1,,False,OOS,820,6.0,0.0,0.0,36.5,57.6,4.4,4.2,7.07,-2.18,98459.0,36.5
s1,BTCUSD,long,24,[0],3.0,3.0,23,0.0,0,ftmo_1step,,7,2.0,1,,False,IS,391,5.9,1.5,0.0,3.3,89.3,5.5,6.8,5.82,-1.96,100621.0,3.3
s1,BTCUSD,long,24,[0],3.0,3.0,23,0.0,0,ftmo_1step,,7,2.0,1,,False,OOS,395,3.8,0.5,0.0,2.8,92.9,5.6,6.8,5.87,-1.99,100202.0,2.8
s1,BTCUSD,long,24,[0],3.0,3.0,23,0.0,0,fundingpips_1step,,7,2.0,1,,False,IS,391,7.4,0.0,0.0,14.8,77.7,5.2,6.5,5.63,-1.96,100642.0,14.8
s1,BTCUSD,long,24,[0],3.0,3.0,23,0.0,0,fundingpips_1step,,7,2.0,1,,False,OOS,395,4.3,0.0,0.0,20.5,75.2,5.6,6.4,5.61,-1.99,100025.0,20.5
s1,USDJPY,momentum,24,[10],1.0,3.0,22,0.0,0,ftmo_1step,,7,2.0,1,,False,IS,790,6.3,4.2,0.4,29.2,59.9,5.7,4.6,8.16,-2.11,99643.0,29.6
s1,USDJPY,momentum,24,[10],1.0,3.0,22,0.0,0,ftmo_1step,,7,2.0,1,,False,OOS,820,7.9,3.8,0.4,35.6,52.3,5.4,4.6,8.38,-2.17,98564.0,36.0
s1,USDJPY,momentum,24,[10],1.0,3.0,22,0.0,0,fundingpips_1step,,7,2.0,1,,False,IS,790,10.8,0.0,0.4,36.7,52.2,4.5,4.2,7.57,-2.11,99779.0,37.1
s1,USDJPY,momentum,24,[10],1.0,3.0,22,0.0,0,fundingpips_1step,,7,2.0,1,,False,OOS,820,11.7,0.0,0.2,45.9,42.2,3.9,4.0,7.49,-2.16,98763.0,46.1
s1,USDJPY,momentum,24,[10],2.0,1.0,22,0.0,0,ftmo_1step,,7,2.0,1,,False,IS,790,0.0,0.0,0.6,3.3,96.1,,4.9,5.2,-2.04,100009.0,3.9
s1,USDJPY,momentum,24,[10],2.0,1.0,22,0.0,0,ftmo_1step,,7,2.0,1,,False,OOS,820,0.0,0.0,0.0,4.6,95.4,,5.0,5.65,-2.08,99179.0,4.6
s1,USDJPY,momentum,24,[10],2.0,1.0,22,0.0,0,fundingpips_1step,,7,2.0,1,,False,IS,790,0.0,0.0,0.5,14.1,85.4,,4.8,5.01,-2.04,100019.0,14.6
s1,USDJPY,momentum,24,[10],2.0,1.0,22,0.0,0,fundingpips_1step,,7,2.0,1,,False,OOS,820,0.0,0.0,0.0,22.3,77.7,,4.7,5.34,-2.08,99210.0,22.3
s1,USDJPY,momentum,24,[16],1.0,1.0,22,0.0,0,ftmo_1step,,7,2.0,1,,False,IS,790,0.0,0.0,0.4,4.8,94.8,,4.9,5.61,-2.11,99232.0,5.2
s1,USDJPY,momentum,24,[16],1.0,1.0,22,0.0,0,ftmo_1step,,7,2.0,1,,False,OOS,820,0.0,0.0,0.5,5.0,94.5,,4.9,5.66,-2.15,99711.0,5.5
s1,USDJPY,momentum,24,[16],1.0,1.0,22,0.0,0,fundingpips_1step,,7,2.0,1,,False,IS,790,0.0,0.0,0.4,22.9,76.7,,4.7,5.35,-2.11,99248.0,23.3
s1,USDJPY,momentum,24,[16],1.0,1.0,22,0.0,0,fundingpips_1step,,7,2.0,1,,False,OOS,820,0.0,0.0,0.5,20.2,79.3,,4.7,5.35,-2.15,99757.0,20.7
s1,USDJPY,momentum,24,[10],2.0,2.0,22,0.0,0,ftmo_1step,,7,2.0,1,,False,IS,790,4.9,0.0,1.0,7.0,87.1,4.9,4.9,6.15,-2.04,100268.0,8.0
s1,USDJPY,momentum,24,[10],2.0,2.0,22,0.0,0,ftmo_1step,,7,2.0,1,,False,OOS,820,3.9,0.0,0.4,7.8,87.9,5.8,4.9,6.35,-2.09,99641.0,8.2
s1,USDJPY,momentum,24,[10],2.0,2.0,22,0.0,0,fundingpips_1step,,7,2.0,1,,False,IS,790,4.9,0.0,0.9,18.4,75.8,4.9,4.7,5.9,-2.05,100232.0,19.3
s1,USDJPY,momentum,24,[10],2.0,2.0,22,0.0,0,fundingpips_1step,,7,2.0,1,,False,OOS,820,3.9,0.0,0.2,25.1,70.7,5.8,4.6,5.92,-2.09,99651.0,25.3
s1,USDJPY,momentum,24,[10],2.0,3.0,22,0.0,0,ftmo_1step,,7,2.0,1,,False,IS,790,4.1,2.0,1.3,7.8,84.8,5.9,4.8,6.44,-2.05,100204.0,9.1
s1,USDJPY,momentum,24,[10],2.0,3.0,22,0.0,0,ftmo_1step,,7,2.0,1,,False,OOS,820,4.8,2.6,0.4,9.8,82.6,5.7,4.9,6.62,-2.08,99950.0,10.2
s1,USDJPY,momentum,24,[10],2.0,3.0,22,0.0,0,fundingpips_1step,,7,2.0,1,,False,IS,790,6.2,0.0,1.1,19.9,72.8,4.9,4.6,6.16,-2.05,100182.0,21.0
s1,USDJPY,momentum,24,[10],2.0,3.0,22,0.0,0,fundingpips_1step,,7,2.0,1,,False,OOS,820,7.3,0.0,0.2,27.7,64.8,5.6,4.5,6.17,-2.07,99941.0,27.9
s1,USDJPY,momentum,24,[16],1.0,2.0,22,0.0,0,ftmo_1step,,7,2.0,1,,False,IS,790,4.8,0.0,0.3,13.3,81.6,4.8,4.9,6.68,-2.1,99344.0,13.6
s1,USDJPY,momentum,24,[16],1.0,2.0,22,0.0,0,ftmo_1step,,7,2.0,1,,False,OOS,820,5.4,0.0,0.4,12.8,81.5,5.2,4.9,6.88,-2.16,99706.0,13.2
s1,USDJPY,momentum,24,[16],1.0,2.0,22,0.0,0,fundingpips_1step,,7,2.0,1,,False,IS,790,5.1,0.0,0.3,29.0,65.7,4.8,4.5,6.2,-2.1,99480.0,29.3
s1,USDJPY,momentum,24,[16],1.0,2.0,22,0.0,0,fundingpips_1step,,7,2.0,1,,False,OOS,820,5.4,0.0,0.4,25.4,68.9,5.2,4.5,6.42,-2.15,99819.0,25.8
s1,USDJPY,momentum,24,[16],1.0,3.0,22,0.0,0,ftmo_1step,,7,2.0,1,,False,IS,790,4.7,2.8,0.5,15.9,76.1,5.7,4.8,7.14,-2.11,99396.0,16.4
s1,USDJPY,momentum,24,[16],1.0,3.0,22,0.0,0,ftmo_1step,,7,2.0,1,,False,OOS,820,6.5,2.2,0.5,16.0,74.9,5.7,4.8,7.2,-2.15,99866.0,16.5
s1,USDJPY,momentum,24,[16],1.0,3.0,22,0.0,0,fundingpips_1step,,7,2.0,1,,False,IS,790,7.7,0.0,0.5,32.2,59.6,4.9,4.4,6.64,-2.1,99529.0,32.7
s1,USDJPY,momentum,24,[16],1.0,3.0,22,0.0,0,fundingpips_1step,,7,2.0,1,,False,OOS,820,8.7,0.0,0.5,29.5,61.3,4.9,4.4,6.71,-2.14,99969.0,30.0
s1,USDJPY,momentum,24,[16],2.0,1.0,22,0.0,0,ftmo_1step,,7,2.0,1,,False,IS,790,0.0,0.0,0.6,0.1,99.2,,5.0,4.25,-1.93,99795.0,0.7
s1,USDJPY,momentum,24,[16],2.0,1.0,22,0.0,0,ftmo_1step,,7,2.0,1,,False,OOS,820,0.0,0.0,0.4,0.4,99.3,,4.9,4.37,-1.95,99773.0,0.8
s1,USDJPY,momentum,24,[16],2.0,1.0,22,0.0,0,fundingpips_1step,,7,2.0,1,,False,IS,790,0.0,0.0,0.6,7.8,91.5,,4.9,4.17,-1.92,99804.0,8.4
s1,USDJPY,momentum,24,[16],2.0,1.0,22,0.0,0,fundingpips_1step,,7,2.0,1,,False,OOS,820,0.0,0.0,0.4,8.7,91.0,,4.9,4.3,-1.95,99751.0,9.1
s1,USDJPY,momentum,24,[16],2.0,2.0,22,0.0,0,ftmo_1step,,7,2.0,1,,False,IS,790,1.0,0.0,0.6,1.1,97.2,6.6,4.9,4.66,-1.94,99805.0,1.7
s1,USDJPY,momentum,24,[16],2.0,2.0,22,0.0,0,ftmo_1step,,7,2.0,1,,False,OOS,820,0.6,0.1,0.4,0.4,98.5,6.7,4.9,4.62,-1.95,100062.0,0.8
s1,USDJPY,momentum,24,[16],2.0,2.0,22,0.0,0,fundingpips_1step,,7,2.0,1,,False,IS,790,1.0,0.0,0.6,9.1,89.2,6.6,4.9,4.56,-1.94,99818.0,9.7
s1,USDJPY,momentum,24,[16],2.0,2.0,22,0.0,0,fundingpips_1step,,7,2.0,1,,False,OOS,820,0.7,0.0,0.4,8.9,90.0,6.8,4.9,4.54,-1.95,100033.0,9.3
s1,USDJPY,momentum,24,[16],2.0,3.0,22,0.0,0,ftmo_1step,,7,2.0,1,,False,IS,790,0.8,0.6,0.5,1.1,97.0,6.9,4.9,4.74,-1.94,99809.0,1.6
s1,USDJPY,momentum,24,[16],2.0,3.0,22,0.0,0,ftmo_1step,,7,2.0,1,,False,OOS,820,0.6,1.2,0.4,0.4,97.4,5.9,4.9,4.7,-1.95,100117.0,0.8
s1,USDJPY,momentum,24,[16],2.0,3.0,22,0.0,0,fundingpips_1step,,7,2.0,1,,False,IS,790,1.4,0.0,0.5,9.1,89.0,6.9,4.9,4.64,-1.94,99816.0,9.6
s1,USDJPY,momentum,24,[16],2.0,3.0,22,0.0,0,fundingpips_1step,,7,2.0,1,,False,OOS,820,1.8,0.0,0.4,8.9,88.9,5.9,4.9,4.63,-1.95,100087.0,9.3
s1,USDJPY,momentum,72,[10],1.0,1.0,22,0.0,0,ftmo_1step,,7,2.0,1,,False,IS,790,0.0,0.0,0.0,4.6,95.4,,5.0,5.76,-2.13,99303.0,4.6
s1,USDJPY,momentum,72,[10],1.0,1.0,22,0.0,0,ftmo_1step,,7,2.0,1,,False,OOS,820,0.0,0.0,0.0,6.5,93.5,,5.0,5.94,-2.21,98773.0,6.5
s1,USDJPY,momentum,72,[10],1.0,1.0,22,0.0,0,fundingpips_1step,,7,2.0,1,,False,IS,790,0.0,0.0,0.0,22.7,77.3,,4.7,5.52,-2.13,99265.0,22.7
s1,USDJPY,momentum,72,[10],1.0,1.0,22,0.0,0,fundingpips_1step,,7,2.0,1,,False,OOS,820,0.0,0.0,0.0,27.7,72.3,,4.7,5.59,-2.2,98875.0,27.7
s1,USDJPY,momentum,72,[10],1.0,2.0,22,0.0,0,ftmo_1step,,7,2.0,1,,False,IS,790,6.1,0.0,0.4,18.2,75.3,4.6,4.8,7.27,-2.14,99554.0,18.6
s1,USDJPY,momentum,72,[10],1.0,2.0,22,0.0,0,ftmo_1step,,7,2.0,1,,False,OOS,820,8.2,0.1,0.2,24.0,67.4,4.6,4.8,7.69,-2.18,98894.0,24.2
s1,USDJPY,momentum,72,[10],1.0,2.0,22,0.0,0,fundingpips_1step,,7,2.0,1,,False,IS,790,6.1,0.0,0.4,29.5,64.1,4.6,4.4,6.7,-2.14,99645.0,29.9
s1,USDJPY,momentum,72,[10],1.0,2.0,22,0.0,0,fundingpips_1step,,7,2.0,1,,False,OOS,820,8.3,0.0,0.0,33.3,58.4,4.6,4.3,6.99,-2.18,99138.0,33.3
s1,USDJPY,momentum,72,[10],1.0,3.0,22,0.0,0,ftmo_1step,,7,2.0,1,,False,IS,790,7.2,4.1,0.3,29.6,58.9,5.6,4.6,8.11,-2.11,99738.0,29.9
s1,USDJPY,momentum,72,[10],1.0,3.0,22,0.0,0,ftmo_1step,,7,2.0,1,,False,OOS,820,9.0,4.4,0.2,32.6,53.8,5.5,4.6,8.3,-2.17,99365.0,32.8
s1,USDJPY,momentum,72,[10],1.0,3.0,22,0.0,0,fundingpips_1step,,7,2.0,1,,False,IS,790,11.5,0.0,0.3,38.0,50.3,4.5,4.1,7.49,-2.12,99780.0,38.3
s1,USDJPY,momentum,72,[10],1.0,3.0,22,0.0,0,fundingpips_1step,,7,2.0,1,,False,OOS,820,13.4,0.0,0.0,40.9,45.7,3.9,4.0,7.51,-2.16,99569.0,40.9
s1,USDJPY,momentum,72,[10],2.0,1.0,22,0.0,0,ftmo_1step,,7,2.0,1,,False,IS,790,0.0,0.0,0.6,2.7,96.7,,4.9,5.19,-2.05,99723.0,3.3
s1,USDJPY,momentum,72,[10],2.0,1.0,22,0.0,0,ftmo_1step,,7,2.0,1,,False,OOS,820,0.0,0.0,0.0,3.3,96.7,,5.0,5.56,-2.08,99487.0,3.3
s1,USDJPY,momentum,72,[10],2.0,1.0,22,0.0,0,fundingpips_1step,,7,2.0,1,,False,IS,790,0.0,0.0,0.5,15.6,83.9,,4.8,5.02,-2.05,99675.0,16.1
s1,USDJPY,momentum,72,[10],2.0,1.0,22,0.0,0,fundingpips_1step,,7,2.0,1,,False,OOS,820,0.0,0.0,0.0,20.6,79.4,,4.7,5.32,-2.08,99438.0,20.6
s1,USDJPY,momentum,72,[10],2.0,2.0,22,0.0,0,ftmo_1step,,7,2.0,1,,False,IS,790,2.9,0.0,1.0,5.1,91.0,5.5,4.9,6.04,-2.05,99997.0,6.1
s1,USDJPY,momentum,72,[10],2.0,2.0,22,0.0,0,ftmo_1step,,7,2.0,1,,False,OOS,820,3.9,0.0,0.0,9.3,86.8,5.9,4.9,6.48,-2.09,99653.0,9.3
s1,USDJPY,momentum,72,[10],2.0,2.0,22,0.0,0,fundingpips_1step,,7,2.0,1,,False,IS,790,2.9,0.0,0.9,19.0,77.2,5.5,4.7,5.81,-2.06,99922.0,19.9
s1,USDJPY,momentum,72,[10],2.0,2.0,22,0.0,0,fundingpips_1step,,7,2.0,1,,False,OOS,820,3.9,0.0,0.0,25.7,70.4,5.9,4.6,6.08,-2.09,99641.0,25.7
s1,USDJPY,momentum,72,[16],1.0,1.0,22,0.0,0,ftmo_1step,,7,2.0,1,,False,IS,790,0.0,0.0,0.4,4.7,94.9,,5.0,5.56,-2.11,99339.0,5.1
s1,USDJPY,momentum,72,[16],1.0,1.0,22,0.0,0,ftmo_1step,,7,2.0,1,,False,OOS,820,0.0,0.0,0.5,3.3,96.2,,5.0,5.64,-2.16,99495.0,3.8
s1,USDJPY,momentum,72,[16],1.0,1.0,22,0.0,0,fundingpips_1step,,7,2.0,1,,False,IS,790,0.0,0.0,0.4,20.5,79.1,,4.7,5.34,-2.11,99353.0,20.9
s1,USDJPY,momentum,72,[16],1.0,1.0,22,0.0,0,fundingpips_1step,,7,2.0,1,,False,OOS,820,0.0,0.0,0.5,20.9,78.7,,4.7,5.44,-2.16,99423.0,21.4
s1,USDJPY,momentum,72,[16],1.0,2.0,22,0.0,0,ftmo_1step,,7,2.0,1,,False,IS,790,4.8,0.0,0.4,11.1,83.7,5.2,4.9,6.61,-2.11,99553.0,11.5
s1,USDJPY,momentum,72,[16],1.0,2.0,22,0.0,0,ftmo_1step,,7,2.0,1,,False,OOS,820,5.9,0.0,0.4,11.8,82.0,5.7,4.9,6.8,-2.17,99797.0,12.2
s1,USDJPY,momentum,72,[16],1.0,2.0,22,0.0,0,fundingpips_1step,,7,2.0,1,,False,IS,790,4.9,0.0,0.4,25.3,69.4,4.8,4.5,6.22,-2.11,99627.0,25.7
s1,USDJPY,momentum,72,[16],1.0,2.0,22,0.0,0,fundingpips_1step,,7,2.0,1,,False,OOS,820,5.9,0.0,0.4,24.9,68.9,5.7,4.5,6.44,-2.16,99709.0,25.3
s1,USDJPY,momentum,72,[10],2.0,3.0,22,0.0,0,ftmo_1step,,7,2.0,1,,False,IS,790,2.7,2.2,1.3,5.8,88.1,5.9,4.8,6.33,-2.05,99991.0,7.1
s1,USDJPY,momentum,72,[10],2.0,3.0,22,0.0,0,ftmo_1step,,7,2.0,1,,False,OOS,820,5.9,2.7,0.0,10.4,81.1,5.9,4.8,6.67,-2.07,99967.0,10.4
s1,USDJPY,momentum,72,[10],2.0,3.0,22,0.0,0,fundingpips_1step,,7,2.0,1,,False,IS,790,5.2,0.0,1.1,20.1,73.5,4.7,4.7,6.08,-2.06,99962.0,21.2
s1,USDJPY,momentum,72,[10],2.0,3.0,22,0.0,0,fundingpips_1step,,7,2.0,1,,False,OOS,820,8.5,0.0,0.0,27.4,64.0,5.7,4.5,6.27,-2.07,99936.0,27.4
s1,USDJPY,momentum,72,[16],1.0,3.0,22,0.0,0,ftmo_1step,,7,2.0,1,,False,IS,790,6.5,2.4,0.5,13.7,77.0,5.7,4.8,7.06,-2.1,99675.0,14.2
s1,USDJPY,momentum,72,[16],1.0,3.0,22,0.0,0,ftmo_1step,,7,2.0,1,,False,OOS,820,5.4,2.4,0.9,14.1,77.2,5.7,4.8,7.26,-2.16,99583.0,15.0
s1,USDJPY,momentum,72,[16],1.0,3.0,22,0.0,0,fundingpips_1step,,7,2.0,1,,False,IS,790,8.9,0.0,0.5,28.7,61.9,4.8,4.5,6.64,-2.1,99756.0,29.2
s1,USDJPY,momentum,72,[16],1.0,3.0,22,0.0,0,fundingpips_1step,,7,2.0,1,,False,OOS,820,7.8,0.0,0.5,28.4,63.3,4.8,4.5,6.85,-2.15,99588.0,28.9
s1,USDJPY,momentum,72,[16],2.0,1.0,22,0.0,0,ftmo_1step,,7,2.0,1,,False,IS,790,0.0,0.0,0.6,0.4,99.0,,5.0,4.22,-1.93,99892.0,1.0
s1,USDJPY,momentum,72,[16],2.0,1.0,22,0.0,0,ftmo_1step,,7,2.0,1,,False,OOS,820,0.0,0.0,0.4,0.7,98.9,,5.0,4.45,-1.98,99897.0,1.1
s1,USDJPY,momentum,72,[16],2.0,1.0,22,0.0,0,fundingpips_1step,,7,2.0,1,,False,IS,790,0.0,0.0,0.6,7.2,92.2,,4.9,4.15,-1.93,99894.0,7.8
s1,USDJPY,momentum,72,[16],2.0,1.0,22,0.0,0,fundingpips_1step,,7,2.0,1,,False,OOS,820,0.0,0.0,0.4,8.4,91.2,,4.9,4.37,-1.98,99896.0,8.8
s1,USDJPY,momentum,72,[16],2.0,2.0,22,0.0,0,ftmo_1step,,7,2.0,1,,False,IS,790,1.1,0.0,0.9,0.9,97.1,5.7,4.9,4.6,-1.94,99925.0,1.8
s1,USDJPY,momentum,72,[16],2.0,2.0,22,0.0,0,ftmo_1step,,7,2.0,1,,False,OOS,820,0.4,0.1,0.4,0.6,98.5,6.7,5.0,4.74,-1.98,99974.0,1.0
s1,USDJPY,momentum,72,[16],2.0,2.0,22,0.0,0,fundingpips_1step,,7,2.0,1,,False,IS,790,1.1,0.0,0.9,8.1,89.9,5.7,4.9,4.51,-1.94,99931.0,9.0
s1,USDJPY,momentum,72,[16],2.0,2.0,22,0.0,0,fundingpips_1step,,7,2.0,1,,False,OOS,820,0.5,0.0,0.4,9.5,89.6,6.8,4.9,4.64,-1.98,99980.0,9.9
s1,USDJPY,meanrev,24,[10],1.0,1.0,22,0.0,0,ftmo_1step,,7,2.0,1,,False,IS,790,0.0,0.0,0.0,7.6,92.4,,4.9,6.0,-2.13,98862.0,7.6
s1,USDJPY,meanrev,24,[10],1.0,1.0,22,0.0,0,ftmo_1step,,7,2.0,1,,False,OOS,820,0.0,0.0,0.5,5.1,94.4,,4.9,5.63,-2.2,99271.0,5.6
s1,USDJPY,meanrev,24,[10],1.0,1.0,22,0.0,0,fundingpips_1step,,7,2.0,1,,False,IS,790,0.0,0.0,0.0,28.5,71.5,,4.7,5.66,-2.13,98929.0,28.5
s1,USDJPY,meanrev,24,[10],1.0,1.0,22,0.0,0,fundingpips_1step,,7,2.0,1,,False,OOS,820,0.0,0.0,0.5,22.0,77.6,,4.7,5.38,-2.19,99345.0,22.5
s1,USDJPY,momentum,72,[16],2.0,3.0,22,0.0,0,ftmo_1step,,7,2.0,1,,False,IS,790,0.4,0.5,0.8,0.9,97.5,4.9,4.9,4.69,-1.94,99905.0,1.7
s1,USDJPY,momentum,72,[16],2.0,3.0,22,0.0,0,ftmo_1step,,7,2.0,1,,False,OOS,820,0.7,0.6,0.4,1.0,97.3,6.7,5.0,4.83,-1.99,99988.0,1.4
s1,USDJPY,momentum,72,[16],2.0,3.0,22,0.0,0,fundingpips_1step,,7,2.0,1,,False,IS,790,0.9,0.0,0.8,8.2,90.1,5.7,4.9,4.6,-1.94,99914.0,9.0
s1,USDJPY,momentum,72,[16],2.0,3.0,22,0.0,0,fundingpips_1step,,7,2.0,1,,False,OOS,820,1.3,0.0,0.4,9.8,88.5,6.7,4.9,4.73,-1.99,99994.0,10.2
s1,USDJPY,meanrev,24,[10],1.0,2.0,22,0.0,0,ftmo_1step,,7,2.0,1,,False,IS,790,4.8,0.0,0.0,23.7,71.5,5.8,4.8,7.67,-2.13,98668.0,23.7
s1,USDJPY,meanrev,24,[10],1.0,2.0,22,0.0,0,ftmo_1step,,7,2.0,1,,False,OOS,820,5.9,0.0,0.7,20.7,72.7,4.6,4.8,7.64,-2.2,98974.0,21.4
s1,USDJPY,meanrev,24,[10],1.0,2.0,22,0.0,0,fundingpips_1step,,7,2.0,1,,False,IS,790,4.8,0.0,0.0,34.3,60.9,5.8,4.3,6.96,-2.13,98820.0,34.3
s1,USDJPY,meanrev,24,[10],1.0,2.0,22,0.0,0,fundingpips_1step,,7,2.0,1,,False,OOS,820,6.2,0.0,0.6,30.1,63.0,4.5,4.3,7.02,-2.2,99197.0,30.7
s1,USDJPY,meanrev,24,[10],1.0,3.0,22,0.0,0,ftmo_1step,,7,2.0,1,,False,IS,790,7.1,4.4,0.3,33.3,54.9,5.7,4.6,8.25,-2.1,98971.0,33.6
s1,USDJPY,meanrev,24,[10],1.0,3.0,22,0.0,0,ftmo_1step,,7,2.0,1,,False,OOS,820,6.6,5.0,0.7,32.0,55.7,5.6,4.6,8.35,-2.16,99299.0,32.7
s1,USDJPY,meanrev,24,[10],1.0,3.0,22,0.0,0,fundingpips_1step,,7,2.0,1,,False,IS,790,11.6,0.0,0.3,42.9,45.2,4.6,4.1,7.47,-2.1,99147.0,43.2
s1,USDJPY,meanrev,24,[10],1.0,3.0,22,0.0,0,fundingpips_1step,,7,2.0,1,,False,OOS,820,12.8,0.0,0.6,38.8,47.8,3.6,4.1,7.61,-2.15,99662.0,39.4
s1,USDJPY,meanrev,24,[10],2.0,1.0,22,0.0,0,ftmo_1step,,7,2.0,1,,False,IS,790,0.0,0.0,0.0,3.2,96.8,,5.0,5.51,-2.04,99082.0,3.2
s1,USDJPY,meanrev,24,[10],2.0,1.0,22,0.0,0,ftmo_1step,,7,2.0,1,,False,OOS,820,0.0,0.0,0.9,3.0,96.1,,4.9,5.5,-2.08,99536.0,3.9
s1,USDJPY,meanrev,24,[10],2.0,1.0,22,0.0,0,fundingpips_1step,,7,2.0,1,,False,IS,790,0.0,0.0,0.0,20.5,79.5,,4.8,5.26,-2.04,99097.0,20.5
s1,USDJPY,meanrev,24,[10],2.0,1.0,22,0.0,0,fundingpips_1step,,7,2.0,1,,False,OOS,820,0.0,0.0,0.6,18.3,81.1,,4.7,5.25,-2.07,99547.0,18.9
s1,USDJPY,meanrev,24,[10],2.0,2.0,22,0.0,0,ftmo_1step,,7,2.0,1,,False,IS,790,3.5,0.0,0.3,6.8,89.4,5.6,4.9,6.3,-2.05,99236.0,7.1
s1,USDJPY,meanrev,24,[10],2.0,2.0,22,0.0,0,ftmo_1step,,7,2.0,1,,False,OOS,820,2.8,0.0,0.9,6.5,89.9,4.7,4.9,6.48,-2.1,99441.0,7.4
s1,USDJPY,meanrev,24,[10],2.0,2.0,22,0.0,0,fundingpips_1step,,7,2.0,1,,False,IS,790,3.5,0.0,0.3,26.2,70.0,5.6,4.7,5.92,-2.04,99267.0,26.5
s1,USDJPY,meanrev,24,[10],2.0,2.0,22,0.0,0,fundingpips_1step,,7,2.0,1,,False,OOS,820,2.8,0.0,0.6,22.6,74.0,4.7,4.6,6.1,-2.09,99405.0,23.2
s1,USDJPY,meanrev,24,[16],1.0,1.0,22,0.0,0,ftmo_1step,,7,2.0,1,,False,IS,790,0.0,0.0,0.4,4.9,94.7,,4.9,5.85,-2.11,98731.0,5.3
s1,USDJPY,meanrev,24,[16],1.0,1.0,22,0.0,0,ftmo_1step,,7,2.0,1,,False,OOS,820,0.0,0.0,0.5,9.8,89.8,,4.9,6.43,-2.17,97982.0,10.3
s1,USDJPY,meanrev,24,[16],1.0,1.0,22,0.0,0,fundingpips_1step,,7,2.0,1,,False,IS,790,0.0,0.0,0.3,25.1,74.7,,4.7,5.58,-2.11,98795.0,25.4
s1,USDJPY,meanrev,24,[16],1.0,1.0,22,0.0,0,fundingpips_1step,,7,2.0,1,,False,OOS,820,0.0,0.0,0.4,31.3,68.3,,4.6,6.0,-2.16,98167.0,31.7
s1,USDJPY,meanrev,24,[10],2.0,3.0,22,0.0,0,ftmo_1step,,7,2.0,1,,False,IS,790,3.7,1.8,0.3,7.6,86.7,5.8,4.9,6.47,-2.04,99410.0,7.9
s1,USDJPY,meanrev,24,[10],2.0,3.0,22,0.0,0,ftmo_1step,,7,2.0,1,,False,OOS,820,3.5,2.0,0.9,9.0,84.6,4.8,4.8,6.7,-2.08,99586.0,9.9
s1,USDJPY,meanrev,24,[10],2.0,3.0,22,0.0,0,fundingpips_1step,,7,2.0,1,,False,IS,790,5.4,0.0,0.3,27.3,67.0,5.7,4.6,6.08,-2.04,99442.0,27.6
s1,USDJPY,meanrev,24,[10],2.0,3.0,22,0.0,0,fundingpips_1step,,7,2.0,1,,False,OOS,820,5.5,0.0,0.6,24.5,69.4,3.9,4.6,6.34,-2.08,99539.0,25.1
s1,USDJPY,meanrev,24,[16],1.0,2.0,22,0.0,0,ftmo_1step,,7,2.0,1,,False,IS,790,3.9,0.0,0.4,12.8,82.9,4.9,4.9,6.82,-2.11,99038.0,13.2
s1,USDJPY,meanrev,24,[16],1.0,2.0,22,0.0,0,ftmo_1step,,7,2.0,1,,False,OOS,820,3.4,0.0,0.5,20.4,75.7,4.7,4.8,7.35,-2.17,98046.0,20.9
s1,USDJPY,meanrev,24,[16],1.0,2.0,22,0.0,0,fundingpips_1step,,7,2.0,1,,False,IS,790,4.3,0.0,0.3,29.5,65.9,4.8,4.5,6.34,-2.11,99200.0,29.8
s1,USDJPY,meanrev,24,[16],1.0,2.0,22,0.0,0,fundingpips_1step,,7,2.0,1,,False,OOS,820,3.9,0.0,0.4,36.0,59.8,4.7,4.4,6.71,-2.17,98424.0,36.4
s1,USDJPY,meanrev,24,[16],1.0,3.0,22,0.0,0,ftmo_1step,,7,2.0,1,,False,IS,790,4.8,2.3,0.6,16.3,75.9,5.7,4.8,7.28,-2.1,99000.0,16.9
s1,USDJPY,meanrev,24,[16],1.0,3.0,22,0.0,0,ftmo_1step,,7,2.0,1,,False,OOS,820,4.8,1.8,0.9,24.1,68.4,5.7,4.7,7.73,-2.16,97981.0,25.0
s1,USDJPY,meanrev,24,[16],1.0,3.0,22,0.0,0,fundingpips_1step,,7,2.0,1,,False,IS,790,7.8,0.0,0.5,33.8,57.8,4.8,4.4,6.8,-2.1,99150.0,34.3
s1,USDJPY,meanrev,24,[16],1.0,3.0,22,0.0,0,fundingpips_1step,,7,2.0,1,,False,OOS,820,7.4,0.0,0.7,41.8,50.0,4.9,4.3,7.02,-2.16,98428.0,42.5
s1,USDJPY,meanrev,24,[16],2.0,1.0,22,0.0,0,ftmo_1step,,7,2.0,1,,False,IS,790,0.0,0.0,0.3,0.5,99.2,,5.0,4.41,-1.93,99451.0,0.8
s1,USDJPY,meanrev,24,[16],2.0,1.0,22,0.0,0,ftmo_1step,,7,2.0,1,,False,OOS,820,0.0,0.0,0.5,1.5,98.0,,4.9,4.74,-2.0,99106.0,2.0
s1,USDJPY,meanrev,24,[16],2.0,1.0,22,0.0,0,fundingpips_1step,,7,2.0,1,,False,IS,790,0.0,0.0,0.1,10.9,89.0,,4.9,4.29,-1.93,99475.0,11.0
s1,USDJPY,meanrev,24,[16],2.0,1.0,22,0.0,0,fundingpips_1step,,7,2.0,1,,False,OOS,820,0.0,0.0,0.2,12.6,87.2,,4.8,4.59,-2.0,99158.0,12.8
s1,USDJPY,meanrev,24,[16],2.0,2.0,22,0.0,0,ftmo_1step,,7,2.0,1,,False,IS,790,0.8,0.0,0.5,0.9,97.8,4.9,4.9,4.76,-1.94,99524.0,1.4
s1,USDJPY,meanrev,24,[16],2.0,2.0,22,0.0,0,ftmo_1step,,7,2.0,1,,False,OOS,820,0.4,0.1,0.9,1.5,97.2,4.9,4.9,5.05,-2.01,99158.0,2.4
s1,USDJPY,meanrev,24,[16],2.0,2.0,22,0.0,0,fundingpips_1step,,7,2.0,1,,False,IS,790,0.8,0.0,0.4,11.6,87.2,4.9,4.9,4.64,-1.94,99547.0,12.0
s1,USDJPY,meanrev,24,[16],2.0,2.0,22,0.0,0,fundingpips_1step,,7,2.0,1,,False,OOS,820,0.5,0.0,0.6,14.1,84.8,5.8,4.8,4.87,-2.01,99219.0,14.7
s1,USDJPY,prevday,24,[10],1.0,1.0,22,0.0,0,ftmo_1step,,7,2.0,1,,False,IS,790,0.0,0.0,0.1,5.7,94.2,,4.9,5.87,-2.13,99089.0,5.8
s1,USDJPY,prevday,24,[10],1.0,1.0,22,0.0,0,ftmo_1step,,7,2.0,1,,False,OOS,820,0.0,0.0,0.0,8.5,91.5,,4.9,6.05,-2.2,98480.0,8.5
s1,USDJPY,prevday,24,[10],1.0,1.0,22,0.0,0,fundingpips_1step,,7,2.0,1,,False,IS,790,0.0,0.0,0.1,23.9,75.9,,4.7,5.6,-2.13,99096.0,24.0
s1,USDJPY,prevday,24,[10],1.0,1.0,22,0.0,0,fundingpips_1step,,7,2.0,1,,False,OOS,820,0.0,0.0,0.0,29.9,70.1,,4.6,5.6,-2.2,98607.0,29.9
s1,USDJPY,meanrev,24,[16],2.0,3.0,22,0.0,0,ftmo_1step,,7,2.0,1,,False,IS,790,0.6,0.6,0.5,0.6,97.6,5.9,4.9,4.82,-1.94,99524.0,1.1
s1,USDJPY,meanrev,24,[16],2.0,3.0,22,0.0,0,ftmo_1step,,7,2.0,1,,False,OOS,820,0.5,1.0,1.2,1.7,95.6,6.8,4.9,5.1,-2.02,99220.0,2.9
s1,USDJPY,meanrev,24,[16],2.0,3.0,22,0.0,0,fundingpips_1step,,7,2.0,1,,False,IS,790,1.3,0.0,0.4,11.9,86.5,4.9,4.9,4.7,-1.94,99542.0,12.3
s1,USDJPY,meanrev,24,[16],2.0,3.0,22,0.0,0,fundingpips_1step,,7,2.0,1,,False,OOS,820,1.5,0.0,1.0,14.3,83.3,6.3,4.8,4.92,-2.01,99280.0,15.3
s1,USDJPY,prevday,24,[10],1.0,2.0,22,0.0,0,ftmo_1step,,7,2.0,1,,False,IS,790,5.7,0.1,0.3,21.9,72.0,4.6,4.8,7.58,-2.13,98920.0,22.2
s1,USDJPY,prevday,24,[10],1.0,2.0,22,0.0,0,ftmo_1step,,7,2.0,1,,False,OOS,820,5.7,0.0,0.2,24.5,69.5,4.6,4.8,7.7,-2.19,98525.0,24.7
s1,USDJPY,prevday,24,[10],1.0,2.0,22,0.0,0,fundingpips_1step,,7,2.0,1,,False,IS,790,5.8,0.0,0.3,33.0,60.9,4.7,4.3,6.93,-2.13,99074.0,33.3
s1,USDJPY,prevday,24,[10],1.0,2.0,22,0.0,0,fundingpips_1step,,7,2.0,1,,False,OOS,820,5.7,0.0,0.2,34.9,59.1,4.6,4.2,6.91,-2.19,98848.0,35.1
s1,USDJPY,prevday,24,[10],1.0,3.0,22,0.0,0,ftmo_1step,,7,2.0,1,,False,IS,790,6.6,4.4,0.4,34.7,53.9,5.6,4.6,8.35,-2.11,98962.0,35.1
s1,USDJPY,prevday,24,[10],1.0,3.0,22,0.0,0,ftmo_1step,,7,2.0,1,,False,OOS,820,7.4,4.6,0.2,34.5,53.2,5.7,4.6,8.38,-2.16,98848.0,34.7
s1,USDJPY,prevday,24,[10],1.0,3.0,22,0.0,0,fundingpips_1step,,7,2.0,1,,False,IS,790,11.3,0.0,0.4,42.0,46.3,4.6,4.1,7.65,-2.11,99148.0,42.4
s1,USDJPY,prevday,24,[10],1.0,3.0,22,0.0,0,fundingpips_1step,,7,2.0,1,,False,OOS,820,12.2,0.0,0.2,43.2,44.4,4.5,4.0,7.48,-2.16,99158.0,43.4
s1,USDJPY,prevday,24,[10],2.0,1.0,22,0.0,0,ftmo_1step,,7,2.0,1,,False,IS,790,0.0,0.0,0.4,3.8,95.8,,5.0,5.51,-2.05,99130.0,4.2
s1,USDJPY,prevday,24,[10],2.0,1.0,22,0.0,0,ftmo_1step,,7,2.0,1,,False,OOS,820,0.0,0.0,0.4,4.1,95.5,,5.0,5.61,-2.08,99142.0,4.5
s1,USDJPY,prevday,24,[10],2.0,1.0,22,0.0,0,fundingpips_1step,,7,2.0,1,,False,IS,790,0.0,0.0,0.3,20.0,79.7,,4.7,5.25,-2.04,99175.0,20.3
s1,USDJPY,prevday,24,[10],2.0,1.0,22,0.0,0,fundingpips_1step,,7,2.0,1,,False,OOS,820,0.0,0.0,0.4,22.0,77.7,,4.7,5.32,-2.08,99202.0,22.4
s1,USDJPY,prevday,24,[10],2.0,2.0,22,0.0,0,ftmo_1step,,7,2.0,1,,False,IS,790,2.8,0.0,1.0,8.2,88.0,5.2,4.9,6.39,-2.06,99314.0,9.2
s1,USDJPY,prevday,24,[10],2.0,2.0,22,0.0,0,ftmo_1step,,7,2.0,1,,False,OOS,820,3.0,0.0,0.4,8.9,87.7,5.9,4.9,6.47,-2.09,99304.0,9.3
s1,USDJPY,prevday,24,[10],2.0,2.0,22,0.0,0,fundingpips_1step,,7,2.0,1,,False,IS,790,2.8,0.0,0.9,23.8,72.5,5.2,4.6,6.03,-2.06,99375.0,24.7
s1,USDJPY,prevday,24,[10],2.0,2.0,22,0.0,0,fundingpips_1step,,7,2.0,1,,False,OOS,820,3.0,0.0,0.4,25.4,71.2,5.9,4.6,6.04,-2.09,99372.0,25.8
s1,USDJPY,prevday,24,[16],1.0,1.0,22,0.0,0,ftmo_1step,,7,2.0,1,,False,IS,790,0.0,0.0,0.1,4.9,94.9,,4.9,5.79,-2.11,98821.0,5.0
s1,USDJPY,prevday,24,[16],1.0,1.0,22,0.0,0,ftmo_1step,,7,2.0,1,,False,OOS,820,0.0,0.0,0.5,6.2,93.3,,4.9,5.91,-2.17,98903.0,6.7
s1,USDJPY,prevday,24,[16],1.0,1.0,22,0.0,0,fundingpips_1step,,7,2.0,1,,False,IS,790,0.0,0.0,0.1,23.9,75.9,,4.7,5.54,-2.11,98835.0,24.0
s1,USDJPY,prevday,24,[16],1.0,1.0,22,0.0,0,fundingpips_1step,,7,2.0,1,,False,OOS,820,0.0,0.0,0.5,25.2,74.3,,4.7,5.62,-2.17,98930.0,25.7
s1,USDJPY,prevday,24,[10],2.0,3.0,22,0.0,0,ftmo_1step,,7,2.0,1,,False,IS,790,2.7,1.8,1.0,8.9,85.7,5.9,4.9,6.61,-2.05,99337.0,9.9
s1,USDJPY,prevday,24,[10],2.0,3.0,22,0.0,0,ftmo_1step,,7,2.0,1,,False,OOS,820,4.1,2.1,0.4,11.0,82.4,6.2,4.9,6.7,-2.07,99444.0,11.4
s1,USDJPY,prevday,24,[10],2.0,3.0,22,0.0,0,fundingpips_1step,,7,2.0,1,,False,IS,790,4.7,0.0,0.9,24.7,69.7,4.6,4.6,6.24,-2.05,99398.0,25.6
s1,USDJPY,prevday,24,[10],2.0,3.0,22,0.0,0,fundingpips_1step,,7,2.0,1,,False,OOS,820,6.2,0.0,0.4,27.8,65.6,5.7,4.5,6.25,-2.07,99482.0,28.2
s1,USDJPY,prevday,24,[16],1.0,2.0,22,0.0,0,ftmo_1step,,7,2.0,1,,False,IS,790,3.8,0.0,0.4,12.9,82.9,4.7,4.9,6.8,-2.11,98996.0,13.3
s1,USDJPY,prevday,24,[16],1.0,2.0,22,0.0,0,ftmo_1step,,7,2.0,1,,False,OOS,820,3.5,0.0,0.4,14.8,81.3,4.9,4.9,7.11,-2.16,98836.0,15.2
s1,USDJPY,prevday,24,[16],1.0,2.0,22,0.0,0,fundingpips_1step,,7,2.0,1,,False,IS,790,3.9,0.0,0.4,29.0,66.7,4.7,4.5,6.33,-2.11,99097.0,29.4
s1,USDJPY,prevday,24,[16],1.0,2.0,22,0.0,0,fundingpips_1step,,7,2.0,1,,False,OOS,820,3.7,0.0,0.4,31.3,64.6,4.9,4.4,6.57,-2.16,98934.0,31.7
s1,USDJPY,prevday,24,[16],1.0,3.0,22,0.0,0,ftmo_1step,,7,2.0,1,,False,IS,790,5.7,2.0,0.4,15.8,76.1,5.7,4.8,7.3,-2.1,99037.0,16.2
s1,USDJPY,prevday,24,[16],1.0,3.0,22,0.0,0,ftmo_1step,,7,2.0,1,,False,OOS,820,4.0,2.1,0.9,17.6,75.5,5.8,4.8,7.43,-2.15,98854.0,18.5
s1,USDJPY,prevday,24,[16],1.0,3.0,22,0.0,0,fundingpips_1step,,7,2.0,1,,False,IS,790,7.8,0.0,0.4,32.4,59.4,4.8,4.4,6.8,-2.1,99125.0,32.8
s1,USDJPY,prevday,24,[16],1.0,3.0,22,0.0,0,fundingpips_1step,,7,2.0,1,,False,OOS,820,6.0,0.0,0.7,36.1,57.2,4.7,4.4,6.85,-2.15,99019.0,36.8
s1,USDJPY,prevday,24,[16],2.0,1.0,22,0.0,0,ftmo_1step,,7,2.0,1,,False,IS,790,0.0,0.0,0.9,0.3,98.9,,5.0,4.39,-1.96,99609.0,1.2
s1,USDJPY,prevday,24,[16],2.0,1.0,22,0.0,0,ftmo_1step,,7,2.0,1,,False,OOS,820,0.0,0.0,0.0,0.6,99.4,,5.0,4.63,-1.96,99420.0,0.6
s1,USDJPY,prevday,24,[16],2.0,1.0,22,0.0,0,fundingpips_1step,,7,2.0,1,,False,IS,790,0.0,0.0,0.9,8.9,90.3,,4.9,4.31,-1.96,99588.0,9.8
s1,USDJPY,prevday,24,[16],2.0,1.0,22,0.0,0,fundingpips_1step,,7,2.0,1,,False,OOS,820,0.0,0.0,0.0,10.7,89.3,,4.9,4.53,-1.96,99400.0,10.7
s1,USDJPY,asian,24,[10],1.0,1.0,22,0.0,0,ftmo_1step,,7,2.0,1,,False,IS,790,0.0,0.0,0.0,5.7,94.3,,4.9,5.88,-2.14,99158.0,5.7
s1,USDJPY,asian,24,[10],1.0,1.0,22,0.0,0,ftmo_1step,,7,2.0,1,,False,OOS,820,0.0,0.0,0.5,6.6,92.9,,4.9,6.09,-2.22,98298.0,7.1
s1,USDJPY,asian,24,[10],1.0,1.0,22,0.0,0,fundingpips_1step,,7,2.0,1,,False,IS,790,0.0,0.0,0.0,22.4,77.6,,4.7,5.62,-2.14,99167.0,22.4
s1,USDJPY,asian,24,[10],1.0,1.0,22,0.0,0,fundingpips_1step,,7,2.0,1,,False,OOS,820,0.0,0.0,0.5,31.2,68.3,,4.6,5.76,-2.21,98341.0,31.7
s1,USDJPY,prevday,24,[16],2.0,2.0,22,0.0,0,ftmo_1step,,7,2.0,1,,False,IS,790,0.5,0.0,1.0,0.5,98.0,6.2,4.9,4.74,-1.97,99632.0,1.5
s1,USDJPY,prevday,24,[16],2.0,2.0,22,0.0,0,ftmo_1step,,7,2.0,1,,False,OOS,820,0.6,0.0,0.4,0.6,98.4,5.7,4.9,4.86,-1.97,99505.0,1.0
s1,USDJPY,prevday,24,[16],2.0,2.0,22,0.0,0,fundingpips_1step,,7,2.0,1,,False,IS,790,0.5,0.0,1.0,9.9,88.6,6.2,4.9,4.65,-1.97,99619.0,10.9
s1,USDJPY,prevday,24,[16],2.0,2.0,22,0.0,0,fundingpips_1step,,7,2.0,1,,False,OOS,820,0.6,0.0,0.4,11.6,87.4,5.7,4.8,4.76,-1.97,99462.0,12.0
s1,USDJPY,prevday,24,[16],2.0,3.0,22,0.0,0,ftmo_1step,,7,2.0,1,,False,IS,790,0.4,0.3,1.0,0.6,97.7,6.9,4.9,4.83,-1.97,99620.0,1.6
s1,USDJPY,prevday,24,[16],2.0,3.0,22,0.0,0,ftmo_1step,,7,2.0,1,,False,OOS,820,0.4,0.9,0.7,1.3,96.7,5.7,4.9,5.0,-1.97,99520.0,2.0
s1,USDJPY,prevday,24,[16],2.0,3.0,22,0.0,0,fundingpips_1step,,7,2.0,1,,False,IS,790,0.6,0.0,1.0,9.9,88.5,5.7,4.9,4.74,-1.97,99604.0,10.9
s1,USDJPY,prevday,24,[16],2.0,3.0,22,0.0,0,fundingpips_1step,,7,2.0,1,,False,OOS,820,1.2,0.0,0.7,12.2,85.9,5.3,4.8,4.89,-1.97,99472.0,12.9
s1,USDJPY,asian,24,[10],1.0,2.0,22,0.0,0,ftmo_1step,,7,2.0,1,,False,IS,790,5.3,0.0,0.4,18.9,75.4,4.6,4.8,7.35,-2.14,99413.0,19.3
s1,USDJPY,asian,24,[10],1.0,2.0,22,0.0,0,ftmo_1step,,7,2.0,1,,False,OOS,820,5.7,0.0,0.5,24.3,69.5,4.4,4.8,7.63,-2.2,98587.0,24.8
s1,USDJPY,asian,24,[10],1.0,2.0,22,0.0,0,fundingpips_1step,,7,2.0,1,,False,IS,790,5.7,0.0,0.4,30.1,63.8,4.6,4.4,6.83,-2.14,99407.0,30.5
s1,USDJPY,asian,24,[10],1.0,2.0,22,0.0,0,fundingpips_1step,,7,2.0,1,,False,OOS,820,5.7,0.0,0.5,34.0,59.8,4.4,4.2,6.9,-2.19,98793.0,34.5
s1,USDJPY,asian,24,[10],1.0,3.0,22,0.0,0,ftmo_1step,,7,2.0,1,,False,IS,790,6.1,3.5,0.3,29.6,60.5,5.5,4.6,8.11,-2.11,99523.0,29.9
s1,USDJPY,asian,24,[10],1.0,3.0,22,0.0,0,ftmo_1step,,7,2.0,1,,False,OOS,820,7.7,4.9,0.9,35.7,50.9,5.7,4.6,8.35,-2.17,98886.0,36.6
s1,USDJPY,asian,24,[10],1.0,3.0,22,0.0,0,fundingpips_1step,,7,2.0,1,,False,IS,790,10.3,0.0,0.3,38.7,50.8,3.7,4.1,7.52,-2.11,99564.0,39.0
s1,USDJPY,asian,24,[10],1.0,3.0,22,0.0,0,fundingpips_1step,,7,2.0,1,,False,OOS,820,12.6,0.0,0.7,43.5,43.2,3.8,4.0,7.5,-2.16,99136.0,44.2
s1,USDJPY,asian,24,[10],2.0,1.0,22,0.0,0,ftmo_1step,,7,2.0,1,,False,IS,790,0.0,0.0,0.6,1.9,97.5,,4.9,5.2,-2.05,99805.0,2.5
s1,USDJPY,asian,24,[10],2.0,1.0,22,0.0,0,ftmo_1step,,7,2.0,1,,False,OOS,820,0.0,0.0,0.4,3.9,95.7,,5.0,5.34,-2.09,99692.0,4.3
s1,USDJPY,asian,24,[10],2.0,1.0,22,0.0,0,fundingpips_1step,,7,2.0,1,,False,IS,790,0.0,0.0,0.6,15.2,84.2,,4.8,5.04,-2.05,99758.0,15.8
s1,USDJPY,asian,24,[10],2.0,1.0,22,0.0,0,fundingpips_1step,,7,2.0,1,,False,OOS,820,0.0,0.0,0.4,18.4,81.2,,4.7,5.1,-2.09,99681.0,18.8
s1,USDJPY,asian,24,[10],2.0,2.0,22,0.0,0,ftmo_1step,,7,2.0,1,,False,IS,790,4.6,0.0,0.8,4.1,90.6,5.6,4.9,6.05,-2.06,100035.0,4.9
s1,USDJPY,asian,24,[10],2.0,2.0,22,0.0,0,ftmo_1step,,7,2.0,1,,False,OOS,820,3.8,0.0,0.4,7.9,87.9,4.9,4.9,6.31,-2.09,99920.0,8.3
s1,USDJPY,asian,24,[10],2.0,2.0,22,0.0,0,fundingpips_1step,,7,2.0,1,,False,IS,790,4.6,0.0,0.8,17.8,76.8,5.6,4.7,5.83,-2.06,99948.0,18.6
s1,USDJPY,asian,24,[10],2.0,2.0,22,0.0,0,fundingpips_1step,,7,2.0,1,,False,OOS,820,3.8,0.0,0.4,23.5,72.3,4.9,4.6,5.93,-2.09,99906.0,23.9
s1,USDJPY,asian,24,[16],1.0,1.0,22,0.0,0,ftmo_1step,,7,2.0,1,,False,IS,790,0.0,0.0,0.3,4.3,95.4,,4.9,5.65,-2.11,99263.0,4.6
s1,USDJPY,asian,24,[16],1.0,1.0,22,0.0,0,ftmo_1step,,7,2.0,1,,False,OOS,820,0.0,0.0,0.5,6.2,93.3,,4.9,5.74,-2.17,99368.0,6.7
s1,USDJPY,asian,24,[16],1.0,1.0,22,0.0,0,fundingpips_1step,,7,2.0,1,,False,IS,790,0.0,0.0,0.3,20.4,79.4,,4.7,5.43,-2.11,99274.0,20.7
s1,USDJPY,asian,24,[16],1.0,1.0,22,0.0,0,fundingpips_1step,,7,2.0,1,,False,OOS,820,0.0,0.0,0.5,23.5,76.0,,4.7,5.43,-2.16,99446.0,24.0
s1,USDJPY,asian,24,[10],2.0,3.0,22,0.0,0,ftmo_1step,,7,2.0,1,,False,IS,790,2.4,2.4,1.0,4.9,89.2,6.7,4.9,6.37,-2.06,99884.0,5.9
s1,USDJPY,asian,24,[10],2.0,3.0,22,0.0,0,ftmo_1step,,7,2.0,1,,False,OOS,820,5.2,2.4,0.4,8.9,83.0,5.7,4.9,6.53,-2.08,100198.0,9.3
s1,USDJPY,asian,24,[10],2.0,3.0,22,0.0,0,fundingpips_1step,,7,2.0,1,,False,IS,790,4.8,0.0,1.0,19.2,74.9,5.7,4.7,6.14,-2.06,99816.0,20.2
s1,USDJPY,asian,24,[10],2.0,3.0,22,0.0,0,fundingpips_1step,,7,2.0,1,,False,OOS,820,7.7,0.0,0.4,24.5,67.4,4.9,4.6,6.14,-2.08,100127.0,24.9
s1,USDJPY,asian,24,[16],1.0,2.0,22,0.0,0,ftmo_1step,,7,2.0,1,,False,IS,790,4.8,0.0,0.3,11.9,83.0,4.7,4.8,6.73,-2.1,99452.0,12.2
s1,USDJPY,asian,24,[16],1.0,2.0,22,0.0,0,ftmo_1step,,7,2.0,1,,False,OOS,820,4.3,0.0,0.4,16.2,79.1,4.7,4.8,7.04,-2.17,99432.0,16.6
s1,USDJPY,asian,24,[16],1.0,2.0,22,0.0,0,fundingpips_1step,,7,2.0,1,,False,IS,790,4.8,0.0,0.3,28.1,66.8,4.7,4.5,6.32,-2.1,99426.0,28.4
s1,USDJPY,asian,24,[16],1.0,2.0,22,0.0,0,fundingpips_1step,,7,2.0,1,,False,OOS,820,4.5,0.0,0.4,27.2,67.9,4.7,4.5,6.56,-2.17,99627.0,27.6
s1,USDJPY,asian,24,[16],1.0,3.0,22,0.0,0,ftmo_1step,,7,2.0,1,,False,IS,790,5.1,2.9,0.4,14.8,76.8,5.8,4.8,7.15,-2.09,99556.0,15.2
s1,USDJPY,asian,24,[16],1.0,3.0,22,0.0,0,ftmo_1step,,7,2.0,1,,False,OOS,820,6.1,2.3,0.5,18.7,72.4,5.7,4.7,7.37,-2.15,99532.0,19.2
s1,USDJPY,asian,24,[16],1.0,3.0,22,0.0,0,fundingpips_1step,,7,2.0,1,,False,IS,790,8.0,0.0,0.4,31.6,60.0,4.7,4.4,6.73,-2.08,99504.0,32.0
s1,USDJPY,asian,24,[16],1.0,3.0,22,0.0,0,fundingpips_1step,,7,2.0,1,,False,OOS,820,8.9,0.0,0.5,30.7,59.9,4.7,4.4,6.85,-2.15,99746.0,31.2
s1,USDJPY,asian,24,[16],2.0,1.0,22,0.0,0,ftmo_1step,,7,2.0,1,,False,IS,790,0.0,0.0,0.4,0.6,99.0,,4.9,4.34,-1.93,99731.0,1.0
s1,USDJPY,asian,24,[16],2.0,1.0,22,0.0,0,ftmo_1step,,7,2.0,1,,False,OOS,820,0.0,0.0,0.9,0.5,98.7,,4.9,4.51,-1.98,99670.0,1.4
s1,USDJPY,asian,24,[16],2.0,1.0,22,0.0,0,fundingpips_1step,,7,2.0,1,,False,IS,790,0.0,0.0,0.4,8.0,91.6,,4.9,4.27,-1.93,99706.0,8.4
s1,USDJPY,asian,24,[16],2.0,1.0,22,0.0,0,fundingpips_1step,,7,2.0,1,,False,OOS,820,0.0,0.0,0.9,9.1,90.0,,4.9,4.42,-1.98,99654.0,10.0
s1,USDJPY,asian,24,[16],2.0,2.0,22,0.0,0,ftmo_1step,,7,2.0,1,,False,IS,790,0.8,0.0,0.3,1.3,97.7,6.8,4.9,4.7,-1.94,99783.0,1.6
s1,USDJPY,asian,24,[16],2.0,2.0,22,0.0,0,ftmo_1step,,7,2.0,1,,False,OOS,820,1.0,0.0,0.9,0.2,97.9,6.8,4.9,4.76,-1.98,99844.0,1.1
s1,USDJPY,asian,24,[16],2.0,2.0,22,0.0,0,fundingpips_1step,,7,2.0,1,,False,IS,790,0.8,0.0,0.3,9.2,89.7,6.8,4.9,4.61,-1.94,99786.0,9.5
s1,USDJPY,asian,24,[16],2.0,2.0,22,0.0,0,fundingpips_1step,,7,2.0,1,,False,OOS,820,1.0,0.0,0.9,9.4,88.8,6.8,4.9,4.66,-1.98,99829.0,10.3
s1,USDJPY,asian,24,[16],2.0,3.0,22,0.0,0,ftmo_1step,,7,2.0,1,,False,IS,790,0.3,0.4,0.3,1.3,97.8,6.9,4.9,4.79,-1.94,99760.0,1.6
s1,USDJPY,asian,24,[16],2.0,3.0,22,0.0,0,ftmo_1step,,7,2.0,1,,False,OOS,820,0.9,1.2,0.9,0.2,96.8,6.7,4.9,4.78,-1.98,99945.0,1.1
s1,USDJPY,asian,24,[16],2.0,3.0,22,0.0,0,fundingpips_1step,,7,2.0,1,,False,IS,790,0.6,0.0,0.3,9.2,89.9,6.9,4.9,4.7,-1.94,99761.0,9.5
s1,USDJPY,asian,24,[16],2.0,3.0,22,0.0,0,fundingpips_1step,,7,2.0,1,,False,OOS,820,2.1,0.0,0.9,9.5,87.6,6.7,4.9,4.69,-1.98,99930.0,10.4
s2,XAUUSD,momentum,4,"[1, 10]",2.0,2.0,22,0.0,0,ftmo_1step,,7,1.5,2,,False,IS,845,0.7,0.1,31.5,1.2,66.5,5.3,6.5,4.92,-2.38,99811.0,32.7
s2,XAUUSD,momentum,4,"[1, 10]",2.0,2.0,22,0.0,0,ftmo_1step,,7,1.5,2,,False,OOS,816,1.3,0.1,34.7,1.1,62.7,5.7,6.3,4.9,-2.43,99465.0,35.8
s2,XAUUSD,momentum,4,"[1, 10]",2.0,2.0,22,0.0,0,ftmo_1step,,7,1.5,2,,True,IS,845,0.9,0.1,24.7,2.0,72.2,5.4,6.7,5.02,-2.39,99817.0,26.7
s2,XAUUSD,momentum,4,"[1, 10]",2.0,2.0,22,0.0,0,ftmo_1step,,7,1.5,2,,True,OOS,816,1.5,0.4,25.9,1.3,71.0,5.8,6.6,5.04,-2.43,99479.0,27.2
s2,XAUUSD,momentum,4,"[1, 10]",2.0,2.0,22,0.0,0,ftmo_1step,,7,1.5,2,2.5,False,IS,845,0.7,0.1,31.5,1.2,66.5,5.3,6.5,4.92,-2.38,99811.0,32.7
s2,XAUUSD,momentum,4,"[1, 10]",2.0,2.0,22,0.0,0,ftmo_1step,,7,1.5,2,2.5,False,OOS,816,1.3,0.1,34.7,1.1,62.7,5.7,6.3,4.9,-2.43,99465.0,35.8
s2,XAUUSD,momentum,4,"[1, 10]",2.0,2.0,22,0.0,0,ftmo_1step,,7,1.5,2,2.5,True,IS,845,0.9,0.1,24.7,2.0,72.2,5.4,6.7,5.02,-2.39,99817.0,26.7
s2,XAUUSD,momentum,4,"[1, 10]",2.0,2.0,22,0.0,0,ftmo_1step,,7,1.5,2,2.5,True,OOS,816,1.5,0.4,25.9,1.3,71.0,5.8,6.6,5.04,-2.43,99479.0,27.2
s2,XAUUSD,momentum,4,"[1, 10]",2.0,2.0,22,0.0,0,ftmo_1step,,7,2.0,2,,False,IS,845,3.9,0.8,56.9,3.3,35.0,4.7,5.4,5.62,-2.88,99646.0,60.2
s2,XAUUSD,momentum,4,"[1, 10]",2.0,2.0,22,0.0,0,ftmo_1step,,7,2.0,2,,False,OOS,816,4.4,0.7,58.8,2.3,33.7,5.7,5.3,5.59,-2.88,99388.0,61.1
s2,XAUUSD,momentum,4,"[1, 10]",2.0,2.0,22,0.0,0,ftmo_1step,,7,2.0,2,,True,IS,845,4.3,0.8,56.9,2.8,35.1,4.8,5.4,5.62,-2.88,99703.0,59.7
s2,XAUUSD,momentum,4,"[1, 10]",2.0,2.0,22,0.0,0,ftmo_1step,,7,2.0,2,,True,OOS,816,5.0,0.9,59.2,2.0,33.0,5.7,5.3,5.6,-2.89,99456.0,61.2
s2,XAUUSD,momentum,4,"[1, 10]",2.0,2.0,22,0.0,0,ftmo_1step,,7,2.0,2,2.5,False,IS,845,3.9,0.8,56.6,3.3,35.4,4.7,5.4,5.62,-2.87,99658.0,59.9
s2,XAUUSD,momentum,4,"[1, 10]",2.0,2.0,22,0.0,0,ftmo_1step,,7,2.0,2,2.5,False,OOS,816,4.4,0.7,58.8,2.3,33.7,5.7,5.3,5.59,-2.88,99388.0,61.1
s2,XAUUSD,momentum,4,"[1, 10]",2.0,2.0,22,0.0,0,ftmo_1step,,7,2.0,2,2.5,True,IS,845,4.3,0.8,56.4,3.0,35.5,4.8,5.4,5.63,-2.88,99711.0,59.4
s2,XAUUSD,momentum,4,"[1, 10]",2.0,2.0,22,0.0,0,ftmo_1step,,7,2.0,2,2.5,True,OOS,816,5.0,0.9,59.2,2.0,33.0,5.7,5.3,5.6,-2.89,99456.0,61.2
s2,XAUUSD,momentum,4,"[1, 10]",2.0,2.0,22,0.0,0,ftmo_1step,,7,2.8,2,,False,IS,845,3.4,6.9,75.1,6.2,8.4,5.2,3.9,6.12,-3.24,99452.0,81.3
s2,XAUUSD,momentum,4,"[1, 10]",2.0,2.0,22,0.0,0,ftmo_1step,,7,2.8,2,,False,OOS,816,4.7,5.5,77.3,6.5,6.0,4.7,3.7,6.09,-3.28,99154.0,83.8
s2,XAUUSD,momentum,4,"[1, 10]",2.0,2.0,22,0.0,0,ftmo_1step,,7,2.8,2,,True,IS,845,3.6,6.7,76.2,6.7,6.7,5.4,3.8,6.08,-3.21,99486.0,82.9
s2,XAUUSD,momentum,4,"[1, 10]",2.0,2.0,22,0.0,0,ftmo_1step,,7,2.8,2,,True,OOS,816,4.4,5.8,77.9,6.7,5.1,4.6,3.6,6.03,-3.22,99236.0,84.6
s2,XAUUSD,momentum,4,"[1, 10]",2.0,2.0,22,0.0,0,ftmo_1step,,7,2.8,2,2.5,False,IS,845,5.0,7.1,49.2,15.7,23.0,5.3,4.5,6.96,-3.03,99563.0,64.9
s2,XAUUSD,momentum,4,"[1, 10]",2.0,2.0,22,0.0,0,ftmo_1step,,7,2.8,2,2.5,False,OOS,816,5.5,6.0,49.9,16.3,22.3,4.7,4.5,6.98,-3.0,99228.0,66.2
s2,XAUUSD,momentum,4,"[1, 10]",2.0,2.0,22,0.0,0,ftmo_1step,,7,2.8,2,2.5,True,IS,845,4.5,6.9,53.8,15.7,19.1,5.3,4.4,6.9,-3.04,99592.0,69.5
s2,XAUUSD,momentum,4,"[1, 10]",2.0,2.0,22,0.0,0,ftmo_1step,,7,2.8,2,2.5,True,OOS,816,4.5,6.0,55.4,16.1,18.0,4.6,4.3,6.86,-3.0,99247.0,71.5
s2,XAUUSD,momentum,4,"[1, 10]",2.0,2.0,-1,1.5,0,ftmo_1step,,7,1.5,2,,False,IS,845,0.0,0.0,0.9,0.6,98.5,,7.9,4.34,-1.89,99680.0,1.5
s2,XAUUSD,momentum,4,"[1, 10]",2.0,2.0,-1,1.5,0,ftmo_1step,,7,1.5,2,,False,OOS,816,0.1,0.0,0.0,0.4,99.5,4.6,8.1,4.35,-1.91,99387.0,0.4
s2,XAUUSD,momentum,4,"[1, 10]",2.0,2.0,-1,1.5,0,ftmo_1step,,7,1.5,2,,True,IS,845,0.1,0.0,0.5,0.6,98.8,6.5,7.9,4.33,-1.89,99680.0,1.1
s2,XAUUSD,momentum,4,"[1, 10]",2.0,2.0,-1,1.5,0,ftmo_1step,,7,1.5,2,,True,OOS,816,0.2,0.0,0.2,0.4,99.1,5.5,8.1,4.33,-1.91,99384.0,0.6
s2,XAUUSD,momentum,4,"[1, 10]",2.0,2.0,-1,1.5,0,ftmo_1step,,7,1.5,2,2.5,False,IS,845,0.0,0.0,0.9,0.6,98.5,,7.9,4.34,-1.89,99680.0,1.5
s2,XAUUSD,momentum,4,"[1, 10]",2.0,2.0,-1,1.5,0,ftmo_1step,,7,1.5,2,2.5,False,OOS,816,0.1,0.0,0.0,0.4,99.5,4.6,8.1,4.35,-1.91,99387.0,0.4
s2,XAUUSD,momentum,4,"[1, 10]",2.0,2.0,-1,1.5,0,ftmo_1step,,7,1.5,2,2.5,True,IS,845,0.1,0.0,0.5,0.6,98.8,6.5,7.9,4.33,-1.89,99680.0,1.1
s2,XAUUSD,momentum,4,"[1, 10]",2.0,2.0,-1,1.5,0,ftmo_1step,,7,1.5,2,2.5,True,OOS,816,0.2,0.0,0.2,0.4,99.1,5.5,8.1,4.33,-1.91,99384.0,0.6
s2,XAUUSD,momentum,4,"[1, 10]",2.0,2.0,-1,1.5,0,ftmo_1step,,7,2.0,2,,False,IS,845,0.6,0.6,26.4,2.5,69.9,4.6,7.0,5.24,-2.46,99584.0,28.9
s2,XAUUSD,momentum,4,"[1, 10]",2.0,2.0,-1,1.5,0,ftmo_1step,,7,2.0,2,,False,OOS,816,0.6,0.7,26.6,1.3,70.7,6.0,7.1,5.29,-2.48,99113.0,27.9
s2,XAUUSD,momentum,4,"[1, 10]",2.0,2.0,-1,1.5,0,ftmo_1step,,7,2.0,2,,True,IS,845,0.6,1.2,25.4,2.5,70.3,4.6,7.0,5.25,-2.46,99582.0,27.9
s2,XAUUSD,momentum,4,"[1, 10]",2.0,2.0,-1,1.5,0,ftmo_1step,,7,2.0,2,,True,OOS,816,0.6,0.9,26.1,1.3,71.1,6.0,7.2,5.31,-2.48,99096.0,27.4
s2,XAUUSD,momentum,4,"[1, 10]",2.0,2.0,-1,1.5,0,ftmo_1step,,7,2.0,2,2.5,False,IS,845,0.6,0.6,26.4,2.5,69.9,4.6,7.0,5.24,-2.46,99584.0,28.9
s2,XAUUSD,momentum,4,"[1, 10]",2.0,2.0,-1,1.5,0,ftmo_1step,,7,2.0,2,2.5,False,OOS,816,0.6,0.7,26.6,1.3,70.7,6.0,7.1,5.29,-2.48,99113.0,27.9
s2,XAUUSD,momentum,4,"[1, 10]",2.0,2.0,-1,1.5,0,ftmo_1step,,7,2.0,2,2.5,True,IS,845,0.6,1.2,25.4,2.5,70.3,4.6,7.0,5.25,-2.46,99582.0,27.9
s2,XAUUSD,momentum,4,"[1, 10]",2.0,2.0,-1,1.5,0,ftmo_1step,,7,2.0,2,2.5,True,OOS,816,0.6,0.9,26.1,1.3,71.1,6.0,7.2,5.31,-2.48,99096.0,27.4
s2,XAUUSD,momentum,4,"[1, 10]",2.0,2.0,-1,1.5,0,ftmo_1step,,7,2.8,2,,False,IS,845,1.5,3.3,68.0,2.0,25.1,5.2,5.1,5.61,-3.0,99418.0,70.0
s2,XAUUSD,momentum,4,"[1, 10]",2.0,2.0,-1,1.5,0,ftmo_1step,,7,2.8,2,,False,OOS,816,2.1,4.2,67.8,3.3,22.7,4.6,5.0,5.63,-2.99,99176.0,71.1
s2,XAUUSD,momentum,4,"[1, 10]",2.0,2.0,-1,1.5,0,ftmo_1step,,7,2.8,2,,True,IS,845,1.3,3.4,68.4,2.1,24.7,5.2,5.1,5.63,-3.01,99410.0,70.5
s2,XAUUSD,momentum,4,"[1, 10]",2.0,2.0,-1,1.5,0,ftmo_1step,,7,2.8,2,,True,OOS,816,1.8,4.2,68.1,3.4,22.4,4.7,5.0,5.67,-3.01,99135.0,71.5
s2,XAUUSD,momentum,4,"[1, 10]",2.0,2.0,-1,1.5,0,ftmo_1step,,7,2.8,2,2.5,False,IS,845,1.5,3.3,63.0,2.7,29.5,5.2,5.2,5.72,-2.96,99444.0,65.7
s2,XAUUSD,momentum,4,"[1, 10]",2.0,2.0,-1,1.5,0,ftmo_1step,,7,2.8,2,2.5,False,OOS,816,2.1,4.3,63.4,3.4,26.8,4.6,5.2,5.71,-2.94,99347.0,66.8
s2,XAUUSD,momentum,4,"[1, 10]",2.0,2.0,-1,1.5,0,ftmo_1step,,7,2.8,2,2.5,True,IS,845,1.3,3.4,63.1,2.7,29.5,5.2,5.2,5.75,-2.96,99422.0,65.8
s2,XAUUSD,momentum,4,"[1, 10]",2.0,2.0,-1,1.5,0,ftmo_1step,,7,2.8,2,2.5,True,OOS,816,1.8,4.3,63.8,3.6,26.5,4.7,5.2,5.74,-2.96,99298.0,67.4
s2,XAUUSD,momentum,4,[1],2.0,2.0,-1,1.5,0,ftmo_1step,,7,1.5,1,,False,IS,845,0.0,0.0,0.0,0.4,99.6,,4.9,3.01,-1.09,99930.0,0.4
s2,XAUUSD,momentum,4,[1],2.0,2.0,-1,1.5,0,ftmo_1step,,7,1.5,1,,False,OOS,816,0.0,0.0,0.0,0.0,100.0,,4.9,2.94,-1.07,99829.0,0.0
s2,XAUUSD,momentum,4,[1],2.0,2.0,-1,1.5,0,ftmo_1step,,7,1.5,1,,True,IS,845,0.0,0.0,0.0,0.4,99.6,,4.9,3.01,-1.1,99929.0,0.4
s2,XAUUSD,momentum,4,[1],2.0,2.0,-1,1.5,0,ftmo_1step,,7,1.5,1,,True,OOS,816,0.0,0.0,0.0,0.0,100.0,,4.9,2.94,-1.07,99829.0,0.0
s2,XAUUSD,momentum,4,[1],2.0,2.0,-1,1.5,0,ftmo_1step,,7,1.5,1,2.5,False,IS,845,0.0,0.0,0.0,0.4,99.6,,4.9,3.01,-1.09,99930.0,0.4
s2,XAUUSD,momentum,4,[1],2.0,2.0,-1,1.5,0,ftmo_1step,,7,1.5,1,2.5,False,OOS,816,0.0,0.0,0.0,0.0,100.0,,4.9,2.94,-1.07,99829.0,0.0
s2,XAUUSD,momentum,4,[1],2.0,2.0,-1,1.5,0,ftmo_1step,,7,1.5,1,2.5,True,IS,845,0.0,0.0,0.0,0.4,99.6,,4.9,3.01,-1.1,99929.0,0.4
s2,XAUUSD,momentum,4,[1],2.0,2.0,-1,1.5,0,ftmo_1step,,7,1.5,1,2.5,True,OOS,816,0.0,0.0,0.0,0.0,100.0,,4.9,2.94,-1.07,99829.0,0.0
s2,XAUUSD,momentum,4,[1],2.0,2.0,-1,1.5,0,ftmo_1step,,7,2.0,1,,False,IS,845,0.1,0.0,0.0,0.4,99.5,6.5,4.9,4.01,-1.46,99906.0,0.4
s2,XAUUSD,momentum,4,[1],2.0,2.0,-1,1.5,0,ftmo_1step,,7,2.0,1,,False,OOS,816,0.0,0.0,0.0,0.6,99.4,,4.9,3.93,-1.42,99761.0,0.6
s2,XAUUSD,momentum,4,[1],2.0,2.0,-1,1.5,0,ftmo_1step,,7,2.0,1,,True,IS,845,0.4,0.0,0.0,0.4,99.3,5.2,4.9,4.01,-1.47,99905.0,0.4
s2,XAUUSD,momentum,4,[1],2.0,2.0,-1,1.5,0,ftmo_1step,,7,2.0,1,,True,OOS,816,0.2,0.0,0.0,0.6,99.1,6.4,4.9,3.92,-1.42,99761.0,0.6
s2,XAUUSD,momentum,4,[1],2.0,2.0,-1,1.5,0,ftmo_1step,,7,2.0,1,2.5,False,IS,845,0.1,0.0,0.0,0.4,99.5,6.5,4.9,4.01,-1.46,99906.0,0.4
s2,XAUUSD,momentum,4,[1],2.0,2.0,-1,1.5,0,ftmo_1step,,7,2.0,1,2.5,False,OOS,816,0.0,0.0,0.0,0.6,99.4,,4.9,3.93,-1.42,99761.0,0.6
s2,XAUUSD,momentum,4,[1],2.0,2.0,-1,1.5,0,ftmo_1step,,7,2.0,1,2.5,True,IS,845,0.4,0.0,0.0,0.4,99.3,5.2,4.9,4.01,-1.47,99905.0,0.4
s2,XAUUSD,momentum,4,[1],2.0,2.0,-1,1.5,0,ftmo_1step,,7,2.0,1,2.5,True,OOS,816,0.2,0.0,0.0,0.6,99.1,6.4,4.9,3.92,-1.42,99761.0,0.6
s2,XAUUSD,momentum,4,[1],2.0,2.0,-1,1.5,0,ftmo_1step,,7,2.8,1,,False,IS,845,2.1,0.5,0.0,1.1,96.3,5.6,4.8,5.61,-2.04,99874.0,1.1
s2,XAUUSD,momentum,4,[1],2.0,2.0,-1,1.5,0,ftmo_1step,,7,2.8,1,,False,OOS,816,1.8,0.5,0.0,0.6,97.1,5.6,4.9,5.49,-1.98,99679.0,0.6
s2,XAUUSD,momentum,4,[1],2.0,2.0,-1,1.5,0,ftmo_1step,,7,2.8,1,,True,IS,845,2.2,0.5,0.0,0.7,96.6,5.6,4.8,5.61,-2.06,99872.0,0.7
s2,XAUUSD,momentum,4,[1],2.0,2.0,-1,1.5,0,ftmo_1step,,7,2.8,1,,True,OOS,816,2.2,0.5,0.1,0.6,96.6,5.1,4.9,5.48,-1.98,99681.0,0.7
s2,XAUUSD,momentum,4,[1],2.0,2.0,-1,1.5,0,ftmo_1step,,7,2.8,1,2.5,False,IS,845,2.1,0.5,0.0,1.1,96.3,5.6,4.8,5.61,-2.04,99874.0,1.1
s2,XAUUSD,momentum,4,[1],2.0,2.0,-1,1.5,0,ftmo_1step,,7,2.8,1,2.5,False,OOS,816,1.8,0.5,0.0,0.6,97.1,5.6,4.9,5.49,-1.98,99679.0,0.6
s2,XAUUSD,momentum,4,[1],2.0,2.0,-1,1.5,0,ftmo_1step,,7,2.8,1,2.5,True,IS,845,2.2,0.5,0.0,0.7,96.6,5.6,4.8,5.61,-2.06,99872.0,0.7
s2,XAUUSD,momentum,4,[1],2.0,2.0,-1,1.5,0,ftmo_1step,,7,2.8,1,2.5,True,OOS,816,2.2,0.5,0.1,0.6,96.6,5.1,4.9,5.48,-1.98,99681.0,0.7
s2,XAUUSD,momentum,4,[1],2.0,2.0,22,0.0,0,ftmo_1step,,7,1.5,1,,False,IS,845,1.1,0.0,0.5,0.4,98.1,5.9,4.8,4.64,-1.54,99953.0,0.9
s2,XAUUSD,momentum,4,[1],2.0,2.0,22,0.0,0,ftmo_1step,,7,1.5,1,,False,OOS,816,0.2,0.0,0.0,0.1,99.6,5.5,4.9,4.59,-1.52,99965.0,0.1
s2,XAUUSD,momentum,4,[1],2.0,2.0,22,0.0,0,ftmo_1step,,7,1.5,1,,True,IS,845,1.2,0.0,0.5,0.4,98.0,6.2,4.8,4.63,-1.56,99956.0,0.9
s2,XAUUSD,momentum,4,[1],2.0,2.0,22,0.0,0,ftmo_1step,,7,1.5,1,,True,OOS,816,0.4,0.0,0.0,0.1,99.5,6.0,4.9,4.58,-1.54,99967.0,0.1
s2,XAUUSD,momentum,4,[1],2.0,2.0,22,0.0,0,ftmo_1step,,7,1.5,1,2.5,False,IS,845,1.1,0.0,0.5,0.4,98.1,5.9,4.8,4.64,-1.54,99953.0,0.9
s2,XAUUSD,momentum,4,[1],2.0,2.0,22,0.0,0,ftmo_1step,,7,1.5,1,2.5,False,OOS,816,0.2,0.0,0.0,0.1,99.6,5.5,4.9,4.59,-1.52,99965.0,0.1
s2,XAUUSD,momentum,4,[1],2.0,2.0,22,0.0,0,ftmo_1step,,7,1.5,1,2.5,True,IS,845,1.2,0.0,0.5,0.4,98.0,6.2,4.8,4.63,-1.56,99956.0,0.9
s2,XAUUSD,momentum,4,[1],2.0,2.0,22,0.0,0,ftmo_1step,,7,1.5,1,2.5,True,OOS,816,0.4,0.0,0.0,0.1,99.5,6.0,4.9,4.58,-1.54,99967.0,0.1
s2,XAUUSD,momentum,4,[1],2.0,2.0,22,0.0,0,ftmo_1step,,7,2.0,1,,False,IS,845,5.0,0.0,0.5,4.0,90.5,5.2,4.8,6.15,-2.03,99917.0,4.5
s2,XAUUSD,momentum,4,[1],2.0,2.0,22,0.0,0,ftmo_1step,,7,2.0,1,,False,OOS,816,2.8,0.0,0.0,6.4,90.8,6.4,4.8,6.07,-2.02,99919.0,6.4
s2,XAUUSD,momentum,4,[1],2.0,2.0,22,0.0,0,ftmo_1step,,7,2.0,1,,True,IS,845,5.6,0.0,0.5,3.0,91.0,4.7,4.8,6.15,-2.07,99923.0,3.5
s2,XAUUSD,momentum,4,[1],2.0,2.0,22,0.0,0,ftmo_1step,,7,2.0,1,,True,OOS,816,3.4,0.0,0.0,4.9,91.7,6.0,4.8,6.07,-2.06,99947.0,4.9
s2,XAUUSD,momentum,4,[1],2.0,2.0,22,0.0,0,ftmo_1step,,7,2.0,1,2.5,False,IS,845,5.0,0.0,0.5,4.0,90.5,5.2,4.8,6.15,-2.03,99917.0,4.5
s2,XAUUSD,momentum,4,[1],2.0,2.0,22,0.0,0,ftmo_1step,,7,2.0,1,2.5,False,OOS,816,2.8,0.0,0.0,6.4,90.8,6.4,4.8,6.07,-2.02,99919.0,6.4
s2,XAUUSD,momentum,4,[1],2.0,2.0,22,0.0,0,ftmo_1step,,7,2.0,1,2.5,True,IS,845,5.6,0.0,0.5,3.0,91.0,4.7,4.8,6.15,-2.07,99923.0,3.5
s2,XAUUSD,momentum,4,[1],2.0,2.0,22,0.0,0,ftmo_1step,,7,2.0,1,2.5,True,OOS,816,3.4,0.0,0.0,4.9,91.7,6.0,4.8,6.07,-2.06,99947.0,4.9
s2,XAUUSD,momentum,4,[1],2.0,2.0,22,0.0,0,ftmo_1step,,7,2.8,1,,False,IS,845,8.0,4.7,2.2,28.2,56.8,5.3,4.4,7.99,-2.78,99811.0,30.4
s2,XAUUSD,momentum,4,[1],2.0,2.0,22,0.0,0,ftmo_1step,,7,2.8,1,,False,OOS,816,8.9,3.9,3.1,27.7,56.4,5.4,4.4,7.74,-2.77,100009.0,30.8
s2,XAUUSD,momentum,4,[1],2.0,2.0,22,0.0,0,ftmo_1step,,7,2.8,1,,True,IS,845,6.7,4.9,15.0,26.0,47.3,5.3,4.3,7.76,-2.83,99806.0,41.0
s2,XAUUSD,momentum,4,[1],2.0,2.0,22,0.0,0,ftmo_1step,,7,2.8,1,,True,OOS,816,7.5,4.4,13.1,25.1,49.9,5.2,4.3,7.6,-2.82,100007.0,38.2
s2,XAUUSD,momentum,4,[1],2.0,2.0,22,0.0,0,ftmo_1step,,7,2.8,1,2.5,False,IS,845,8.0,4.7,2.2,28.2,56.8,5.3,4.4,7.99,-2.78,99811.0,30.4
s2,XAUUSD,momentum,4,[1],2.0,2.0,22,0.0,0,ftmo_1step,,7,2.8,1,2.5,False,OOS,816,8.9,3.9,3.1,27.7,56.4,5.4,4.4,7.74,-2.77,100009.0,30.8
s2,XAUUSD,momentum,4,[1],2.0,2.0,22,0.0,0,ftmo_1step,,7,2.8,1,2.5,True,IS,845,6.7,4.9,15.0,26.0,47.3,5.3,4.3,7.76,-2.83,99806.0,41.0
s2,XAUUSD,momentum,4,[1],2.0,2.0,22,0.0,0,ftmo_1step,,7,2.8,1,2.5,True,OOS,816,7.5,4.4,13.1,25.1,49.9,5.2,4.3,7.6,-2.82,100007.0,38.2
s2,XAUUSD,meanrev,24,"[10, 16]",2.0,3.0,22,0.0,0,ftmo_1step,,7,1.5,2,,False,IS,845,2.0,0.7,59.1,0.5,37.8,4.9,5.8,4.89,-2.68,99505.0,59.6
s2,XAUUSD,meanrev,24,"[10, 16]",2.0,3.0,22,0.0,0,ftmo_1step,,7,1.5,2,,False,OOS,816,1.3,0.7,57.7,0.4,39.8,3.9,5.8,4.91,-2.7,99582.0,58.1
s2,XAUUSD,meanrev,24,"[10, 16]",2.0,3.0,22,0.0,0,ftmo_1step,,7,1.5,2,,True,IS,845,2.1,0.7,53.6,1.7,41.9,4.2,5.9,5.01,-2.68,99475.0,55.3
s2,XAUUSD,meanrev,24,"[10, 16]",2.0,3.0,22,0.0,0,ftmo_1step,,7,1.5,2,,True,OOS,816,1.7,0.7,47.1,2.8,47.7,4.7,6.2,5.15,-2.7,99497.0,49.9
s2,XAUUSD,meanrev,24,"[10, 16]",2.0,3.0,22,0.0,0,ftmo_1step,,7,1.5,2,2.5,False,IS,845,2.0,0.7,59.1,0.5,37.8,4.9,5.8,4.89,-2.68,99502.0,59.6
s2,XAUUSD,meanrev,24,"[10, 16]",2.0,3.0,22,0.0,0,ftmo_1step,,7,1.5,2,2.5,False,OOS,816,1.3,0.7,57.5,0.4,40.1,3.9,5.8,4.93,-2.7,99569.0,57.9
s2,XAUUSD,meanrev,24,"[10, 16]",2.0,3.0,22,0.0,0,ftmo_1step,,7,1.5,2,2.5,True,IS,845,2.1,0.7,53.5,1.7,42.0,4.2,5.9,5.01,-2.68,99477.0,55.2
s2,XAUUSD,meanrev,24,"[10, 16]",2.0,3.0,22,0.0,0,ftmo_1step,,7,1.5,2,2.5,True,OOS,816,1.7,0.7,46.1,2.9,48.5,4.7,6.2,5.18,-2.7,99477.0,49.0
s2,XAUUSD,meanrev,24,"[10, 16]",2.0,3.0,22,0.0,0,ftmo_1step,,7,2.0,2,,False,IS,845,2.8,4.3,73.1,1.9,17.9,4.6,4.6,5.61,-3.16,99427.0,75.0
s2,XAUUSD,meanrev,24,"[10, 16]",2.0,3.0,22,0.0,0,ftmo_1step,,7,2.0,2,,False,OOS,816,2.7,2.3,76.1,1.6,17.3,4.9,4.6,5.64,-3.18,99151.0,77.7
s2,XAUUSD,meanrev,24,"[10, 16]",2.0,3.0,22,0.0,0,ftmo_1step,,7,2.0,2,,True,IS,845,2.8,5.2,72.7,2.0,17.3,4.6,4.6,5.62,-3.14,99483.0,74.7
s2,XAUUSD,meanrev,24,"[10, 16]",2.0,3.0,22,0.0,0,ftmo_1step,,7,2.0,2,,True,OOS,816,2.6,2.7,77.7,1.6,15.4,5.6,4.5,5.65,-3.18,99101.0,79.3
s2,XAUUSD,meanrev,24,"[10, 16]",2.0,3.0,22,0.0,0,ftmo_1step,,7,2.0,2,2.5,False,IS,845,2.8,4.3,72.8,1.9,18.2,4.6,4.6,5.61,-3.15,99431.0,74.7
s2,XAUUSD,meanrev,24,"[10, 16]",2.0,3.0,22,0.0,0,ftmo_1step,,7,2.0,2,2.5,False,OOS,816,2.8,2.3,75.5,1.6,17.8,4.9,4.6,5.64,-3.17,99149.0,77.1
s2,XAUUSD,meanrev,24,"[10, 16]",2.0,3.0,22,0.0,0,ftmo_1step,,7,2.0,2,2.5,True,IS,845,2.8,5.2,72.3,2.0,17.6,4.6,4.6,5.62,-3.14,99487.0,74.3
s2,XAUUSD,meanrev,24,"[10, 16]",2.0,3.0,22,0.0,0,ftmo_1step,,7,2.0,2,2.5,True,OOS,816,2.6,2.7,77.1,1.6,16.1,5.6,4.5,5.66,-3.17,99095.0,78.7
s2,XAUUSD,meanrev,24,"[10, 16]",2.0,3.0,22,0.0,0,ftmo_1step,,7,2.8,2,,False,IS,845,2.4,9.0,77.8,7.1,3.8,3.8,3.4,6.38,-3.57,99207.0,84.9
s2,XAUUSD,meanrev,24,"[10, 16]",2.0,3.0,22,0.0,0,ftmo_1step,,7,2.8,2,,False,OOS,816,2.3,8.1,80.0,6.4,3.2,5.6,3.4,6.48,-3.63,98895.0,86.4
s2,XAUUSD,meanrev,24,"[10, 16]",2.0,3.0,22,0.0,0,ftmo_1step,,7,2.8,2,,True,IS,845,1.5,9.5,79.2,6.6,3.2,3.9,3.2,6.29,-3.47,99269.0,85.8
s2,XAUUSD,meanrev,24,"[10, 16]",2.0,3.0,22,0.0,0,ftmo_1step,,7,2.8,2,,True,OOS,816,1.8,7.2,81.6,6.1,3.2,4.9,3.3,6.38,-3.52,98911.0,87.7
s2,XAUUSD,meanrev,24,"[10, 16]",2.0,3.0,22,0.0,0,ftmo_1step,,7,2.8,2,2.5,False,IS,845,3.3,11.4,7.3,42.4,35.6,4.6,4.8,8.64,-2.8,98965.0,49.7
s2,XAUUSD,meanrev,24,"[10, 16]",2.0,3.0,22,0.0,0,ftmo_1step,,7,2.8,2,2.5,False,OOS,816,2.8,10.7,5.4,44.5,36.6,5.6,4.9,8.7,-2.8,98878.0,49.9
s2,XAUUSD,meanrev,24,"[10, 16]",2.0,3.0,22,0.0,0,ftmo_1step,,7,2.8,2,2.5,True,IS,845,2.6,11.1,20.1,38.2,27.9,4.6,4.6,8.35,-2.83,99108.0,58.3
s2,XAUUSD,meanrev,24,"[10, 16]",2.0,3.0,22,0.0,0,ftmo_1step,,7,2.8,2,2.5,True,OOS,816,1.8,9.2,20.2,38.1,30.6,5.7,4.6,8.38,-2.84,98950.0,58.3
s2,XAUUSD,meanrev,24,[10],2.0,3.0,22,0.0,0,ftmo_1step,,7,1.5,1,,False,IS,845,3.1,0.0,1.5,0.9,94.4,4.9,4.9,5.4,-1.59,99783.0,2.4
s2,XAUUSD,meanrev,24,[10],2.0,3.0,22,0.0,0,ftmo_1step,,7,1.5,1,,False,OOS,816,1.6,0.0,1.8,0.4,96.2,5.9,4.9,5.52,-1.57,99522.0,2.2
s2,XAUUSD,meanrev,24,[10],2.0,3.0,22,0.0,0,ftmo_1step,,7,1.5,1,,True,IS,845,3.7,0.0,1.2,0.7,94.4,4.9,4.9,5.39,-1.6,99807.0,1.9
s2,XAUUSD,meanrev,24,[10],2.0,3.0,22,0.0,0,ftmo_1step,,7,1.5,1,,True,OOS,816,2.0,0.0,1.8,0.4,95.8,5.4,4.9,5.5,-1.59,99506.0,2.2
s2,XAUUSD,meanrev,24,[10],2.0,3.0,22,0.0,0,ftmo_1step,,7,1.5,1,2.5,False,IS,845,3.1,0.0,1.5,0.9,94.4,4.9,4.9,5.4,-1.59,99783.0,2.4
s2,XAUUSD,meanrev,24,[10],2.0,3.0,22,0.0,0,ftmo_1step,,7,1.5,1,2.5,False,OOS,816,1.6,0.0,1.8,0.4,96.2,5.9,4.9,5.52,-1.57,99522.0,2.2
s2,XAUUSD,meanrev,24,[10],2.0,3.0,22,0.0,0,ftmo_1step,,7,1.5,1,2.5,True,IS,845,3.7,0.0,1.2,0.7,94.4,4.9,4.9,5.39,-1.6,99807.0,1.9
s2,XAUUSD,meanrev,24,[10],2.0,3.0,22,0.0,0,ftmo_1step,,7,1.5,1,2.5,True,OOS,816,2.0,0.0,1.8,0.4,95.8,5.4,4.9,5.5,-1.59,99506.0,2.2
s2,XAUUSD,meanrev,24,[10],2.0,3.0,22,0.0,0,ftmo_1step,,7,2.0,1,,False,IS,845,5.7,3.3,2.8,13.3,74.9,4.9,4.7,7.02,-2.07,99669.0,16.1
s2,XAUUSD,meanrev,24,[10],2.0,3.0,22,0.0,0,ftmo_1step,,7,2.0,1,,False,OOS,816,2.9,2.5,1.8,14.6,78.2,5.8,4.8,7.21,-2.07,99306.0,16.4
s2,XAUUSD,meanrev,24,[10],2.0,3.0,22,0.0,0,ftmo_1step,,7,2.0,1,,True,IS,845,5.4,4.0,2.7,10.8,77.0,4.9,4.7,7.01,-2.1,99720.0,13.5
s2,XAUUSD,meanrev,24,[10],2.0,3.0,22,0.0,0,ftmo_1step,,7,2.0,1,,True,OOS,816,3.2,2.9,1.8,12.6,79.4,5.7,4.7,7.19,-2.1,99322.0,14.4
s2,XAUUSD,meanrev,24,[10],2.0,3.0,22,0.0,0,ftmo_1step,,7,2.0,1,2.5,False,IS,845,5.7,3.3,2.4,13.4,75.3,4.9,4.7,7.02,-2.07,99669.0,15.8
s2,XAUUSD,meanrev,24,[10],2.0,3.0,22,0.0,0,ftmo_1step,,7,2.0,1,2.5,False,OOS,816,2.9,2.5,1.8,14.6,78.2,5.8,4.8,7.21,-2.07,99306.0,16.4
s2,XAUUSD,meanrev,24,[10],2.0,3.0,22,0.0,0,ftmo_1step,,7,2.0,1,2.5,True,IS,845,5.4,4.0,2.2,10.9,77.4,4.9,4.7,7.01,-2.1,99720.0,13.1
s2,XAUUSD,meanrev,24,[10],2.0,3.0,22,0.0,0,ftmo_1step,,7,2.0,1,2.5,True,OOS,816,3.2,2.9,1.8,12.6,79.4,5.7,4.7,7.19,-2.1,99322.0,14.4
s2,XAUUSD,meanrev,24,[10],2.0,3.0,22,0.0,0,ftmo_1step,,7,2.8,1,,False,IS,845,3.1,14.8,3.9,44.7,33.5,4.8,4.0,8.74,-2.8,99468.0,48.6
s2,XAUUSD,meanrev,24,[10],2.0,3.0,22,0.0,0,ftmo_1step,,7,2.8,1,,False,OOS,816,2.2,10.3,2.5,48.7,36.4,5.9,4.1,8.92,-2.81,98771.0,51.2
s2,XAUUSD,meanrev,24,[10],2.0,3.0,22,0.0,0,ftmo_1step,,7,2.8,1,,True,IS,845,2.1,13.1,19.1,39.5,26.2,4.7,3.8,8.39,-2.83,99548.0,58.6
s2,XAUUSD,meanrev,24,[10],2.0,3.0,22,0.0,0,ftmo_1step,,7,2.8,1,,True,OOS,816,1.3,9.2,19.7,40.9,28.8,5.9,3.8,8.44,-2.85,99053.0,60.6
s2,XAUUSD,meanrev,24,[10],2.0,3.0,22,0.0,0,ftmo_1step,,7,2.8,1,2.5,False,IS,845,3.1,14.8,3.1,45.1,34.0,4.8,4.0,8.74,-2.78,99490.0,48.2
s2,XAUUSD,meanrev,24,[10],2.0,3.0,22,0.0,0,ftmo_1step,,7,2.8,1,2.5,False,OOS,816,2.2,10.2,2.0,48.8,36.9,5.9,4.1,8.93,-2.8,98742.0,50.8
s2,XAUUSD,meanrev,24,[10],2.0,3.0,22,0.0,0,ftmo_1step,,7,2.8,1,2.5,True,IS,845,2.1,13.1,18.2,39.9,26.6,4.7,3.8,8.4,-2.82,99572.0,58.1
s2,XAUUSD,meanrev,24,[10],2.0,3.0,22,0.0,0,ftmo_1step,,7,2.8,1,2.5,True,OOS,816,1.3,9.1,19.1,40.9,29.5,5.9,3.8,8.44,-2.84,99032.0,60.0
s2,XAUUSD,meanrev,24,[10],2.0,3.0,-1,1.5,0,ftmo_1step,,7,1.5,1,,False,IS,845,0.5,0.0,0.0,0.0,99.5,4.6,4.9,3.93,-1.36,99440.0,0.0
s2,XAUUSD,meanrev,24,[10],2.0,3.0,-1,1.5,0,ftmo_1step,,7,1.5,1,,False,OOS,816,0.1,0.0,0.0,0.0,99.9,6.6,4.9,3.88,-1.36,99530.0,0.0
s2,XAUUSD,meanrev,24,[10],2.0,3.0,-1,1.5,0,ftmo_1step,,7,1.5,1,,True,IS,845,0.5,0.0,0.0,0.0,99.5,4.6,4.9,3.92,-1.37,99442.0,0.0
s2,XAUUSD,meanrev,24,[10],2.0,3.0,-1,1.5,0,ftmo_1step,,7,1.5,1,,True,OOS,816,0.1,0.0,0.0,0.0,99.9,6.6,4.9,3.87,-1.36,99525.0,0.0
s2,XAUUSD,meanrev,24,[10],2.0,3.0,-1,1.5,0,ftmo_1step,,7,1.5,1,2.5,False,IS,845,0.5,0.0,0.0,0.0,99.5,4.6,4.9,3.93,-1.36,99440.0,0.0
s2,XAUUSD,meanrev,24,[10],2.0,3.0,-1,1.5,0,ftmo_1step,,7,1.5,1,2.5,False,OOS,816,0.1,0.0,0.0,0.0,99.9,6.6,4.9,3.88,-1.36,99530.0,0.0
s2,XAUUSD,meanrev,24,[10],2.0,3.0,-1,1.5,0,ftmo_1step,,7,1.5,1,2.5,True,IS,845,0.5,0.0,0.0,0.0,99.5,4.6,4.9,3.92,-1.37,99442.0,0.0
s2,XAUUSD,meanrev,24,[10],2.0,3.0,-1,1.5,0,ftmo_1step,,7,1.5,1,2.5,True,OOS,816,0.1,0.0,0.0,0.0,99.9,6.6,4.9,3.87,-1.36,99525.0,0.0
s2,XAUUSD,meanrev,24,[10],2.0,3.0,-1,1.5,0,ftmo_1step,,7,2.0,1,,False,IS,845,0.5,1.3,1.4,0.7,96.1,4.6,4.9,5.21,-1.81,99240.0,2.1
s2,XAUUSD,meanrev,24,[10],2.0,3.0,-1,1.5,0,ftmo_1step,,7,2.0,1,,False,OOS,816,0.5,0.4,1.0,0.1,98.0,6.5,4.9,5.17,-1.81,99346.0,1.1
s2,XAUUSD,meanrev,24,[10],2.0,3.0,-1,1.5,0,ftmo_1step,,7,2.0,1,,True,IS,845,0.4,1.4,1.4,0.7,96.1,4.5,4.9,5.19,-1.81,99248.0,2.1
s2,XAUUSD,meanrev,24,[10],2.0,3.0,-1,1.5,0,ftmo_1step,,7,2.0,1,,True,OOS,816,0.5,0.5,1.0,0.1,97.9,6.5,4.9,5.15,-1.81,99341.0,1.1
s2,XAUUSD,meanrev,24,[10],2.0,3.0,-1,1.5,0,ftmo_1step,,7,2.0,1,2.5,False,IS,845,0.5,1.3,1.4,0.7,96.1,4.6,4.9,5.21,-1.81,99240.0,2.1
s2,XAUUSD,meanrev,24,[10],2.0,3.0,-1,1.5,0,ftmo_1step,,7,2.0,1,2.5,False,OOS,816,0.5,0.4,1.0,0.1,98.0,6.5,4.9,5.17,-1.81,99346.0,1.1
s2,XAUUSD,meanrev,24,[10],2.0,3.0,-1,1.5,0,ftmo_1step,,7,2.0,1,2.5,True,IS,845,0.4,1.4,1.4,0.7,96.1,4.5,4.9,5.19,-1.81,99248.0,2.1
s2,XAUUSD,meanrev,24,[10],2.0,3.0,-1,1.5,0,ftmo_1step,,7,2.0,1,2.5,True,OOS,816,0.5,0.5,1.0,0.1,97.9,6.5,4.9,5.15,-1.81,99341.0,1.1
s2,XAUUSD,meanrev,24,[10],2.0,3.0,-1,1.5,0,ftmo_1step,,7,2.8,1,,False,IS,845,0.0,6.2,4.6,10.9,78.3,,4.7,7.11,-2.48,98956.0,15.5
s2,XAUUSD,meanrev,24,[10],2.0,3.0,-1,1.5,0,ftmo_1step,,7,2.8,1,,False,OOS,816,0.6,3.8,3.4,11.2,81.0,5.4,4.8,7.07,-2.49,99048.0,14.6
s2,XAUUSD,meanrev,24,[10],2.0,3.0,-1,1.5,0,ftmo_1step,,7,2.8,1,,True,IS,845,0.0,6.0,6.6,9.0,78.3,,4.7,7.06,-2.47,98960.0,15.6
s2,XAUUSD,meanrev,24,[10],2.0,3.0,-1,1.5,0,ftmo_1step,,7,2.8,1,,True,OOS,816,0.5,4.0,6.7,9.4,79.3,5.9,4.7,7.0,-2.5,99060.0,16.1
s2,XAUUSD,meanrev,24,[10],2.0,3.0,-1,1.5,0,ftmo_1step,,7,2.8,1,2.5,False,IS,845,0.0,6.2,4.6,10.9,78.3,,4.7,7.11,-2.48,98956.0,15.5
s2,XAUUSD,meanrev,24,[10],2.0,3.0,-1,1.5,0,ftmo_1step,,7,2.8,1,2.5,False,OOS,816,0.6,3.8,3.4,11.2,81.0,5.4,4.8,7.07,-2.49,99048.0,14.6
s2,XAUUSD,meanrev,24,[10],2.0,3.0,-1,1.5,0,ftmo_1step,,7,2.8,1,2.5,True,IS,845,0.0,6.0,6.6,9.0,78.3,,4.7,7.06,-2.47,98960.0,15.6
s2,XAUUSD,meanrev,24,[10],2.0,3.0,-1,1.5,0,ftmo_1step,,7,2.8,1,2.5,True,OOS,816,0.5,4.0,6.7,9.4,79.3,5.9,4.7,7.0,-2.5,99060.0,16.1
s2,XAUUSD,meanrev,24,"[10, 16]",2.0,3.0,-1,1.5,0,ftmo_1step,,7,1.5,2,,False,IS,845,0.9,0.0,16.9,1.3,80.8,5.1,8.5,5.33,-2.38,98986.0,18.2
s2,XAUUSD,meanrev,24,"[10, 16]",2.0,3.0,-1,1.5,0,ftmo_1step,,7,1.5,2,,False,OOS,816,1.1,0.6,14.2,0.6,83.5,6.4,8.7,5.27,-2.37,99378.0,14.8
s2,XAUUSD,meanrev,24,"[10, 16]",2.0,3.0,-1,1.5,0,ftmo_1step,,7,1.5,2,,True,IS,845,1.1,0.0,15.7,1.2,82.0,5.6,8.6,5.33,-2.37,99006.0,16.9
s2,XAUUSD,meanrev,24,"[10, 16]",2.0,3.0,-1,1.5,0,ftmo_1step,,7,1.5,2,,True,OOS,816,1.1,0.7,13.8,0.6,83.7,5.8,8.7,5.27,-2.37,99349.0,14.4
s2,XAUUSD,meanrev,24,"[10, 16]",2.0,3.0,-1,1.5,0,ftmo_1step,,7,1.5,2,2.5,False,IS,845,0.9,0.0,13.7,1.3,84.0,5.1,8.6,5.36,-2.35,98993.0,15.0
s2,XAUUSD,meanrev,24,"[10, 16]",2.0,3.0,-1,1.5,0,ftmo_1step,,7,1.5,2,2.5,False,OOS,816,1.1,0.5,11.3,0.6,86.5,6.4,8.8,5.3,-2.36,99363.0,11.9
s2,XAUUSD,meanrev,24,"[10, 16]",2.0,3.0,-1,1.5,0,ftmo_1step,,7,1.5,2,2.5,True,IS,845,1.1,0.0,12.5,1.2,85.2,5.6,8.7,5.36,-2.35,99011.0,13.7
s2,XAUUSD,meanrev,24,"[10, 16]",2.0,3.0,-1,1.5,0,ftmo_1step,,7,1.5,2,2.5,True,OOS,816,1.1,0.7,11.2,0.6,86.4,5.8,8.8,5.3,-2.35,99347.0,11.8
s2,XAUUSD,meanrev,24,"[10, 16]",2.0,3.0,-1,1.5,0,ftmo_1step,,7,2.0,2,,False,IS,845,1.1,2.8,56.9,2.5,36.7,4.6,6.4,5.73,-2.91,98953.0,59.4
s2,XAUUSD,meanrev,24,"[10, 16]",2.0,3.0,-1,1.5,0,ftmo_1step,,7,2.0,2,,False,OOS,816,1.0,3.9,60.5,2.0,32.6,6.0,6.5,5.69,-2.94,99259.0,62.5
s2,XAUUSD,meanrev,24,"[10, 16]",2.0,3.0,-1,1.5,0,ftmo_1step,,7,2.0,2,,True,IS,845,0.9,3.1,56.4,2.8,36.7,5.0,6.5,5.75,-2.9,98957.0,59.2
s2,XAUUSD,meanrev,24,"[10, 16]",2.0,3.0,-1,1.5,0,ftmo_1step,,7,2.0,2,,True,OOS,816,1.1,3.8,60.5,1.6,33.0,5.8,6.4,5.65,-2.93,99373.0,62.1
s2,XAUUSD,meanrev,24,"[10, 16]",2.0,3.0,-1,1.5,0,ftmo_1step,,7,2.0,2,2.5,False,IS,845,1.1,2.8,52.9,2.6,40.6,4.6,6.5,5.79,-2.86,98938.0,55.5
s2,XAUUSD,meanrev,24,"[10, 16]",2.0,3.0,-1,1.5,0,ftmo_1step,,7,2.0,2,2.5,False,OOS,816,1.0,3.9,58.1,2.2,34.8,6.0,6.5,5.75,-2.91,99225.0,60.3
s2,XAUUSD,meanrev,24,"[10, 16]",2.0,3.0,-1,1.5,0,ftmo_1step,,7,2.0,2,2.5,True,IS,845,0.9,3.1,52.3,3.0,40.7,5.0,6.5,5.8,-2.86,98955.0,55.3
s2,XAUUSD,meanrev,24,"[10, 16]",2.0,3.0,-1,1.5,0,ftmo_1step,,7,2.0,2,2.5,True,OOS,816,1.1,3.8,56.4,2.0,36.8,5.8,6.5,5.71,-2.89,99383.0,58.4
s2,XAUUSD,meanrev,24,"[10, 16]",2.0,3.0,-1,1.5,0,ftmo_1step,,7,2.8,2,,False,IS,845,1.1,5.6,81.7,3.7,8.0,3.9,4.3,6.18,-3.39,98903.0,85.4
s2,XAUUSD,meanrev,24,"[10, 16]",2.0,3.0,-1,1.5,0,ftmo_1step,,7,2.8,2,,False,OOS,816,0.7,8.3,83.5,1.6,5.9,4.4,4.3,5.96,-3.41,99206.0,85.1
s2,XAUUSD,meanrev,24,"[10, 16]",2.0,3.0,-1,1.5,0,ftmo_1step,,7,2.8,2,,True,IS,845,0.8,6.0,82.0,3.6,7.6,3.9,4.3,6.19,-3.37,98946.0,85.6
s2,XAUUSD,meanrev,24,"[10, 16]",2.0,3.0,-1,1.5,0,ftmo_1step,,7,2.8,2,,True,OOS,816,1.0,8.2,83.5,1.8,5.5,3.8,4.3,5.98,-3.39,99225.0,85.3
s2,XAUUSD,meanrev,24,"[10, 16]",2.0,3.0,-1,1.5,0,ftmo_1step,,7,2.8,2,2.5,False,IS,845,1.2,5.6,64.7,9.7,18.8,3.5,5.0,6.82,-3.19,98820.0,74.4
s2,XAUUSD,meanrev,24,"[10, 16]",2.0,3.0,-1,1.5,0,ftmo_1step,,7,2.8,2,2.5,False,OOS,816,1.0,8.7,65.4,8.0,16.9,3.9,5.0,6.66,-3.21,99253.0,73.4
s2,XAUUSD,meanrev,24,"[10, 16]",2.0,3.0,-1,1.5,0,ftmo_1step,,7,2.8,2,2.5,True,IS,845,0.8,6.2,67.0,9.3,16.7,3.2,5.0,6.8,-3.18,98838.0,76.3
s2,XAUUSD,meanrev,24,"[10, 16]",2.0,3.0,-1,1.5,0,ftmo_1step,,7,2.8,2,2.5,True,OOS,816,1.0,8.6,67.6,7.0,15.8,3.8,5.0,6.64,-3.21,99221.0,74.6
s2,XAUUSD,momentum,4,"[1, 10]",2.0,3.0,22,0.0,0,ftmo_1step,,7,1.5,2,,False,IS,845,2.0,0.2,33.4,1.7,62.7,4.9,6.4,5.18,-2.41,99764.0,35.1
s2,XAUUSD,momentum,4,"[1, 10]",2.0,3.0,22,0.0,0,ftmo_1step,,7,1.5,2,,False,OOS,816,3.1,0.4,35.3,1.0,60.3,4.7,6.3,5.13,-2.43,99622.0,36.3
s2,XAUUSD,momentum,4,"[1, 10]",2.0,3.0,22,0.0,0,ftmo_1step,,7,1.5,2,,True,IS,845,2.2,0.2,26.0,2.7,68.8,4.9,6.6,5.3,-2.41,99752.0,28.7
s2,XAUUSD,momentum,4,"[1, 10]",2.0,3.0,22,0.0,0,ftmo_1step,,7,1.5,2,,True,OOS,816,3.3,0.4,26.6,1.3,68.4,4.7,6.5,5.28,-2.43,99651.0,27.9
s2,XAUUSD,momentum,4,"[1, 10]",2.0,3.0,22,0.0,0,ftmo_1step,,7,1.5,2,2.5,False,IS,845,2.0,0.2,33.4,1.7,62.7,4.9,6.4,5.18,-2.41,99764.0,35.1
s2,XAUUSD,momentum,4,"[1, 10]",2.0,3.0,22,0.0,0,ftmo_1step,,7,1.5,2,2.5,False,OOS,816,3.1,0.4,35.3,1.0,60.3,4.7,6.3,5.13,-2.43,99622.0,36.3
s2,XAUUSD,momentum,4,"[1, 10]",2.0,3.0,22,0.0,0,ftmo_1step,,7,1.5,2,2.5,True,IS,845,2.2,0.2,26.0,2.7,68.8,4.9,6.6,5.3,-2.41,99752.0,28.7
s2,XAUUSD,momentum,4,"[1, 10]",2.0,3.0,22,0.0,0,ftmo_1step,,7,1.5,2,2.5,True,OOS,816,3.3,0.4,26.6,1.3,68.4,4.7,6.5,5.28,-2.43,99651.0,27.9
s2,XAUUSD,momentum,4,"[1, 10]",2.0,3.0,22,0.0,0,ftmo_1step,,7,2.0,2,,False,IS,845,3.3,2.5,57.8,4.4,32.1,5.4,5.3,5.92,-2.9,99559.0,62.2
s2,XAUUSD,momentum,4,"[1, 10]",2.0,3.0,22,0.0,0,ftmo_1step,,7,2.0,2,,False,OOS,816,4.2,2.3,58.1,3.7,31.7,5.7,5.2,5.85,-2.87,99569.0,61.8
s2,XAUUSD,momentum,4,"[1, 10]",2.0,3.0,22,0.0,0,ftmo_1step,,7,2.0,2,,True,IS,845,3.3,3.0,57.6,4.1,32.0,5.5,5.3,5.92,-2.9,99623.0,61.7
s2,XAUUSD,momentum,4,"[1, 10]",2.0,3.0,22,0.0,0,ftmo_1step,,7,2.0,2,,True,OOS,816,4.2,2.6,58.6,3.7,31.0,5.8,5.2,5.85,-2.88,99621.0,62.3
s2,XAUUSD,momentum,4,"[1, 10]",2.0,3.0,22,0.0,0,ftmo_1step,,7,2.0,2,2.5,False,IS,845,3.3,2.5,57.4,4.4,32.4,5.4,5.3,5.93,-2.89,99577.0,61.8
s2,XAUUSD,momentum,4,"[1, 10]",2.0,3.0,22,0.0,0,ftmo_1step,,7,2.0,2,2.5,False,OOS,816,4.2,2.3,58.1,3.7,31.7,5.7,5.2,5.85,-2.87,99569.0,61.8
s2,XAUUSD,momentum,4,"[1, 10]",2.0,3.0,22,0.0,0,ftmo_1step,,7,2.0,2,2.5,True,IS,845,3.3,3.0,57.3,4.1,32.3,5.5,5.3,5.92,-2.9,99643.0,61.4
s2,XAUUSD,momentum,4,"[1, 10]",2.0,3.0,22,0.0,0,ftmo_1step,,7,2.0,2,2.5,True,OOS,816,4.2,2.6,58.6,3.7,31.0,5.8,5.2,5.85,-2.88,99621.0,62.3
s2,XAUUSD,momentum,4,"[1, 10]",2.0,3.0,22,0.0,0,ftmo_1step,,7,2.8,2,,False,IS,845,1.4,8.4,75.1,8.2,6.9,4.9,3.8,6.35,-3.26,99355.0,83.3
s2,XAUUSD,momentum,4,"[1, 10]",2.0,3.0,22,0.0,0,ftmo_1step,,7,2.8,2,,False,OOS,816,2.6,7.5,75.6,9.1,5.3,4.9,3.6,6.42,-3.27,99286.0,84.7
s2,XAUUSD,momentum,4,"[1, 10]",2.0,3.0,22,0.0,0,ftmo_1step,,7,2.8,2,,True,IS,845,1.4,8.2,77.5,7.6,5.3,4.8,3.7,6.29,-3.23,99439.0,85.1
s2,XAUUSD,momentum,4,"[1, 10]",2.0,3.0,22,0.0,0,ftmo_1step,,7,2.8,2,,True,OOS,816,2.2,7.6,77.0,9.1,4.2,4.9,3.5,6.33,-3.21,99321.0,86.1
s2,XAUUSD,momentum,4,"[1, 10]",2.0,3.0,22,0.0,0,ftmo_1step,,7,2.8,2,2.5,False,IS,845,2.1,10.1,48.9,18.6,20.4,5.9,4.4,7.22,-3.05,99517.0,67.5
s2,XAUUSD,momentum,4,"[1, 10]",2.0,3.0,22,0.0,0,ftmo_1step,,7,2.8,2,2.5,False,OOS,816,3.4,8.5,48.5,20.2,19.4,4.9,4.3,7.34,-3.0,99416.0,68.7
s2,XAUUSD,momentum,4,"[1, 10]",2.0,3.0,22,0.0,0,ftmo_1step,,7,2.8,2,2.5,True,IS,845,1.7,9.3,55.3,17.4,16.3,5.4,4.3,7.12,-3.05,99570.0,72.7
s2,XAUUSD,momentum,4,"[1, 10]",2.0,3.0,22,0.0,0,ftmo_1step,,7,2.8,2,2.5,True,OOS,816,2.7,8.0,54.3,19.1,15.9,4.9,4.2,7.17,-3.0,99404.0,73.4
s2,XAUUSD,momentum,4,[1],2.0,3.0,-1,1.5,0,ftmo_1step,,7,1.5,1,,False,IS,845,0.0,0.0,0.0,0.4,99.6,,4.9,3.09,-1.09,99940.0,0.4
s2,XAUUSD,momentum,4,[1],2.0,3.0,-1,1.5,0,ftmo_1step,,7,1.5,1,,False,OOS,816,0.0,0.0,0.0,0.0,100.0,,4.9,3.0,-1.07,99934.0,0.0
s2,XAUUSD,momentum,4,[1],2.0,3.0,-1,1.5,0,ftmo_1step,,7,1.5,1,,True,IS,845,0.0,0.0,0.0,0.4,99.6,,4.9,3.09,-1.1,99939.0,0.4
s2,XAUUSD,momentum,4,[1],2.0,3.0,-1,1.5,0,ftmo_1step,,7,1.5,1,,True,OOS,816,0.0,0.0,0.0,0.0,100.0,,4.9,3.0,-1.07,99933.0,0.0
s2,XAUUSD,momentum,4,[1],2.0,3.0,-1,1.5,0,ftmo_1step,,7,1.5,1,2.5,False,IS,845,0.0,0.0,0.0,0.4,99.6,,4.9,3.09,-1.09,99940.0,0.4
s2,XAUUSD,momentum,4,[1],2.0,3.0,-1,1.5,0,ftmo_1step,,7,1.5,1,2.5,False,OOS,816,0.0,0.0,0.0,0.0,100.0,,4.9,3.0,-1.07,99934.0,0.0
s2,XAUUSD,momentum,4,[1],2.0,3.0,-1,1.5,0,ftmo_1step,,7,1.5,1,2.5,True,IS,845,0.0,0.0,0.0,0.4,99.6,,4.9,3.09,-1.1,99939.0,0.4
s2,XAUUSD,momentum,4,[1],2.0,3.0,-1,1.5,0,ftmo_1step,,7,1.5,1,2.5,True,OOS,816,0.0,0.0,0.0,0.0,100.0,,4.9,3.0,-1.07,99933.0,0.0
s2,XAUUSD,momentum,4,[1],2.0,3.0,-1,1.5,0,ftmo_1step,,7,2.0,1,,False,IS,845,0.0,0.2,0.0,0.4,99.4,,4.9,4.12,-1.46,99920.0,0.4
s2,XAUUSD,momentum,4,[1],2.0,3.0,-1,1.5,0,ftmo_1step,,7,2.0,1,,False,OOS,816,0.6,0.1,0.0,0.6,98.7,5.0,4.9,4.01,-1.42,99886.0,0.6
s2,XAUUSD,momentum,4,[1],2.0,3.0,-1,1.5,0,ftmo_1step,,7,2.0,1,,True,IS,845,0.0,0.2,0.0,0.4,99.4,,4.9,4.12,-1.47,99918.0,0.4
s2,XAUUSD,momentum,4,[1],2.0,3.0,-1,1.5,0,ftmo_1step,,7,2.0,1,,True,OOS,816,0.4,0.5,0.0,0.6,98.5,4.6,4.9,4.01,-1.42,99885.0,0.6
s2,XAUUSD,momentum,4,[1],2.0,3.0,-1,1.5,0,ftmo_1step,,7,2.0,1,2.5,False,IS,845,0.0,0.2,0.0,0.4,99.4,,4.9,4.12,-1.46,99920.0,0.4
s2,XAUUSD,momentum,4,[1],2.0,3.0,-1,1.5,0,ftmo_1step,,7,2.0,1,2.5,False,OOS,816,0.6,0.1,0.0,0.6,98.7,5.0,4.9,4.01,-1.42,99886.0,0.6
s2,XAUUSD,momentum,4,[1],2.0,3.0,-1,1.5,0,ftmo_1step,,7,2.0,1,2.5,True,IS,845,0.0,0.2,0.0,0.4,99.4,,4.9,4.12,-1.47,99918.0,0.4
s2,XAUUSD,momentum,4,[1],2.0,3.0,-1,1.5,0,ftmo_1step,,7,2.0,1,2.5,True,OOS,816,0.4,0.5,0.0,0.6,98.5,4.6,4.9,4.01,-1.42,99885.0,0.6
s2,XAUUSD,momentum,4,[1],2.0,3.0,-1,1.5,0,ftmo_1step,,7,2.8,1,,False,IS,845,0.5,3.0,0.0,1.2,95.4,4.9,4.8,5.75,-2.03,99898.0,1.2
s2,XAUUSD,momentum,4,[1],2.0,3.0,-1,1.5,0,ftmo_1step,,7,2.8,1,,False,OOS,816,0.7,3.4,0.0,0.6,95.2,6.2,4.8,5.6,-1.97,99843.0,0.6
s2,XAUUSD,momentum,4,[1],2.0,3.0,-1,1.5,0,ftmo_1step,,7,2.8,1,,True,IS,845,0.6,3.2,0.2,0.8,95.1,4.2,4.8,5.74,-2.04,99897.0,1.0
s2,XAUUSD,momentum,4,[1],2.0,3.0,-1,1.5,0,ftmo_1step,,7,2.8,1,,True,OOS,816,0.5,3.6,0.6,0.7,94.6,6.4,4.8,5.58,-1.98,99817.0,1.3
s2,XAUUSD,momentum,4,[1],2.0,3.0,-1,1.5,0,ftmo_1step,,7,2.8,1,2.5,False,IS,845,0.5,3.0,0.0,1.2,95.4,4.9,4.8,5.75,-2.03,99898.0,1.2
s2,XAUUSD,momentum,4,[1],2.0,3.0,-1,1.5,0,ftmo_1step,,7,2.8,1,2.5,False,OOS,816,0.7,3.4,0.0,0.6,95.2,6.2,4.8,5.6,-1.97,99843.0,0.6
s2,XAUUSD,momentum,4,[1],2.0,3.0,-1,1.5,0,ftmo_1step,,7,2.8,1,2.5,True,IS,845,0.6,3.2,0.2,0.8,95.1,4.2,4.8,5.74,-2.04,99897.0,1.0
s2,XAUUSD,momentum,4,[1],2.0,3.0,-1,1.5,0,ftmo_1step,,7,2.8,1,2.5,True,OOS,816,0.5,3.6,0.6,0.7,94.6,6.4,4.8,5.58,-1.98,99817.0,1.3
s2,XAUUSD,momentum,4,[1],2.0,3.0,22,0.0,0,ftmo_1step,,7,1.5,1,,False,IS,845,2.0,0.0,0.5,0.4,97.2,5.5,4.8,4.88,-1.54,99918.0,0.9
s2,XAUUSD,momentum,4,[1],2.0,3.0,22,0.0,0,ftmo_1step,,7,1.5,1,,False,OOS,816,1.1,0.0,0.5,0.1,98.3,4.0,4.9,4.87,-1.54,100077.0,0.6
s2,XAUUSD,momentum,4,[1],2.0,3.0,22,0.0,0,ftmo_1step,,7,1.5,1,,True,IS,845,2.2,0.0,0.5,0.4,96.9,5.5,4.8,4.88,-1.56,99922.0,0.9
s2,XAUUSD,momentum,4,[1],2.0,3.0,22,0.0,0,ftmo_1step,,7,1.5,1,,True,OOS,816,1.5,0.0,0.5,0.1,97.9,5.3,4.9,4.87,-1.55,100075.0,0.6
s2,XAUUSD,momentum,4,[1],2.0,3.0,22,0.0,0,ftmo_1step,,7,1.5,1,2.5,False,IS,845,2.0,0.0,0.5,0.4,97.2,5.5,4.8,4.88,-1.54,99918.0,0.9
s2,XAUUSD,momentum,4,[1],2.0,3.0,22,0.0,0,ftmo_1step,,7,1.5,1,2.5,False,OOS,816,1.1,0.0,0.5,0.1,98.3,4.0,4.9,4.87,-1.54,100077.0,0.6
s2,XAUUSD,momentum,4,[1],2.0,3.0,22,0.0,0,ftmo_1step,,7,1.5,1,2.5,True,IS,845,2.2,0.0,0.5,0.4,96.9,5.5,4.8,4.88,-1.56,99922.0,0.9
s2,XAUUSD,momentum,4,[1],2.0,3.0,22,0.0,0,ftmo_1step,,7,1.5,1,2.5,True,OOS,816,1.5,0.0,0.5,0.1,97.9,5.3,4.9,4.87,-1.55,100075.0,0.6
s2,XAUUSD,momentum,4,[1],2.0,3.0,22,0.0,0,ftmo_1step,,7,2.0,1,,False,IS,845,3.8,2.4,0.6,5.1,88.2,4.9,4.8,6.45,-2.03,99867.0,5.7
s2,XAUUSD,momentum,4,[1],2.0,3.0,22,0.0,0,ftmo_1step,,7,2.0,1,,False,OOS,816,3.9,2.0,0.9,7.4,85.9,5.9,4.8,6.42,-2.03,100086.0,8.3
s2,XAUUSD,momentum,4,[1],2.0,3.0,22,0.0,0,ftmo_1step,,7,2.0,1,,True,IS,845,3.9,2.7,0.6,4.1,88.6,4.9,4.8,6.45,-2.06,99868.0,4.7
s2,XAUUSD,momentum,4,[1],2.0,3.0,22,0.0,0,ftmo_1step,,7,2.0,1,,True,OOS,816,4.3,2.1,0.9,5.9,86.9,5.8,4.8,6.42,-2.07,100121.0,6.8
s2,XAUUSD,momentum,4,[1],2.0,3.0,22,0.0,0,ftmo_1step,,7,2.0,1,2.5,False,IS,845,3.8,2.4,0.6,5.1,88.2,4.9,4.8,6.45,-2.03,99867.0,5.7
s2,XAUUSD,momentum,4,[1],2.0,3.0,22,0.0,0,ftmo_1step,,7,2.0,1,2.5,False,OOS,816,3.9,2.0,0.9,7.4,85.9,5.9,4.8,6.42,-2.03,100086.0,8.3
s2,XAUUSD,momentum,4,[1],2.0,3.0,22,0.0,0,ftmo_1step,,7,2.0,1,2.5,True,IS,845,3.9,2.7,0.6,4.1,88.6,4.9,4.8,6.45,-2.06,99868.0,4.7
s2,XAUUSD,momentum,4,[1],2.0,3.0,22,0.0,0,ftmo_1step,,7,2.0,1,2.5,True,OOS,816,4.3,2.1,0.9,5.9,86.9,5.8,4.8,6.42,-2.07,100121.0,6.8
s2,XAUUSD,momentum,4,[1],2.0,3.0,22,0.0,0,ftmo_1step,,7,2.8,1,,False,IS,845,2.7,11.2,2.4,33.3,50.4,5.9,4.3,8.26,-2.78,99630.0,35.7
s2,XAUUSD,momentum,4,[1],2.0,3.0,22,0.0,0,ftmo_1step,,7,2.8,1,,False,OOS,816,3.6,11.3,3.4,32.7,49.0,5.9,4.3,8.08,-2.78,100137.0,36.1
s2,XAUUSD,momentum,4,[1],2.0,3.0,22,0.0,0,ftmo_1step,,7,2.8,1,,True,IS,845,2.0,10.8,16.7,29.8,40.7,5.8,4.1,8.0,-2.82,99734.0,46.5
s2,XAUUSD,momentum,4,[1],2.0,3.0,22,0.0,0,ftmo_1step,,7,2.8,1,,True,OOS,816,2.5,9.8,16.3,28.7,42.8,4.8,4.1,7.86,-2.82,100087.0,45.0
s2,XAUUSD,momentum,4,[1],2.0,3.0,22,0.0,0,ftmo_1step,,7,2.8,1,2.5,False,IS,845,2.7,11.2,2.4,33.3,50.4,5.9,4.3,8.26,-2.78,99630.0,35.7
s2,XAUUSD,momentum,4,[1],2.0,3.0,22,0.0,0,ftmo_1step,,7,2.8,1,2.5,False,OOS,816,3.6,11.3,3.4,32.7,49.0,5.9,4.3,8.08,-2.78,100137.0,36.1
s2,XAUUSD,momentum,4,[1],2.0,3.0,22,0.0,0,ftmo_1step,,7,2.8,1,2.5,True,IS,845,2.0,10.8,16.7,29.8,40.7,5.8,4.1,8.0,-2.82,99734.0,46.5
s2,XAUUSD,momentum,4,[1],2.0,3.0,22,0.0,0,ftmo_1step,,7,2.8,1,2.5,True,OOS,816,2.5,9.8,16.3,28.7,42.8,4.8,4.1,7.86,-2.82,100087.0,45.0
s2,XAUUSD,momentum,4,"[1, 10]",2.0,3.0,-1,1.5,0,ftmo_1step,,7,1.5,2,,False,IS,845,0.0,0.1,0.9,0.6,98.3,,7.9,4.46,-1.89,99634.0,1.5
s2,XAUUSD,momentum,4,"[1, 10]",2.0,3.0,-1,1.5,0,ftmo_1step,,7,1.5,2,,False,OOS,816,0.1,0.1,0.0,0.0,99.8,6.5,8.0,4.44,-1.91,99594.0,0.0
s2,XAUUSD,momentum,4,"[1, 10]",2.0,3.0,-1,1.5,0,ftmo_1step,,7,1.5,2,,True,IS,845,0.0,0.2,0.4,0.6,98.8,,7.9,4.45,-1.89,99631.0,1.0
s2,XAUUSD,momentum,4,"[1, 10]",2.0,3.0,-1,1.5,0,ftmo_1step,,7,1.5,2,,True,OOS,816,0.1,0.1,0.5,0.0,99.3,6.5,8.0,4.43,-1.92,99585.0,0.5
s2,XAUUSD,momentum,4,"[1, 10]",2.0,3.0,-1,1.5,0,ftmo_1step,,7,1.5,2,2.5,False,IS,845,0.0,0.1,0.9,0.6,98.3,,7.9,4.46,-1.89,99634.0,1.5
s2,XAUUSD,momentum,4,"[1, 10]",2.0,3.0,-1,1.5,0,ftmo_1step,,7,1.5,2,2.5,False,OOS,816,0.1,0.1,0.0,0.0,99.8,6.5,8.0,4.44,-1.91,99594.0,0.0
s2,XAUUSD,momentum,4,"[1, 10]",2.0,3.0,-1,1.5,0,ftmo_1step,,7,1.5,2,2.5,True,IS,845,0.0,0.2,0.4,0.6,98.8,,7.9,4.45,-1.89,99631.0,1.0
s2,XAUUSD,momentum,4,"[1, 10]",2.0,3.0,-1,1.5,0,ftmo_1step,,7,1.5,2,2.5,True,OOS,816,0.1,0.1,0.5,0.0,99.3,6.5,8.0,4.43,-1.92,99585.0,0.5
s2,XAUUSD,momentum,4,"[1, 10]",2.0,3.0,-1,1.5,0,ftmo_1step,,7,2.0,2,,False,IS,845,0.5,1.4,26.3,2.6,69.2,5.9,6.9,5.38,-2.45,99535.0,28.9
s2,XAUUSD,momentum,4,"[1, 10]",2.0,3.0,-1,1.5,0,ftmo_1step,,7,2.0,2,,False,OOS,816,0.9,2.0,26.5,1.6,69.1,5.0,7.1,5.4,-2.47,99339.0,28.1
s2,XAUUSD,momentum,4,"[1, 10]",2.0,3.0,-1,1.5,0,ftmo_1step,,7,2.0,2,,True,IS,845,0.4,1.8,25.8,2.6,69.5,6.3,6.9,5.39,-2.45,99516.0,28.4
s2,XAUUSD,momentum,4,"[1, 10]",2.0,3.0,-1,1.5,0,ftmo_1step,,7,2.0,2,,True,OOS,816,0.9,2.2,25.4,1.2,70.3,5.7,7.1,5.44,-2.47,99349.0,26.6
s2,XAUUSD,momentum,4,"[1, 10]",2.0,3.0,-1,1.5,0,ftmo_1step,,7,2.0,2,2.5,False,IS,845,0.5,1.4,26.3,2.6,69.2,5.9,6.9,5.38,-2.45,99535.0,28.9
s2,XAUUSD,momentum,4,"[1, 10]",2.0,3.0,-1,1.5,0,ftmo_1step,,7,2.0,2,2.5,False,OOS,816,0.9,2.0,26.5,1.6,69.1,5.0,7.1,5.4,-2.47,99339.0,28.1
s2,XAUUSD,momentum,4,"[1, 10]",2.0,3.0,-1,1.5,0,ftmo_1step,,7,2.0,2,2.5,True,IS,845,0.4,1.8,25.8,2.6,69.5,6.3,6.9,5.39,-2.45,99516.0,28.4
s2,XAUUSD,momentum,4,"[1, 10]",2.0,3.0,-1,1.5,0,ftmo_1step,,7,2.0,2,2.5,True,OOS,816,0.9,2.2,25.4,1.2,70.3,5.7,7.1,5.44,-2.47,99349.0,26.6
s2,XAUUSD,momentum,4,"[1, 10]",2.0,3.0,-1,1.5,0,ftmo_1step,,7,2.8,2,,False,IS,845,0.4,5.2,68.0,1.9,24.5,4.6,5.0,5.8,-3.0,99314.0,69.9
s2,XAUUSD,momentum,4,"[1, 10]",2.0,3.0,-1,1.5,0,ftmo_1step,,7,2.8,2,,False,OOS,816,0.6,7.2,66.3,4.0,21.8,4.3,5.0,5.8,-2.98,99425.0,70.3
s2,XAUUSD,momentum,4,"[1, 10]",2.0,3.0,-1,1.5,0,ftmo_1step,,7,2.8,2,,True,IS,845,0.5,5.1,68.5,2.2,23.7,5.0,5.0,5.82,-3.0,99287.0,70.7
s2,XAUUSD,momentum,4,"[1, 10]",2.0,3.0,-1,1.5,0,ftmo_1step,,7,2.8,2,,True,OOS,816,0.2,7.4,66.2,4.2,22.1,4.4,5.0,5.83,-2.99,99390.0,70.4
s2,XAUUSD,momentum,4,"[1, 10]",2.0,3.0,-1,1.5,0,ftmo_1step,,7,2.8,2,2.5,False,IS,845,0.4,5.2,63.2,2.5,28.8,4.6,5.1,5.91,-2.96,99356.0,65.7
s2,XAUUSD,momentum,4,"[1, 10]",2.0,3.0,-1,1.5,0,ftmo_1step,,7,2.8,2,2.5,False,OOS,816,0.7,7.5,62.0,4.2,25.6,4.7,5.1,5.87,-2.94,99589.0,66.2
s2,XAUUSD,momentum,4,"[1, 10]",2.0,3.0,-1,1.5,0,ftmo_1step,,7,2.8,2,2.5,True,IS,845,0.5,5.1,63.3,2.8,28.3,5.0,5.1,5.93,-2.96,99320.0,66.1
s2,XAUUSD,momentum,4,"[1, 10]",2.0,3.0,-1,1.5,0,ftmo_1step,,7,2.8,2,2.5,True,OOS,816,0.2,7.6,62.1,4.3,25.7,4.4,5.1,5.9,-2.95,99540.0,66.4
s2,XAUUSD,meanrev,24,[1],2.0,3.0,-1,1.5,0,ftmo_1step,,7,1.5,1,,False,IS,845,0.1,0.0,0.0,0.0,99.9,5.6,4.9,3.07,-1.11,99663.0,0.0
s2,XAUUSD,meanrev,24,[1],2.0,3.0,-1,1.5,0,ftmo_1step,,7,1.5,1,,False,OOS,816,0.0,0.0,0.0,0.0,100.0,,4.9,2.91,-1.08,99583.0,0.0
s2,XAUUSD,meanrev,24,[1],2.0,3.0,-1,1.5,0,ftmo_1step,,7,1.5,1,,True,IS,845,0.1,0.0,0.0,0.0,99.9,5.6,4.9,3.07,-1.11,99665.0,0.0
s2,XAUUSD,meanrev,24,[1],2.0,3.0,-1,1.5,0,ftmo_1step,,7,1.5,1,,True,OOS,816,0.0,0.0,0.0,0.0,100.0,,4.9,2.9,-1.08,99583.0,0.0
s2,XAUUSD,meanrev,24,[1],2.0,3.0,-1,1.5,0,ftmo_1step,,7,1.5,1,2.5,False,IS,845,0.1,0.0,0.0,0.0,99.9,5.6,4.9,3.07,-1.11,99663.0,0.0
s2,XAUUSD,meanrev,24,[1],2.0,3.0,-1,1.5,0,ftmo_1step,,7,1.5,1,2.5,False,OOS,816,0.0,0.0,0.0,0.0,100.0,,4.9,2.91,-1.08,99583.0,0.0
s2,XAUUSD,meanrev,24,[1],2.0,3.0,-1,1.5,0,ftmo_1step,,7,1.5,1,2.5,True,IS,845,0.1,0.0,0.0,0.0,99.9,5.6,4.9,3.07,-1.11,99665.0,0.0
s2,XAUUSD,meanrev,24,[1],2.0,3.0,-1,1.5,0,ftmo_1step,,7,1.5,1,2.5,True,OOS,816,0.0,0.0,0.0,0.0,100.0,,4.9,2.9,-1.08,99583.0,0.0
s2,XAUUSD,meanrev,24,[1],2.0,3.0,-1,1.5,0,ftmo_1step,,7,2.0,1,,False,IS,845,0.4,0.6,0.0,0.2,98.8,5.6,4.9,4.1,-1.47,99547.0,0.2
s2,XAUUSD,meanrev,24,[1],2.0,3.0,-1,1.5,0,ftmo_1step,,7,2.0,1,,False,OOS,816,0.4,0.0,0.0,0.0,99.6,5.7,4.9,3.88,-1.44,99445.0,0.0
s2,XAUUSD,meanrev,24,[1],2.0,3.0,-1,1.5,0,ftmo_1step,,7,2.0,1,,True,IS,845,0.2,0.9,0.0,0.4,98.5,6.2,4.9,4.09,-1.47,99544.0,0.4
s2,XAUUSD,meanrev,24,[1],2.0,3.0,-1,1.5,0,ftmo_1step,,7,2.0,1,,True,OOS,816,0.4,0.0,0.0,0.0,99.6,5.7,4.9,3.87,-1.44,99446.0,0.0
s2,XAUUSD,meanrev,24,[1],2.0,3.0,-1,1.5,0,ftmo_1step,,7,2.0,1,2.5,False,IS,845,0.4,0.6,0.0,0.2,98.8,5.6,4.9,4.1,-1.47,99547.0,0.2
s2,XAUUSD,meanrev,24,[1],2.0,3.0,-1,1.5,0,ftmo_1step,,7,2.0,1,2.5,False,OOS,816,0.4,0.0,0.0,0.0,99.6,5.7,4.9,3.88,-1.44,99445.0,0.0
s2,XAUUSD,meanrev,24,[1],2.0,3.0,-1,1.5,0,ftmo_1step,,7,2.0,1,2.5,True,IS,845,0.2,0.9,0.0,0.4,98.5,6.2,4.9,4.09,-1.47,99544.0,0.4
s2,XAUUSD,meanrev,24,[1],2.0,3.0,-1,1.5,0,ftmo_1step,,7,2.0,1,2.5,True,OOS,816,0.4,0.0,0.0,0.0,99.6,5.7,4.9,3.87,-1.44,99446.0,0.0
s2,XAUUSD,meanrev,24,[1],2.0,3.0,-1,1.5,0,ftmo_1step,,7,2.8,1,,False,IS,845,0.5,3.3,0.2,1.9,94.1,5.6,4.8,5.72,-2.05,99334.0,2.1
s2,XAUUSD,meanrev,24,[1],2.0,3.0,-1,1.5,0,ftmo_1step,,7,2.8,1,,False,OOS,816,0.4,1.3,0.0,1.2,97.1,5.7,4.9,5.43,-2.01,99222.0,1.2
s2,XAUUSD,meanrev,24,[1],2.0,3.0,-1,1.5,0,ftmo_1step,,7,2.8,1,,True,IS,845,0.5,3.6,0.4,1.8,93.8,5.6,4.8,5.69,-2.06,99342.0,2.2
s2,XAUUSD,meanrev,24,[1],2.0,3.0,-1,1.5,0,ftmo_1step,,7,2.8,1,,True,OOS,816,0.4,1.3,0.0,0.5,97.8,5.7,4.9,5.41,-2.01,99232.0,0.5
s2,XAUUSD,meanrev,24,[1],2.0,3.0,-1,1.5,0,ftmo_1step,,7,2.8,1,2.5,False,IS,845,0.5,3.3,0.2,1.9,94.1,5.6,4.8,5.72,-2.05,99334.0,2.1
s2,XAUUSD,meanrev,24,[1],2.0,3.0,-1,1.5,0,ftmo_1step,,7,2.8,1,2.5,False,OOS,816,0.4,1.3,0.0,1.2,97.1,5.7,4.9,5.43,-2.01,99222.0,1.2
s2,XAUUSD,meanrev,24,[1],2.0,3.0,-1,1.5,0,ftmo_1step,,7,2.8,1,2.5,True,IS,845,0.5,3.6,0.4,1.8,93.8,5.6,4.8,5.69,-2.06,99342.0,2.2
s2,XAUUSD,meanrev,24,[1],2.0,3.0,-1,1.5,0,ftmo_1step,,7,2.8,1,2.5,True,OOS,816,0.4,1.3,0.0,0.5,97.8,5.7,4.9,5.41,-2.01,99232.0,0.5
s2,XAUUSD,meanrev,24,"[1, 10]",2.0,3.0,22,0.0,0,ftmo_1step,,7,1.5,2,,False,IS,845,1.3,0.5,40.1,0.2,57.9,4.7,5.8,4.89,-2.34,99440.0,40.3
s2,XAUUSD,meanrev,24,"[1, 10]",2.0,3.0,22,0.0,0,ftmo_1step,,7,1.5,2,,False,OOS,816,0.9,0.0,40.8,0.2,58.1,6.8,5.7,4.84,-2.29,99196.0,41.0
s2,XAUUSD,meanrev,24,"[1, 10]",2.0,3.0,22,0.0,0,ftmo_1step,,7,1.5,2,,True,IS,845,1.8,0.5,33.7,0.6,63.4,4.8,5.9,4.97,-2.34,99447.0,34.3
s2,XAUUSD,meanrev,24,"[1, 10]",2.0,3.0,22,0.0,0,ftmo_1step,,7,1.5,2,,True,OOS,816,1.0,0.1,32.0,0.6,66.3,6.7,5.9,4.96,-2.29,99220.0,32.6
s2,XAUUSD,meanrev,24,"[1, 10]",2.0,3.0,22,0.0,0,ftmo_1step,,7,1.5,2,2.5,False,IS,845,1.3,0.5,40.1,0.2,57.9,4.7,5.8,4.89,-2.34,99440.0,40.3
s2,XAUUSD,meanrev,24,"[1, 10]",2.0,3.0,22,0.0,0,ftmo_1step,,7,1.5,2,2.5,False,OOS,816,0.9,0.0,40.8,0.2,58.1,6.8,5.7,4.84,-2.29,99196.0,41.0
s2,XAUUSD,meanrev,24,"[1, 10]",2.0,3.0,22,0.0,0,ftmo_1step,,7,1.5,2,2.5,True,IS,845,1.8,0.5,33.7,0.6,63.4,4.8,5.9,4.97,-2.34,99447.0,34.3
s2,XAUUSD,meanrev,24,"[1, 10]",2.0,3.0,22,0.0,0,ftmo_1step,,7,1.5,2,2.5,True,OOS,816,1.0,0.1,32.0,0.6,66.3,6.7,5.9,4.96,-2.29,99220.0,32.6
s2,XAUUSD,meanrev,24,"[1, 10]",2.0,3.0,22,0.0,0,ftmo_1step,,7,2.0,2,,False,IS,845,2.8,3.1,51.2,3.2,39.6,4.8,5.2,5.99,-2.81,99105.0,54.4
s2,XAUUSD,meanrev,24,"[1, 10]",2.0,3.0,22,0.0,0,ftmo_1step,,7,2.0,2,,False,OOS,816,0.9,2.9,49.1,3.4,43.6,6.9,5.2,5.94,-2.74,99050.0,52.5
s2,XAUUSD,meanrev,24,"[1, 10]",2.0,3.0,22,0.0,0,ftmo_1step,,7,2.0,2,,True,IS,845,2.6,3.2,51.4,2.5,40.4,5.1,5.2,6.0,-2.81,99113.0,53.9
s2,XAUUSD,meanrev,24,"[1, 10]",2.0,3.0,22,0.0,0,ftmo_1step,,7,2.0,2,,True,OOS,816,1.2,3.1,48.9,2.7,44.1,6.3,5.2,5.96,-2.74,99043.0,51.6
s2,XAUUSD,meanrev,24,"[1, 10]",2.0,3.0,22,0.0,0,ftmo_1step,,7,2.0,2,2.5,False,IS,845,2.8,3.1,51.0,3.2,39.9,4.8,5.2,5.99,-2.81,99106.0,54.2
s2,XAUUSD,meanrev,24,"[1, 10]",2.0,3.0,22,0.0,0,ftmo_1step,,7,2.0,2,2.5,False,OOS,816,0.9,2.9,49.1,3.4,43.6,6.9,5.2,5.94,-2.74,99050.0,52.5
s2,XAUUSD,meanrev,24,"[1, 10]",2.0,3.0,22,0.0,0,ftmo_1step,,7,2.0,2,2.5,True,IS,845,2.6,3.2,51.1,2.5,40.6,5.1,5.2,6.0,-2.81,99114.0,53.6
s2,XAUUSD,meanrev,24,"[1, 10]",2.0,3.0,22,0.0,0,ftmo_1step,,7,2.0,2,2.5,True,OOS,816,1.2,3.1,48.9,2.7,44.1,6.3,5.2,5.96,-2.74,99043.0,51.6
s2,XAUUSD,meanrev,24,"[1, 10]",2.0,3.0,22,0.0,0,ftmo_1step,,7,2.8,2,,False,IS,845,2.4,8.0,60.4,14.7,14.6,5.9,4.2,7.09,-3.26,98579.0,75.1
s2,XAUUSD,meanrev,24,"[1, 10]",2.0,3.0,22,0.0,0,ftmo_1step,,7,2.8,2,,False,OOS,816,1.2,8.0,52.6,17.3,21.0,6.4,4.4,7.2,-3.22,98689.0,69.9
s2,XAUUSD,meanrev,24,"[1, 10]",2.0,3.0,22,0.0,0,ftmo_1step,,7,2.8,2,,True,IS,845,2.5,7.9,63.2,13.5,12.9,5.9,4.1,6.97,-3.22,98692.0,76.7
s2,XAUUSD,meanrev,24,"[1, 10]",2.0,3.0,22,0.0,0,ftmo_1step,,7,2.8,2,,True,OOS,816,1.0,7.4,57.4,16.5,17.8,4.9,4.3,7.06,-3.2,98771.0,73.9
s2,XAUUSD,meanrev,24,"[1, 10]",2.0,3.0,22,0.0,0,ftmo_1step,,7,2.8,2,2.5,False,IS,845,3.0,9.0,12.4,32.0,43.7,5.9,5.2,8.21,-2.81,98835.0,44.4
s2,XAUUSD,meanrev,24,"[1, 10]",2.0,3.0,22,0.0,0,ftmo_1step,,7,2.8,2,2.5,False,OOS,816,1.1,8.0,5.6,31.6,53.7,6.5,5.3,8.2,-2.77,98883.0,37.2
s2,XAUUSD,meanrev,24,"[1, 10]",2.0,3.0,22,0.0,0,ftmo_1step,,7,2.8,2,2.5,True,IS,845,2.8,8.6,20.1,29.1,39.3,5.9,5.1,8.04,-2.83,98881.0,49.2
s2,XAUUSD,meanrev,24,"[1, 10]",2.0,3.0,22,0.0,0,ftmo_1step,,7,2.8,2,2.5,True,OOS,816,0.6,7.6,15.0,28.9,47.9,5.4,5.2,8.0,-2.8,98987.0,43.9
s2,XAUUSD,meanrev,24,[1],2.0,3.0,22,0.0,0,ftmo_1step,,7,1.5,1,,False,IS,845,1.7,0.0,0.0,0.2,98.1,5.8,4.9,4.81,-1.53,99753.0,0.2
s2,XAUUSD,meanrev,24,[1],2.0,3.0,22,0.0,0,ftmo_1step,,7,1.5,1,,False,OOS,816,0.2,0.0,1.1,0.0,98.7,4.3,4.9,4.63,-1.54,99855.0,1.1
s2,XAUUSD,meanrev,24,[1],2.0,3.0,22,0.0,0,ftmo_1step,,7,1.5,1,,True,IS,845,1.7,0.0,0.0,0.2,98.1,5.8,4.9,4.8,-1.55,99757.0,0.2
s2,XAUUSD,meanrev,24,[1],2.0,3.0,22,0.0,0,ftmo_1step,,7,1.5,1,,True,OOS,816,0.5,0.0,0.9,0.0,98.7,5.3,4.9,4.63,-1.56,99845.0,0.9
s2,XAUUSD,meanrev,24,[1],2.0,3.0,22,0.0,0,ftmo_1step,,7,1.5,1,2.5,False,IS,845,1.7,0.0,0.0,0.2,98.1,5.8,4.9,4.81,-1.53,99753.0,0.2
s2,XAUUSD,meanrev,24,[1],2.0,3.0,22,0.0,0,ftmo_1step,,7,1.5,1,2.5,False,OOS,816,0.2,0.0,1.1,0.0,98.7,4.3,4.9,4.63,-1.54,99855.0,1.1
s2,XAUUSD,meanrev,24,[1],2.0,3.0,22,0.0,0,ftmo_1step,,7,1.5,1,2.5,True,IS,845,1.7,0.0,0.0,0.2,98.1,5.8,4.9,4.8,-1.55,99757.0,0.2
s2,XAUUSD,meanrev,24,[1],2.0,3.0,22,0.0,0,ftmo_1step,,7,1.5,1,2.5,True,OOS,816,0.5,0.0,0.9,0.0,98.7,5.3,4.9,4.63,-1.56,99845.0,0.9
s2,XAUUSD,meanrev,24,[1],2.0,3.0,22,0.0,0,ftmo_1step,,7,2.0,1,,False,IS,845,3.8,1.8,0.1,6.7,87.6,5.7,4.8,6.34,-2.03,99661.0,6.8
s2,XAUUSD,meanrev,24,[1],2.0,3.0,22,0.0,0,ftmo_1step,,7,2.0,1,,False,OOS,816,2.2,1.6,1.1,3.3,91.8,6.8,4.9,6.13,-2.04,99844.0,4.4
s2,XAUUSD,meanrev,24,[1],2.0,3.0,22,0.0,0,ftmo_1step,,7,2.0,1,,True,IS,845,3.6,2.1,0.1,5.3,88.9,5.8,4.8,6.33,-2.05,99647.0,5.4
s2,XAUUSD,meanrev,24,[1],2.0,3.0,22,0.0,0,ftmo_1step,,7,2.0,1,,True,OOS,816,2.3,2.0,1.1,2.7,91.9,6.8,4.9,6.13,-2.07,99831.0,3.8
s2,XAUUSD,meanrev,24,[1],2.0,3.0,22,0.0,0,ftmo_1step,,7,2.0,1,2.5,False,IS,845,3.8,1.8,0.1,6.7,87.6,5.7,4.8,6.34,-2.03,99661.0,6.8
s2,XAUUSD,meanrev,24,[1],2.0,3.0,22,0.0,0,ftmo_1step,,7,2.0,1,2.5,False,OOS,816,2.2,1.6,1.1,3.3,91.8,6.8,4.9,6.13,-2.04,99844.0,4.4
s2,XAUUSD,meanrev,24,[1],2.0,3.0,22,0.0,0,ftmo_1step,,7,2.0,1,2.5,True,IS,845,3.6,2.1,0.1,5.3,88.9,5.8,4.8,6.33,-2.05,99647.0,5.4
s2,XAUUSD,meanrev,24,[1],2.0,3.0,22,0.0,0,ftmo_1step,,7,2.0,1,2.5,True,OOS,816,2.3,2.0,1.1,2.7,91.9,6.8,4.9,6.13,-2.07,99831.0,3.8
s2,XAUUSD,meanrev,24,[1],2.0,3.0,22,0.0,0,ftmo_1step,,7,2.8,1,,False,IS,845,2.4,9.1,1.9,32.7,54.0,5.9,4.4,8.19,-2.79,99227.0,34.6
s2,XAUUSD,meanrev,24,[1],2.0,3.0,22,0.0,0,ftmo_1step,,7,2.8,1,,False,OOS,816,2.7,9.2,2.1,29.3,56.7,6.6,4.5,8.02,-2.79,99591.0,31.4
s2,XAUUSD,meanrev,24,[1],2.0,3.0,22,0.0,0,ftmo_1step,,7,2.8,1,,True,IS,845,2.0,7.9,15.0,28.9,46.2,5.9,4.2,7.95,-2.83,99319.0,43.9
s2,XAUUSD,meanrev,24,[1],2.0,3.0,22,0.0,0,ftmo_1step,,7,2.8,1,,True,OOS,816,2.0,7.8,17.5,25.6,47.1,6.3,4.3,7.73,-2.84,99561.0,43.1
s2,XAUUSD,meanrev,24,[1],2.0,3.0,22,0.0,0,ftmo_1step,,7,2.8,1,2.5,False,IS,845,2.4,9.1,1.9,32.7,54.0,5.9,4.4,8.19,-2.79,99227.0,34.6
s2,XAUUSD,meanrev,24,[1],2.0,3.0,22,0.0,0,ftmo_1step,,7,2.8,1,2.5,False,OOS,816,2.7,9.2,0.9,29.5,57.7,6.6,4.5,8.03,-2.78,99585.0,30.4
s2,XAUUSD,meanrev,24,[1],2.0,3.0,22,0.0,0,ftmo_1step,,7,2.8,1,2.5,True,IS,845,2.0,7.9,15.0,28.9,46.2,5.9,4.2,7.95,-2.83,99319.0,43.9
s2,XAUUSD,meanrev,24,[1],2.0,3.0,22,0.0,0,ftmo_1step,,7,2.8,1,2.5,True,OOS,816,2.0,7.8,16.3,25.9,48.0,6.3,4.3,7.75,-2.83,99555.0,42.2
s2,BTCUSD,long,24,"[8, 13]",1.0,3.0,23,0.0,0,ftmo_1step,,7,1.5,2,,False,IS,391,8.2,3.6,83.9,1.8,2.6,3.5,4.1,5.01,-2.91,100300.0,85.7
s2,BTCUSD,long,24,"[8, 13]",1.0,3.0,23,0.0,0,ftmo_1step,,7,1.5,2,,False,OOS,395,8.4,2.0,86.3,0.5,2.8,3.4,3.8,4.99,-2.92,99710.0,86.8
s2,BTCUSD,long,24,"[8, 13]",1.0,3.0,23,0.0,0,ftmo_1step,,7,1.5,2,,True,IS,391,8.4,3.6,81.3,3.6,3.1,3.5,4.3,5.16,-2.92,100346.0,84.9
s2,BTCUSD,long,24,"[8, 13]",1.0,3.0,23,0.0,0,ftmo_1step,,7,1.5,2,,True,OOS,395,8.4,2.0,79.5,6.1,4.1,3.4,4.1,5.26,-2.94,99639.0,85.6
s2,BTCUSD,long,24,"[8, 13]",1.0,3.0,23,0.0,0,ftmo_1step,,7,1.5,2,2.5,False,IS,391,8.2,3.6,83.9,1.8,2.6,3.5,4.1,5.01,-2.91,100300.0,85.7
s2,BTCUSD,long,24,"[8, 13]",1.0,3.0,23,0.0,0,ftmo_1step,,7,1.5,2,2.5,False,OOS,395,8.4,2.0,86.3,0.5,2.8,3.4,3.8,4.99,-2.92,99710.0,86.8
s2,BTCUSD,long,24,"[8, 13]",1.0,3.0,23,0.0,0,ftmo_1step,,7,1.5,2,2.5,True,IS,391,8.4,3.6,81.3,3.6,3.1,3.5,4.3,5.16,-2.92,100346.0,84.9
s2,BTCUSD,long,24,"[8, 13]",1.0,3.0,23,0.0,0,ftmo_1step,,7,1.5,2,2.5,True,OOS,395,8.4,2.0,79.5,6.1,4.1,3.4,4.1,5.26,-2.94,99639.0,85.6
s2,BTCUSD,long,24,"[8, 13]",1.0,3.0,23,0.0,0,ftmo_1step,,7,2.0,2,,False,IS,391,5.9,8.2,81.3,4.3,0.3,3.6,3.4,6.01,-3.32,99977.0,85.6
s2,BTCUSD,long,24,"[8, 13]",1.0,3.0,23,0.0,0,ftmo_1step,,7,2.0,2,,False,OOS,395,5.1,5.3,86.6,3.0,0.0,3.6,3.1,5.84,-3.37,99127.0,89.6
s2,BTCUSD,long,24,"[8, 13]",1.0,3.0,23,0.0,0,ftmo_1step,,7,2.0,2,,True,IS,391,4.6,10.7,80.3,4.3,0.0,3.6,3.3,6.04,-3.31,99922.0,84.6
s2,BTCUSD,long,24,"[8, 13]",1.0,3.0,23,0.0,0,ftmo_1step,,7,2.0,2,,True,OOS,395,3.0,8.9,84.8,3.3,0.0,3.2,3.0,5.83,-3.33,99126.0,88.1
s2,BTCUSD,long,24,"[8, 13]",1.0,3.0,23,0.0,0,ftmo_1step,,7,2.0,2,2.5,False,IS,391,5.9,8.2,81.3,4.3,0.3,3.6,3.4,6.02,-3.32,99974.0,85.6
s2,BTCUSD,long,24,"[8, 13]",1.0,3.0,23,0.0,0,ftmo_1step,,7,2.0,2,2.5,False,OOS,395,5.1,5.3,86.6,3.0,0.0,3.6,3.1,5.84,-3.37,99127.0,89.6
s2,BTCUSD,long,24,"[8, 13]",1.0,3.0,23,0.0,0,ftmo_1step,,7,2.0,2,2.5,True,IS,391,4.6,10.7,80.3,4.3,0.0,3.6,3.3,6.04,-3.3,99917.0,84.6
s2,BTCUSD,long,24,"[8, 13]",1.0,3.0,23,0.0,0,ftmo_1step,,7,2.0,2,2.5,True,OOS,395,3.0,8.9,84.8,3.3,0.0,3.2,3.0,5.83,-3.33,99126.0,88.1
s2,BTCUSD,long,24,"[8, 13]",1.0,3.0,23,0.0,0,ftmo_1step,,7,2.8,2,,False,IS,391,1.0,15.6,69.3,14.1,0.0,5.0,2.6,7.2,-3.71,100003.0,83.4
s2,BTCUSD,long,24,"[8, 13]",1.0,3.0,23,0.0,0,ftmo_1step,,7,2.8,2,,False,OOS,395,0.3,10.9,75.7,13.2,0.0,2.6,2.6,7.1,-3.83,98862.0,88.9
s2,BTCUSD,long,24,"[8, 13]",1.0,3.0,23,0.0,0,ftmo_1step,,7,2.8,2,,True,IS,391,0.5,13.6,75.2,10.7,0.0,4.6,2.4,6.96,-3.51,100187.0,85.9
s2,BTCUSD,long,24,"[8, 13]",1.0,3.0,23,0.0,0,ftmo_1step,,7,2.8,2,,True,OOS,395,0.0,10.4,79.0,10.6,0.0,,2.4,6.93,-3.67,99103.0,89.6
s2,BTCUSD,long,24,"[8, 13]",1.0,3.0,23,0.0,0,ftmo_1step,,7,2.8,2,2.5,False,IS,391,4.9,26.1,13.6,52.4,3.1,4.7,3.7,8.94,-2.76,101106.0,66.0
s2,BTCUSD,long,24,"[8, 13]",1.0,3.0,23,0.0,0,ftmo_1step,,7,2.8,2,2.5,False,OOS,395,3.0,18.7,2.0,71.4,4.8,4.6,3.8,9.77,-2.74,98633.0,73.4
s2,BTCUSD,long,24,"[8, 13]",1.0,3.0,23,0.0,0,ftmo_1step,,7,2.8,2,2.5,True,IS,391,1.5,21.0,31.2,44.5,1.8,4.6,3.3,8.5,-2.81,100862.0,75.7
s2,BTCUSD,long,24,"[8, 13]",1.0,3.0,23,0.0,0,ftmo_1step,,7,2.8,2,2.5,True,OOS,395,1.8,14.4,22.0,58.7,3.0,4.7,3.5,9.23,-2.78,98899.0,80.7
s2,XAUUSD,meanrev,24,"[1, 10]",2.0,3.0,-1,1.5,0,ftmo_1step,,7,1.5,2,,False,IS,845,0.4,0.2,0.4,0.1,98.9,4.6,8.1,4.42,-1.89,99163.0,0.5
s2,XAUUSD,meanrev,24,"[1, 10]",2.0,3.0,-1,1.5,0,ftmo_1step,,7,1.5,2,,False,OOS,816,0.0,0.0,0.5,0.1,99.4,,8.3,4.37,-1.93,99155.0,0.6
s2,XAUUSD,meanrev,24,"[1, 10]",2.0,3.0,-1,1.5,0,ftmo_1step,,7,1.5,2,,True,IS,845,0.5,0.2,0.2,0.0,99.1,4.6,8.1,4.4,-1.89,99164.0,0.2
s2,XAUUSD,meanrev,24,"[1, 10]",2.0,3.0,-1,1.5,0,ftmo_1step,,7,1.5,2,,True,OOS,816,0.0,0.1,0.4,0.2,99.3,,8.3,4.36,-1.93,99140.0,0.6
s2,XAUUSD,meanrev,24,"[1, 10]",2.0,3.0,-1,1.5,0,ftmo_1step,,7,1.5,2,2.5,False,IS,845,0.4,0.2,0.4,0.1,98.9,4.6,8.1,4.42,-1.89,99163.0,0.5
s2,XAUUSD,meanrev,24,"[1, 10]",2.0,3.0,-1,1.5,0,ftmo_1step,,7,1.5,2,2.5,False,OOS,816,0.0,0.0,0.5,0.1,99.4,,8.3,4.37,-1.93,99155.0,0.6
s2,XAUUSD,meanrev,24,"[1, 10]",2.0,3.0,-1,1.5,0,ftmo_1step,,7,1.5,2,2.5,True,IS,845,0.5,0.2,0.2,0.0,99.1,4.6,8.1,4.4,-1.89,99164.0,0.2
s2,XAUUSD,meanrev,24,"[1, 10]",2.0,3.0,-1,1.5,0,ftmo_1step,,7,1.5,2,2.5,True,OOS,816,0.0,0.1,0.4,0.2,99.3,,8.3,4.36,-1.93,99140.0,0.6
s2,XAUUSD,meanrev,24,"[1, 10]",2.0,3.0,-1,1.5,0,ftmo_1step,,7,2.0,2,,False,IS,845,0.2,1.5,29.8,0.8,67.6,4.1,7.0,5.31,-2.48,98941.0,30.6
s2,XAUUSD,meanrev,24,"[1, 10]",2.0,3.0,-1,1.5,0,ftmo_1step,,7,2.0,2,,False,OOS,816,0.1,1.0,30.4,0.5,68.0,6.0,7.2,5.25,-2.5,98910.0,30.9
s2,XAUUSD,meanrev,24,"[1, 10]",2.0,3.0,-1,1.5,0,ftmo_1step,,7,2.0,2,,True,IS,845,0.2,1.7,27.5,0.9,69.7,4.1,7.1,5.33,-2.47,98937.0,28.4
s2,XAUUSD,meanrev,24,"[1, 10]",2.0,3.0,-1,1.5,0,ftmo_1step,,7,2.0,2,,True,OOS,816,0.1,1.1,29.7,0.4,68.8,6.0,7.3,5.25,-2.5,98901.0,30.1
s2,XAUUSD,meanrev,24,"[1, 10]",2.0,3.0,-1,1.5,0,ftmo_1step,,7,2.0,2,2.5,False,IS,845,0.2,1.5,29.8,0.8,67.6,4.1,7.0,5.31,-2.48,98941.0,30.6
s2,XAUUSD,meanrev,24,"[1, 10]",2.0,3.0,-1,1.5,0,ftmo_1step,,7,2.0,2,2.5,False,OOS,816,0.1,1.0,30.4,0.5,68.0,6.0,7.2,5.25,-2.5,98910.0,30.9
s2,XAUUSD,meanrev,24,"[1, 10]",2.0,3.0,-1,1.5,0,ftmo_1step,,7,2.0,2,2.5,True,IS,845,0.2,1.7,27.5,0.9,69.7,4.1,7.1,5.33,-2.47,98937.0,28.4
s2,XAUUSD,meanrev,24,"[1, 10]",2.0,3.0,-1,1.5,0,ftmo_1step,,7,2.0,2,2.5,True,OOS,816,0.1,1.1,29.7,0.4,68.8,6.0,7.3,5.25,-2.5,98901.0,30.1
s2,XAUUSD,meanrev,24,"[1, 10]",2.0,3.0,-1,1.5,0,ftmo_1step,,7,2.8,2,,False,IS,845,0.5,4.7,67.6,1.4,25.8,4.0,5.2,5.93,-3.07,98683.0,69.0
s2,XAUUSD,meanrev,24,"[1, 10]",2.0,3.0,-1,1.5,0,ftmo_1step,,7,2.8,2,,False,OOS,816,0.2,3.8,70.1,1.2,24.6,6.3,5.2,5.8,-3.1,98617.0,71.3
s2,XAUUSD,meanrev,24,"[1, 10]",2.0,3.0,-1,1.5,0,ftmo_1step,,7,2.8,2,,True,IS,845,0.7,4.5,68.4,1.3,25.1,5.0,5.2,5.94,-3.06,98668.0,69.7
s2,XAUUSD,meanrev,24,"[1, 10]",2.0,3.0,-1,1.5,0,ftmo_1step,,7,2.8,2,,True,OOS,816,0.4,3.9,69.5,1.6,24.6,5.0,5.3,5.87,-3.1,98533.0,71.1
s2,XAUUSD,meanrev,24,"[1, 10]",2.0,3.0,-1,1.5,0,ftmo_1step,,7,2.8,2,2.5,False,IS,845,0.5,5.0,61.8,1.7,31.1,4.0,5.4,6.1,-3.02,98668.0,63.5
s2,XAUUSD,meanrev,24,"[1, 10]",2.0,3.0,-1,1.5,0,ftmo_1step,,7,2.8,2,2.5,False,OOS,816,0.2,3.8,65.6,1.3,29.0,6.3,5.4,5.91,-3.06,98656.0,66.9
s2,XAUUSD,meanrev,24,"[1, 10]",2.0,3.0,-1,1.5,0,ftmo_1step,,7,2.8,2,2.5,True,IS,845,0.7,4.7,62.4,1.9,30.3,5.0,5.4,6.12,-3.01,98645.0,64.3
s2,XAUUSD,meanrev,24,"[1, 10]",2.0,3.0,-1,1.5,0,ftmo_1step,,7,2.8,2,2.5,True,OOS,816,0.4,3.9,64.1,1.8,29.8,5.0,5.5,5.99,-3.05,98560.0,65.9
s2,BTCUSD,long,24,[8],1.0,3.0,23,0.0,0,ftmo_1step,,7,1.5,1,,False,IS,391,17.4,0.0,0.0,15.3,67.3,4.5,6.5,7.04,-1.58,100959.0,15.3
s2,BTCUSD,long,24,[8],1.0,3.0,23,0.0,0,ftmo_1step,,7,1.5,1,,False,OOS,395,13.9,0.0,0.0,20.3,65.8,3.9,6.5,7.36,-1.54,99614.0,20.3
s2,BTCUSD,long,24,[8],1.0,3.0,23,0.0,0,ftmo_1step,,7,1.5,1,,True,IS,391,18.2,0.0,0.0,14.8,67.0,4.5,6.5,7.06,-1.6,100936.0,14.8
s2,BTCUSD,long,24,[8],1.0,3.0,23,0.0,0,ftmo_1step,,7,1.5,1,,True,OOS,395,14.2,0.0,0.0,16.5,69.4,3.8,6.5,7.34,-1.56,99661.0,16.5
s2,BTCUSD,long,24,[8],1.0,3.0,23,0.0,0,ftmo_1step,,7,1.5,1,2.5,False,IS,391,17.4,0.0,0.0,15.3,67.3,4.5,6.5,7.04,-1.58,100959.0,15.3
s2,BTCUSD,long,24,[8],1.0,3.0,23,0.0,0,ftmo_1step,,7,1.5,1,2.5,False,OOS,395,13.9,0.0,0.0,20.3,65.8,3.9,6.5,7.36,-1.54,99614.0,20.3
s2,BTCUSD,long,24,[8],1.0,3.0,23,0.0,0,ftmo_1step,,7,1.5,1,2.5,True,IS,391,18.2,0.0,0.0,14.8,67.0,4.5,6.5,7.06,-1.6,100936.0,14.8
s2,BTCUSD,long,24,[8],1.0,3.0,23,0.0,0,ftmo_1step,,7,1.5,1,2.5,True,OOS,395,14.2,0.0,0.0,16.5,69.4,3.8,6.5,7.34,-1.56,99661.0,16.5
s2,BTCUSD,long,24,[8],1.0,3.0,23,0.0,0,ftmo_1step,,7,2.0,1,,False,IS,391,19.9,6.4,0.0,39.1,34.5,4.5,5.6,8.39,-2.05,101018.0,39.1
s2,BTCUSD,long,24,[8],1.0,3.0,23,0.0,0,ftmo_1step,,7,2.0,1,,False,OOS,395,15.9,5.3,0.0,48.4,30.4,4.7,5.6,8.7,-2.01,99398.0,48.4
s2,BTCUSD,long,24,[8],1.0,3.0,23,0.0,0,ftmo_1step,,7,2.0,1,,True,IS,391,15.9,11.3,0.0,39.6,33.2,4.5,5.5,8.36,-2.08,100945.0,39.6
s2,BTCUSD,long,24,[8],1.0,3.0,23,0.0,0,ftmo_1step,,7,2.0,1,,True,OOS,395,11.1,10.6,0.0,46.3,31.9,4.9,5.5,8.69,-2.03,99314.0,46.3
s2,BTCUSD,long,24,[8],1.0,3.0,23,0.0,0,ftmo_1step,,7,2.0,1,2.5,False,IS,391,19.9,6.4,0.0,39.1,34.5,4.5,5.6,8.39,-2.05,101018.0,39.1
s2,BTCUSD,long,24,[8],1.0,3.0,23,0.0,0,ftmo_1step,,7,2.0,1,2.5,False,OOS,395,15.9,5.3,0.0,48.4,30.4,4.7,5.6,8.7,-2.01,99398.0,48.4
s2,BTCUSD,long,24,[8],1.0,3.0,23,0.0,0,ftmo_1step,,7,2.0,1,2.5,True,IS,391,15.9,11.3,0.0,39.6,33.2,4.5,5.5,8.36,-2.08,100945.0,39.6
s2,BTCUSD,long,24,[8],1.0,3.0,23,0.0,0,ftmo_1step,,7,2.0,1,2.5,True,OOS,395,11.1,10.6,0.0,46.3,31.9,4.9,5.5,8.69,-2.03,99314.0,46.3
s2,BTCUSD,long,24,[8],1.0,3.0,23,0.0,0,ftmo_1step,,7,2.8,1,,False,IS,391,5.4,24.0,14.3,52.4,3.8,4.8,3.6,9.02,-2.8,100985.0,66.7
s2,BTCUSD,long,24,[8],1.0,3.0,23,0.0,0,ftmo_1step,,7,2.8,1,,False,OOS,395,2.5,18.2,2.3,71.6,5.3,4.1,3.8,9.76,-2.77,98569.0,73.9
s2,BTCUSD,long,24,[8],1.0,3.0,23,0.0,0,ftmo_1step,,7,2.8,1,,True,IS,391,2.3,16.9,35.8,43.0,2.0,4.7,3.2,8.4,-2.85,100733.0,78.8
s2,BTCUSD,long,24,[8],1.0,3.0,23,0.0,0,ftmo_1step,,7,2.8,1,,True,OOS,395,1.3,12.7,24.6,58.5,3.0,4.4,3.4,9.13,-2.82,98800.0,83.1
s2,BTCUSD,long,24,[8],1.0,3.0,23,0.0,0,ftmo_1step,,7,2.8,1,2.5,False,IS,391,5.4,24.0,14.3,52.4,3.8,4.8,3.6,9.02,-2.8,100985.0,66.7
s2,BTCUSD,long,24,[8],1.0,3.0,23,0.0,0,ftmo_1step,,7,2.8,1,2.5,False,OOS,395,2.5,18.2,2.3,71.6,5.3,4.1,3.8,9.76,-2.77,98569.0,73.9
s2,BTCUSD,long,24,[8],1.0,3.0,23,0.0,0,ftmo_1step,,7,2.8,1,2.5,True,IS,391,2.3,16.9,35.8,43.0,2.0,4.7,3.2,8.4,-2.85,100733.0,78.8
s2,BTCUSD,long,24,[8],1.0,3.0,23,0.0,0,ftmo_1step,,7,2.8,1,2.5,True,OOS,395,1.3,12.7,24.6,58.5,3.0,4.4,3.4,9.13,-2.82,98800.0,83.1
s2,BTCUSD,long,24,[8],1.0,3.0,-1,1.5,0,ftmo_1step,,7,1.5,1,,False,IS,391,8.2,0.5,0.0,7.4,83.9,4.7,6.8,6.34,-1.61,100782.0,7.4
s2,BTCUSD,long,24,[8],1.0,3.0,-1,1.5,0,ftmo_1step,,7,1.5,1,,False,OOS,395,9.6,0.0,1.3,4.6,84.6,4.4,6.7,6.41,-1.6,99689.0,5.9
s2,BTCUSD,long,24,[8],1.0,3.0,-1,1.5,0,ftmo_1step,,7,1.5,1,,True,IS,391,8.4,0.5,0.0,6.4,84.7,4.7,6.8,6.36,-1.63,100792.0,6.4
s2,BTCUSD,long,24,[8],1.0,3.0,-1,1.5,0,ftmo_1step,,7,1.5,1,,True,OOS,395,10.9,0.0,1.0,2.5,85.6,4.5,6.7,6.38,-1.61,99763.0,3.5
s2,BTCUSD,long,24,[8],1.0,3.0,-1,1.5,0,ftmo_1step,,7,1.5,1,2.5,False,IS,391,8.2,0.5,0.0,7.4,83.9,4.7,6.8,6.34,-1.61,100782.0,7.4
s2,BTCUSD,long,24,[8],1.0,3.0,-1,1.5,0,ftmo_1step,,7,1.5,1,2.5,False,OOS,395,9.6,0.0,1.3,4.6,84.6,4.4,6.7,6.41,-1.6,99689.0,5.9
s2,BTCUSD,long,24,[8],1.0,3.0,-1,1.5,0,ftmo_1step,,7,1.5,1,2.5,True,IS,391,8.4,0.5,0.0,6.4,84.7,4.7,6.8,6.36,-1.63,100792.0,6.4
s2,BTCUSD,long,24,[8],1.0,3.0,-1,1.5,0,ftmo_1step,,7,1.5,1,2.5,True,OOS,395,10.9,0.0,1.0,2.5,85.6,4.5,6.7,6.38,-1.61,99763.0,3.5
s2,BTCUSD,long,24,[8],1.0,3.0,-1,1.5,0,ftmo_1step,,7,2.0,1,,False,IS,391,11.8,6.4,3.6,25.1,53.2,4.6,6.2,7.84,-2.11,101140.0,28.7
s2,BTCUSD,long,24,[8],1.0,3.0,-1,1.5,0,ftmo_1step,,7,2.0,1,,False,OOS,395,11.9,5.3,4.6,28.6,49.6,4.5,6.1,7.93,-2.07,99554.0,33.2
s2,BTCUSD,long,24,[8],1.0,3.0,-1,1.5,0,ftmo_1step,,7,2.0,1,,True,IS,391,9.7,9.0,3.6,26.1,51.7,5.1,6.2,7.87,-2.15,101102.0,29.7
s2,BTCUSD,long,24,[8],1.0,3.0,-1,1.5,0,ftmo_1step,,7,2.0,1,,True,OOS,395,8.9,8.1,5.1,25.6,52.4,4.7,6.1,7.91,-2.09,99556.0,30.7
s2,BTCUSD,long,24,[8],1.0,3.0,-1,1.5,0,ftmo_1step,,7,2.0,1,2.5,False,IS,391,11.8,6.4,3.6,25.1,53.2,4.6,6.2,7.84,-2.11,101140.0,28.7
s2,BTCUSD,long,24,[8],1.0,3.0,-1,1.5,0,ftmo_1step,,7,2.0,1,2.5,False,OOS,395,11.9,5.3,4.6,28.6,49.6,4.5,6.1,7.93,-2.07,99554.0,33.2
s2,BTCUSD,long,24,[8],1.0,3.0,-1,1.5,0,ftmo_1step,,7,2.0,1,2.5,True,IS,391,9.7,9.0,3.6,26.1,51.7,5.1,6.2,7.87,-2.15,101102.0,29.7
s2,BTCUSD,long,24,[8],1.0,3.0,-1,1.5,0,ftmo_1step,,7,2.0,1,2.5,True,OOS,395,8.9,8.1,5.1,25.6,52.4,4.7,6.1,7.91,-2.09,99556.0,30.7
s2,BTCUSD,long,24,[8],1.0,3.0,-1,1.5,0,ftmo_1step,,7,2.8,1,,False,IS,391,5.4,22.3,16.4,44.0,12.0,4.5,4.5,8.77,-2.79,101350.0,60.4
s2,BTCUSD,long,24,[8],1.0,3.0,-1,1.5,0,ftmo_1step,,7,2.8,1,,False,OOS,395,7.6,14.7,10.1,54.7,12.9,4.6,4.7,9.21,-2.76,99521.0,64.8
s2,BTCUSD,long,24,[8],1.0,3.0,-1,1.5,0,ftmo_1step,,7,2.8,1,,True,IS,391,2.3,18.2,37.6,33.5,8.4,4.5,4.1,8.26,-2.85,101226.0,71.1
s2,BTCUSD,long,24,[8],1.0,3.0,-1,1.5,0,ftmo_1step,,7,2.8,1,,True,OOS,395,4.3,13.9,24.3,46.1,11.4,4.8,4.4,8.72,-2.79,99750.0,70.4
s2,BTCUSD,long,24,[8],1.0,3.0,-1,1.5,0,ftmo_1step,,7,2.8,1,2.5,False,IS,391,5.6,22.3,15.9,44.2,12.0,4.6,4.5,8.78,-2.79,101385.0,60.1
s2,BTCUSD,long,24,[8],1.0,3.0,-1,1.5,0,ftmo_1step,,7,2.8,1,2.5,False,OOS,395,7.6,14.7,9.1,55.2,13.4,4.6,4.7,9.24,-2.75,99471.0,64.3
s2,BTCUSD,long,24,[8],1.0,3.0,-1,1.5,0,ftmo_1step,,7,2.8,1,2.5,True,IS,391,2.3,18.2,37.3,33.8,8.4,4.5,4.1,8.28,-2.84,101237.0,71.1
s2,BTCUSD,long,24,[8],1.0,3.0,-1,1.5,0,ftmo_1step,,7,2.8,1,2.5,True,OOS,395,4.3,13.9,23.8,46.3,11.6,4.8,4.4,8.73,-2.79,99729.0,70.1
s2,BTCUSD,long,24,"[8, 13]",1.0,3.0,-1,1.5,0,ftmo_1step,,7,1.5,2,,False,IS,391,5.6,4.6,73.9,2.8,13.0,4.6,5.8,5.43,-2.91,100318.0,76.7
s2,BTCUSD,long,24,"[8, 13]",1.0,3.0,-1,1.5,0,ftmo_1step,,7,1.5,2,,False,OOS,395,4.1,3.5,81.3,3.5,7.6,4.1,5.4,5.63,-2.91,99082.0,84.8
s2,BTCUSD,long,24,"[8, 13]",1.0,3.0,-1,1.5,0,ftmo_1step,,7,1.5,2,,True,IS,391,6.1,3.8,69.8,5.4,14.8,4.6,6.0,5.63,-2.94,100234.0,75.2
s2,BTCUSD,long,24,"[8, 13]",1.0,3.0,-1,1.5,0,ftmo_1step,,7,1.5,2,,True,OOS,395,4.6,3.8,70.6,8.9,12.2,4.1,5.9,5.92,-2.9,99090.0,79.5
s2,BTCUSD,long,24,"[8, 13]",1.0,3.0,-1,1.5,0,ftmo_1step,,7,1.5,2,2.5,False,IS,391,5.6,4.6,72.1,3.8,13.8,4.6,5.8,5.48,-2.9,100277.0,75.9
s2,BTCUSD,long,24,"[8, 13]",1.0,3.0,-1,1.5,0,ftmo_1step,,7,1.5,2,2.5,False,OOS,395,4.1,3.5,81.0,3.5,7.8,4.1,5.4,5.68,-2.91,99029.0,84.5
s2,BTCUSD,long,24,"[8, 13]",1.0,3.0,-1,1.5,0,ftmo_1step,,7,1.5,2,2.5,True,IS,391,6.1,3.8,68.8,5.6,15.6,4.6,6.0,5.66,-2.93,100207.0,74.4
s2,BTCUSD,long,24,"[8, 13]",1.0,3.0,-1,1.5,0,ftmo_1step,,7,1.5,2,2.5,True,OOS,395,5.1,3.8,68.1,9.1,13.9,3.9,6.0,5.99,-2.89,99088.0,77.2
s2,BTCUSD,long,24,"[8, 13]",1.0,3.0,-1,1.5,0,ftmo_1step,,7,2.0,2,,False,IS,391,3.1,10.0,83.9,1.5,1.5,4.5,3.9,5.81,-3.32,99947.0,85.4
s2,BTCUSD,long,24,"[8, 13]",1.0,3.0,-1,1.5,0,ftmo_1step,,7,2.0,2,,False,OOS,395,3.5,6.8,87.6,1.0,1.0,4.2,3.7,5.83,-3.34,99013.0,88.6
s2,BTCUSD,long,24,"[8, 13]",1.0,3.0,-1,1.5,0,ftmo_1step,,7,2.0,2,,True,IS,391,2.8,10.2,84.4,1.8,0.8,4.5,3.9,5.85,-3.34,99917.0,86.2
s2,BTCUSD,long,24,"[8, 13]",1.0,3.0,-1,1.5,0,ftmo_1step,,7,2.0,2,,True,OOS,395,2.8,7.6,87.3,1.5,0.8,4.4,3.6,5.83,-3.3,99022.0,88.8
s2,BTCUSD,long,24,"[8, 13]",1.0,3.0,-1,1.5,0,ftmo_1step,,7,2.0,2,2.5,False,IS,391,3.1,10.0,83.9,1.5,1.5,4.5,3.9,5.82,-3.32,99937.0,85.4
s2,BTCUSD,long,24,"[8, 13]",1.0,3.0,-1,1.5,0,ftmo_1step,,7,2.0,2,2.5,False,OOS,395,3.5,6.8,87.3,1.0,1.3,3.8,3.7,5.85,-3.33,98980.0,88.3
s2,BTCUSD,long,24,"[8, 13]",1.0,3.0,-1,1.5,0,ftmo_1step,,7,2.0,2,2.5,True,IS,391,3.1,10.5,83.1,1.8,1.5,4.5,3.9,5.88,-3.33,99938.0,84.9
s2,BTCUSD,long,24,"[8, 13]",1.0,3.0,-1,1.5,0,ftmo_1step,,7,2.0,2,2.5,True,OOS,395,2.8,7.6,86.8,1.5,1.3,4.4,3.6,5.85,-3.3,98991.0,88.3
s2,BTCUSD,long,24,"[8, 13]",1.0,3.0,-1,1.5,0,ftmo_1step,,7,2.8,2,,False,IS,391,0.5,14.1,81.8,3.6,0.0,4.0,2.9,6.79,-3.75,99784.0,85.4
s2,BTCUSD,long,24,"[8, 13]",1.0,3.0,-1,1.5,0,ftmo_1step,,7,2.8,2,,False,OOS,395,1.0,10.6,83.3,4.3,0.8,2.7,2.8,6.69,-3.81,98964.0,87.6
s2,BTCUSD,long,24,"[8, 13]",1.0,3.0,-1,1.5,0,ftmo_1step,,7,2.8,2,,True,IS,391,0.3,13.6,82.9,3.3,0.0,3.5,2.7,6.65,-3.58,99946.0,86.2
s2,BTCUSD,long,24,"[8, 13]",1.0,3.0,-1,1.5,0,ftmo_1step,,7,2.8,2,,True,OOS,395,0.8,10.4,83.8,4.3,0.8,2.7,2.7,6.62,-3.7,99108.0,88.1
s2,BTCUSD,long,24,"[8, 13]",1.0,3.0,-1,1.5,0,ftmo_1step,,7,2.8,2,2.5,False,IS,391,2.3,21.5,40.4,30.9,4.9,4.8,4.0,8.27,-3.01,100489.0,71.3
s2,BTCUSD,long,24,"[8, 13]",1.0,3.0,-1,1.5,0,ftmo_1step,,7,2.8,2,2.5,False,OOS,395,3.5,16.5,33.2,41.5,5.3,4.5,4.3,8.84,-2.98,99024.0,74.7
s2,BTCUSD,long,24,"[8, 13]",1.0,3.0,-1,1.5,0,ftmo_1step,,7,2.8,2,2.5,True,IS,391,0.8,18.9,52.4,23.5,4.3,5.5,3.8,7.94,-3.03,100514.0,75.9
s2,BTCUSD,long,24,"[8, 13]",1.0,3.0,-1,1.5,0,ftmo_1step,,7,2.8,2,2.5,True,OOS,395,2.8,15.2,40.8,36.2,5.1,4.6,4.2,8.58,-2.99,99300.0,77.0
s2,BTCUSD,momentum,72,[8],1.0,3.0,23,0.0,0,ftmo_1step,,7,1.5,1,,False,IS,391,12.8,0.0,0.0,18.9,68.3,4.6,6.6,7.42,-1.58,100555.0,18.9
s2,BTCUSD,momentum,72,[8],1.0,3.0,23,0.0,0,ftmo_1step,,7,1.5,1,,False,OOS,395,13.7,0.0,0.0,21.3,65.1,4.4,6.4,7.4,-1.55,100392.0,21.3
s2,BTCUSD,momentum,72,[8],1.0,3.0,23,0.0,0,ftmo_1step,,7,1.5,1,,True,IS,391,14.3,0.0,0.0,17.6,68.0,4.6,6.6,7.43,-1.59,100585.0,17.6
s2,BTCUSD,momentum,72,[8],1.0,3.0,23,0.0,0,ftmo_1step,,7,1.5,1,,True,OOS,395,13.7,0.0,0.0,19.5,66.8,4.4,6.5,7.43,-1.57,100417.0,19.5
s2,BTCUSD,momentum,72,[8],1.0,3.0,23,0.0,0,ftmo_1step,,7,1.5,1,2.5,False,IS,391,12.8,0.0,0.0,18.9,68.3,4.6,6.6,7.42,-1.58,100555.0,18.9
s2,BTCUSD,momentum,72,[8],1.0,3.0,23,0.0,0,ftmo_1step,,7,1.5,1,2.5,False,OOS,395,13.7,0.0,0.0,21.3,65.1,4.4,6.4,7.4,-1.55,100392.0,21.3
s2,BTCUSD,momentum,72,[8],1.0,3.0,23,0.0,0,ftmo_1step,,7,1.5,1,2.5,True,IS,391,14.3,0.0,0.0,17.6,68.0,4.6,6.6,7.43,-1.59,100585.0,17.6
s2,BTCUSD,momentum,72,[8],1.0,3.0,23,0.0,0,ftmo_1step,,7,1.5,1,2.5,True,OOS,395,13.7,0.0,0.0,19.5,66.8,4.4,6.5,7.43,-1.57,100417.0,19.5
s2,BTCUSD,momentum,72,[8],1.0,3.0,23,0.0,0,ftmo_1step,,7,2.0,1,,False,IS,391,18.4,5.9,0.0,47.6,28.1,4.7,5.5,8.64,-2.04,100635.0,47.6
s2,BTCUSD,momentum,72,[8],1.0,3.0,23,0.0,0,ftmo_1step,,7,2.0,1,,False,OOS,395,12.7,7.6,0.0,47.3,32.4,4.7,5.4,8.68,-2.0,100269.0,47.3
s2,BTCUSD,momentum,72,[8],1.0,3.0,23,0.0,0,ftmo_1step,,7,2.0,1,,True,IS,391,16.1,9.5,0.0,48.1,26.3,4.9,5.4,8.62,-2.07,100649.0,48.1
s2,BTCUSD,momentum,72,[8],1.0,3.0,23,0.0,0,ftmo_1step,,7,2.0,1,,True,OOS,395,8.1,14.9,0.0,46.1,30.9,4.9,5.3,8.57,-2.04,100268.0,46.1
s2,BTCUSD,momentum,72,[8],1.0,3.0,23,0.0,0,ftmo_1step,,7,2.0,1,2.5,False,IS,391,18.4,5.9,0.0,47.6,28.1,4.7,5.5,8.64,-2.04,100635.0,47.6
s2,BTCUSD,momentum,72,[8],1.0,3.0,23,0.0,0,ftmo_1step,,7,2.0,1,2.5,False,OOS,395,12.7,7.6,0.0,47.3,32.4,4.7,5.4,8.68,-2.0,100269.0,47.3
s2,BTCUSD,momentum,72,[8],1.0,3.0,23,0.0,0,ftmo_1step,,7,2.0,1,2.5,True,IS,391,16.1,9.5,0.0,48.1,26.3,4.9,5.4,8.62,-2.07,100649.0,48.1
s2,BTCUSD,momentum,72,[8],1.0,3.0,23,0.0,0,ftmo_1step,,7,2.0,1,2.5,True,OOS,395,8.1,14.9,0.0,46.1,30.9,4.9,5.3,8.57,-2.04,100268.0,46.1
s2,BTCUSD,momentum,72,[8],1.0,3.0,23,0.0,0,ftmo_1step,,7,2.8,1,,False,IS,391,6.6,19.7,12.5,59.6,1.5,4.9,3.5,9.17,-2.77,100690.0,72.1
s2,BTCUSD,momentum,72,[8],1.0,3.0,23,0.0,0,ftmo_1step,,7,2.8,1,,False,OOS,395,3.3,22.8,1.5,69.1,3.3,5.6,3.6,9.58,-2.77,100270.0,70.6
s2,BTCUSD,momentum,72,[8],1.0,3.0,23,0.0,0,ftmo_1step,,7,2.8,1,,True,IS,391,2.3,14.6,34.8,46.8,1.5,4.3,3.2,8.65,-2.82,100547.0,81.6
s2,BTCUSD,momentum,72,[8],1.0,3.0,23,0.0,0,ftmo_1step,,7,2.8,1,,True,OOS,395,0.5,16.5,30.4,49.9,2.8,4.5,3.2,8.86,-2.83,100399.0,80.3
s2,BTCUSD,momentum,72,[8],1.0,3.0,23,0.0,0,ftmo_1step,,7,2.8,1,2.5,False,IS,391,6.6,19.7,12.5,59.6,1.5,4.9,3.5,9.17,-2.77,100690.0,72.1
s2,BTCUSD,momentum,72,[8],1.0,3.0,23,0.0,0,ftmo_1step,,7,2.8,1,2.5,False,OOS,395,3.3,22.8,1.5,69.1,3.3,5.6,3.6,9.58,-2.77,100270.0,70.6
s2,BTCUSD,momentum,72,[8],1.0,3.0,23,0.0,0,ftmo_1step,,7,2.8,1,2.5,True,IS,391,2.3,14.6,34.8,46.8,1.5,4.3,3.2,8.65,-2.82,100547.0,81.6
s2,BTCUSD,momentum,72,[8],1.0,3.0,23,0.0,0,ftmo_1step,,7,2.8,1,2.5,True,OOS,395,0.5,16.5,30.4,49.9,2.8,4.5,3.2,8.86,-2.83,100399.0,80.3
s2,BTCUSD,momentum,72,"[8, 13]",1.0,3.0,23,0.0,0,ftmo_1step,,7,1.5,2,,False,IS,391,6.1,2.0,86.7,1.8,3.3,3.8,4.2,5.18,-2.94,99910.0,88.5
s2,BTCUSD,momentum,72,"[8, 13]",1.0,3.0,23,0.0,0,ftmo_1step,,7,1.5,2,,False,OOS,395,12.2,4.3,81.3,1.0,1.3,3.6,4.0,5.23,-2.86,100496.0,82.3
s2,BTCUSD,momentum,72,"[8, 13]",1.0,3.0,23,0.0,0,ftmo_1step,,7,1.5,2,,True,IS,391,6.6,2.3,80.1,6.1,4.9,3.8,4.6,5.45,-2.96,99801.0,86.2
s2,BTCUSD,momentum,72,"[8, 13]",1.0,3.0,23,0.0,0,ftmo_1step,,7,1.5,2,,True,OOS,395,11.6,4.8,73.2,7.1,3.3,3.5,4.3,5.51,-2.87,100466.0,80.3
s2,BTCUSD,momentum,72,"[8, 13]",1.0,3.0,23,0.0,0,ftmo_1step,,7,1.5,2,2.5,False,IS,391,6.1,2.0,86.7,1.8,3.3,3.8,4.2,5.18,-2.94,99910.0,88.5
s2,BTCUSD,momentum,72,"[8, 13]",1.0,3.0,23,0.0,0,ftmo_1step,,7,1.5,2,2.5,False,OOS,395,12.2,4.3,81.3,1.0,1.3,3.6,4.0,5.23,-2.86,100496.0,82.3
s2,BTCUSD,momentum,72,"[8, 13]",1.0,3.0,23,0.0,0,ftmo_1step,,7,1.5,2,2.5,True,IS,391,6.6,2.3,80.1,6.1,4.9,3.8,4.6,5.45,-2.96,99801.0,86.2
s2,BTCUSD,momentum,72,"[8, 13]",1.0,3.0,23,0.0,0,ftmo_1step,,7,1.5,2,2.5,True,OOS,395,11.6,4.8,73.2,7.1,3.3,3.5,4.3,5.51,-2.87,100466.0,80.3
s2,BTCUSD,momentum,72,"[8, 13]",1.0,3.0,23,0.0,0,ftmo_1step,,7,2.0,2,,False,IS,391,6.4,6.1,81.3,5.9,0.3,3.6,3.4,6.13,-3.32,99658.0,87.2
s2,BTCUSD,momentum,72,"[8, 13]",1.0,3.0,23,0.0,0,ftmo_1step,,7,2.0,2,,False,OOS,395,6.3,8.9,78.7,5.8,0.3,3.6,3.2,6.1,-3.26,99966.0,84.5
s2,BTCUSD,momentum,72,"[8, 13]",1.0,3.0,23,0.0,0,ftmo_1step,,7,2.0,2,,True,IS,391,4.1,10.2,80.1,5.1,0.5,3.7,3.3,6.13,-3.3,99692.0,85.2
s2,BTCUSD,momentum,72,"[8, 13]",1.0,3.0,23,0.0,0,ftmo_1step,,7,2.0,2,,True,OOS,395,3.8,12.7,77.2,6.1,0.3,3.7,3.1,6.08,-3.22,99891.0,83.3
s2,BTCUSD,momentum,72,"[8, 13]",1.0,3.0,23,0.0,0,ftmo_1step,,7,2.0,2,2.5,False,IS,391,6.4,6.1,80.6,6.6,0.3,3.6,3.4,6.19,-3.3,99663.0,87.2
s2,BTCUSD,momentum,72,"[8, 13]",1.0,3.0,23,0.0,0,ftmo_1step,,7,2.0,2,2.5,False,OOS,395,6.3,8.9,78.7,5.8,0.3,3.6,3.2,6.1,-3.26,99966.0,84.5
s2,BTCUSD,momentum,72,"[8, 13]",1.0,3.0,23,0.0,0,ftmo_1step,,7,2.0,2,2.5,True,IS,391,4.1,10.2,79.3,5.9,0.5,3.7,3.4,6.2,-3.28,99697.0,85.2
s2,BTCUSD,momentum,72,"[8, 13]",1.0,3.0,23,0.0,0,ftmo_1step,,7,2.0,2,2.5,True,OOS,395,3.8,12.7,77.2,6.1,0.3,3.7,3.1,6.08,-3.22,99891.0,83.3
s2,BTCUSD,momentum,72,"[8, 13]",1.0,3.0,23,0.0,0,ftmo_1step,,7,2.8,2,,False,IS,391,0.8,12.8,69.8,16.6,0.0,2.8,2.6,7.21,-3.65,99626.0,86.4
s2,BTCUSD,momentum,72,"[8, 13]",1.0,3.0,23,0.0,0,ftmo_1step,,7,2.8,2,,False,OOS,395,0.3,15.9,66.1,17.7,0.0,4.9,2.6,7.15,-3.58,100044.0,83.8
s2,BTCUSD,momentum,72,"[8, 13]",1.0,3.0,23,0.0,0,ftmo_1step,,7,2.8,2,,True,IS,391,0.5,10.7,75.4,13.3,0.0,3.2,2.4,7.07,-3.52,99660.0,88.7
s2,BTCUSD,momentum,72,"[8, 13]",1.0,3.0,23,0.0,0,ftmo_1step,,7,2.8,2,,True,OOS,395,0.3,14.2,71.9,13.7,0.0,4.9,2.4,7.0,-3.47,100172.0,85.6
s2,BTCUSD,momentum,72,"[8, 13]",1.0,3.0,23,0.0,0,ftmo_1step,,7,2.8,2,2.5,False,IS,391,5.6,18.4,16.4,58.1,1.5,4.7,3.6,9.12,-2.79,100240.0,74.5
s2,BTCUSD,momentum,72,"[8, 13]",1.0,3.0,23,0.0,0,ftmo_1step,,7,2.8,2,2.5,False,OOS,395,3.3,24.3,3.5,65.3,3.5,5.5,3.8,9.44,-2.74,100497.0,68.8
s2,BTCUSD,momentum,72,"[8, 13]",1.0,3.0,23,0.0,0,ftmo_1step,,7,2.8,2,2.5,True,IS,391,1.8,15.1,34.3,47.3,1.5,4.7,3.4,8.68,-2.83,100101.0,81.6
s2,BTCUSD,momentum,72,"[8, 13]",1.0,3.0,23,0.0,0,ftmo_1step,,7,2.8,2,2.5,True,OOS,395,1.5,19.5,28.9,47.8,2.3,4.9,3.4,8.81,-2.79,100723.0,76.7
s2,BTCUSD,momentum,72,"[8, 13]",1.0,3.0,-1,1.5,0,ftmo_1step,,7,1.5,2,,False,IS,391,6.6,0.8,75.4,5.1,12.0,4.5,5.9,5.81,-2.94,99283.0,80.5
s2,BTCUSD,momentum,72,"[8, 13]",1.0,3.0,-1,1.5,0,ftmo_1step,,7,1.5,2,,False,OOS,395,5.6,5.1,70.9,5.1,13.4,3.5,6.0,5.8,-2.82,99791.0,76.0
s2,BTCUSD,momentum,72,"[8, 13]",1.0,3.0,-1,1.5,0,ftmo_1step,,7,1.5,2,,True,IS,391,7.7,1.0,68.5,7.9,14.8,4.5,6.1,5.95,-2.93,99281.0,76.4
s2,BTCUSD,momentum,72,"[8, 13]",1.0,3.0,-1,1.5,0,ftmo_1step,,7,1.5,2,,True,OOS,395,5.8,5.6,59.0,12.7,17.0,3.5,6.4,6.02,-2.81,99824.0,71.7
s2,BTCUSD,momentum,72,"[8, 13]",1.0,3.0,-1,1.5,0,ftmo_1step,,7,1.5,2,2.5,False,IS,391,6.6,0.8,73.1,5.9,13.6,4.5,5.9,5.87,-2.92,99229.0,79.0
s2,BTCUSD,momentum,72,"[8, 13]",1.0,3.0,-1,1.5,0,ftmo_1step,,7,1.5,2,2.5,False,OOS,395,5.6,5.1,70.9,5.1,13.4,3.5,6.0,5.84,-2.82,99748.0,76.0
s2,BTCUSD,momentum,72,"[8, 13]",1.0,3.0,-1,1.5,0,ftmo_1step,,7,1.5,2,2.5,True,IS,391,7.7,1.0,66.8,8.4,16.1,4.5,6.1,5.98,-2.92,99245.0,75.2
s2,BTCUSD,momentum,72,"[8, 13]",1.0,3.0,-1,1.5,0,ftmo_1step,,7,1.5,2,2.5,True,OOS,395,6.3,5.6,58.5,12.7,17.0,3.5,6.4,6.07,-2.8,99797.0,71.2
s2,BTCUSD,momentum,72,"[8, 13]",1.0,3.0,-1,1.5,0,ftmo_1step,,7,2.0,2,,False,IS,391,5.4,5.1,85.2,3.1,1.3,4.5,4.0,6.01,-3.33,99366.0,88.3
s2,BTCUSD,momentum,72,"[8, 13]",1.0,3.0,-1,1.5,0,ftmo_1step,,7,2.0,2,,False,OOS,395,3.0,10.1,80.8,3.8,2.3,3.8,4.1,6.08,-3.24,99545.0,84.6
s2,BTCUSD,momentum,72,"[8, 13]",1.0,3.0,-1,1.5,0,ftmo_1step,,7,2.0,2,,True,IS,391,3.3,6.9,85.2,3.3,1.3,4.6,3.9,6.03,-3.31,99288.0,88.5
s2,BTCUSD,momentum,72,"[8, 13]",1.0,3.0,-1,1.5,0,ftmo_1step,,7,2.0,2,,True,OOS,395,2.5,10.9,81.3,3.0,2.3,4.1,4.1,6.07,-3.23,99627.0,84.3
s2,BTCUSD,momentum,72,"[8, 13]",1.0,3.0,-1,1.5,0,ftmo_1step,,7,2.0,2,2.5,False,IS,391,5.6,5.1,84.7,3.3,1.3,4.6,4.0,6.03,-3.31,99406.0,88.0
s2,BTCUSD,momentum,72,"[8, 13]",1.0,3.0,-1,1.5,0,ftmo_1step,,7,2.0,2,2.5,False,OOS,395,3.0,10.1,80.8,3.8,2.3,3.8,4.1,6.1,-3.24,99531.0,84.6
s2,BTCUSD,momentum,72,"[8, 13]",1.0,3.0,-1,1.5,0,ftmo_1step,,7,2.0,2,2.5,True,IS,391,3.6,6.9,84.7,3.6,1.3,5.1,4.0,6.06,-3.3,99305.0,88.3
s2,BTCUSD,momentum,72,"[8, 13]",1.0,3.0,-1,1.5,0,ftmo_1step,,7,2.0,2,2.5,True,OOS,395,2.5,10.9,81.3,3.0,2.3,4.1,4.1,6.09,-3.23,99613.0,84.3
s2,BTCUSD,momentum,72,"[8, 13]",1.0,3.0,-1,1.5,0,ftmo_1step,,7,2.8,2,,False,IS,391,0.3,11.0,82.6,6.1,0.0,2.5,2.9,6.87,-3.72,99123.0,88.7
s2,BTCUSD,momentum,72,"[8, 13]",1.0,3.0,-1,1.5,0,ftmo_1step,,7,2.8,2,,False,OOS,395,0.8,14.4,78.2,6.1,0.5,2.6,3.0,6.74,-3.57,99934.0,84.3
s2,BTCUSD,momentum,72,"[8, 13]",1.0,3.0,-1,1.5,0,ftmo_1step,,7,2.8,2,,True,IS,391,0.0,11.0,82.9,6.1,0.0,,2.8,6.78,-3.6,99231.0,89.0
s2,BTCUSD,momentum,72,"[8, 13]",1.0,3.0,-1,1.5,0,ftmo_1step,,7,2.8,2,,True,OOS,395,1.0,13.2,79.2,6.1,0.5,2.8,2.9,6.69,-3.49,99981.0,85.3
s2,BTCUSD,momentum,72,"[8, 13]",1.0,3.0,-1,1.5,0,ftmo_1step,,7,2.8,2,2.5,False,IS,391,2.8,14.3,44.5,34.8,3.6,5.5,4.0,8.5,-3.07,99125.0,79.3
s2,BTCUSD,momentum,72,"[8, 13]",1.0,3.0,-1,1.5,0,ftmo_1step,,7,2.8,2,2.5,False,OOS,395,3.8,20.5,30.9,38.2,6.6,5.6,4.5,8.71,-2.94,100500.0,69.1
s2,BTCUSD,momentum,72,"[8, 13]",1.0,3.0,-1,1.5,0,ftmo_1step,,7,2.8,2,2.5,True,IS,391,1.8,13.6,51.7,29.7,3.3,5.5,3.9,8.18,-3.05,99328.0,81.4
s2,BTCUSD,momentum,72,"[8, 13]",1.0,3.0,-1,1.5,0,ftmo_1step,,7,2.8,2,2.5,True,OOS,395,3.0,18.0,41.8,32.2,5.1,5.2,4.2,8.39,-2.96,100600.0,74.0
s2,BTCUSD,momentum,72,[8],1.0,3.0,-1,1.5,0,ftmo_1step,,7,1.5,1,,False,IS,391,5.6,0.0,0.0,7.7,86.7,5.4,6.9,6.59,-1.62,100118.0,7.7
s2,BTCUSD,momentum,72,[8],1.0,3.0,-1,1.5,0,ftmo_1step,,7,1.5,1,,False,OOS,395,6.1,0.0,0.0,4.3,89.6,3.8,6.8,6.38,-1.56,100236.0,4.3
s2,BTCUSD,momentum,72,[8],1.0,3.0,-1,1.5,0,ftmo_1step,,7,1.5,1,,True,IS,391,6.4,0.0,0.0,6.9,86.7,5.4,6.8,6.59,-1.63,100137.0,6.9
s2,BTCUSD,momentum,72,[8],1.0,3.0,-1,1.5,0,ftmo_1step,,7,1.5,1,,True,OOS,395,6.8,0.0,0.0,3.0,90.1,3.9,6.8,6.38,-1.57,100251.0,3.0
s2,BTCUSD,momentum,72,[8],1.0,3.0,-1,1.5,0,ftmo_1step,,7,1.5,1,2.5,False,IS,391,5.6,0.0,0.0,7.7,86.7,5.4,6.9,6.59,-1.62,100118.0,7.7
s2,BTCUSD,momentum,72,[8],1.0,3.0,-1,1.5,0,ftmo_1step,,7,1.5,1,2.5,False,OOS,395,6.1,0.0,0.0,4.3,89.6,3.8,6.8,6.38,-1.56,100236.0,4.3
s2,BTCUSD,momentum,72,[8],1.0,3.0,-1,1.5,0,ftmo_1step,,7,1.5,1,2.5,True,IS,391,6.4,0.0,0.0,6.9,86.7,5.4,6.8,6.59,-1.63,100137.0,6.9
s2,BTCUSD,momentum,72,[8],1.0,3.0,-1,1.5,0,ftmo_1step,,7,1.5,1,2.5,True,OOS,395,6.8,0.0,0.0,3.0,90.1,3.9,6.8,6.38,-1.57,100251.0,3.0
s2,BTCUSD,momentum,72,[8],1.0,3.0,-1,1.5,0,ftmo_1step,,7,2.0,1,,False,IS,391,9.5,3.6,3.3,30.9,52.7,5.5,6.2,8.17,-2.11,100148.0,34.2
s2,BTCUSD,momentum,72,[8],1.0,3.0,-1,1.5,0,ftmo_1step,,7,2.0,1,,False,OOS,395,8.1,5.1,2.5,29.6,54.7,5.1,6.2,7.97,-2.04,100086.0,32.1
s2,BTCUSD,momentum,72,[8],1.0,3.0,-1,1.5,0,ftmo_1step,,7,2.0,1,,True,IS,391,7.9,6.6,3.3,30.7,51.4,5.5,6.2,8.17,-2.14,100167.0,34.0
s2,BTCUSD,momentum,72,[8],1.0,3.0,-1,1.5,0,ftmo_1step,,7,2.0,1,,True,OOS,395,6.1,7.8,1.8,28.6,55.7,5.5,6.2,7.98,-2.06,100069.0,30.4
s2,BTCUSD,momentum,72,[8],1.0,3.0,-1,1.5,0,ftmo_1step,,7,2.0,1,2.5,False,IS,391,9.5,3.6,3.3,30.9,52.7,5.5,6.2,8.17,-2.11,100148.0,34.2
s2,BTCUSD,momentum,72,[8],1.0,3.0,-1,1.5,0,ftmo_1step,,7,2.0,1,2.5,False,OOS,395,8.1,5.1,2.5,29.6,54.7,5.1,6.2,7.97,-2.04,100086.0,32.1
s2,BTCUSD,momentum,72,[8],1.0,3.0,-1,1.5,0,ftmo_1step,,7,2.0,1,2.5,True,IS,391,7.9,6.6,3.3,30.7,51.4,5.5,6.2,8.17,-2.14,100167.0,34.0
s2,BTCUSD,momentum,72,[8],1.0,3.0,-1,1.5,0,ftmo_1step,,7,2.0,1,2.5,True,OOS,395,6.1,7.8,1.8,28.6,55.7,5.5,6.2,7.98,-2.06,100069.0,30.4
s2,BTCUSD,momentum,72,[8],1.0,3.0,-1,1.5,0,ftmo_1step,,7,2.8,1,,False,IS,391,5.6,15.6,17.4,51.2,10.2,4.6,4.4,8.92,-2.79,100264.0,68.6
s2,BTCUSD,momentum,72,[8],1.0,3.0,-1,1.5,0,ftmo_1step,,7,2.8,1,,False,OOS,395,6.3,18.0,5.6,53.9,16.2,5.6,4.9,9.2,-2.73,100696.0,59.5
s2,BTCUSD,momentum,72,[8],1.0,3.0,-1,1.5,0,ftmo_1step,,7,2.8,1,,True,IS,391,2.8,14.1,33.5,41.7,7.9,5.5,4.1,8.5,-2.82,100489.0,75.2
s2,BTCUSD,momentum,72,[8],1.0,3.0,-1,1.5,0,ftmo_1step,,7,2.8,1,,True,OOS,395,3.0,16.5,26.8,41.3,12.4,6.1,4.5,8.68,-2.78,100829.0,68.1
s2,BTCUSD,momentum,72,[8],1.0,3.0,-1,1.5,0,ftmo_1step,,7,2.8,1,2.5,False,IS,391,5.9,15.6,16.9,51.4,10.2,4.6,4.4,8.94,-2.78,100300.0,68.3
s2,BTCUSD,momentum,72,[8],1.0,3.0,-1,1.5,0,ftmo_1step,,7,2.8,1,2.5,False,OOS,395,6.3,18.0,5.6,53.9,16.2,5.6,4.9,9.2,-2.73,100696.0,59.5
s2,BTCUSD,momentum,72,[8],1.0,3.0,-1,1.5,0,ftmo_1step,,7,2.8,1,2.5,True,IS,391,2.8,14.1,33.2,41.9,7.9,5.5,4.1,8.51,-2.82,100500.0,75.1
s2,BTCUSD,momentum,72,[8],1.0,3.0,-1,1.5,0,ftmo_1step,,7,2.8,1,2.5,True,OOS,395,3.0,16.5,26.8,41.3,12.4,6.1,4.5,8.68,-2.78,100829.0,68.1
s2,BTCUSD,momentum,72,[8],2.0,3.0,23,0.0,0,ftmo_1step,,7,1.5,1,,False,IS,391,6.9,0.0,0.0,1.0,92.1,5.7,6.9,5.67,-1.53,100997.0,1.0
s2,BTCUSD,momentum,72,[8],2.0,3.0,23,0.0,0,ftmo_1step,,7,1.5,1,,False,OOS,395,5.8,0.0,0.0,1.8,92.4,3.9,6.8,5.84,-1.51,100265.0,1.8
s2,BTCUSD,momentum,72,[8],2.0,3.0,23,0.0,0,ftmo_1step,,7,1.5,1,,True,IS,391,7.7,0.0,0.0,1.0,91.3,5.7,6.9,5.67,-1.56,100993.0,1.0
s2,BTCUSD,momentum,72,[8],2.0,3.0,23,0.0,0,ftmo_1step,,7,1.5,1,,True,OOS,395,5.8,0.0,0.0,1.3,92.9,3.9,6.8,5.85,-1.53,100249.0,1.3
s2,BTCUSD,momentum,72,[8],2.0,3.0,23,0.0,0,ftmo_1step,,7,1.5,1,2.5,False,IS,391,6.9,0.0,0.0,1.0,92.1,5.7,6.9,5.67,-1.53,100997.0,1.0
s2,BTCUSD,momentum,72,[8],2.0,3.0,23,0.0,0,ftmo_1step,,7,1.5,1,2.5,False,OOS,395,5.8,0.0,0.0,1.8,92.4,3.9,6.8,5.84,-1.51,100265.0,1.8
s2,BTCUSD,momentum,72,[8],2.0,3.0,23,0.0,0,ftmo_1step,,7,1.5,1,2.5,True,IS,391,7.7,0.0,0.0,1.0,91.3,5.7,6.9,5.67,-1.56,100993.0,1.0
s2,BTCUSD,momentum,72,[8],2.0,3.0,23,0.0,0,ftmo_1step,,7,1.5,1,2.5,True,OOS,395,5.8,0.0,0.0,1.3,92.9,3.9,6.8,5.85,-1.53,100249.0,1.3
s2,BTCUSD,momentum,72,[8],2.0,3.0,23,0.0,0,ftmo_1step,,7,2.0,1,,False,IS,391,14.1,1.8,0.0,18.9,65.2,4.9,6.5,7.3,-2.02,101023.0,18.9
s2,BTCUSD,momentum,72,[8],2.0,3.0,23,0.0,0,ftmo_1step,,7,2.0,1,,False,OOS,395,9.6,2.8,0.0,21.0,66.6,5.7,6.5,7.48,-1.99,100189.0,21.0
s2,BTCUSD,momentum,72,[8],2.0,3.0,23,0.0,0,ftmo_1step,,7,2.0,1,,True,IS,391,12.5,3.3,0.0,17.9,66.2,5.6,6.5,7.33,-2.06,100977.0,17.9
s2,BTCUSD,momentum,72,[8],2.0,3.0,23,0.0,0,ftmo_1step,,7,2.0,1,,True,OOS,395,9.1,3.8,0.0,19.2,67.8,5.8,6.5,7.5,-2.03,100302.0,19.2
s2,BTCUSD,momentum,72,[8],2.0,3.0,23,0.0,0,ftmo_1step,,7,2.0,1,2.5,False,IS,391,14.1,1.8,0.0,18.9,65.2,4.9,6.5,7.3,-2.02,101023.0,18.9
s2,BTCUSD,momentum,72,[8],2.0,3.0,23,0.0,0,ftmo_1step,,7,2.0,1,2.5,False,OOS,395,9.6,2.8,0.0,21.0,66.6,5.7,6.5,7.48,-1.99,100189.0,21.0
s2,BTCUSD,momentum,72,[8],2.0,3.0,23,0.0,0,ftmo_1step,,7,2.0,1,2.5,True,IS,391,12.5,3.3,0.0,17.9,66.2,5.6,6.5,7.33,-2.06,100977.0,17.9
s2,BTCUSD,momentum,72,[8],2.0,3.0,23,0.0,0,ftmo_1step,,7,2.0,1,2.5,True,OOS,395,9.1,3.8,0.0,19.2,67.8,5.8,6.5,7.5,-2.03,100302.0,19.2
s2,BTCUSD,momentum,72,[8],2.0,3.0,23,0.0,0,ftmo_1step,,7,2.8,1,,False,IS,391,9.7,15.6,7.4,40.7,26.6,5.7,5.1,8.62,-2.72,100956.0,48.1
s2,BTCUSD,momentum,72,[8],2.0,3.0,23,0.0,0,ftmo_1step,,7,2.8,1,,False,OOS,395,8.6,11.9,1.0,54.4,24.1,5.3,5.2,8.93,-2.74,99749.0,55.4
s2,BTCUSD,momentum,72,[8],2.0,3.0,23,0.0,0,ftmo_1step,,7,2.8,1,,True,IS,391,5.6,14.6,25.6,34.5,19.7,5.6,4.7,8.17,-2.78,100951.0,60.1
s2,BTCUSD,momentum,72,[8],2.0,3.0,23,0.0,0,ftmo_1step,,7,2.8,1,,True,OOS,395,7.6,10.9,19.2,42.3,20.0,5.3,4.8,8.35,-2.79,100251.0,61.5
s2,BTCUSD,momentum,72,[8],2.0,3.0,23,0.0,0,ftmo_1step,,7,2.8,1,2.5,False,IS,391,9.7,15.6,7.4,40.7,26.6,5.7,5.1,8.62,-2.72,100956.0,48.1
s2,BTCUSD,momentum,72,[8],2.0,3.0,23,0.0,0,ftmo_1step,,7,2.8,1,2.5,False,OOS,395,8.6,11.9,1.0,54.4,24.1,5.3,5.2,8.93,-2.74,99749.0,55.4
s2,BTCUSD,momentum,72,[8],2.0,3.0,23,0.0,0,ftmo_1step,,7,2.8,1,2.5,True,IS,391,5.6,14.6,25.6,34.5,19.7,5.6,4.7,8.17,-2.78,100951.0,60.1
s2,BTCUSD,momentum,72,[8],2.0,3.0,23,0.0,0,ftmo_1step,,7,2.8,1,2.5,True,OOS,395,7.6,10.9,19.2,42.3,20.0,5.3,4.8,8.35,-2.79,100251.0,61.5
s2,BTCUSD,momentum,72,"[8, 13]",2.0,3.0,23,0.0,0,ftmo_1step,,7,1.5,2,,False,IS,391,6.6,1.3,50.6,2.0,39.4,4.9,6.3,5.42,-2.51,100109.0,52.6
s2,BTCUSD,momentum,72,"[8, 13]",2.0,3.0,23,0.0,0,ftmo_1step,,7,1.5,2,,False,OOS,395,7.3,0.3,43.5,2.8,46.1,4.9,6.8,5.48,-2.42,100245.0,46.3
s2,BTCUSD,momentum,72,"[8, 13]",2.0,3.0,23,0.0,0,ftmo_1step,,7,1.5,2,,True,IS,391,7.2,1.3,42.2,3.6,45.8,5.2,6.7,5.59,-2.52,100190.0,45.8
s2,BTCUSD,momentum,72,"[8, 13]",2.0,3.0,23,0.0,0,ftmo_1step,,7,1.5,2,,True,OOS,395,7.6,0.5,27.1,5.6,59.2,4.9,7.5,5.9,-2.41,100130.0,32.7
s2,BTCUSD,momentum,72,"[8, 13]",2.0,3.0,23,0.0,0,ftmo_1step,,7,1.5,2,2.5,False,IS,391,6.6,1.3,50.6,2.0,39.4,4.9,6.3,5.42,-2.51,100109.0,52.6
s2,BTCUSD,momentum,72,"[8, 13]",2.0,3.0,23,0.0,0,ftmo_1step,,7,1.5,2,2.5,False,OOS,395,7.3,0.3,43.5,2.8,46.1,4.9,6.8,5.48,-2.42,100245.0,46.3
s2,BTCUSD,momentum,72,"[8, 13]",2.0,3.0,23,0.0,0,ftmo_1step,,7,1.5,2,2.5,True,IS,391,7.2,1.3,42.2,3.6,45.8,5.2,6.7,5.59,-2.52,100190.0,45.8
s2,BTCUSD,momentum,72,"[8, 13]",2.0,3.0,23,0.0,0,ftmo_1step,,7,1.5,2,2.5,True,OOS,395,7.6,0.5,27.1,5.6,59.2,4.9,7.5,5.9,-2.41,100130.0,32.7
s2,BTCUSD,momentum,72,"[8, 13]",2.0,3.0,23,0.0,0,ftmo_1step,,7,2.0,2,,False,IS,391,10.5,4.1,60.6,7.9,16.9,4.8,5.0,6.14,-2.91,100212.0,68.5
s2,BTCUSD,momentum,72,"[8, 13]",2.0,3.0,23,0.0,0,ftmo_1step,,7,2.0,2,,False,OOS,395,6.6,4.6,59.7,6.8,22.3,5.3,5.5,6.29,-2.86,100050.0,66.5
s2,BTCUSD,momentum,72,"[8, 13]",2.0,3.0,23,0.0,0,ftmo_1step,,7,2.0,2,,True,IS,391,9.0,5.4,61.4,7.4,16.9,4.8,5.1,6.18,-2.93,100218.0,68.8
s2,BTCUSD,momentum,72,"[8, 13]",2.0,3.0,23,0.0,0,ftmo_1step,,7,2.0,2,,True,OOS,395,6.6,5.6,57.2,7.3,23.3,5.3,5.5,6.32,-2.86,100273.0,64.5
s2,BTCUSD,momentum,72,"[8, 13]",2.0,3.0,23,0.0,0,ftmo_1step,,7,2.0,2,2.5,False,IS,391,10.5,4.1,60.6,7.9,16.9,4.8,5.0,6.14,-2.91,100212.0,68.5
s2,BTCUSD,momentum,72,"[8, 13]",2.0,3.0,23,0.0,0,ftmo_1step,,7,2.0,2,2.5,False,OOS,395,6.6,4.6,59.7,6.8,22.3,5.3,5.5,6.29,-2.86,100050.0,66.5
s2,BTCUSD,momentum,72,"[8, 13]",2.0,3.0,23,0.0,0,ftmo_1step,,7,2.0,2,2.5,True,IS,391,9.0,5.4,61.1,7.4,17.1,4.8,5.1,6.19,-2.93,100211.0,68.5
s2,BTCUSD,momentum,72,"[8, 13]",2.0,3.0,23,0.0,0,ftmo_1step,,7,2.0,2,2.5,True,OOS,395,6.6,5.6,57.2,7.3,23.3,5.3,5.5,6.32,-2.86,100273.0,64.5
s2,BTCUSD,momentum,72,"[8, 13]",2.0,3.0,23,0.0,0,ftmo_1step,,7,2.8,2,,False,IS,391,4.3,15.6,58.8,16.1,5.1,4.9,3.9,7.04,-3.22,100328.0,74.9
s2,BTCUSD,momentum,72,"[8, 13]",2.0,3.0,23,0.0,0,ftmo_1step,,7,2.8,2,,False,OOS,395,3.3,9.9,63.5,19.0,4.3,4.9,4.0,7.15,-3.19,99394.0,82.5
s2,BTCUSD,momentum,72,"[8, 13]",2.0,3.0,23,0.0,0,ftmo_1step,,7,2.8,2,,True,IS,391,2.6,14.6,64.5,14.3,4.1,4.2,3.7,6.9,-3.2,100298.0,78.8
s2,BTCUSD,momentum,72,"[8, 13]",2.0,3.0,23,0.0,0,ftmo_1step,,7,2.8,2,,True,OOS,395,4.1,9.4,67.8,15.7,3.0,4.9,3.8,6.92,-3.15,99734.0,83.5
s2,BTCUSD,momentum,72,"[8, 13]",2.0,3.0,23,0.0,0,ftmo_1step,,7,2.8,2,2.5,False,IS,391,9.0,16.9,17.4,35.3,21.5,5.7,5.0,8.34,-2.75,101022.0,52.7
s2,BTCUSD,momentum,72,"[8, 13]",2.0,3.0,23,0.0,0,ftmo_1step,,7,2.8,2,2.5,False,OOS,395,5.8,11.9,18.0,44.3,20.0,5.7,5.1,8.55,-2.83,99487.0,62.3
s2,BTCUSD,momentum,72,"[8, 13]",2.0,3.0,23,0.0,0,ftmo_1step,,7,2.8,2,2.5,True,IS,391,5.6,14.6,32.2,30.9,16.6,5.6,4.7,7.91,-2.8,100956.0,63.1
s2,BTCUSD,momentum,72,"[8, 13]",2.0,3.0,23,0.0,0,ftmo_1step,,7,2.8,2,2.5,True,OOS,395,5.8,10.6,31.6,35.7,16.2,5.7,4.8,8.14,-2.87,99859.0,67.3
s2,BTCUSD,momentum,72,[8],2.0,3.0,-1,1.5,0,ftmo_1step,,7,1.5,1,,False,IS,391,1.0,0.0,0.0,0.0,99.0,5.6,7.0,4.07,-1.31,100161.0,0.0
s2,BTCUSD,momentum,72,[8],2.0,3.0,-1,1.5,0,ftmo_1step,,7,1.5,1,,False,OOS,395,1.5,0.0,0.0,0.0,98.5,6.6,6.9,3.95,-1.29,100139.0,0.0
s2,BTCUSD,momentum,72,[8],2.0,3.0,-1,1.5,0,ftmo_1step,,7,1.5,1,,True,IS,391,1.5,0.0,0.0,0.0,98.5,6.0,7.0,4.07,-1.32,100160.0,0.0
s2,BTCUSD,momentum,72,[8],2.0,3.0,-1,1.5,0,ftmo_1step,,7,1.5,1,,True,OOS,395,1.5,0.0,0.0,0.0,98.5,6.0,6.9,3.95,-1.3,100131.0,0.0
s2,BTCUSD,momentum,72,[8],2.0,3.0,-1,1.5,0,ftmo_1step,,7,1.5,1,2.5,False,IS,391,1.0,0.0,0.0,0.0,99.0,5.6,7.0,4.07,-1.31,100161.0,0.0
s2,BTCUSD,momentum,72,[8],2.0,3.0,-1,1.5,0,ftmo_1step,,7,1.5,1,2.5,False,OOS,395,1.5,0.0,0.0,0.0,98.5,6.6,6.9,3.95,-1.29,100139.0,0.0
s2,BTCUSD,momentum,72,[8],2.0,3.0,-1,1.5,0,ftmo_1step,,7,1.5,1,2.5,True,IS,391,1.5,0.0,0.0,0.0,98.5,6.0,7.0,4.07,-1.32,100160.0,0.0
s2,BTCUSD,momentum,72,[8],2.0,3.0,-1,1.5,0,ftmo_1step,,7,1.5,1,2.5,True,OOS,395,1.5,0.0,0.0,0.0,98.5,6.0,6.9,3.95,-1.3,100131.0,0.0
s2,BTCUSD,momentum,72,[8],2.0,3.0,-1,1.5,0,ftmo_1step,,7,2.0,1,,False,IS,391,2.3,0.5,0.0,1.5,95.7,5.7,6.9,5.41,-1.74,100186.0,1.5
s2,BTCUSD,momentum,72,[8],2.0,3.0,-1,1.5,0,ftmo_1step,,7,2.0,1,,False,OOS,395,4.1,1.3,0.0,0.3,94.4,5.2,6.8,5.24,-1.71,100195.0,0.3
s2,BTCUSD,momentum,72,[8],2.0,3.0,-1,1.5,0,ftmo_1step,,7,2.0,1,,True,IS,391,1.8,1.3,1.0,1.3,94.6,6.1,6.9,5.41,-1.76,100186.0,2.3
s2,BTCUSD,momentum,72,[8],2.0,3.0,-1,1.5,0,ftmo_1step,,7,2.0,1,,True,OOS,395,2.0,3.8,0.0,0.3,93.9,6.0,6.8,5.24,-1.71,100196.0,0.3
s2,BTCUSD,momentum,72,[8],2.0,3.0,-1,1.5,0,ftmo_1step,,7,2.0,1,2.5,False,IS,391,2.3,0.5,0.0,1.5,95.7,5.7,6.9,5.41,-1.74,100186.0,1.5
s2,BTCUSD,momentum,72,[8],2.0,3.0,-1,1.5,0,ftmo_1step,,7,2.0,1,2.5,False,OOS,395,4.1,1.3,0.0,0.3,94.4,5.2,6.8,5.24,-1.71,100195.0,0.3
s2,BTCUSD,momentum,72,[8],2.0,3.0,-1,1.5,0,ftmo_1step,,7,2.0,1,2.5,True,IS,391,1.8,1.3,1.0,1.3,94.6,6.1,6.9,5.41,-1.76,100186.0,2.3
s2,BTCUSD,momentum,72,[8],2.0,3.0,-1,1.5,0,ftmo_1step,,7,2.0,1,2.5,True,OOS,395,2.0,3.8,0.0,0.3,93.9,6.0,6.8,5.24,-1.71,100196.0,0.3
s2,BTCUSD,momentum,72,[8],2.0,3.0,-1,1.5,0,ftmo_1step,,7,2.8,1,,False,IS,391,2.0,8.4,2.6,13.0,73.9,6.4,6.5,7.27,-2.38,100223.0,15.6
s2,BTCUSD,momentum,72,[8],2.0,3.0,-1,1.5,0,ftmo_1step,,7,2.8,1,,False,OOS,395,4.1,5.8,2.3,15.4,72.4,5.2,6.6,7.08,-2.34,100123.0,17.7
s2,BTCUSD,momentum,72,[8],2.0,3.0,-1,1.5,0,ftmo_1step,,7,2.8,1,,True,IS,391,1.5,9.0,8.7,10.0,70.8,6.6,6.4,7.14,-2.4,100355.0,18.7
s2,BTCUSD,momentum,72,[8],2.0,3.0,-1,1.5,0,ftmo_1step,,7,2.8,1,,True,OOS,395,2.3,7.8,5.6,14.2,70.1,5.6,6.5,7.03,-2.36,100152.0,19.8
s2,BTCUSD,momentum,72,[8],2.0,3.0,-1,1.5,0,ftmo_1step,,7,2.8,1,2.5,False,IS,391,2.0,8.4,2.6,13.0,73.9,6.4,6.5,7.27,-2.38,100223.0,15.6
s2,BTCUSD,momentum,72,[8],2.0,3.0,-1,1.5,0,ftmo_1step,,7,2.8,1,2.5,False,OOS,395,4.1,6.6,1.3,15.4,72.7,5.2,6.6,7.08,-2.34,100192.0,16.7
s2,BTCUSD,momentum,72,[8],2.0,3.0,-1,1.5,0,ftmo_1step,,7,2.8,1,2.5,True,IS,391,1.5,9.0,8.7,10.0,70.8,6.6,6.4,7.14,-2.4,100355.0,18.7
s2,BTCUSD,momentum,72,[8],2.0,3.0,-1,1.5,0,ftmo_1step,,7,2.8,1,2.5,True,OOS,395,2.3,8.6,4.6,14.2,70.4,5.6,6.5,7.04,-2.35,100223.0,18.8
s2,BTCUSD,momentum,72,"[8, 13]",2.0,3.0,-1,1.5,0,ftmo_1step,,7,1.5,2,,False,IS,391,2.6,0.0,11.3,1.8,84.4,5.6,9.8,5.24,-2.16,99538.0,13.1
s2,BTCUSD,momentum,72,"[8, 13]",2.0,3.0,-1,1.5,0,ftmo_1step,,7,1.5,2,,False,OOS,395,2.8,1.3,2.5,2.5,90.9,5.6,9.9,5.08,-2.02,100014.0,5.0
s2,BTCUSD,momentum,72,"[8, 13]",2.0,3.0,-1,1.5,0,ftmo_1step,,7,1.5,2,,True,IS,391,2.6,0.0,10.2,1.5,85.7,5.6,9.8,5.24,-2.16,99551.0,11.7
s2,BTCUSD,momentum,72,"[8, 13]",2.0,3.0,-1,1.5,0,ftmo_1step,,7,1.5,2,,True,OOS,395,3.0,1.3,3.3,2.3,90.1,5.6,9.9,5.07,-2.02,100010.0,5.6
s2,BTCUSD,momentum,72,"[8, 13]",2.0,3.0,-1,1.5,0,ftmo_1step,,7,1.5,2,2.5,False,IS,391,2.6,0.0,11.3,1.8,84.4,5.6,9.8,5.24,-2.16,99538.0,13.1
s2,BTCUSD,momentum,72,"[8, 13]",2.0,3.0,-1,1.5,0,ftmo_1step,,7,1.5,2,2.5,False,OOS,395,2.8,1.3,2.5,2.5,90.9,5.6,9.9,5.08,-2.02,100014.0,5.0
s2,BTCUSD,momentum,72,"[8, 13]",2.0,3.0,-1,1.5,0,ftmo_1step,,7,1.5,2,2.5,True,IS,391,2.6,0.0,10.2,1.5,85.7,5.6,9.8,5.24,-2.16,99551.0,11.7
s2,BTCUSD,momentum,72,"[8, 13]",2.0,3.0,-1,1.5,0,ftmo_1step,,7,1.5,2,2.5,True,OOS,395,3.0,1.3,3.3,2.3,90.1,5.6,9.9,5.07,-2.02,100010.0,5.6
s2,BTCUSD,momentum,72,"[8, 13]",2.0,3.0,-1,1.5,0,ftmo_1step,,7,2.0,2,,False,IS,391,5.1,2.6,41.9,1.8,48.6,5.8,7.8,5.75,-2.71,99909.0,43.7
s2,BTCUSD,momentum,72,"[8, 13]",2.0,3.0,-1,1.5,0,ftmo_1step,,7,2.0,2,,False,OOS,395,2.3,5.3,38.0,2.5,51.9,5.7,8.1,5.84,-2.59,99994.0,40.5
s2,BTCUSD,momentum,72,"[8, 13]",2.0,3.0,-1,1.5,0,ftmo_1step,,7,2.0,2,,True,IS,391,3.8,3.6,43.2,0.8,48.6,5.7,7.7,5.71,-2.7,99875.0,44.0
s2,BTCUSD,momentum,72,"[8, 13]",2.0,3.0,-1,1.5,0,ftmo_1step,,7,2.0,2,,True,OOS,395,2.0,6.3,34.9,3.0,53.7,5.8,8.2,5.89,-2.58,99969.0,37.9
s2,BTCUSD,momentum,72,"[8, 13]",2.0,3.0,-1,1.5,0,ftmo_1step,,7,2.0,2,2.5,False,IS,391,4.6,2.6,40.7,1.8,50.4,5.7,7.9,5.77,-2.7,99887.0,42.5
s2,BTCUSD,momentum,72,"[8, 13]",2.0,3.0,-1,1.5,0,ftmo_1step,,7,2.0,2,2.5,False,OOS,395,2.3,5.3,37.0,2.5,52.9,5.7,8.1,5.84,-2.58,100007.0,39.5
s2,BTCUSD,momentum,72,"[8, 13]",2.0,3.0,-1,1.5,0,ftmo_1step,,7,2.0,2,2.5,True,IS,391,3.8,3.6,41.9,0.8,49.9,5.7,7.8,5.73,-2.69,99864.0,42.7
s2,BTCUSD,momentum,72,"[8, 13]",2.0,3.0,-1,1.5,0,ftmo_1step,,7,2.0,2,2.5,True,OOS,395,2.0,6.3,33.4,3.0,55.2,5.8,8.2,5.91,-2.57,99976.0,36.4
s2,BTCUSD,momentum,72,"[8, 13]",2.0,3.0,-1,1.5,0,ftmo_1step,,7,2.8,2,,False,IS,391,2.8,10.2,71.6,2.3,13.0,4.8,5.0,5.97,-3.2,100112.0,73.9
s2,BTCUSD,momentum,72,"[8, 13]",2.0,3.0,-1,1.5,0,ftmo_1step,,7,2.8,2,,False,OOS,395,2.0,7.8,71.4,3.8,14.9,5.0,5.5,6.15,-3.06,99961.0,75.2
s2,BTCUSD,momentum,72,"[8, 13]",2.0,3.0,-1,1.5,0,ftmo_1step,,7,2.8,2,,True,IS,391,2.6,10.2,71.1,3.1,13.0,4.9,5.1,6.02,-3.19,100133.0,74.2
s2,BTCUSD,momentum,72,"[8, 13]",2.0,3.0,-1,1.5,0,ftmo_1step,,7,2.8,2,,True,OOS,395,1.5,8.4,72.2,3.5,14.4,5.1,5.4,6.14,-3.05,99981.0,75.7
s2,BTCUSD,momentum,72,"[8, 13]",2.0,3.0,-1,1.5,0,ftmo_1step,,7,2.8,2,2.5,False,IS,391,2.8,10.2,58.1,7.2,21.7,4.8,5.7,6.56,-3.03,99982.0,65.3
s2,BTCUSD,momentum,72,"[8, 13]",2.0,3.0,-1,1.5,0,ftmo_1step,,7,2.8,2,2.5,False,OOS,395,2.3,9.1,59.7,7.8,21.0,5.4,6.0,6.57,-2.96,100074.0,67.5
s2,BTCUSD,momentum,72,"[8, 13]",2.0,3.0,-1,1.5,0,ftmo_1step,,7,2.8,2,2.5,True,IS,391,2.6,10.2,57.8,8.7,20.7,4.9,5.7,6.53,-3.03,100044.0,66.5
s2,BTCUSD,momentum,72,"[8, 13]",2.0,3.0,-1,1.5,0,ftmo_1step,,7,2.8,2,2.5,True,OOS,395,1.8,9.1,57.5,9.1,22.5,5.7,6.0,6.57,-2.94,100081.0,66.6
s2,BTCUSD,long,24,"[8, 13]",1.0,2.0,23,0.0,0,ftmo_1step,,7,1.5,2,,False,IS,391,5.1,4.9,85.4,1.3,3.3,4.5,4.6,4.73,-2.94,99971.0,86.7
s2,BTCUSD,long,24,"[8, 13]",1.0,2.0,23,0.0,0,ftmo_1step,,7,1.5,2,,False,OOS,395,5.3,2.8,87.6,0.0,4.3,4.6,4.4,4.87,-2.95,99341.0,87.6
s2,BTCUSD,long,24,"[8, 13]",1.0,2.0,23,0.0,0,ftmo_1step,,7,1.5,2,,True,IS,391,7.2,3.1,82.1,2.3,5.4,3.7,4.8,4.87,-2.95,100046.0,84.4
s2,BTCUSD,long,24,"[8, 13]",1.0,2.0,23,0.0,0,ftmo_1step,,7,1.5,2,,True,OOS,395,5.3,2.8,80.8,5.1,6.1,3.9,4.8,5.15,-2.96,99219.0,85.9
s2,BTCUSD,long,24,"[8, 13]",1.0,2.0,23,0.0,0,ftmo_1step,,7,1.5,2,2.5,False,IS,391,5.1,4.9,85.4,1.3,3.3,4.5,4.6,4.73,-2.94,99971.0,86.7
s2,BTCUSD,long,24,"[8, 13]",1.0,2.0,23,0.0,0,ftmo_1step,,7,1.5,2,2.5,False,OOS,395,5.3,2.8,87.6,0.0,4.3,4.6,4.4,4.87,-2.95,99341.0,87.6
s2,BTCUSD,long,24,"[8, 13]",1.0,2.0,23,0.0,0,ftmo_1step,,7,1.5,2,2.5,True,IS,391,7.2,3.1,82.1,2.3,5.4,3.7,4.8,4.87,-2.95,100046.0,84.4
s2,BTCUSD,long,24,"[8, 13]",1.0,2.0,23,0.0,0,ftmo_1step,,7,1.5,2,2.5,True,OOS,395,5.3,2.8,80.8,5.1,6.1,3.9,4.8,5.15,-2.96,99219.0,85.9
s2,BTCUSD,long,24,"[8, 13]",1.0,2.0,23,0.0,0,ftmo_1step,,7,2.0,2,,False,IS,391,6.9,5.6,84.4,1.8,1.3,3.6,3.9,5.72,-3.39,99726.0,86.2
s2,BTCUSD,long,24,"[8, 13]",1.0,2.0,23,0.0,0,ftmo_1step,,7,2.0,2,,False,OOS,395,3.5,3.3,91.1,1.8,0.3,3.8,3.6,5.75,-3.46,98604.0,92.9
s2,BTCUSD,long,24,"[8, 13]",1.0,2.0,23,0.0,0,ftmo_1step,,7,2.0,2,,True,IS,391,6.9,6.9,83.9,1.5,0.8,3.3,3.8,5.75,-3.39,99664.0,85.4
s2,BTCUSD,long,24,"[8, 13]",1.0,2.0,23,0.0,0,ftmo_1step,,7,2.0,2,,True,OOS,395,4.3,3.8,89.1,2.5,0.3,2.8,3.5,5.78,-3.43,98624.0,91.6
s2,BTCUSD,long,24,"[8, 13]",1.0,2.0,23,0.0,0,ftmo_1step,,7,2.0,2,2.5,False,IS,391,6.9,5.6,84.4,1.8,1.3,3.6,3.9,5.72,-3.39,99724.0,86.2
s2,BTCUSD,long,24,"[8, 13]",1.0,2.0,23,0.0,0,ftmo_1step,,7,2.0,2,2.5,False,OOS,395,3.5,3.3,91.1,1.8,0.3,3.8,3.6,5.75,-3.46,98604.0,92.9
s2,BTCUSD,long,24,"[8, 13]",1.0,2.0,23,0.0,0,ftmo_1step,,7,2.0,2,2.5,True,IS,391,6.9,6.9,83.9,1.5,0.8,3.3,3.8,5.76,-3.38,99659.0,85.4
s2,BTCUSD,long,24,"[8, 13]",1.0,2.0,23,0.0,0,ftmo_1step,,7,2.0,2,2.5,True,OOS,395,4.3,3.8,89.1,2.5,0.3,2.8,3.5,5.78,-3.43,98624.0,91.6
s2,BTCUSD,long,24,"[8, 13]",1.0,2.0,23,0.0,0,ftmo_1step,,7,2.8,2,,False,IS,391,2.0,16.4,73.7,7.9,0.0,3.6,2.9,6.82,-3.72,99637.0,81.6
s2,BTCUSD,long,24,"[8, 13]",1.0,2.0,23,0.0,0,ftmo_1step,,7,2.8,2,,False,OOS,395,2.3,10.4,77.2,10.1,0.0,2.7,2.8,6.83,-3.79,98442.0,87.3
s2,BTCUSD,long,24,"[8, 13]",1.0,2.0,23,0.0,0,ftmo_1step,,7,2.8,2,,True,IS,391,1.8,15.3,76.7,6.1,0.0,3.6,2.8,6.67,-3.54,99822.0,82.8
s2,BTCUSD,long,24,"[8, 13]",1.0,2.0,23,0.0,0,ftmo_1step,,7,2.8,2,,True,OOS,395,1.5,10.6,78.5,9.4,0.0,2.6,2.7,6.73,-3.64,98609.0,87.9
s2,BTCUSD,long,24,"[8, 13]",1.0,2.0,23,0.0,0,ftmo_1step,,7,2.8,2,2.5,False,IS,391,10.2,23.0,14.3,45.8,6.6,4.4,4.5,8.67,-2.71,100774.0,60.1
s2,BTCUSD,long,24,"[8, 13]",1.0,2.0,23,0.0,0,ftmo_1step,,7,2.8,2,2.5,False,OOS,395,5.3,15.2,2.0,69.9,7.6,3.6,4.6,9.56,-2.68,98119.0,71.9
s2,BTCUSD,long,24,"[8, 13]",1.0,2.0,23,0.0,0,ftmo_1step,,7,2.8,2,2.5,True,IS,391,4.6,19.7,30.9,39.9,4.9,4.0,4.0,8.18,-2.75,100516.0,70.8
s2,BTCUSD,long,24,"[8, 13]",1.0,2.0,23,0.0,0,ftmo_1step,,7,2.8,2,2.5,True,OOS,395,3.0,13.4,18.7,60.5,4.3,3.6,4.2,9.08,-2.71,98325.0,79.2
s2,BTCUSD,long,24,[8],1.0,2.0,23,0.0,0,ftmo_1step,,7,1.5,1,,False,IS,391,8.2,0.0,0.0,9.0,82.9,4.6,6.8,6.44,-1.58,100413.0,9.0
s2,BTCUSD,long,24,[8],1.0,2.0,23,0.0,0,ftmo_1step,,7,1.5,1,,False,OOS,395,7.8,0.0,0.0,11.4,80.8,4.5,6.8,6.82,-1.56,98960.0,11.4
s2,BTCUSD,long,24,[8],1.0,2.0,23,0.0,0,ftmo_1step,,7,1.5,1,,True,IS,391,8.4,0.0,0.0,8.7,82.9,4.5,6.8,6.45,-1.61,100446.0,8.7
s2,BTCUSD,long,24,[8],1.0,2.0,23,0.0,0,ftmo_1step,,7,1.5,1,,True,OOS,395,7.8,0.0,0.0,9.6,82.5,4.5,6.8,6.8,-1.57,98999.0,9.6
s2,BTCUSD,long,24,[8],1.0,2.0,23,0.0,0,ftmo_1step,,7,1.5,1,2.5,False,IS,391,8.2,0.0,0.0,9.0,82.9,4.6,6.8,6.44,-1.58,100413.0,9.0
s2,BTCUSD,long,24,[8],1.0,2.0,23,0.0,0,ftmo_1step,,7,1.5,1,2.5,False,OOS,395,7.8,0.0,0.0,11.4,80.8,4.5,6.8,6.82,-1.56,98960.0,11.4
s2,BTCUSD,long,24,[8],1.0,2.0,23,0.0,0,ftmo_1step,,7,1.5,1,2.5,True,IS,391,8.4,0.0,0.0,8.7,82.9,4.5,6.8,6.45,-1.61,100446.0,8.7
s2,BTCUSD,long,24,[8],1.0,2.0,23,0.0,0,ftmo_1step,,7,1.5,1,2.5,True,OOS,395,7.8,0.0,0.0,9.6,82.5,4.5,6.8,6.8,-1.57,98999.0,9.6
s2,BTCUSD,long,24,[8],1.0,2.0,23,0.0,0,ftmo_1step,,7,2.0,1,,False,IS,391,16.6,0.0,0.0,28.6,54.7,4.6,6.2,7.94,-2.09,100546.0,28.6
s2,BTCUSD,long,24,[8],1.0,2.0,23,0.0,0,ftmo_1step,,7,2.0,1,,False,OOS,395,11.9,0.0,0.0,38.2,49.9,4.6,6.1,8.38,-2.05,98560.0,38.2
s2,BTCUSD,long,24,[8],1.0,2.0,23,0.0,0,ftmo_1step,,7,2.0,1,,True,IS,391,20.5,0.0,0.0,28.1,51.4,3.6,6.1,7.91,-2.12,100527.0,28.1
s2,BTCUSD,long,24,[8],1.0,2.0,23,0.0,0,ftmo_1step,,7,2.0,1,,True,OOS,395,14.2,0.0,0.0,36.5,49.4,3.5,6.1,8.33,-2.07,98505.0,36.5
s2,BTCUSD,long,24,[8],1.0,2.0,23,0.0,0,ftmo_1step,,7,2.0,1,2.5,False,IS,391,16.6,0.0,0.0,28.6,54.7,4.6,6.2,7.94,-2.09,100546.0,28.6
s2,BTCUSD,long,24,[8],1.0,2.0,23,0.0,0,ftmo_1step,,7,2.0,1,2.5,False,OOS,395,11.9,0.0,0.0,38.2,49.9,4.6,6.1,8.38,-2.05,98560.0,38.2
s2,BTCUSD,long,24,[8],1.0,2.0,23,0.0,0,ftmo_1step,,7,2.0,1,2.5,True,IS,391,20.5,0.0,0.0,28.1,51.4,3.6,6.1,7.91,-2.12,100527.0,28.1
s2,BTCUSD,long,24,[8],1.0,2.0,23,0.0,0,ftmo_1step,,7,2.0,1,2.5,True,OOS,395,14.2,0.0,0.0,36.5,49.4,3.5,6.1,8.33,-2.07,98505.0,36.5
s2,BTCUSD,long,24,[8],1.0,2.0,23,0.0,0,ftmo_1step,,7,2.8,1,,False,IS,391,17.4,13.0,14.6,43.5,11.5,4.4,4.2,8.55,-2.77,100681.0,58.1
s2,BTCUSD,long,24,[8],1.0,2.0,23,0.0,0,ftmo_1step,,7,2.8,1,,False,OOS,395,11.4,9.1,3.3,63.5,12.7,4.4,4.4,9.37,-2.74,98221.0,66.8
s2,BTCUSD,long,24,[8],1.0,2.0,23,0.0,0,ftmo_1step,,7,2.8,1,,True,IS,391,8.2,13.0,38.4,34.0,6.4,4.4,3.6,7.8,-2.82,100555.0,72.4
s2,BTCUSD,long,24,[8],1.0,2.0,23,0.0,0,ftmo_1step,,7,2.8,1,,True,OOS,395,5.8,9.1,25.8,52.9,6.3,3.8,3.9,8.57,-2.78,98384.0,78.7
s2,BTCUSD,long,24,[8],1.0,2.0,23,0.0,0,ftmo_1step,,7,2.8,1,2.5,False,IS,391,17.4,13.0,14.6,43.5,11.5,4.4,4.2,8.55,-2.77,100681.0,58.1
s2,BTCUSD,long,24,[8],1.0,2.0,23,0.0,0,ftmo_1step,,7,2.8,1,2.5,False,OOS,395,11.4,9.1,3.3,63.5,12.7,4.4,4.4,9.37,-2.74,98221.0,66.8
s2,BTCUSD,long,24,[8],1.0,2.0,23,0.0,0,ftmo_1step,,7,2.8,1,2.5,True,IS,391,8.2,13.0,38.4,34.0,6.4,4.4,3.6,7.8,-2.82,100555.0,72.4
s2,BTCUSD,long,24,[8],1.0,2.0,23,0.0,0,ftmo_1step,,7,2.8,1,2.5,True,OOS,395,5.8,9.1,25.8,52.9,6.3,3.8,3.9,8.57,-2.78,98384.0,78.7
s2,BTCUSD,long,24,"[8, 13]",1.0,2.0,-1,1.5,0,ftmo_1step,,7,1.5,2,,False,IS,391,6.1,2.8,74.9,2.6,13.6,5.1,6.2,5.2,-2.9,100047.0,77.5
s2,BTCUSD,long,24,"[8, 13]",1.0,2.0,-1,1.5,0,ftmo_1step,,7,1.5,2,,False,OOS,395,4.3,2.3,82.8,2.0,8.6,4.4,5.8,5.46,-2.94,98829.0,84.8
s2,BTCUSD,long,24,"[8, 13]",1.0,2.0,-1,1.5,0,ftmo_1step,,7,1.5,2,,True,IS,391,6.1,2.6,72.1,4.3,14.8,4.6,6.4,5.35,-2.92,100010.0,76.4
s2,BTCUSD,long,24,"[8, 13]",1.0,2.0,-1,1.5,0,ftmo_1step,,7,1.5,2,,True,OOS,395,4.8,3.0,68.9,9.4,13.9,4.3,6.4,5.78,-2.92,98837.0,78.3
s2,BTCUSD,long,24,"[8, 13]",1.0,2.0,-1,1.5,0,ftmo_1step,,7,1.5,2,2.5,False,IS,391,6.1,2.8,74.9,2.6,13.6,5.1,6.2,5.2,-2.9,100047.0,77.5
s2,BTCUSD,long,24,"[8, 13]",1.0,2.0,-1,1.5,0,ftmo_1step,,7,1.5,2,2.5,False,OOS,395,4.3,2.3,82.5,2.0,8.9,4.4,5.9,5.5,-2.93,98782.0,84.5
s2,BTCUSD,long,24,"[8, 13]",1.0,2.0,-1,1.5,0,ftmo_1step,,7,1.5,2,2.5,True,IS,391,6.1,2.6,72.1,4.3,14.8,4.6,6.4,5.35,-2.92,100010.0,76.4
s2,BTCUSD,long,24,"[8, 13]",1.0,2.0,-1,1.5,0,ftmo_1step,,7,1.5,2,2.5,True,OOS,395,4.8,3.0,66.8,9.6,15.7,4.3,6.5,5.85,-2.92,98798.0,76.4
s2,BTCUSD,long,24,"[8, 13]",1.0,2.0,-1,1.5,0,ftmo_1step,,7,2.0,2,,False,IS,391,3.6,7.2,85.7,1.3,2.3,3.8,4.2,5.62,-3.35,99619.0,87.0
s2,BTCUSD,long,24,"[8, 13]",1.0,2.0,-1,1.5,0,ftmo_1step,,7,2.0,2,,False,OOS,395,2.8,5.3,89.9,1.0,1.0,3.8,4.0,5.64,-3.39,98826.0,90.9
s2,BTCUSD,long,24,"[8, 13]",1.0,2.0,-1,1.5,0,ftmo_1step,,7,2.0,2,,True,IS,391,4.1,7.7,85.9,1.3,1.0,3.6,4.1,5.64,-3.36,99611.0,87.2
s2,BTCUSD,long,24,"[8, 13]",1.0,2.0,-1,1.5,0,ftmo_1step,,7,2.0,2,,True,OOS,395,3.3,5.1,89.9,1.3,0.5,3.5,3.9,5.68,-3.38,98796.0,91.2
s2,BTCUSD,long,24,"[8, 13]",1.0,2.0,-1,1.5,0,ftmo_1step,,7,2.0,2,2.5,False,IS,391,3.6,7.2,85.7,1.3,2.3,3.8,4.2,5.63,-3.34,99608.0,87.0
s2,BTCUSD,long,24,"[8, 13]",1.0,2.0,-1,1.5,0,ftmo_1step,,7,2.0,2,2.5,False,OOS,395,2.8,5.3,89.4,1.5,1.0,3.8,4.0,5.66,-3.39,98803.0,90.9
s2,BTCUSD,long,24,"[8, 13]",1.0,2.0,-1,1.5,0,ftmo_1step,,7,2.0,2,2.5,True,IS,391,4.1,7.7,85.4,1.3,1.5,3.6,4.1,5.67,-3.35,99584.0,86.7
s2,BTCUSD,long,24,"[8, 13]",1.0,2.0,-1,1.5,0,ftmo_1step,,7,2.0,2,2.5,True,OOS,395,3.3,5.1,89.4,1.8,0.5,3.5,3.9,5.7,-3.38,98773.0,91.2
s2,BTCUSD,long,24,"[8, 13]",1.0,2.0,-1,1.5,0,ftmo_1step,,7,2.8,2,,False,IS,391,2.0,14.1,81.8,2.0,0.0,2.5,3.0,6.49,-3.71,99556.0,83.8
s2,BTCUSD,long,24,"[8, 13]",1.0,2.0,-1,1.5,0,ftmo_1step,,7,2.8,2,,False,OOS,395,2.8,10.1,83.8,3.0,0.3,2.7,3.0,6.45,-3.8,98776.0,86.8
s2,BTCUSD,long,24,"[8, 13]",1.0,2.0,-1,1.5,0,ftmo_1step,,7,2.8,2,,True,IS,391,1.8,13.8,82.1,2.3,0.0,2.5,2.9,6.38,-3.53,99705.0,84.4
s2,BTCUSD,long,24,"[8, 13]",1.0,2.0,-1,1.5,0,ftmo_1step,,7,2.8,2,,True,OOS,395,2.0,10.9,84.3,2.5,0.3,2.6,2.9,6.41,-3.71,98866.0,86.8
s2,BTCUSD,long,24,"[8, 13]",1.0,2.0,-1,1.5,0,ftmo_1step,,7,2.8,2,2.5,False,IS,391,5.9,19.2,42.7,25.8,6.4,4.3,4.3,7.97,-2.95,100169.0,68.5
s2,BTCUSD,long,24,"[8, 13]",1.0,2.0,-1,1.5,0,ftmo_1step,,7,2.8,2,2.5,False,OOS,395,5.1,15.2,35.9,35.2,8.6,3.6,4.8,8.6,-2.97,99032.0,71.1
s2,BTCUSD,long,24,"[8, 13]",1.0,2.0,-1,1.5,0,ftmo_1step,,7,2.8,2,2.5,True,IS,391,4.3,17.9,52.2,21.2,4.3,3.5,4.0,7.66,-2.96,100342.0,73.4
s2,BTCUSD,long,24,"[8, 13]",1.0,2.0,-1,1.5,0,ftmo_1step,,7,2.8,2,2.5,True,OOS,395,3.5,14.9,43.0,31.4,7.1,3.6,4.6,8.39,-2.96,99162.0,74.4
s2,BTCUSD,long,24,[8],1.0,2.0,-1,1.5,0,ftmo_1step,,7,1.5,1,,False,IS,391,5.4,0.0,0.0,4.3,90.3,5.5,6.9,5.92,-1.59,100534.0,4.3
s2,BTCUSD,long,24,[8],1.0,2.0,-1,1.5,0,ftmo_1step,,7,1.5,1,,False,OOS,395,6.3,0.0,0.0,3.8,89.9,4.8,6.8,6.0,-1.57,99562.0,3.8
s2,BTCUSD,long,24,[8],1.0,2.0,-1,1.5,0,ftmo_1step,,7,1.5,1,,True,IS,391,6.1,0.0,0.0,3.3,90.5,5.5,6.9,5.94,-1.62,100511.0,3.3
s2,BTCUSD,long,24,[8],1.0,2.0,-1,1.5,0,ftmo_1step,,7,1.5,1,,True,OOS,395,6.6,0.0,0.0,2.0,91.4,5.1,6.8,5.98,-1.59,99590.0,2.0
s2,BTCUSD,long,24,[8],1.0,2.0,-1,1.5,0,ftmo_1step,,7,1.5,1,2.5,False,IS,391,5.4,0.0,0.0,4.3,90.3,5.5,6.9,5.92,-1.59,100534.0,4.3
s2,BTCUSD,long,24,[8],1.0,2.0,-1,1.5,0,ftmo_1step,,7,1.5,1,2.5,False,OOS,395,6.3,0.0,0.0,3.8,89.9,4.8,6.8,6.0,-1.57,99562.0,3.8
s2,BTCUSD,long,24,[8],1.0,2.0,-1,1.5,0,ftmo_1step,,7,1.5,1,2.5,True,IS,391,6.1,0.0,0.0,3.3,90.5,5.5,6.9,5.94,-1.62,100511.0,3.3
s2,BTCUSD,long,24,[8],1.0,2.0,-1,1.5,0,ftmo_1step,,7,1.5,1,2.5,True,OOS,395,6.6,0.0,0.0,2.0,91.4,5.1,6.8,5.98,-1.59,99590.0,2.0
s2,BTCUSD,long,24,[8],1.0,2.0,-1,1.5,0,ftmo_1step,,7,2.0,1,,False,IS,391,13.6,0.0,1.3,19.9,65.2,4.6,6.5,7.49,-2.1,100629.0,21.2
s2,BTCUSD,long,24,[8],1.0,2.0,-1,1.5,0,ftmo_1step,,7,2.0,1,,False,OOS,395,10.6,0.5,2.3,20.3,66.3,4.5,6.4,7.58,-2.06,99329.0,22.6
s2,BTCUSD,long,24,[8],1.0,2.0,-1,1.5,0,ftmo_1step,,7,2.0,1,,True,IS,391,15.1,0.0,1.3,19.2,64.5,3.7,6.4,7.52,-2.13,100629.0,20.5
s2,BTCUSD,long,24,[8],1.0,2.0,-1,1.5,0,ftmo_1step,,7,2.0,1,,True,OOS,395,11.6,0.8,2.5,19.2,65.8,3.7,6.4,7.56,-2.09,99316.0,21.7
s2,BTCUSD,long,24,[8],1.0,2.0,-1,1.5,0,ftmo_1step,,7,2.0,1,2.5,False,IS,391,13.6,0.0,1.3,19.9,65.2,4.6,6.5,7.49,-2.1,100629.0,21.2
s2,BTCUSD,long,24,[8],1.0,2.0,-1,1.5,0,ftmo_1step,,7,2.0,1,2.5,False,OOS,395,10.6,0.5,2.3,20.3,66.3,4.5,6.4,7.58,-2.06,99329.0,22.6
s2,BTCUSD,long,24,[8],1.0,2.0,-1,1.5,0,ftmo_1step,,7,2.0,1,2.5,True,IS,391,15.1,0.0,1.3,19.2,64.5,3.7,6.4,7.52,-2.13,100629.0,20.5
s2,BTCUSD,long,24,[8],1.0,2.0,-1,1.5,0,ftmo_1step,,7,2.0,1,2.5,True,OOS,395,11.6,0.8,2.5,19.2,65.8,3.7,6.4,7.56,-2.09,99316.0,21.7
s2,BTCUSD,long,24,[8],1.0,2.0,-1,1.5,0,ftmo_1step,,7,2.8,1,,False,IS,391,15.1,12.0,16.6,37.3,18.9,4.6,4.8,8.38,-2.76,100952.0,53.9
s2,BTCUSD,long,24,[8],1.0,2.0,-1,1.5,0,ftmo_1step,,7,2.8,1,,False,OOS,395,12.4,9.6,5.6,48.6,23.8,4.5,5.0,8.85,-2.72,99271.0,54.2
s2,BTCUSD,long,24,[8],1.0,2.0,-1,1.5,0,ftmo_1step,,7,2.8,1,,True,IS,391,10.0,12.0,37.3,28.9,11.8,4.5,4.2,7.69,-2.8,101117.0,66.2
s2,BTCUSD,long,24,[8],1.0,2.0,-1,1.5,0,ftmo_1step,,7,2.8,1,,True,OOS,395,7.8,10.1,23.0,42.8,16.2,4.5,4.6,8.3,-2.75,99348.0,65.8
s2,BTCUSD,long,24,[8],1.0,2.0,-1,1.5,0,ftmo_1step,,7,2.8,1,2.5,False,IS,391,15.1,12.0,15.6,37.9,19.4,4.6,4.8,8.4,-2.75,100982.0,53.5
s2,BTCUSD,long,24,[8],1.0,2.0,-1,1.5,0,ftmo_1step,,7,2.8,1,2.5,False,OOS,395,12.4,9.6,5.6,48.6,23.8,4.5,5.0,8.85,-2.72,99271.0,54.2
s2,BTCUSD,long,24,[8],1.0,2.0,-1,1.5,0,ftmo_1step,,7,2.8,1,2.5,True,IS,391,10.0,12.0,36.8,29.2,12.0,4.5,4.2,7.71,-2.8,101131.0,66.0
s2,BTCUSD,long,24,[8],1.0,2.0,-1,1.5,0,ftmo_1step,,7,2.8,1,2.5,True,OOS,395,7.8,10.1,23.0,42.8,16.2,4.5,4.6,8.3,-2.75,99348.0,65.8
s2,USDJPY,momentum,72,[16],1.0,3.0,22,0.0,0,ftmo_1step,,7,1.5,1,,False,IS,790,3.4,0.0,0.4,0.8,95.4,4.9,4.9,5.38,-1.6,99796.0,1.2
s2,USDJPY,momentum,72,[16],1.0,3.0,22,0.0,0,ftmo_1step,,7,1.5,1,,False,OOS,820,2.8,0.0,0.0,0.9,96.3,5.7,4.9,5.57,-1.64,99704.0,0.9
s2,USDJPY,momentum,72,[16],1.0,3.0,22,0.0,0,ftmo_1step,,7,1.5,1,,True,IS,790,4.1,0.0,0.5,0.6,94.8,4.9,4.9,5.37,-1.62,99793.0,1.1
s2,USDJPY,momentum,72,[16],1.0,3.0,22,0.0,0,ftmo_1step,,7,1.5,1,,True,OOS,820,3.5,0.0,0.0,0.7,95.7,5.8,4.9,5.56,-1.65,99706.0,0.7
s2,USDJPY,momentum,72,[16],1.0,3.0,22,0.0,0,ftmo_1step,,7,1.5,1,2.5,False,IS,790,3.4,0.0,0.3,0.8,95.6,4.9,4.9,5.39,-1.6,99794.0,1.1
s2,USDJPY,momentum,72,[16],1.0,3.0,22,0.0,0,ftmo_1step,,7,1.5,1,2.5,False,OOS,820,2.8,0.0,0.0,0.9,96.3,5.7,4.9,5.57,-1.64,99704.0,0.9
s2,USDJPY,momentum,72,[16],1.0,3.0,22,0.0,0,ftmo_1step,,7,1.5,1,2.5,True,IS,790,4.1,0.0,0.4,0.6,94.9,4.9,4.9,5.37,-1.62,99791.0,1.0
s2,USDJPY,momentum,72,[16],1.0,3.0,22,0.0,0,ftmo_1step,,7,1.5,1,2.5,True,OOS,820,3.5,0.0,0.0,0.7,95.7,5.8,4.9,5.56,-1.65,99706.0,0.7
s2,USDJPY,momentum,72,[16],1.0,3.0,22,0.0,0,ftmo_1step,,7,2.0,1,,False,IS,790,6.5,2.4,0.5,13.7,77.0,5.7,4.8,7.06,-2.1,99675.0,14.2
s2,USDJPY,momentum,72,[16],1.0,3.0,22,0.0,0,ftmo_1step,,7,2.0,1,,False,OOS,820,5.4,2.4,0.9,14.1,77.2,5.7,4.8,7.26,-2.16,99583.0,15.0
s2,USDJPY,momentum,72,[16],1.0,3.0,22,0.0,0,ftmo_1step,,7,2.0,1,,True,IS,790,6.1,3.0,0.5,12.0,78.4,5.7,4.8,7.04,-2.13,99681.0,12.5
s2,USDJPY,momentum,72,[16],1.0,3.0,22,0.0,0,ftmo_1step,,7,2.0,1,,True,OOS,820,5.1,3.0,0.9,12.4,78.5,5.7,4.8,7.26,-2.18,99591.0,13.3
s2,USDJPY,momentum,72,[16],1.0,3.0,22,0.0,0,ftmo_1step,,7,2.0,1,2.5,False,IS,790,6.5,2.4,0.4,13.7,77.1,5.7,4.8,7.06,-2.1,99672.0,14.1
s2,USDJPY,momentum,72,[16],1.0,3.0,22,0.0,0,ftmo_1step,,7,2.0,1,2.5,False,OOS,820,5.4,2.4,0.5,14.1,77.6,5.7,4.8,7.26,-2.15,99588.0,14.6
s2,USDJPY,momentum,72,[16],1.0,3.0,22,0.0,0,ftmo_1step,,7,2.0,1,2.5,True,IS,790,6.1,3.0,0.4,12.0,78.5,5.7,4.8,7.04,-2.13,99679.0,12.4
s2,USDJPY,momentum,72,[16],1.0,3.0,22,0.0,0,ftmo_1step,,7,2.0,1,2.5,True,OOS,820,5.1,3.0,0.7,12.4,78.7,5.7,4.8,7.26,-2.18,99596.0,13.1
s2,USDJPY,momentum,72,[16],1.0,3.0,22,0.0,0,ftmo_1step,,7,2.8,1,,False,IS,790,3.7,13.3,8.4,40.5,34.2,5.8,4.0,8.74,-2.87,99275.0,48.9
s2,USDJPY,momentum,72,[16],1.0,3.0,22,0.0,0,ftmo_1step,,7,2.8,1,,False,OOS,820,3.7,10.5,15.0,40.4,30.5,5.3,3.8,8.67,-2.92,99067.0,55.4
s2,USDJPY,momentum,72,[16],1.0,3.0,22,0.0,0,ftmo_1step,,7,2.8,1,,True,IS,790,2.5,10.8,20.4,38.6,27.7,5.7,3.8,8.39,-2.89,99220.0,59.0
s2,USDJPY,momentum,72,[16],1.0,3.0,22,0.0,0,ftmo_1step,,7,2.8,1,,True,OOS,820,2.4,8.8,28.0,36.5,24.3,4.8,3.6,8.33,-2.93,99156.0,64.5
s2,USDJPY,momentum,72,[16],1.0,3.0,22,0.0,0,ftmo_1step,,7,2.8,1,2.5,False,IS,790,3.7,13.3,8.2,40.5,34.3,5.8,4.0,8.75,-2.86,99279.0,48.7
s2,USDJPY,momentum,72,[16],1.0,3.0,22,0.0,0,ftmo_1step,,7,2.8,1,2.5,False,OOS,820,3.7,10.5,14.5,40.5,30.9,5.3,3.8,8.68,-2.92,99070.0,55.0
s2,USDJPY,momentum,72,[16],1.0,3.0,22,0.0,0,ftmo_1step,,7,2.8,1,2.5,True,IS,790,2.5,10.8,20.4,38.6,27.7,5.7,3.8,8.4,-2.89,99217.0,59.0
s2,USDJPY,momentum,72,[16],1.0,3.0,22,0.0,0,ftmo_1step,,7,2.8,1,2.5,True,OOS,820,2.4,8.8,27.7,36.6,24.5,4.8,3.6,8.34,-2.93,99158.0,64.3
s2,USDJPY,momentum,72,"[16, 21]",1.0,3.0,22,0.0,0,ftmo_1step,,7,1.5,2,,False,IS,790,2.5,1.3,31.0,0.8,64.4,5.4,6.8,5.45,-2.54,99390.0,31.8
s2,USDJPY,momentum,72,"[16, 21]",1.0,3.0,22,0.0,0,ftmo_1step,,7,1.5,2,,False,OOS,820,3.4,0.6,26.8,2.3,66.8,5.8,7.2,5.69,-2.52,99379.0,29.1
s2,USDJPY,momentum,72,"[16, 21]",1.0,3.0,22,0.0,0,ftmo_1step,,7,1.5,2,,True,IS,790,2.8,1.4,29.2,1.1,65.4,4.9,6.9,5.47,-2.53,99380.0,30.3
s2,USDJPY,momentum,72,"[16, 21]",1.0,3.0,22,0.0,0,ftmo_1step,,7,1.5,2,,True,OOS,820,3.5,0.6,24.5,2.3,69.0,5.8,7.3,5.71,-2.51,99385.0,26.8
s2,USDJPY,momentum,72,"[16, 21]",1.0,3.0,22,0.0,0,ftmo_1step,,7,1.5,2,2.5,False,IS,790,2.5,1.3,30.9,0.9,64.4,5.4,6.8,5.45,-2.54,99388.0,31.8
s2,USDJPY,momentum,72,"[16, 21]",1.0,3.0,22,0.0,0,ftmo_1step,,7,1.5,2,2.5,False,OOS,820,3.4,0.6,26.8,2.3,66.8,5.8,7.2,5.69,-2.52,99379.0,29.1
s2,USDJPY,momentum,72,"[16, 21]",1.0,3.0,22,0.0,0,ftmo_1step,,7,1.5,2,2.5,True,IS,790,2.8,1.4,29.1,1.3,65.4,4.9,6.9,5.47,-2.53,99378.0,30.4
s2,USDJPY,momentum,72,"[16, 21]",1.0,3.0,22,0.0,0,ftmo_1step,,7,1.5,2,2.5,True,OOS,820,3.5,0.6,24.5,2.3,69.0,5.8,7.3,5.71,-2.51,99385.0,26.8
s2,USDJPY,momentum,72,"[16, 21]",1.0,3.0,22,0.0,0,ftmo_1step,,7,2.0,2,,False,IS,790,3.5,4.3,67.7,2.7,21.8,5.3,4.9,5.86,-3.09,99123.0,70.4
s2,USDJPY,momentum,72,"[16, 21]",1.0,3.0,22,0.0,0,ftmo_1step,,7,2.0,2,,False,OOS,820,3.7,3.3,70.0,3.5,19.5,5.7,5.1,6.15,-3.12,98920.0,73.5
s2,USDJPY,momentum,72,"[16, 21]",1.0,3.0,22,0.0,0,ftmo_1step,,7,2.0,2,,True,IS,790,3.0,4.7,66.6,3.0,22.7,5.2,4.9,5.92,-3.09,99087.0,69.6
s2,USDJPY,momentum,72,"[16, 21]",1.0,3.0,22,0.0,0,ftmo_1step,,7,2.0,2,,True,OOS,820,3.4,3.8,68.4,4.1,20.2,5.7,5.1,6.14,-3.11,98976.0,72.5
s2,USDJPY,momentum,72,"[16, 21]",1.0,3.0,22,0.0,0,ftmo_1step,,7,2.0,2,2.5,False,IS,790,3.5,4.3,67.6,2.8,21.8,5.3,4.9,5.86,-3.09,99120.0,70.4
s2,USDJPY,momentum,72,"[16, 21]",1.0,3.0,22,0.0,0,ftmo_1step,,7,2.0,2,2.5,False,OOS,820,3.7,3.3,70.0,3.5,19.5,5.7,5.1,6.16,-3.11,98915.0,73.5
s2,USDJPY,momentum,72,"[16, 21]",1.0,3.0,22,0.0,0,ftmo_1step,,7,2.0,2,2.5,True,IS,790,3.0,4.7,66.5,3.2,22.7,5.2,4.9,5.92,-3.09,99084.0,69.7
s2,USDJPY,momentum,72,"[16, 21]",1.0,3.0,22,0.0,0,ftmo_1step,,7,2.0,2,2.5,True,OOS,820,3.4,3.8,68.2,4.3,20.4,5.7,5.1,6.14,-3.11,98969.0,72.5
s2,USDJPY,momentum,72,"[16, 21]",1.0,3.0,22,0.0,0,ftmo_1step,,7,2.8,2,,False,IS,790,1.3,9.2,83.7,4.1,1.8,5.3,3.0,6.09,-3.58,99044.0,87.8
s2,USDJPY,momentum,72,"[16, 21]",1.0,3.0,22,0.0,0,ftmo_1step,,7,2.8,2,,False,OOS,820,1.3,7.7,87.8,2.8,0.4,3.7,2.8,6.2,-3.56,98830.0,90.6
s2,USDJPY,momentum,72,"[16, 21]",1.0,3.0,22,0.0,0,ftmo_1step,,7,2.8,2,,True,IS,790,1.3,8.5,84.8,3.8,1.6,5.3,2.8,6.03,-3.5,99103.0,88.6
s2,USDJPY,momentum,72,"[16, 21]",1.0,3.0,22,0.0,0,ftmo_1step,,7,2.8,2,,True,OOS,820,0.9,7.7,88.5,2.7,0.2,2.9,2.7,6.12,-3.46,98925.0,91.2
s2,USDJPY,momentum,72,"[16, 21]",1.0,3.0,22,0.0,0,ftmo_1step,,7,2.8,2,2.5,False,IS,790,4.6,12.8,9.1,40.9,32.7,5.8,4.3,8.79,-2.84,99130.0,50.0
s2,USDJPY,momentum,72,"[16, 21]",1.0,3.0,22,0.0,0,ftmo_1step,,7,2.8,2,2.5,False,OOS,820,3.9,11.0,14.4,41.5,29.3,4.9,4.1,8.68,-2.9,99027.0,55.9
s2,USDJPY,momentum,72,"[16, 21]",1.0,3.0,22,0.0,0,ftmo_1step,,7,2.8,2,2.5,True,IS,790,3.3,11.1,19.5,39.6,26.5,5.8,4.1,8.47,-2.86,99134.0,59.1
s2,USDJPY,momentum,72,"[16, 21]",1.0,3.0,22,0.0,0,ftmo_1step,,7,2.8,2,2.5,True,OOS,820,2.4,10.2,25.2,37.3,24.8,4.7,3.9,8.38,-2.9,99078.0,62.5
s2,USDJPY,momentum,72,[16],1.0,3.0,-1,1.5,0,ftmo_1step,,7,1.5,1,,False,IS,790,2.4,1.5,10.8,0.4,84.9,6.0,4.7,5.37,-2.0,99877.0,11.2
s2,USDJPY,momentum,72,[16],1.0,3.0,-1,1.5,0,ftmo_1step,,7,1.5,1,,False,OOS,820,1.5,0.7,11.1,0.0,86.7,6.5,4.8,5.6,-2.0,99494.0,11.1
s2,USDJPY,momentum,72,[16],1.0,3.0,-1,1.5,0,ftmo_1step,,7,1.5,1,,True,IS,790,2.5,1.5,10.4,0.4,85.2,5.8,4.7,5.37,-2.01,99880.0,10.8
s2,USDJPY,momentum,72,[16],1.0,3.0,-1,1.5,0,ftmo_1step,,7,1.5,1,,True,OOS,820,1.7,0.9,11.5,0.0,86.0,6.1,4.8,5.58,-2.0,99469.0,11.5
s2,USDJPY,momentum,72,[16],1.0,3.0,-1,1.5,0,ftmo_1step,,7,1.5,1,2.5,False,IS,790,2.5,1.5,9.9,0.4,85.7,6.0,4.7,5.38,-2.0,99871.0,10.3
s2,USDJPY,momentum,72,[16],1.0,3.0,-1,1.5,0,ftmo_1step,,7,1.5,1,2.5,False,OOS,820,1.5,0.7,10.1,0.0,87.7,6.5,4.8,5.61,-1.99,99496.0,10.1
s2,USDJPY,momentum,72,[16],1.0,3.0,-1,1.5,0,ftmo_1step,,7,1.5,1,2.5,True,IS,790,2.7,1.5,9.5,0.4,85.9,6.0,4.8,5.38,-2.01,99875.0,9.9
s2,USDJPY,momentum,72,[16],1.0,3.0,-1,1.5,0,ftmo_1step,,7,1.5,1,2.5,True,OOS,820,1.7,0.9,10.7,0.0,86.7,6.1,4.8,5.59,-2.0,99472.0,10.7
s2,USDJPY,momentum,72,[16],1.0,3.0,-1,1.5,0,ftmo_1step,,7,2.0,1,,False,IS,790,2.4,5.8,28.4,8.1,55.3,5.8,4.3,6.71,-2.52,99685.0,36.5
s2,USDJPY,momentum,72,[16],1.0,3.0,-1,1.5,0,ftmo_1step,,7,2.0,1,,False,OOS,820,2.7,4.0,25.6,11.1,56.6,5.7,4.4,6.97,-2.51,99402.0,36.7
s2,USDJPY,momentum,72,[16],1.0,3.0,-1,1.5,0,ftmo_1step,,7,2.0,1,,True,IS,790,2.3,5.9,29.2,6.8,55.7,5.8,4.3,6.67,-2.53,99705.0,36.0
s2,USDJPY,momentum,72,[16],1.0,3.0,-1,1.5,0,ftmo_1step,,7,2.0,1,,True,OOS,820,2.3,4.4,24.9,8.5,59.9,5.8,4.4,6.96,-2.52,99435.0,33.4
s2,USDJPY,momentum,72,[16],1.0,3.0,-1,1.5,0,ftmo_1step,,7,2.0,1,2.5,False,IS,790,2.4,5.8,25.1,8.1,58.6,5.8,4.3,6.74,-2.49,99703.0,33.2
s2,USDJPY,momentum,72,[16],1.0,3.0,-1,1.5,0,ftmo_1step,,7,2.0,1,2.5,False,OOS,820,2.7,4.0,21.6,11.5,60.2,5.7,4.4,7.04,-2.47,99347.0,33.1
s2,USDJPY,momentum,72,[16],1.0,3.0,-1,1.5,0,ftmo_1step,,7,2.0,1,2.5,True,IS,790,2.3,5.9,25.8,6.8,59.1,5.8,4.3,6.7,-2.49,99729.0,32.6
s2,USDJPY,momentum,72,[16],1.0,3.0,-1,1.5,0,ftmo_1step,,7,2.0,1,2.5,True,OOS,820,2.3,4.3,20.6,8.9,63.9,5.8,4.4,7.03,-2.48,99369.0,29.5
s2,USDJPY,momentum,72,[16],1.0,3.0,-1,1.5,0,ftmo_1step,,7,2.8,1,,False,IS,790,1.5,11.4,38.5,29.4,19.2,5.8,3.6,8.09,-3.11,99572.0,67.9
s2,USDJPY,momentum,72,[16],1.0,3.0,-1,1.5,0,ftmo_1step,,7,2.8,1,,False,OOS,820,1.8,10.0,40.7,31.1,16.3,5.9,3.4,8.2,-3.12,99180.0,71.8
s2,USDJPY,momentum,72,[16],1.0,3.0,-1,1.5,0,ftmo_1step,,7,2.8,1,,True,IS,790,1.1,10.1,44.2,27.0,17.6,5.9,3.5,7.91,-3.11,99612.0,71.2
s2,USDJPY,momentum,72,[16],1.0,3.0,-1,1.5,0,ftmo_1step,,7,2.8,1,,True,OOS,820,1.1,8.4,47.0,30.1,13.4,6.6,3.3,8.04,-3.12,99204.0,77.1
s2,USDJPY,momentum,72,[16],1.0,3.0,-1,1.5,0,ftmo_1step,,7,2.8,1,2.5,False,IS,790,1.4,11.8,30.5,31.3,25.1,5.8,3.6,8.21,-3.02,99616.0,61.8
s2,USDJPY,momentum,72,[16],1.0,3.0,-1,1.5,0,ftmo_1step,,7,2.8,1,2.5,False,OOS,820,1.8,10.5,34.0,33.9,19.8,5.9,3.4,8.39,-3.06,99130.0,67.9
s2,USDJPY,momentum,72,[16],1.0,3.0,-1,1.5,0,ftmo_1step,,7,2.8,1,2.5,True,IS,790,1.1,10.1,36.5,29.2,23.0,5.9,3.5,8.04,-3.04,99603.0,65.7
s2,USDJPY,momentum,72,[16],1.0,3.0,-1,1.5,0,ftmo_1step,,7,2.8,1,2.5,True,OOS,820,1.1,8.7,40.4,32.7,17.2,6.6,3.4,8.22,-3.06,99136.0,73.1
s2,USDJPY,momentum,72,"[16, 21]",1.0,3.0,-1,1.5,0,ftmo_1step,,7,1.5,2,,False,IS,790,3.0,2.4,72.4,0.6,21.5,4.9,5.2,5.28,-2.99,99503.0,73.0
s2,USDJPY,momentum,72,"[16, 21]",1.0,3.0,-1,1.5,0,ftmo_1step,,7,1.5,2,,False,OOS,820,2.2,2.0,70.4,1.1,24.4,4.7,5.5,5.56,-3.0,99127.0,71.5
s2,USDJPY,momentum,72,"[16, 21]",1.0,3.0,-1,1.5,0,ftmo_1step,,7,1.5,2,,True,IS,790,3.0,2.4,72.9,0.6,21.0,4.6,5.3,5.31,-3.0,99500.0,73.5
s2,USDJPY,momentum,72,"[16, 21]",1.0,3.0,-1,1.5,0,ftmo_1step,,7,1.5,2,,True,OOS,820,2.3,1.8,70.2,1.6,24.0,4.7,5.5,5.62,-3.01,99089.0,71.8
s2,USDJPY,momentum,72,"[16, 21]",1.0,3.0,-1,1.5,0,ftmo_1step,,7,1.5,2,2.5,False,IS,790,3.2,2.5,59.1,1.3,33.9,5.1,5.5,5.49,-2.9,99564.0,60.4
s2,USDJPY,momentum,72,"[16, 21]",1.0,3.0,-1,1.5,0,ftmo_1step,,7,1.5,2,2.5,False,OOS,820,2.3,2.0,59.0,2.0,34.8,4.7,5.7,5.84,-2.94,99066.0,61.0
s2,USDJPY,momentum,72,"[16, 21]",1.0,3.0,-1,1.5,0,ftmo_1step,,7,1.5,2,2.5,True,IS,790,3.4,2.5,57.2,1.9,34.9,5.1,5.5,5.55,-2.9,99565.0,59.1
s2,USDJPY,momentum,72,"[16, 21]",1.0,3.0,-1,1.5,0,ftmo_1step,,7,1.5,2,2.5,True,OOS,820,2.4,1.8,57.6,3.2,35.0,4.7,5.8,5.9,-2.94,99022.0,60.8
s2,USDJPY,momentum,72,"[16, 21]",1.0,3.0,-1,1.5,0,ftmo_1step,,7,2.0,2,,False,IS,790,1.5,6.3,87.1,1.3,3.8,4.1,3.6,5.51,-3.26,99289.0,88.4
s2,USDJPY,momentum,72,"[16, 21]",1.0,3.0,-1,1.5,0,ftmo_1step,,7,2.0,2,,False,OOS,820,1.3,5.9,87.3,1.8,3.7,5.2,3.6,5.73,-3.28,98859.0,89.1
s2,USDJPY,momentum,72,"[16, 21]",1.0,3.0,-1,1.5,0,ftmo_1step,,7,2.0,2,,True,IS,790,1.5,6.6,86.6,1.6,3.7,4.1,3.5,5.54,-3.25,99307.0,88.2
s2,USDJPY,momentum,72,"[16, 21]",1.0,3.0,-1,1.5,0,ftmo_1step,,7,2.0,2,,True,OOS,820,1.1,5.4,88.4,2.0,3.2,5.2,3.6,5.75,-3.27,98765.0,90.4
s2,USDJPY,momentum,72,"[16, 21]",1.0,3.0,-1,1.5,0,ftmo_1step,,7,2.0,2,2.5,False,IS,790,1.8,6.8,82.4,2.0,7.0,4.1,3.7,5.72,-3.21,99264.0,84.4
s2,USDJPY,momentum,72,"[16, 21]",1.0,3.0,-1,1.5,0,ftmo_1step,,7,2.0,2,2.5,False,OOS,820,1.6,5.9,82.1,3.3,7.2,5.7,3.8,5.98,-3.24,98775.0,85.4
s2,USDJPY,momentum,72,"[16, 21]",1.0,3.0,-1,1.5,0,ftmo_1step,,7,2.0,2,2.5,True,IS,790,1.8,6.7,82.3,1.9,7.3,4.1,3.7,5.73,-3.2,99276.0,84.2
s2,USDJPY,momentum,72,"[16, 21]",1.0,3.0,-1,1.5,0,ftmo_1step,,7,2.0,2,2.5,True,OOS,820,1.3,5.4,82.3,3.2,7.8,5.7,3.8,5.99,-3.22,98732.0,85.5
s2,USDJPY,momentum,72,"[16, 21]",1.0,3.0,-1,1.5,0,ftmo_1step,,7,2.8,2,,False,IS,790,0.4,8.9,87.5,3.2,0.1,4.5,2.5,6.01,-3.56,99282.0,90.7
s2,USDJPY,momentum,72,"[16, 21]",1.0,3.0,-1,1.5,0,ftmo_1step,,7,2.8,2,,False,OOS,820,0.5,6.3,90.0,3.0,0.1,3.0,2.5,6.22,-3.6,98740.0,93.0
s2,USDJPY,momentum,72,"[16, 21]",1.0,3.0,-1,1.5,0,ftmo_1step,,7,2.8,2,,True,IS,790,0.1,9.1,87.3,3.3,0.1,4.5,2.5,6.0,-3.53,99349.0,90.6
s2,USDJPY,momentum,72,"[16, 21]",1.0,3.0,-1,1.5,0,ftmo_1step,,7,2.8,2,,True,OOS,820,0.2,6.2,90.2,3.2,0.1,4.1,2.4,6.2,-3.55,98773.0,93.4
s2,USDJPY,momentum,72,"[16, 21]",1.0,3.0,-1,1.5,0,ftmo_1step,,7,2.8,2,2.5,False,IS,790,0.4,11.6,51.8,23.8,12.4,4.5,3.5,7.91,-3.15,99339.0,75.6
s2,USDJPY,momentum,72,"[16, 21]",1.0,3.0,-1,1.5,0,ftmo_1step,,7,2.8,2,2.5,False,OOS,820,0.4,11.6,51.0,27.2,9.9,3.1,3.4,8.18,-3.17,98765.0,78.2
s2,USDJPY,momentum,72,"[16, 21]",1.0,3.0,-1,1.5,0,ftmo_1step,,7,2.8,2,2.5,True,IS,790,0.3,11.4,53.8,22.8,11.8,3.9,3.5,7.83,-3.14,99435.0,76.6
s2,USDJPY,momentum,72,"[16, 21]",1.0,3.0,-1,1.5,0,ftmo_1step,,7,2.8,2,2.5,True,OOS,820,0.4,9.4,53.5,26.3,10.4,3.1,3.4,8.08,-3.17,98711.0,79.8
s2,USDJPY,asian,24,[10],2.0,2.0,-1,1.5,0,ftmo_1step,,7,1.5,1,,False,IS,790,0.0,0.0,0.0,0.1,99.9,,4.9,3.55,-1.32,99825.0,0.1
s2,USDJPY,asian,24,[10],2.0,2.0,-1,1.5,0,ftmo_1step,,7,1.5,1,,False,OOS,820,0.0,0.0,0.0,0.0,100.0,,4.9,3.66,-1.38,99811.0,0.0
s2,USDJPY,asian,24,[10],2.0,2.0,-1,1.5,0,ftmo_1step,,7,1.5,1,,True,IS,790,0.0,0.0,0.0,0.1,99.9,,4.9,3.54,-1.32,99824.0,0.1
s2,USDJPY,asian,24,[10],2.0,2.0,-1,1.5,0,ftmo_1step,,7,1.5,1,,True,OOS,820,0.0,0.0,0.0,0.0,100.0,,4.9,3.66,-1.39,99808.0,0.0
s2,USDJPY,asian,24,[10],2.0,2.0,-1,1.5,0,ftmo_1step,,7,1.5,1,2.5,False,IS,790,0.0,0.0,0.0,0.1,99.9,,4.9,3.55,-1.32,99825.0,0.1
s2,USDJPY,asian,24,[10],2.0,2.0,-1,1.5,0,ftmo_1step,,7,1.5,1,2.5,False,OOS,820,0.0,0.0,0.0,0.0,100.0,,4.9,3.66,-1.38,99811.0,0.0
s2,USDJPY,asian,24,[10],2.0,2.0,-1,1.5,0,ftmo_1step,,7,1.5,1,2.5,True,IS,790,0.0,0.0,0.0,0.1,99.9,,4.9,3.54,-1.32,99824.0,0.1
s2,USDJPY,asian,24,[10],2.0,2.0,-1,1.5,0,ftmo_1step,,7,1.5,1,2.5,True,OOS,820,0.0,0.0,0.0,0.0,100.0,,4.9,3.66,-1.39,99808.0,0.0
s2,USDJPY,asian,24,[10],2.0,2.0,-1,1.5,0,ftmo_1step,,7,2.0,1,,False,IS,790,0.8,0.4,1.5,0.5,96.8,5.4,4.9,4.7,-1.75,99775.0,2.0
s2,USDJPY,asian,24,[10],2.0,2.0,-1,1.5,0,ftmo_1step,,7,2.0,1,,False,OOS,820,0.4,0.0,1.5,0.0,98.2,5.6,4.9,4.87,-1.84,99745.0,1.5
s2,USDJPY,asian,24,[10],2.0,2.0,-1,1.5,0,ftmo_1step,,7,2.0,1,,True,IS,790,0.9,0.4,1.5,0.5,96.7,4.7,4.9,4.7,-1.76,99772.0,2.0
s2,USDJPY,asian,24,[10],2.0,2.0,-1,1.5,0,ftmo_1step,,7,2.0,1,,True,OOS,820,0.5,0.0,1.5,0.0,98.0,5.1,4.9,4.86,-1.85,99740.0,1.5
s2,USDJPY,asian,24,[10],2.0,2.0,-1,1.5,0,ftmo_1step,,7,2.0,1,2.5,False,IS,790,0.8,0.4,1.5,0.5,96.8,5.4,4.9,4.7,-1.75,99775.0,2.0
s2,USDJPY,asian,24,[10],2.0,2.0,-1,1.5,0,ftmo_1step,,7,2.0,1,2.5,False,OOS,820,0.4,0.0,1.5,0.0,98.2,5.6,4.9,4.87,-1.84,99745.0,1.5
s2,USDJPY,asian,24,[10],2.0,2.0,-1,1.5,0,ftmo_1step,,7,2.0,1,2.5,True,IS,790,0.9,0.4,1.5,0.5,96.7,4.7,4.9,4.7,-1.76,99772.0,2.0
s2,USDJPY,asian,24,[10],2.0,2.0,-1,1.5,0,ftmo_1step,,7,2.0,1,2.5,True,OOS,820,0.5,0.0,1.5,0.0,98.0,5.1,4.9,4.86,-1.85,99740.0,1.5
s2,USDJPY,asian,24,[10],2.0,2.0,-1,1.5,0,ftmo_1step,,7,2.8,1,,False,IS,790,1.8,2.7,6.8,5.2,83.5,5.7,4.7,6.42,-2.41,99654.0,12.0
s2,USDJPY,asian,24,[10],2.0,2.0,-1,1.5,0,ftmo_1step,,7,2.8,1,,False,OOS,820,3.4,2.3,6.8,7.7,79.8,5.7,4.8,6.59,-2.51,99617.0,14.5
s2,USDJPY,asian,24,[10],2.0,2.0,-1,1.5,0,ftmo_1step,,7,2.8,1,,True,IS,790,1.8,2.8,8.4,4.4,82.7,5.7,4.7,6.4,-2.42,99669.0,12.8
s2,USDJPY,asian,24,[10],2.0,2.0,-1,1.5,0,ftmo_1step,,7,2.8,1,,True,OOS,820,3.2,3.0,9.8,6.3,77.7,6.5,4.7,6.56,-2.52,99640.0,16.1
s2,USDJPY,asian,24,[10],2.0,2.0,-1,1.5,0,ftmo_1step,,7,2.8,1,2.5,False,IS,790,1.8,2.7,6.8,5.2,83.5,5.7,4.7,6.42,-2.41,99654.0,12.0
s2,USDJPY,asian,24,[10],2.0,2.0,-1,1.5,0,ftmo_1step,,7,2.8,1,2.5,False,OOS,820,3.4,2.3,6.8,7.7,79.8,5.7,4.8,6.59,-2.51,99617.0,14.5
s2,USDJPY,asian,24,[10],2.0,2.0,-1,1.5,0,ftmo_1step,,7,2.8,1,2.5,True,IS,790,1.8,2.8,8.4,4.4,82.7,5.7,4.7,6.4,-2.42,99669.0,12.8
s2,USDJPY,asian,24,[10],2.0,2.0,-1,1.5,0,ftmo_1step,,7,2.8,1,2.5,True,OOS,820,3.2,3.0,9.8,6.3,77.7,6.5,4.7,6.56,-2.52,99640.0,16.1
s2,USDJPY,asian,24,[10],2.0,2.0,22,0.0,0,ftmo_1step,,7,1.5,1,,False,IS,790,1.0,0.0,0.8,0.0,98.2,6.3,4.9,4.58,-1.56,100035.0,0.8
s2,USDJPY,asian,24,[10],2.0,2.0,22,0.0,0,ftmo_1step,,7,1.5,1,,False,OOS,820,0.7,0.0,0.4,0.0,98.9,5.2,5.0,4.78,-1.58,99956.0,0.4
s2,USDJPY,asian,24,[10],2.0,2.0,22,0.0,0,ftmo_1step,,7,1.5,1,,True,IS,790,1.0,0.0,0.8,0.1,98.1,6.3,4.9,4.58,-1.57,100029.0,0.9
s2,USDJPY,asian,24,[10],2.0,2.0,22,0.0,0,ftmo_1step,,7,1.5,1,,True,OOS,820,1.0,0.0,0.4,0.0,98.7,5.7,5.0,4.78,-1.6,99951.0,0.4
s2,USDJPY,asian,24,[10],2.0,2.0,22,0.0,0,ftmo_1step,,7,1.5,1,2.5,False,IS,790,1.0,0.0,0.8,0.0,98.2,6.3,4.9,4.58,-1.56,100035.0,0.8
s2,USDJPY,asian,24,[10],2.0,2.0,22,0.0,0,ftmo_1step,,7,1.5,1,2.5,False,OOS,820,0.7,0.0,0.4,0.0,98.9,5.2,5.0,4.78,-1.58,99956.0,0.4
s2,USDJPY,asian,24,[10],2.0,2.0,22,0.0,0,ftmo_1step,,7,1.5,1,2.5,True,IS,790,1.0,0.0,0.8,0.1,98.1,6.3,4.9,4.58,-1.57,100029.0,0.9
s2,USDJPY,asian,24,[10],2.0,2.0,22,0.0,0,ftmo_1step,,7,1.5,1,2.5,True,OOS,820,1.0,0.0,0.4,0.0,98.7,5.7,5.0,4.78,-1.6,99951.0,0.4
s2,USDJPY,asian,24,[10],2.0,2.0,22,0.0,0,ftmo_1step,,7,2.0,1,,False,IS,790,4.6,0.0,0.8,4.1,90.6,5.6,4.9,6.05,-2.06,100035.0,4.9
s2,USDJPY,asian,24,[10],2.0,2.0,22,0.0,0,ftmo_1step,,7,2.0,1,,False,OOS,820,3.8,0.0,0.4,7.9,87.9,4.9,4.9,6.31,-2.09,99920.0,8.3
s2,USDJPY,asian,24,[10],2.0,2.0,22,0.0,0,ftmo_1step,,7,2.0,1,,True,IS,790,4.8,0.0,0.8,3.4,91.0,5.3,4.9,6.06,-2.09,100025.0,4.2
s2,USDJPY,asian,24,[10],2.0,2.0,22,0.0,0,ftmo_1step,,7,2.0,1,,True,OOS,820,4.0,0.0,0.4,7.0,88.7,4.9,4.9,6.32,-2.13,99922.0,7.4
s2,USDJPY,asian,24,[10],2.0,2.0,22,0.0,0,ftmo_1step,,7,2.0,1,2.5,False,IS,790,4.6,0.0,0.8,4.1,90.6,5.6,4.9,6.05,-2.06,100035.0,4.9
s2,USDJPY,asian,24,[10],2.0,2.0,22,0.0,0,ftmo_1step,,7,2.0,1,2.5,False,OOS,820,3.8,0.0,0.4,7.9,87.9,4.9,4.9,6.32,-2.09,99901.0,8.3
s2,USDJPY,asian,24,[10],2.0,2.0,22,0.0,0,ftmo_1step,,7,2.0,1,2.5,True,IS,790,4.8,0.0,0.8,3.4,91.0,5.3,4.9,6.06,-2.09,100025.0,4.2
s2,USDJPY,asian,24,[10],2.0,2.0,22,0.0,0,ftmo_1step,,7,2.0,1,2.5,True,OOS,820,4.0,0.0,0.4,7.0,88.7,4.9,4.9,6.33,-2.13,99903.0,7.4
s2,USDJPY,asian,24,[10],2.0,2.0,22,0.0,0,ftmo_1step,,7,2.8,1,,False,IS,790,7.1,3.8,1.1,25.9,62.0,4.9,4.5,7.94,-2.81,99780.0,27.0
s2,USDJPY,asian,24,[10],2.0,2.0,22,0.0,0,ftmo_1step,,7,2.8,1,,False,OOS,820,8.4,3.7,1.5,32.2,54.3,5.5,4.5,8.07,-2.86,99783.0,33.7
s2,USDJPY,asian,24,[10],2.0,2.0,22,0.0,0,ftmo_1step,,7,2.8,1,,True,IS,790,6.7,3.7,10.1,24.9,54.6,4.9,4.4,7.84,-2.85,99743.0,35.0
s2,USDJPY,asian,24,[10],2.0,2.0,22,0.0,0,ftmo_1step,,7,2.8,1,,True,OOS,820,6.5,4.1,16.1,30.6,42.7,4.7,4.3,7.84,-2.89,99747.0,46.7
s2,USDJPY,asian,24,[10],2.0,2.0,22,0.0,0,ftmo_1step,,7,2.8,1,2.5,False,IS,790,7.1,3.8,0.9,26.1,62.2,4.9,4.5,7.95,-2.81,99775.0,27.0
s2,USDJPY,asian,24,[10],2.0,2.0,22,0.0,0,ftmo_1step,,7,2.8,1,2.5,False,OOS,820,8.4,3.7,1.1,32.2,54.6,5.5,4.5,8.07,-2.86,99798.0,33.3
s2,USDJPY,asian,24,[10],2.0,2.0,22,0.0,0,ftmo_1step,,7,2.8,1,2.5,True,IS,790,6.7,3.7,9.9,25.1,54.7,4.9,4.4,7.84,-2.85,99739.0,35.0
s2,USDJPY,asian,24,[10],2.0,2.0,22,0.0,0,ftmo_1step,,7,2.8,1,2.5,True,OOS,820,6.5,4.1,15.7,30.6,43.0,4.7,4.3,7.85,-2.89,99762.0,46.3
s2,USDJPY,asian,24,"[10, 16]",2.0,2.0,22,0.0,0,ftmo_1step,,7,1.5,2,,False,IS,790,1.1,0.4,37.0,0.0,61.5,5.9,5.6,4.58,-2.42,99870.0,37.0
s2,USDJPY,asian,24,"[10, 16]",2.0,2.0,22,0.0,0,ftmo_1step,,7,1.5,2,,False,OOS,820,1.6,0.0,44.9,0.1,53.4,5.7,5.7,4.7,-2.55,99676.0,45.0
s2,USDJPY,asian,24,"[10, 16]",2.0,2.0,22,0.0,0,ftmo_1step,,7,1.5,2,,True,IS,790,1.1,0.5,29.9,0.4,68.1,5.8,5.8,4.69,-2.43,99914.0,30.3
s2,USDJPY,asian,24,"[10, 16]",2.0,2.0,22,0.0,0,ftmo_1step,,7,1.5,2,,True,OOS,820,2.1,0.1,40.6,1.3,55.9,5.7,5.8,4.79,-2.56,99672.0,41.9
s2,USDJPY,asian,24,"[10, 16]",2.0,2.0,22,0.0,0,ftmo_1step,,7,1.5,2,2.5,False,IS,790,1.1,0.4,37.0,0.0,61.5,5.9,5.6,4.58,-2.42,99870.0,37.0
s2,USDJPY,asian,24,"[10, 16]",2.0,2.0,22,0.0,0,ftmo_1step,,7,1.5,2,2.5,False,OOS,820,1.6,0.0,44.9,0.1,53.4,5.7,5.7,4.7,-2.55,99676.0,45.0
s2,USDJPY,asian,24,"[10, 16]",2.0,2.0,22,0.0,0,ftmo_1step,,7,1.5,2,2.5,True,IS,790,1.1,0.5,29.9,0.4,68.1,5.8,5.8,4.69,-2.43,99914.0,30.3
s2,USDJPY,asian,24,"[10, 16]",2.0,2.0,22,0.0,0,ftmo_1step,,7,1.5,2,2.5,True,OOS,820,2.1,0.1,40.6,1.3,55.9,5.7,5.8,4.79,-2.56,99672.0,41.9
s2,USDJPY,asian,24,"[10, 16]",2.0,2.0,22,0.0,0,ftmo_1step,,7,2.0,2,,False,IS,790,2.8,1.3,60.1,1.3,34.6,4.7,4.7,5.32,-2.91,99665.0,61.4
s2,USDJPY,asian,24,"[10, 16]",2.0,2.0,22,0.0,0,ftmo_1step,,7,2.0,2,,False,OOS,820,4.6,1.0,67.6,0.5,26.3,5.2,4.6,5.3,-3.0,99563.0,68.1
s2,USDJPY,asian,24,"[10, 16]",2.0,2.0,22,0.0,0,ftmo_1step,,7,2.0,2,,True,IS,790,3.2,1.5,60.3,1.5,33.5,4.7,4.7,5.37,-2.92,99651.0,61.8
s2,USDJPY,asian,24,"[10, 16]",2.0,2.0,22,0.0,0,ftmo_1step,,7,2.0,2,,True,OOS,820,4.5,1.5,68.8,0.4,24.9,4.9,4.6,5.33,-3.0,99529.0,69.2
s2,USDJPY,asian,24,"[10, 16]",2.0,2.0,22,0.0,0,ftmo_1step,,7,2.0,2,2.5,False,IS,790,2.8,1.3,60.0,1.3,34.7,4.7,4.7,5.32,-2.91,99667.0,61.3
s2,USDJPY,asian,24,"[10, 16]",2.0,2.0,22,0.0,0,ftmo_1step,,7,2.0,2,2.5,False,OOS,820,4.6,1.0,67.6,0.5,26.3,5.2,4.6,5.31,-3.0,99536.0,68.1
s2,USDJPY,asian,24,"[10, 16]",2.0,2.0,22,0.0,0,ftmo_1step,,7,2.0,2,2.5,True,IS,790,3.2,1.5,60.1,1.5,33.7,4.7,4.7,5.37,-2.92,99653.0,61.6
s2,USDJPY,asian,24,"[10, 16]",2.0,2.0,22,0.0,0,ftmo_1step,,7,2.0,2,2.5,True,OOS,820,4.4,1.5,68.8,0.4,25.0,4.9,4.6,5.34,-3.01,99503.0,69.2
s2,USDJPY,asian,24,"[10, 16]",2.0,2.0,22,0.0,0,ftmo_1step,,7,2.8,2,,False,IS,790,5.6,5.3,71.3,6.3,11.5,4.9,3.6,6.19,-3.38,99583.0,77.6
s2,USDJPY,asian,24,"[10, 16]",2.0,2.0,22,0.0,0,ftmo_1step,,7,2.8,2,,False,OOS,820,3.9,5.9,76.0,4.8,9.5,4.6,3.5,6.22,-3.5,99282.0,80.8
s2,USDJPY,asian,24,"[10, 16]",2.0,2.0,22,0.0,0,ftmo_1step,,7,2.8,2,,True,IS,790,5.2,5.2,73.9,6.3,9.4,4.8,3.5,6.16,-3.35,99631.0,80.2
s2,USDJPY,asian,24,"[10, 16]",2.0,2.0,22,0.0,0,ftmo_1step,,7,2.8,2,,True,OOS,820,2.8,6.6,78.0,4.4,8.2,4.5,3.4,6.13,-3.42,99338.0,82.4
s2,USDJPY,asian,24,"[10, 16]",2.0,2.0,22,0.0,0,ftmo_1step,,7,2.8,2,2.5,False,IS,790,6.3,6.2,0.9,27.0,59.6,4.9,4.7,8.01,-2.79,99779.0,27.9
s2,USDJPY,asian,24,"[10, 16]",2.0,2.0,22,0.0,0,ftmo_1step,,7,2.8,2,2.5,False,OOS,820,7.3,6.7,1.1,34.0,50.9,5.6,4.8,8.12,-2.86,99852.0,35.1
s2,USDJPY,asian,24,"[10, 16]",2.0,2.0,22,0.0,0,ftmo_1step,,7,2.8,2,2.5,True,IS,790,5.9,5.8,9.5,25.7,53.0,4.9,4.7,7.91,-2.83,99780.0,35.2
s2,USDJPY,asian,24,"[10, 16]",2.0,2.0,22,0.0,0,ftmo_1step,,7,2.8,2,2.5,True,OOS,820,4.6,7.3,16.0,31.3,40.7,5.6,4.6,7.88,-2.89,99807.0,47.3
s2,USDJPY,asian,24,"[10, 16]",2.0,2.0,-1,1.5,0,ftmo_1step,,7,1.5,2,,False,IS,790,1.1,0.1,9.1,0.4,89.2,6.6,7.9,4.56,-2.19,99815.0,9.5
s2,USDJPY,asian,24,"[10, 16]",2.0,2.0,-1,1.5,0,ftmo_1step,,7,1.5,2,,False,OOS,820,0.1,0.0,15.4,0.2,84.3,5.6,8.0,4.82,-2.33,99395.0,15.6
s2,USDJPY,asian,24,"[10, 16]",2.0,2.0,-1,1.5,0,ftmo_1step,,7,1.5,2,,True,IS,790,1.1,0.3,8.4,0.3,90.0,6.6,7.9,4.57,-2.19,99805.0,8.7
s2,USDJPY,asian,24,"[10, 16]",2.0,2.0,-1,1.5,0,ftmo_1step,,7,1.5,2,,True,OOS,820,0.1,0.0,12.9,0.2,86.7,5.6,8.1,4.82,-2.33,99417.0,13.1
s2,USDJPY,asian,24,"[10, 16]",2.0,2.0,-1,1.5,0,ftmo_1step,,7,1.5,2,2.5,False,IS,790,1.1,0.1,7.3,0.4,91.0,6.6,7.9,4.57,-2.18,99809.0,7.7
s2,USDJPY,asian,24,"[10, 16]",2.0,2.0,-1,1.5,0,ftmo_1step,,7,1.5,2,2.5,False,OOS,820,0.1,0.0,12.8,0.2,86.8,5.6,8.1,4.84,-2.32,99392.0,13.0
s2,USDJPY,asian,24,"[10, 16]",2.0,2.0,-1,1.5,0,ftmo_1step,,7,1.5,2,2.5,True,IS,790,1.1,0.3,6.8,0.3,91.5,6.6,7.9,4.58,-2.18,99802.0,7.1
s2,USDJPY,asian,24,"[10, 16]",2.0,2.0,-1,1.5,0,ftmo_1step,,7,1.5,2,2.5,True,OOS,820,0.1,0.0,10.2,0.2,89.4,5.6,8.1,4.84,-2.31,99405.0,10.4
s2,USDJPY,asian,24,"[10, 16]",2.0,2.0,-1,1.5,0,ftmo_1step,,7,2.0,2,,False,IS,790,2.3,0.8,45.7,0.5,50.8,5.9,6.6,5.28,-2.74,99569.0,46.2
s2,USDJPY,asian,24,"[10, 16]",2.0,2.0,-1,1.5,0,ftmo_1step,,7,2.0,2,,False,OOS,820,2.4,0.9,53.9,1.0,41.8,5.5,6.4,5.37,-2.85,99206.0,54.9
s2,USDJPY,asian,24,"[10, 16]",2.0,2.0,-1,1.5,0,ftmo_1step,,7,2.0,2,,True,IS,790,2.3,0.9,45.4,0.1,51.3,5.6,6.6,5.3,-2.75,99567.0,45.5
s2,USDJPY,asian,24,"[10, 16]",2.0,2.0,-1,1.5,0,ftmo_1step,,7,2.0,2,,True,OOS,820,2.2,1.0,55.1,0.7,41.0,5.4,6.3,5.37,-2.86,99228.0,55.8
s2,USDJPY,asian,24,"[10, 16]",2.0,2.0,-1,1.5,0,ftmo_1step,,7,2.0,2,2.5,False,IS,790,2.3,0.8,39.5,0.8,56.7,5.9,6.7,5.37,-2.71,99560.0,40.3
s2,USDJPY,asian,24,"[10, 16]",2.0,2.0,-1,1.5,0,ftmo_1step,,7,2.0,2,2.5,False,OOS,820,2.4,0.9,48.7,1.3,46.7,5.5,6.4,5.45,-2.82,99192.0,50.0
s2,USDJPY,asian,24,"[10, 16]",2.0,2.0,-1,1.5,0,ftmo_1step,,7,2.0,2,2.5,True,IS,790,2.3,0.9,38.9,0.4,57.6,5.6,6.7,5.38,-2.71,99579.0,39.3
s2,USDJPY,asian,24,"[10, 16]",2.0,2.0,-1,1.5,0,ftmo_1step,,7,2.0,2,2.5,True,OOS,820,2.2,1.0,49.4,1.0,46.5,5.4,6.4,5.47,-2.82,99207.0,50.4
s2,USDJPY,asian,24,"[10, 16]",2.0,2.0,-1,1.5,0,ftmo_1step,,7,2.8,2,,False,IS,790,1.9,4.7,78.1,1.4,13.9,4.7,4.5,5.57,-3.19,99511.0,79.5
s2,USDJPY,asian,24,"[10, 16]",2.0,2.0,-1,1.5,0,ftmo_1step,,7,2.8,2,,False,OOS,820,3.0,4.1,81.3,1.8,9.6,5.6,4.4,5.71,-3.29,99150.0,83.1
s2,USDJPY,asian,24,"[10, 16]",2.0,2.0,-1,1.5,0,ftmo_1step,,7,2.8,2,,True,IS,790,2.0,5.1,78.7,1.4,12.8,4.7,4.5,5.59,-3.19,99522.0,80.1
s2,USDJPY,asian,24,"[10, 16]",2.0,2.0,-1,1.5,0,ftmo_1step,,7,2.8,2,,True,OOS,820,2.3,4.5,83.5,2.2,7.4,5.6,4.3,5.72,-3.27,99078.0,85.7
s2,USDJPY,asian,24,"[10, 16]",2.0,2.0,-1,1.5,0,ftmo_1step,,7,2.8,2,2.5,False,IS,790,1.9,5.1,62.5,4.4,26.1,4.7,5.0,6.18,-3.06,99469.0,66.9
s2,USDJPY,asian,24,"[10, 16]",2.0,2.0,-1,1.5,0,ftmo_1step,,7,2.8,2,2.5,False,OOS,820,3.7,5.0,65.0,6.5,19.9,5.6,4.9,6.28,-3.12,99268.0,71.5
s2,USDJPY,asian,24,"[10, 16]",2.0,2.0,-1,1.5,0,ftmo_1step,,7,2.8,2,2.5,True,IS,790,2.2,5.3,61.8,4.7,26.1,4.7,5.1,6.21,-3.06,99490.0,66.5
s2,USDJPY,asian,24,"[10, 16]",2.0,2.0,-1,1.5,0,ftmo_1step,,7,2.8,2,2.5,True,OOS,820,3.0,5.0,67.3,6.5,18.2,5.6,4.9,6.28,-3.12,99161.0,73.8
s2,USDJPY,momentum,24,"[10, 16]",2.0,2.0,22,0.0,0,ftmo_1step,,7,1.5,2,,False,IS,790,0.9,0.5,32.8,0.4,65.4,5.8,6.1,4.67,-2.4,99981.0,33.2
s2,USDJPY,momentum,24,"[10, 16]",2.0,2.0,22,0.0,0,ftmo_1step,,7,1.5,2,,False,OOS,820,1.6,0.5,46.6,0.1,51.2,4.7,6.0,4.61,-2.56,99651.0,46.7
s2,USDJPY,momentum,24,"[10, 16]",2.0,2.0,22,0.0,0,ftmo_1step,,7,1.5,2,,True,IS,790,1.1,0.6,26.7,0.6,70.9,5.8,6.2,4.76,-2.4,99963.0,27.3
s2,USDJPY,momentum,24,"[10, 16]",2.0,2.0,22,0.0,0,ftmo_1step,,7,1.5,2,,True,OOS,820,1.8,0.6,42.3,1.2,54.0,5.9,6.1,4.68,-2.56,99649.0,43.5
s2,USDJPY,momentum,24,"[10, 16]",2.0,2.0,22,0.0,0,ftmo_1step,,7,1.5,2,2.5,False,IS,790,0.9,0.5,32.7,0.4,65.6,5.8,6.1,4.67,-2.4,99983.0,33.1
s2,USDJPY,momentum,24,"[10, 16]",2.0,2.0,22,0.0,0,ftmo_1step,,7,1.5,2,2.5,False,OOS,820,1.6,0.5,46.6,0.1,51.2,4.7,6.0,4.61,-2.56,99651.0,46.7
s2,USDJPY,momentum,24,"[10, 16]",2.0,2.0,22,0.0,0,ftmo_1step,,7,1.5,2,2.5,True,IS,790,1.1,0.6,26.6,0.6,71.0,5.8,6.2,4.76,-2.4,99965.0,27.2
s2,USDJPY,momentum,24,"[10, 16]",2.0,2.0,22,0.0,0,ftmo_1step,,7,1.5,2,2.5,True,OOS,820,1.8,0.6,42.3,1.2,54.0,5.9,6.1,4.68,-2.56,99649.0,43.5
s2,USDJPY,momentum,24,"[10, 16]",2.0,2.0,22,0.0,0,ftmo_1step,,7,2.0,2,,False,IS,790,3.4,1.4,61.1,1.5,32.5,4.8,4.9,5.36,-2.89,99736.0,62.6
s2,USDJPY,momentum,24,"[10, 16]",2.0,2.0,22,0.0,0,ftmo_1step,,7,2.0,2,,False,OOS,820,3.9,2.6,68.0,0.4,25.1,5.1,4.8,5.1,-3.0,99808.0,68.4
s2,USDJPY,momentum,24,"[10, 16]",2.0,2.0,22,0.0,0,ftmo_1step,,7,2.0,2,,True,IS,790,4.1,1.6,61.0,1.4,31.9,5.7,4.9,5.4,-2.9,99797.0,62.4
s2,USDJPY,momentum,24,"[10, 16]",2.0,2.0,22,0.0,0,ftmo_1step,,7,2.0,2,,True,OOS,820,4.4,3.2,68.0,0.5,23.9,5.1,4.8,5.15,-3.0,99820.0,68.5
s2,USDJPY,momentum,24,"[10, 16]",2.0,2.0,22,0.0,0,ftmo_1step,,7,2.0,2,2.5,False,IS,790,3.4,1.4,61.0,1.5,32.7,4.8,4.9,5.36,-2.89,99739.0,62.5
s2,USDJPY,momentum,24,"[10, 16]",2.0,2.0,22,0.0,0,ftmo_1step,,7,2.0,2,2.5,False,OOS,820,3.9,2.6,68.0,0.4,25.1,5.1,4.8,5.1,-3.0,99808.0,68.4
s2,USDJPY,momentum,24,"[10, 16]",2.0,2.0,22,0.0,0,ftmo_1step,,7,2.0,2,2.5,True,IS,790,4.2,1.6,60.9,1.4,31.9,5.7,4.9,5.4,-2.9,99801.0,62.3
s2,USDJPY,momentum,24,"[10, 16]",2.0,2.0,22,0.0,0,ftmo_1step,,7,2.0,2,2.5,True,OOS,820,4.4,3.2,68.0,0.5,23.9,5.1,4.8,5.15,-3.0,99820.0,68.5
s2,USDJPY,momentum,24,"[10, 16]",2.0,2.0,22,0.0,0,ftmo_1step,,7,2.8,2,,False,IS,790,4.2,7.0,71.0,7.2,10.6,4.9,3.7,6.18,-3.34,99597.0,78.2
s2,USDJPY,momentum,24,"[10, 16]",2.0,2.0,22,0.0,0,ftmo_1step,,7,2.8,2,,False,OOS,820,5.2,5.7,78.4,4.3,6.3,4.6,3.6,5.81,-3.4,99516.0,82.7
s2,USDJPY,momentum,24,"[10, 16]",2.0,2.0,22,0.0,0,ftmo_1step,,7,2.8,2,,True,IS,790,4.1,6.6,73.0,6.8,9.5,4.9,3.6,6.14,-3.31,99663.0,79.8
s2,USDJPY,momentum,24,"[10, 16]",2.0,2.0,22,0.0,0,ftmo_1step,,7,2.8,2,,True,OOS,820,4.6,6.7,79.6,3.8,5.2,4.2,3.4,5.79,-3.36,99574.0,83.4
s2,USDJPY,momentum,24,"[10, 16]",2.0,2.0,22,0.0,0,ftmo_1step,,7,2.8,2,2.5,False,IS,790,5.6,7.3,11.9,26.7,48.5,5.2,4.8,7.8,-2.81,100023.0,38.6
s2,USDJPY,momentum,24,"[10, 16]",2.0,2.0,22,0.0,0,ftmo_1step,,7,2.8,2,2.5,False,OOS,820,7.4,7.9,9.1,32.4,43.0,5.6,4.9,8.05,-2.87,99394.0,41.5
s2,USDJPY,momentum,24,"[10, 16]",2.0,2.0,22,0.0,0,ftmo_1step,,7,2.8,2,2.5,True,IS,790,5.4,7.3,19.5,24.7,43.0,5.6,4.7,7.7,-2.85,100046.0,44.2
s2,USDJPY,momentum,24,"[10, 16]",2.0,2.0,22,0.0,0,ftmo_1step,,7,2.8,2,2.5,True,OOS,820,6.3,8.4,18.9,30.4,36.0,5.5,4.8,7.84,-2.89,99502.0,49.3
s2,USDJPY,momentum,24,[10],2.0,2.0,-1,1.5,0,ftmo_1step,,7,1.5,1,,False,IS,790,0.3,0.0,0.0,0.0,99.7,6.3,4.9,3.5,-1.3,100075.0,0.0
s2,USDJPY,momentum,24,[10],2.0,2.0,-1,1.5,0,ftmo_1step,,7,1.5,1,,False,OOS,820,0.0,0.0,0.0,0.0,100.0,,4.9,3.77,-1.38,99620.0,0.0
s2,USDJPY,momentum,24,[10],2.0,2.0,-1,1.5,0,ftmo_1step,,7,1.5,1,,True,IS,790,0.5,0.0,0.0,0.0,99.5,6.3,4.9,3.5,-1.3,100076.0,0.0
s2,USDJPY,momentum,24,[10],2.0,2.0,-1,1.5,0,ftmo_1step,,7,1.5,1,,True,OOS,820,0.0,0.0,0.0,0.0,100.0,,4.9,3.76,-1.39,99622.0,0.0
s2,USDJPY,momentum,24,[10],2.0,2.0,-1,1.5,0,ftmo_1step,,7,1.5,1,2.5,False,IS,790,0.3,0.0,0.0,0.0,99.7,6.3,4.9,3.5,-1.3,100075.0,0.0
s2,USDJPY,momentum,24,[10],2.0,2.0,-1,1.5,0,ftmo_1step,,7,1.5,1,2.5,False,OOS,820,0.0,0.0,0.0,0.0,100.0,,4.9,3.77,-1.38,99620.0,0.0
s2,USDJPY,momentum,24,[10],2.0,2.0,-1,1.5,0,ftmo_1step,,7,1.5,1,2.5,True,IS,790,0.5,0.0,0.0,0.0,99.5,6.3,4.9,3.5,-1.3,100076.0,0.0
s2,USDJPY,momentum,24,[10],2.0,2.0,-1,1.5,0,ftmo_1step,,7,1.5,1,2.5,True,OOS,820,0.0,0.0,0.0,0.0,100.0,,4.9,3.76,-1.39,99622.0,0.0
s2,USDJPY,momentum,24,[10],2.0,2.0,-1,1.5,0,ftmo_1step,,7,2.0,1,,False,IS,790,1.5,0.3,1.3,0.6,96.3,5.2,4.9,4.66,-1.72,100066.0,1.9
s2,USDJPY,momentum,24,[10],2.0,2.0,-1,1.5,0,ftmo_1step,,7,2.0,1,,False,OOS,820,0.9,0.0,2.4,0.0,96.7,4.6,4.9,5.0,-1.84,99471.0,2.4
s2,USDJPY,momentum,24,[10],2.0,2.0,-1,1.5,0,ftmo_1step,,7,2.0,1,,True,IS,790,1.6,0.3,1.3,0.6,96.2,5.1,4.9,4.65,-1.73,100070.0,1.9
s2,USDJPY,momentum,24,[10],2.0,2.0,-1,1.5,0,ftmo_1step,,7,2.0,1,,True,OOS,820,1.1,0.0,2.3,0.0,96.6,4.6,4.9,4.99,-1.85,99475.0,2.3
s2,USDJPY,momentum,24,[10],2.0,2.0,-1,1.5,0,ftmo_1step,,7,2.0,1,2.5,False,IS,790,1.5,0.3,1.3,0.6,96.3,5.2,4.9,4.66,-1.72,100066.0,1.9
s2,USDJPY,momentum,24,[10],2.0,2.0,-1,1.5,0,ftmo_1step,,7,2.0,1,2.5,False,OOS,820,0.9,0.0,2.4,0.0,96.7,4.6,4.9,5.0,-1.84,99471.0,2.4
s2,USDJPY,momentum,24,[10],2.0,2.0,-1,1.5,0,ftmo_1step,,7,2.0,1,2.5,True,IS,790,1.6,0.3,1.3,0.6,96.2,5.1,4.9,4.65,-1.73,100070.0,1.9
s2,USDJPY,momentum,24,[10],2.0,2.0,-1,1.5,0,ftmo_1step,,7,2.0,1,2.5,True,OOS,820,1.1,0.0,2.3,0.0,96.6,4.6,4.9,4.99,-1.85,99475.0,2.3
s2,USDJPY,momentum,24,[10],2.0,2.0,-1,1.5,0,ftmo_1step,,7,2.8,1,,False,IS,790,3.3,3.3,5.9,6.5,81.0,5.8,4.7,6.35,-2.36,100096.0,12.4
s2,USDJPY,momentum,24,[10],2.0,2.0,-1,1.5,0,ftmo_1step,,7,2.8,1,,False,OOS,820,3.2,2.9,5.2,9.4,79.3,4.7,4.7,6.8,-2.51,99244.0,14.6
s2,USDJPY,momentum,24,[10],2.0,2.0,-1,1.5,0,ftmo_1step,,7,2.8,1,,True,IS,790,3.4,3.8,6.5,5.6,80.8,5.7,4.7,6.33,-2.37,100109.0,12.1
s2,USDJPY,momentum,24,[10],2.0,2.0,-1,1.5,0,ftmo_1step,,7,2.8,1,,True,OOS,820,3.0,3.0,6.7,8.2,79.0,4.7,4.7,6.77,-2.52,99241.0,14.9
s2,USDJPY,momentum,24,[10],2.0,2.0,-1,1.5,0,ftmo_1step,,7,2.8,1,2.5,False,IS,790,3.3,3.3,5.4,6.5,81.5,5.8,4.7,6.35,-2.35,100095.0,11.9
s2,USDJPY,momentum,24,[10],2.0,2.0,-1,1.5,0,ftmo_1step,,7,2.8,1,2.5,False,OOS,820,3.2,2.9,4.3,9.5,80.1,4.7,4.7,6.82,-2.5,99231.0,13.8
s2,USDJPY,momentum,24,[10],2.0,2.0,-1,1.5,0,ftmo_1step,,7,2.8,1,2.5,True,IS,790,3.4,3.8,5.9,5.6,81.3,5.7,4.7,6.33,-2.36,100109.0,11.5
s2,USDJPY,momentum,24,[10],2.0,2.0,-1,1.5,0,ftmo_1step,,7,2.8,1,2.5,True,OOS,820,3.0,3.0,6.1,8.3,79.5,4.7,4.7,6.78,-2.51,99232.0,14.4
s2,USDJPY,momentum,24,[10],2.0,2.0,22,0.0,0,ftmo_1step,,7,1.5,1,,False,IS,790,0.5,0.0,1.0,0.1,98.4,6.3,5.0,4.66,-1.55,100230.0,1.1
s2,USDJPY,momentum,24,[10],2.0,2.0,22,0.0,0,ftmo_1step,,7,1.5,1,,False,OOS,820,0.5,0.0,0.4,0.1,99.0,4.7,4.9,4.8,-1.57,99740.0,0.5
s2,USDJPY,momentum,24,[10],2.0,2.0,22,0.0,0,ftmo_1step,,7,1.5,1,,True,IS,790,0.8,0.0,0.9,0.1,98.2,6.3,5.0,4.67,-1.57,100231.0,1.0
s2,USDJPY,momentum,24,[10],2.0,2.0,22,0.0,0,ftmo_1step,,7,1.5,1,,True,OOS,820,0.6,0.0,0.2,0.1,99.0,4.7,4.9,4.8,-1.59,99741.0,0.3
s2,USDJPY,momentum,24,[10],2.0,2.0,22,0.0,0,ftmo_1step,,7,1.5,1,2.5,False,IS,790,0.5,0.0,1.0,0.1,98.4,6.3,5.0,4.66,-1.55,100230.0,1.1
s2,USDJPY,momentum,24,[10],2.0,2.0,22,0.0,0,ftmo_1step,,7,1.5,1,2.5,False,OOS,820,0.5,0.0,0.4,0.1,99.0,4.7,4.9,4.8,-1.57,99740.0,0.5
s2,USDJPY,momentum,24,[10],2.0,2.0,22,0.0,0,ftmo_1step,,7,1.5,1,2.5,True,IS,790,0.8,0.0,0.9,0.1,98.2,6.3,5.0,4.67,-1.57,100231.0,1.0
s2,USDJPY,momentum,24,[10],2.0,2.0,22,0.0,0,ftmo_1step,,7,1.5,1,2.5,True,OOS,820,0.6,0.0,0.2,0.1,99.0,4.7,4.9,4.8,-1.59,99741.0,0.3
s2,USDJPY,momentum,24,[10],2.0,2.0,22,0.0,0,ftmo_1step,,7,2.0,1,,False,IS,790,4.9,0.0,1.0,7.0,87.1,4.9,4.9,6.15,-2.04,100268.0,8.0
s2,USDJPY,momentum,24,[10],2.0,2.0,22,0.0,0,ftmo_1step,,7,2.0,1,,False,OOS,820,3.9,0.0,0.4,7.8,87.9,5.8,4.9,6.35,-2.09,99641.0,8.2
s2,USDJPY,momentum,24,[10],2.0,2.0,22,0.0,0,ftmo_1step,,7,2.0,1,,True,IS,790,5.4,0.0,1.0,5.4,88.1,4.9,4.9,6.17,-2.07,100293.0,6.4
s2,USDJPY,momentum,24,[10],2.0,2.0,22,0.0,0,ftmo_1step,,7,2.0,1,,True,OOS,820,4.1,0.0,0.4,6.5,89.0,5.8,4.9,6.35,-2.12,99634.0,6.9
s2,USDJPY,momentum,24,[10],2.0,2.0,22,0.0,0,ftmo_1step,,7,2.0,1,2.5,False,IS,790,4.9,0.0,1.0,7.0,87.1,4.9,4.9,6.15,-2.04,100268.0,8.0
s2,USDJPY,momentum,24,[10],2.0,2.0,22,0.0,0,ftmo_1step,,7,2.0,1,2.5,False,OOS,820,3.9,0.0,0.4,7.8,87.9,5.8,4.9,6.35,-2.09,99641.0,8.2
s2,USDJPY,momentum,24,[10],2.0,2.0,22,0.0,0,ftmo_1step,,7,2.0,1,2.5,True,IS,790,5.4,0.0,1.0,5.4,88.1,4.9,4.9,6.17,-2.07,100293.0,6.4
s2,USDJPY,momentum,24,[10],2.0,2.0,22,0.0,0,ftmo_1step,,7,2.0,1,2.5,True,OOS,820,4.1,0.0,0.4,6.5,89.0,5.8,4.9,6.35,-2.12,99634.0,6.9
s2,USDJPY,momentum,24,[10],2.0,2.0,22,0.0,0,ftmo_1step,,7,2.8,1,,False,IS,790,8.9,4.1,1.1,29.5,56.5,5.6,4.5,8.04,-2.78,100153.0,30.6
s2,USDJPY,momentum,24,[10],2.0,2.0,22,0.0,0,ftmo_1step,,7,2.8,1,,False,OOS,820,10.1,2.8,0.6,34.0,52.4,5.4,4.5,8.11,-2.85,99444.0,34.6
s2,USDJPY,momentum,24,[10],2.0,2.0,22,0.0,0,ftmo_1step,,7,2.8,1,,True,IS,790,7.6,4.4,10.9,27.1,50.0,5.6,4.4,7.9,-2.83,100158.0,38.0
s2,USDJPY,momentum,24,[10],2.0,2.0,22,0.0,0,ftmo_1step,,7,2.8,1,,True,OOS,820,7.8,3.8,14.3,31.2,42.9,4.9,4.3,7.9,-2.89,99480.0,45.5
s2,USDJPY,momentum,24,[10],2.0,2.0,22,0.0,0,ftmo_1step,,7,2.8,1,2.5,False,IS,790,8.9,4.1,0.6,29.6,56.8,5.6,4.5,8.05,-2.78,100165.0,30.2
s2,USDJPY,momentum,24,[10],2.0,2.0,22,0.0,0,ftmo_1step,,7,2.8,1,2.5,False,OOS,820,10.1,2.8,0.4,34.1,52.6,5.4,4.5,8.12,-2.85,99436.0,34.5
s2,USDJPY,momentum,24,[10],2.0,2.0,22,0.0,0,ftmo_1step,,7,2.8,1,2.5,True,IS,790,7.6,4.4,10.4,27.2,50.4,5.6,4.4,7.9,-2.82,100170.0,37.6
s2,USDJPY,momentum,24,[10],2.0,2.0,22,0.0,0,ftmo_1step,,7,2.8,1,2.5,True,OOS,820,7.8,3.8,14.0,31.3,43.0,4.9,4.3,7.91,-2.89,99473.0,45.3
s2,USDJPY,momentum,24,"[10, 16]",2.0,2.0,-1,1.5,0,ftmo_1step,,7,1.5,2,,False,IS,790,0.6,0.3,9.2,0.6,89.2,4.7,8.0,4.48,-2.11,100095.0,9.8
s2,USDJPY,momentum,24,"[10, 16]",2.0,2.0,-1,1.5,0,ftmo_1step,,7,1.5,2,,False,OOS,820,0.5,0.0,14.0,0.7,84.8,5.6,8.2,4.93,-2.29,99181.0,14.7
s2,USDJPY,momentum,24,"[10, 16]",2.0,2.0,-1,1.5,0,ftmo_1step,,7,1.5,2,,True,IS,790,0.8,0.4,8.1,0.6,90.1,4.5,8.0,4.5,-2.11,100086.0,8.7
s2,USDJPY,momentum,24,"[10, 16]",2.0,2.0,-1,1.5,0,ftmo_1step,,7,1.5,2,,True,OOS,820,0.4,0.1,12.1,0.4,87.1,5.6,8.3,4.96,-2.28,99160.0,12.5
s2,USDJPY,momentum,24,"[10, 16]",2.0,2.0,-1,1.5,0,ftmo_1step,,7,1.5,2,2.5,False,IS,790,0.6,0.3,7.8,0.6,90.6,4.7,8.0,4.49,-2.1,100094.0,8.4
s2,USDJPY,momentum,24,"[10, 16]",2.0,2.0,-1,1.5,0,ftmo_1step,,7,1.5,2,2.5,False,OOS,820,0.5,0.0,11.8,0.7,87.0,5.6,8.3,4.95,-2.28,99206.0,12.5
s2,USDJPY,momentum,24,"[10, 16]",2.0,2.0,-1,1.5,0,ftmo_1step,,7,1.5,2,2.5,True,IS,790,0.8,0.4,6.8,0.6,91.4,4.5,8.0,4.51,-2.1,100084.0,7.4
s2,USDJPY,momentum,24,"[10, 16]",2.0,2.0,-1,1.5,0,ftmo_1step,,7,1.5,2,2.5,True,OOS,820,0.4,0.1,9.9,0.4,89.3,5.6,8.3,4.97,-2.27,99184.0,10.3
s2,USDJPY,momentum,24,"[10, 16]",2.0,2.0,-1,1.5,0,ftmo_1step,,7,2.0,2,,False,IS,790,2.0,1.3,39.0,1.9,55.8,6.1,6.7,5.23,-2.64,100058.0,40.9
s2,USDJPY,momentum,24,"[10, 16]",2.0,2.0,-1,1.5,0,ftmo_1step,,7,2.0,2,,False,OOS,820,2.1,0.7,48.7,2.6,46.0,5.4,6.6,5.42,-2.81,99191.0,51.3
s2,USDJPY,momentum,24,"[10, 16]",2.0,2.0,-1,1.5,0,ftmo_1step,,7,2.0,2,,True,IS,790,2.2,1.1,38.9,1.6,56.2,6.0,6.8,5.25,-2.65,100039.0,40.5
s2,USDJPY,momentum,24,"[10, 16]",2.0,2.0,-1,1.5,0,ftmo_1step,,7,2.0,2,,True,OOS,820,2.4,0.7,48.7,2.2,46.0,5.3,6.6,5.45,-2.81,99177.0,50.9
s2,USDJPY,momentum,24,"[10, 16]",2.0,2.0,-1,1.5,0,ftmo_1step,,7,2.0,2,2.5,False,IS,790,2.0,1.3,34.6,2.2,60.0,6.1,6.8,5.3,-2.61,100079.0,36.8
s2,USDJPY,momentum,24,"[10, 16]",2.0,2.0,-1,1.5,0,ftmo_1step,,7,2.0,2,2.5,False,OOS,820,2.1,0.7,43.5,2.9,50.7,5.4,6.7,5.5,-2.76,99146.0,46.4
s2,USDJPY,momentum,24,"[10, 16]",2.0,2.0,-1,1.5,0,ftmo_1step,,7,2.0,2,2.5,True,IS,790,2.2,1.3,34.3,1.9,60.4,6.0,6.8,5.31,-2.61,100066.0,36.2
s2,USDJPY,momentum,24,"[10, 16]",2.0,2.0,-1,1.5,0,ftmo_1step,,7,2.0,2,2.5,True,OOS,820,2.4,0.7,43.5,2.4,50.9,5.3,6.7,5.52,-2.77,99148.0,45.9
s2,USDJPY,momentum,24,"[10, 16]",2.0,2.0,-1,1.5,0,ftmo_1step,,7,2.8,2,,False,IS,790,1.8,5.4,71.9,2.4,18.5,5.6,4.7,5.78,-3.11,99694.0,74.3
s2,USDJPY,momentum,24,"[10, 16]",2.0,2.0,-1,1.5,0,ftmo_1step,,7,2.8,2,,False,OOS,820,3.2,3.5,81.2,1.5,10.6,6.0,4.5,5.65,-3.23,99024.0,82.7
s2,USDJPY,momentum,24,"[10, 16]",2.0,2.0,-1,1.5,0,ftmo_1step,,7,2.8,2,,True,IS,790,1.6,5.1,72.3,2.3,18.7,4.7,4.7,5.83,-3.12,99653.0,74.6
s2,USDJPY,momentum,24,"[10, 16]",2.0,2.0,-1,1.5,0,ftmo_1step,,7,2.8,2,,True,OOS,820,2.8,3.8,82.0,1.7,9.8,5.6,4.4,5.66,-3.23,99015.0,83.7
s2,USDJPY,momentum,24,"[10, 16]",2.0,2.0,-1,1.5,0,ftmo_1step,,7,2.8,2,2.5,False,IS,790,1.6,5.3,58.4,5.3,29.4,5.6,5.1,6.23,-2.98,99640.0,63.7
s2,USDJPY,momentum,24,"[10, 16]",2.0,2.0,-1,1.5,0,ftmo_1step,,7,2.8,2,2.5,False,OOS,820,3.3,4.5,64.1,6.0,22.1,5.8,5.1,6.37,-3.1,98905.0,70.1
s2,USDJPY,momentum,24,"[10, 16]",2.0,2.0,-1,1.5,0,ftmo_1step,,7,2.8,2,2.5,True,IS,790,1.8,4.9,58.5,5.3,29.5,4.7,5.2,6.28,-2.99,99607.0,63.8
s2,USDJPY,momentum,24,"[10, 16]",2.0,2.0,-1,1.5,0,ftmo_1step,,7,2.8,2,2.5,True,OOS,820,2.8,4.6,66.1,6.0,20.5,5.7,5.0,6.38,-3.1,98886.0,72.1
s2,USDJPY,momentum,24,"[10, 16]",2.0,3.0,22,0.0,0,ftmo_1step,,7,1.5,2,,False,IS,790,1.4,0.4,33.0,0.4,64.8,4.9,5.9,4.82,-2.4,99959.0,33.4
s2,USDJPY,momentum,24,"[10, 16]",2.0,3.0,22,0.0,0,ftmo_1step,,7,1.5,2,,False,OOS,820,2.0,0.7,47.1,0.5,49.8,5.6,5.6,4.74,-2.57,99814.0,47.6
s2,USDJPY,momentum,24,"[10, 16]",2.0,3.0,22,0.0,0,ftmo_1step,,7,1.5,2,,True,IS,790,1.4,0.4,27.3,0.5,70.4,4.9,6.0,4.9,-2.41,99923.0,27.8
s2,USDJPY,momentum,24,"[10, 16]",2.0,3.0,22,0.0,0,ftmo_1step,,7,1.5,2,,True,OOS,820,2.2,0.9,42.3,1.8,52.8,5.6,5.7,4.82,-2.57,99817.0,44.1
s2,USDJPY,momentum,24,"[10, 16]",2.0,3.0,22,0.0,0,ftmo_1step,,7,1.5,2,2.5,False,IS,790,1.4,0.4,33.0,0.4,64.8,4.9,5.9,4.82,-2.4,99959.0,33.4
s2,USDJPY,momentum,24,"[10, 16]",2.0,3.0,22,0.0,0,ftmo_1step,,7,1.5,2,2.5,False,OOS,820,2.0,0.7,47.1,0.5,49.8,5.6,5.6,4.74,-2.57,99814.0,47.6
s2,USDJPY,momentum,24,"[10, 16]",2.0,3.0,22,0.0,0,ftmo_1step,,7,1.5,2,2.5,True,IS,790,1.4,0.4,27.3,0.5,70.4,4.9,6.0,4.9,-2.41,99923.0,27.8
s2,USDJPY,momentum,24,"[10, 16]",2.0,3.0,22,0.0,0,ftmo_1step,,7,1.5,2,2.5,True,OOS,820,2.2,0.9,42.3,1.8,52.8,5.6,5.7,4.82,-2.57,99817.0,44.1
s2,USDJPY,momentum,24,"[10, 16]",2.0,3.0,22,0.0,0,ftmo_1step,,7,2.0,2,,False,IS,790,2.8,2.3,61.3,1.8,31.9,5.9,4.7,5.53,-2.89,99695.0,63.1
s2,USDJPY,momentum,24,"[10, 16]",2.0,3.0,22,0.0,0,ftmo_1step,,7,2.0,2,,False,OOS,820,3.4,4.8,68.3,0.6,22.9,5.2,4.5,5.25,-2.99,99930.0,68.9
s2,USDJPY,momentum,24,"[10, 16]",2.0,3.0,22,0.0,0,ftmo_1step,,7,2.0,2,,True,IS,790,2.4,2.9,60.8,1.4,32.5,5.8,4.7,5.57,-2.9,99756.0,62.2
s2,USDJPY,momentum,24,"[10, 16]",2.0,3.0,22,0.0,0,ftmo_1step,,7,2.0,2,,True,OOS,820,3.4,5.1,68.0,0.9,22.6,5.8,4.5,5.28,-3.0,99936.0,68.9
s2,USDJPY,momentum,24,"[10, 16]",2.0,3.0,22,0.0,0,ftmo_1step,,7,2.0,2,2.5,False,IS,790,2.8,2.3,61.3,1.8,31.9,5.9,4.7,5.53,-2.89,99695.0,63.1
s2,USDJPY,momentum,24,"[10, 16]",2.0,3.0,22,0.0,0,ftmo_1step,,7,2.0,2,2.5,False,OOS,820,3.4,4.8,68.3,0.6,22.9,5.2,4.5,5.25,-2.99,99930.0,68.9
s2,USDJPY,momentum,24,"[10, 16]",2.0,3.0,22,0.0,0,ftmo_1step,,7,2.0,2,2.5,True,IS,790,2.4,2.9,60.8,1.4,32.5,5.8,4.7,5.57,-2.9,99756.0,62.2
s2,USDJPY,momentum,24,"[10, 16]",2.0,3.0,22,0.0,0,ftmo_1step,,7,2.0,2,2.5,True,OOS,820,3.4,5.1,68.0,0.9,22.6,5.8,4.5,5.28,-3.0,99936.0,68.9
s2,USDJPY,momentum,24,"[10, 16]",2.0,3.0,22,0.0,0,ftmo_1step,,7,2.8,2,,False,IS,790,2.4,9.0,70.5,8.5,9.6,5.9,3.6,6.32,-3.33,99541.0,79.0
s2,USDJPY,momentum,24,"[10, 16]",2.0,3.0,22,0.0,0,ftmo_1step,,7,2.8,2,,False,OOS,820,2.6,9.8,75.6,6.3,5.7,3.9,3.3,5.96,-3.38,99722.0,81.9
s2,USDJPY,momentum,24,"[10, 16]",2.0,3.0,22,0.0,0,ftmo_1step,,7,2.8,2,,True,IS,790,1.9,9.0,72.4,7.7,9.0,5.8,3.5,6.28,-3.3,99605.0,80.1
s2,USDJPY,momentum,24,"[10, 16]",2.0,3.0,22,0.0,0,ftmo_1step,,7,2.8,2,,True,OOS,820,2.1,9.6,78.5,5.1,4.6,3.9,3.2,5.88,-3.33,99794.0,83.6
s2,USDJPY,momentum,24,"[10, 16]",2.0,3.0,22,0.0,0,ftmo_1step,,7,2.8,2,2.5,False,IS,790,3.5,9.7,11.6,30.4,44.7,5.9,4.5,8.03,-2.81,99836.0,42.0
s2,USDJPY,momentum,24,"[10, 16]",2.0,3.0,22,0.0,0,ftmo_1step,,7,2.8,2,2.5,False,OOS,820,5.4,12.6,9.1,34.9,38.0,5.2,4.5,8.17,-2.87,99703.0,44.0
s2,USDJPY,momentum,24,"[10, 16]",2.0,3.0,22,0.0,0,ftmo_1step,,7,2.8,2,2.5,True,IS,790,3.0,10.0,19.7,27.1,40.1,5.9,4.4,7.87,-2.85,99872.0,46.8
s2,USDJPY,momentum,24,"[10, 16]",2.0,3.0,22,0.0,0,ftmo_1step,,7,2.8,2,2.5,True,OOS,820,3.9,12.1,21.5,31.7,30.9,4.9,4.3,7.86,-2.89,99848.0,53.2
s2,USDJPY,momentum,24,[10],2.0,3.0,22,0.0,0,ftmo_1step,,7,1.5,1,,False,IS,790,1.4,0.0,1.3,0.0,97.3,4.9,4.9,4.88,-1.56,100207.0,1.3
s2,USDJPY,momentum,24,[10],2.0,3.0,22,0.0,0,ftmo_1step,,7,1.5,1,,False,OOS,820,1.6,0.0,0.4,0.2,97.8,5.7,4.9,5.04,-1.58,99984.0,0.6
s2,USDJPY,momentum,24,[10],2.0,3.0,22,0.0,0,ftmo_1step,,7,1.5,1,,True,IS,790,1.8,0.0,1.1,0.0,97.1,5.4,4.9,4.88,-1.58,100203.0,1.1
s2,USDJPY,momentum,24,[10],2.0,3.0,22,0.0,0,ftmo_1step,,7,1.5,1,,True,OOS,820,1.8,0.0,0.2,0.2,97.7,5.9,4.9,5.04,-1.59,99987.0,0.4
s2,USDJPY,momentum,24,[10],2.0,3.0,22,0.0,0,ftmo_1step,,7,1.5,1,2.5,False,IS,790,1.4,0.0,1.3,0.0,97.3,4.9,4.9,4.88,-1.56,100207.0,1.3
s2,USDJPY,momentum,24,[10],2.0,3.0,22,0.0,0,ftmo_1step,,7,1.5,1,2.5,False,OOS,820,1.6,0.0,0.4,0.2,97.8,5.7,4.9,5.04,-1.58,99984.0,0.6
s2,USDJPY,momentum,24,[10],2.0,3.0,22,0.0,0,ftmo_1step,,7,1.5,1,2.5,True,IS,790,1.8,0.0,1.1,0.0,97.1,5.4,4.9,4.88,-1.58,100203.0,1.1
s2,USDJPY,momentum,24,[10],2.0,3.0,22,0.0,0,ftmo_1step,,7,1.5,1,2.5,True,OOS,820,1.8,0.0,0.2,0.2,97.7,5.9,4.9,5.04,-1.59,99987.0,0.4
s2,USDJPY,momentum,24,[10],2.0,3.0,22,0.0,0,ftmo_1step,,7,2.0,1,,False,IS,790,4.1,2.0,1.3,7.8,84.8,5.9,4.8,6.44,-2.05,100204.0,9.1
s2,USDJPY,momentum,24,[10],2.0,3.0,22,0.0,0,ftmo_1step,,7,2.0,1,,False,OOS,820,4.8,2.6,0.4,9.8,82.6,5.7,4.9,6.62,-2.08,99950.0,10.2
s2,USDJPY,momentum,24,[10],2.0,3.0,22,0.0,0,ftmo_1step,,7,2.0,1,,True,IS,790,3.8,2.8,1.3,5.8,86.3,5.9,4.8,6.44,-2.08,100241.0,7.1
s2,USDJPY,momentum,24,[10],2.0,3.0,22,0.0,0,ftmo_1step,,7,2.0,1,,True,OOS,820,4.6,3.3,0.4,8.4,83.3,5.8,4.8,6.61,-2.11,99942.0,8.8
s2,USDJPY,momentum,24,[10],2.0,3.0,22,0.0,0,ftmo_1step,,7,2.0,1,2.5,False,IS,790,4.1,2.0,1.3,7.8,84.8,5.9,4.8,6.44,-2.05,100204.0,9.1
s2,USDJPY,momentum,24,[10],2.0,3.0,22,0.0,0,ftmo_1step,,7,2.0,1,2.5,False,OOS,820,4.8,2.6,0.4,9.8,82.6,5.7,4.9,6.62,-2.08,99950.0,10.2
s2,USDJPY,momentum,24,[10],2.0,3.0,22,0.0,0,ftmo_1step,,7,2.0,1,2.5,True,IS,790,3.8,2.8,1.3,5.8,86.3,5.9,4.8,6.44,-2.08,100241.0,7.1
s2,USDJPY,momentum,24,[10],2.0,3.0,22,0.0,0,ftmo_1step,,7,2.0,1,2.5,True,OOS,820,4.6,3.3,0.4,8.4,83.3,5.8,4.8,6.61,-2.11,99942.0,8.8
s2,USDJPY,momentum,24,[10],2.0,3.0,22,0.0,0,ftmo_1step,,7,2.8,1,,False,IS,790,3.4,9.6,1.3,33.8,51.9,5.9,4.4,8.34,-2.78,99901.0,35.1
s2,USDJPY,momentum,24,[10],2.0,3.0,22,0.0,0,ftmo_1step,,7,2.8,1,,False,OOS,820,5.2,12.0,0.6,38.7,43.5,5.9,4.3,8.3,-2.83,99843.0,39.3
s2,USDJPY,momentum,24,[10],2.0,3.0,22,0.0,0,ftmo_1step,,7,2.8,1,,True,IS,790,3.3,9.5,11.3,30.6,45.3,5.9,4.3,8.13,-2.82,99995.0,41.9
s2,USDJPY,momentum,24,[10],2.0,3.0,22,0.0,0,ftmo_1step,,7,2.8,1,,True,OOS,820,3.5,11.2,16.7,34.0,34.5,5.5,4.1,7.93,-2.86,99923.0,50.7
s2,USDJPY,momentum,24,[10],2.0,3.0,22,0.0,0,ftmo_1step,,7,2.8,1,2.5,False,IS,790,3.4,9.6,0.8,33.9,52.3,5.9,4.4,8.34,-2.78,99908.0,34.7
s2,USDJPY,momentum,24,[10],2.0,3.0,22,0.0,0,ftmo_1step,,7,2.8,1,2.5,False,OOS,820,5.2,12.0,0.4,38.8,43.7,5.9,4.3,8.31,-2.83,99835.0,39.2
s2,USDJPY,momentum,24,[10],2.0,3.0,22,0.0,0,ftmo_1step,,7,2.8,1,2.5,True,IS,790,3.3,9.5,10.8,30.8,45.7,5.9,4.3,8.13,-2.82,100001.0,41.6
s2,USDJPY,momentum,24,[10],2.0,3.0,22,0.0,0,ftmo_1step,,7,2.8,1,2.5,True,OOS,820,3.5,11.2,16.5,34.1,34.6,5.5,4.1,7.94,-2.86,99916.0,50.6
s2,USDJPY,momentum,24,[10],2.0,3.0,-1,1.5,0,ftmo_1step,,7,1.5,1,,False,IS,790,0.5,0.1,0.0,0.0,99.4,4.8,4.9,3.59,-1.31,100088.0,0.0
s2,USDJPY,momentum,24,[10],2.0,3.0,-1,1.5,0,ftmo_1step,,7,1.5,1,,False,OOS,820,0.2,0.0,0.0,0.0,99.8,5.7,4.9,3.86,-1.39,99804.0,0.0
s2,USDJPY,momentum,24,[10],2.0,3.0,-1,1.5,0,ftmo_1step,,7,1.5,1,,True,IS,790,0.5,0.1,0.0,0.0,99.4,4.8,4.9,3.59,-1.31,100088.0,0.0
s2,USDJPY,momentum,24,[10],2.0,3.0,-1,1.5,0,ftmo_1step,,7,1.5,1,,True,OOS,820,0.2,0.0,0.0,0.0,99.8,5.7,4.9,3.86,-1.4,99802.0,0.0
s2,USDJPY,momentum,24,[10],2.0,3.0,-1,1.5,0,ftmo_1step,,7,1.5,1,2.5,False,IS,790,0.5,0.1,0.0,0.0,99.4,4.8,4.9,3.59,-1.31,100088.0,0.0
s2,USDJPY,momentum,24,[10],2.0,3.0,-1,1.5,0,ftmo_1step,,7,1.5,1,2.5,False,OOS,820,0.2,0.0,0.0,0.0,99.8,5.7,4.9,3.86,-1.39,99804.0,0.0
s2,USDJPY,momentum,24,[10],2.0,3.0,-1,1.5,0,ftmo_1step,,7,1.5,1,2.5,True,IS,790,0.5,0.1,0.0,0.0,99.4,4.8,4.9,3.59,-1.31,100088.0,0.0
s2,USDJPY,momentum,24,[10],2.0,3.0,-1,1.5,0,ftmo_1step,,7,1.5,1,2.5,True,OOS,820,0.2,0.0,0.0,0.0,99.8,5.7,4.9,3.86,-1.4,99802.0,0.0
s2,USDJPY,momentum,24,[10],2.0,3.0,-1,1.5,0,ftmo_1step,,7,2.0,1,,False,IS,790,0.6,1.1,1.5,0.5,96.2,5.1,4.9,4.77,-1.73,100074.0,2.0
s2,USDJPY,momentum,24,[10],2.0,3.0,-1,1.5,0,ftmo_1step,,7,2.0,1,,False,OOS,820,0.6,2.2,3.4,0.0,93.8,6.0,4.8,5.12,-1.85,99720.0,3.4
s2,USDJPY,momentum,24,[10],2.0,3.0,-1,1.5,0,ftmo_1step,,7,2.0,1,,True,IS,790,0.5,1.6,1.9,0.5,95.4,4.8,4.9,4.76,-1.74,100083.0,2.4
s2,USDJPY,momentum,24,[10],2.0,3.0,-1,1.5,0,ftmo_1step,,7,2.0,1,,True,OOS,820,0.5,2.6,3.3,0.0,93.7,5.9,4.8,5.1,-1.86,99717.0,3.3
s2,USDJPY,momentum,24,[10],2.0,3.0,-1,1.5,0,ftmo_1step,,7,2.0,1,2.5,False,IS,790,0.6,1.1,1.5,0.5,96.2,5.1,4.9,4.77,-1.73,100074.0,2.0
s2,USDJPY,momentum,24,[10],2.0,3.0,-1,1.5,0,ftmo_1step,,7,2.0,1,2.5,False,OOS,820,0.6,2.2,3.4,0.0,93.8,6.0,4.8,5.12,-1.85,99720.0,3.4
s2,USDJPY,momentum,24,[10],2.0,3.0,-1,1.5,0,ftmo_1step,,7,2.0,1,2.5,True,IS,790,0.5,1.6,1.9,0.5,95.4,4.8,4.9,4.76,-1.74,100083.0,2.4
s2,USDJPY,momentum,24,[10],2.0,3.0,-1,1.5,0,ftmo_1step,,7,2.0,1,2.5,True,OOS,820,0.5,2.6,3.3,0.0,93.7,5.9,4.8,5.1,-1.86,99717.0,3.3
s2,USDJPY,momentum,24,[10],2.0,3.0,-1,1.5,0,ftmo_1step,,7,2.8,1,,False,IS,790,0.6,4.9,7.2,7.0,80.3,5.7,4.7,6.49,-2.36,100013.0,14.2
s2,USDJPY,momentum,24,[10],2.0,3.0,-1,1.5,0,ftmo_1step,,7,2.8,1,,False,OOS,820,0.9,7.3,6.2,10.2,75.4,6.0,4.7,6.96,-2.52,99582.0,16.4
s2,USDJPY,momentum,24,[10],2.0,3.0,-1,1.5,0,ftmo_1step,,7,2.8,1,,True,IS,790,0.6,5.2,7.8,6.1,80.3,5.7,4.7,6.46,-2.37,100013.0,13.9
s2,USDJPY,momentum,24,[10],2.0,3.0,-1,1.5,0,ftmo_1step,,7,2.8,1,,True,OOS,820,0.5,7.4,9.8,8.9,73.4,5.6,4.6,6.88,-2.53,99592.0,18.7
s2,USDJPY,momentum,24,[10],2.0,3.0,-1,1.5,0,ftmo_1step,,7,2.8,1,2.5,False,IS,790,0.6,4.9,6.7,7.0,80.8,5.7,4.7,6.49,-2.36,100013.0,13.7
s2,USDJPY,momentum,24,[10],2.0,3.0,-1,1.5,0,ftmo_1step,,7,2.8,1,2.5,False,OOS,820,0.9,7.3,5.0,10.4,76.5,6.0,4.7,6.99,-2.51,99567.0,15.4
s2,USDJPY,momentum,24,[10],2.0,3.0,-1,1.5,0,ftmo_1step,,7,2.8,1,2.5,True,IS,790,0.6,5.2,7.3,6.1,80.8,5.7,4.7,6.46,-2.36,100012.0,13.4
s2,USDJPY,momentum,24,[10],2.0,3.0,-1,1.5,0,ftmo_1step,,7,2.8,1,2.5,True,OOS,820,0.5,7.4,8.9,9.0,74.1,5.6,4.7,6.9,-2.52,99581.0,17.9
s2,USDJPY,momentum,24,"[10, 16]",2.0,3.0,-1,1.5,0,ftmo_1step,,7,1.5,2,,False,IS,790,0.5,0.6,9.7,0.5,88.6,3.6,7.7,4.58,-2.11,100093.0,10.2
s2,USDJPY,momentum,24,"[10, 16]",2.0,3.0,-1,1.5,0,ftmo_1step,,7,1.5,2,,False,OOS,820,0.5,0.6,14.5,0.7,83.7,6.7,8.0,4.99,-2.3,99347.0,15.2
s2,USDJPY,momentum,24,"[10, 16]",2.0,3.0,-1,1.5,0,ftmo_1step,,7,1.5,2,,True,IS,790,0.6,0.6,9.1,0.5,89.1,3.7,7.8,4.59,-2.11,100083.0,9.6
s2,USDJPY,momentum,24,"[10, 16]",2.0,3.0,-1,1.5,0,ftmo_1step,,7,1.5,2,,True,OOS,820,0.6,0.6,12.8,0.4,85.6,6.7,8.1,5.02,-2.29,99321.0,13.2
s2,USDJPY,momentum,24,"[10, 16]",2.0,3.0,-1,1.5,0,ftmo_1step,,7,1.5,2,2.5,False,IS,790,0.5,0.6,8.1,0.5,90.3,3.6,7.8,4.59,-2.11,100097.0,8.6
s2,USDJPY,momentum,24,"[10, 16]",2.0,3.0,-1,1.5,0,ftmo_1step,,7,1.5,2,2.5,False,OOS,820,0.5,0.6,12.3,0.7,85.9,6.7,8.0,5.01,-2.29,99368.0,13.0
s2,USDJPY,momentum,24,"[10, 16]",2.0,3.0,-1,1.5,0,ftmo_1step,,7,1.5,2,2.5,True,IS,790,0.6,0.6,7.6,0.5,90.6,3.7,7.8,4.6,-2.1,100090.0,8.1
s2,USDJPY,momentum,24,"[10, 16]",2.0,3.0,-1,1.5,0,ftmo_1step,,7,1.5,2,2.5,True,OOS,820,0.6,0.6,10.4,0.4,88.0,6.7,8.1,5.03,-2.28,99344.0,10.8
s2,USDJPY,momentum,24,"[10, 16]",2.0,3.0,-1,1.5,0,ftmo_1step,,7,2.0,2,,False,IS,790,1.0,1.9,39.9,1.9,55.3,6.5,6.5,5.34,-2.66,100007.0,41.8
s2,USDJPY,momentum,24,"[10, 16]",2.0,3.0,-1,1.5,0,ftmo_1step,,7,2.0,2,,False,OOS,820,1.3,2.2,50.2,2.7,43.5,6.7,6.4,5.49,-2.81,99334.0,52.9
s2,USDJPY,momentum,24,"[10, 16]",2.0,3.0,-1,1.5,0,ftmo_1step,,7,2.0,2,,True,IS,790,0.9,2.0,39.4,1.5,56.2,6.6,6.6,5.37,-2.66,99982.0,40.9
s2,USDJPY,momentum,24,"[10, 16]",2.0,3.0,-1,1.5,0,ftmo_1step,,7,2.0,2,,True,OOS,820,1.1,2.8,49.0,2.4,44.6,6.7,6.4,5.52,-2.82,99310.0,51.4
s2,USDJPY,momentum,24,"[10, 16]",2.0,3.0,-1,1.5,0,ftmo_1step,,7,2.0,2,2.5,False,IS,790,1.0,2.0,34.8,2.2,60.0,6.5,6.6,5.43,-2.62,100050.0,37.0
s2,USDJPY,momentum,24,"[10, 16]",2.0,3.0,-1,1.5,0,ftmo_1step,,7,2.0,2,2.5,False,OOS,820,1.3,2.2,45.9,2.9,47.7,6.7,6.4,5.57,-2.77,99289.0,48.8
s2,USDJPY,momentum,24,"[10, 16]",2.0,3.0,-1,1.5,0,ftmo_1step,,7,2.0,2,2.5,True,IS,790,0.9,2.0,34.7,1.9,60.5,6.6,6.7,5.44,-2.62,100022.0,36.6
s2,USDJPY,momentum,24,"[10, 16]",2.0,3.0,-1,1.5,0,ftmo_1step,,7,2.0,2,2.5,True,OOS,820,1.1,2.8,44.5,2.6,49.0,6.7,6.4,5.6,-2.78,99282.0,47.1
s2,USDJPY,momentum,24,"[10, 16]",2.0,3.0,-1,1.5,0,ftmo_1step,,7,2.8,2,,False,IS,790,1.4,6.7,72.0,2.4,17.5,5.7,4.6,5.84,-3.11,99631.0,74.4
s2,USDJPY,momentum,24,"[10, 16]",2.0,3.0,-1,1.5,0,ftmo_1step,,7,2.8,2,,False,OOS,820,0.7,6.8,81.8,1.6,9.0,6.6,4.3,5.72,-3.24,99164.0,83.4
s2,USDJPY,momentum,24,"[10, 16]",2.0,3.0,-1,1.5,0,ftmo_1step,,7,2.8,2,,True,IS,790,1.3,6.2,72.9,2.3,17.3,5.7,4.6,5.86,-3.11,99593.0,75.2
s2,USDJPY,momentum,24,"[10, 16]",2.0,3.0,-1,1.5,0,ftmo_1step,,7,2.8,2,,True,OOS,820,0.4,7.0,82.3,1.8,8.5,6.5,4.2,5.72,-3.23,99146.0,84.1
s2,USDJPY,momentum,24,"[10, 16]",2.0,3.0,-1,1.5,0,ftmo_1step,,7,2.8,2,2.5,False,IS,790,1.3,6.5,58.4,5.7,28.2,5.7,5.0,6.31,-2.98,99616.0,64.1
s2,USDJPY,momentum,24,"[10, 16]",2.0,3.0,-1,1.5,0,ftmo_1step,,7,2.8,2,2.5,False,OOS,820,0.9,7.2,65.1,6.0,20.9,6.5,4.8,6.43,-3.1,99073.0,71.1
s2,USDJPY,momentum,24,"[10, 16]",2.0,3.0,-1,1.5,0,ftmo_1step,,7,2.8,2,2.5,True,IS,790,1.3,5.9,58.7,5.7,28.4,5.7,5.0,6.32,-2.98,99576.0,64.4
s2,USDJPY,momentum,24,"[10, 16]",2.0,3.0,-1,1.5,0,ftmo_1step,,7,2.8,2,2.5,True,OOS,820,0.4,7.7,66.6,6.1,19.3,6.5,4.8,6.42,-3.1,99072.0,72.7
s3,BTCUSD,long,24,[8],1.0,3.0,23,0.0,0,ftmo_1step,,7,1.5,1,,True,IS,391,18.2,0.0,0.0,14.8,67.0,4.5,6.5,7.06,-1.6,100936.0,14.8
s3,BTCUSD,long,24,[8],1.0,3.0,23,0.0,0,ftmo_1step,,7,1.5,1,,True,OOS,395,14.2,0.0,0.0,16.5,69.4,3.8,6.5,7.34,-1.56,99661.0,16.5
s3,BTCUSD,long,24,[8],1.0,3.0,23,0.0,0,fundingpips_1step,,7,1.5,1,,True,IS,391,18.9,0.0,0.0,26.1,55.0,4.4,6.0,6.59,-1.6,100929.0,26.1
s3,BTCUSD,long,24,[8],1.0,3.0,23,0.0,0,fundingpips_1step,,7,1.5,1,,True,OOS,395,14.2,0.0,0.0,35.7,50.1,3.8,5.9,6.72,-1.56,99728.0,35.7
s3,BTCUSD,long,24,[8],1.0,3.0,23,0.0,0,e8_one_8,,7,1.5,1,,True,IS,391,12.5,0.0,0.0,35.5,51.9,4.7,6.3,6.72,-1.6,100953.0,35.5
s3,BTCUSD,long,24,[8],1.0,3.0,23,0.0,0,e8_one_8,,7,1.5,1,,True,OOS,395,10.6,0.0,0.0,42.3,47.1,3.9,6.2,6.9,-1.57,99651.0,42.3
s3,BTCUSD,long,24,[8],1.0,3.0,23,0.0,0,e8_one_14,,7,1.5,1,,True,IS,391,0.5,0.0,0.0,0.0,99.5,6.0,7.0,7.37,-1.64,101181.0,0.0
s3,BTCUSD,long,24,[8],1.0,3.0,23,0.0,0,e8_one_14,,7,1.5,1,,True,OOS,395,0.8,0.0,0.0,0.0,99.2,5.5,6.9,7.61,-1.6,99777.0,0.0
s3,BTCUSD,long,24,[8],1.0,3.0,23,0.0,0,the5ers_hyper,,7,1.5,1,,True,IS,391,18.9,0.0,0.0,26.1,55.0,4.4,6.0,6.59,-1.6,100929.0,26.1
s3,BTCUSD,long,24,[8],1.0,3.0,23,0.0,0,the5ers_hyper,,7,1.5,1,,True,OOS,395,14.2,0.0,0.0,35.7,50.1,4.2,5.9,6.72,-1.56,99728.0,35.7
s3,BTCUSD,long,24,[8],1.0,3.0,23,0.0,0,ftmo_p1,,7,1.5,1,,True,IS,391,10.2,0.0,0.0,0.3,89.5,5.6,6.8,5.52,-1.43,101100.0,0.3
s3,BTCUSD,long,24,[8],1.0,3.0,23,0.0,0,ftmo_p1,,7,1.5,1,,True,OOS,395,3.0,0.0,0.0,0.0,97.0,5.6,6.9,5.21,-1.31,99602.0,0.0
s3,BTCUSD,long,24,[8],1.0,3.0,23,0.0,0,ftmo_1step,,7,1.5,1,2.5,True,IS,391,18.2,0.0,0.0,14.8,67.0,4.5,6.5,7.06,-1.6,100936.0,14.8
s3,BTCUSD,long,24,[8],1.0,3.0,23,0.0,0,ftmo_1step,,7,1.5,1,2.5,True,OOS,395,14.2,0.0,0.0,16.5,69.4,3.8,6.5,7.34,-1.56,99661.0,16.5
s3,BTCUSD,long,24,[8],1.0,3.0,23,0.0,0,fundingpips_1step,,7,1.5,1,2.5,True,IS,391,18.9,0.0,0.0,26.1,55.0,4.4,6.0,6.59,-1.6,100929.0,26.1
s3,BTCUSD,long,24,[8],1.0,3.0,23,0.0,0,fundingpips_1step,,7,1.5,1,2.5,True,OOS,395,14.2,0.0,0.0,35.7,50.1,3.8,5.9,6.72,-1.56,99728.0,35.7
s3,BTCUSD,long,24,[8],1.0,3.0,23,0.0,0,e8_one_8,,7,1.5,1,2.5,True,IS,391,12.5,0.0,0.0,35.5,51.9,4.7,6.3,6.72,-1.6,100953.0,35.5
s3,BTCUSD,long,24,[8],1.0,3.0,23,0.0,0,e8_one_8,,7,1.5,1,2.5,True,OOS,395,10.6,0.0,0.0,42.3,47.1,3.9,6.2,6.9,-1.57,99651.0,42.3
s3,BTCUSD,long,24,[8],1.0,3.0,23,0.0,0,e8_one_14,,7,1.5,1,2.5,True,IS,391,0.5,0.0,0.0,0.0,99.5,6.0,7.0,7.37,-1.64,101181.0,0.0
s3,BTCUSD,long,24,[8],1.0,3.0,23,0.0,0,e8_one_14,,7,1.5,1,2.5,True,OOS,395,0.8,0.0,0.0,0.0,99.2,5.5,6.9,7.61,-1.6,99777.0,0.0
s3,BTCUSD,long,24,[8],1.0,3.0,23,0.0,0,the5ers_hyper,,7,1.5,1,2.5,True,IS,391,18.9,0.0,0.0,26.1,55.0,4.4,6.0,6.59,-1.6,100929.0,26.1
s3,BTCUSD,long,24,[8],1.0,3.0,23,0.0,0,the5ers_hyper,,7,1.5,1,2.5,True,OOS,395,14.2,0.0,0.0,35.7,50.1,4.2,5.9,6.72,-1.56,99728.0,35.7
s3,BTCUSD,long,24,[8],1.0,3.0,23,0.0,0,ftmo_p1,,7,1.5,1,2.5,True,IS,391,10.2,0.0,0.0,0.3,89.5,5.6,6.8,5.52,-1.43,101100.0,0.3
s3,BTCUSD,long,24,[8],1.0,3.0,23,0.0,0,ftmo_p1,,7,1.5,1,2.5,True,OOS,395,3.0,0.0,0.0,0.0,97.0,5.6,6.9,5.21,-1.31,99602.0,0.0
s3,BTCUSD,long,24,[8],1.0,3.0,23,0.0,0,ftmo_1step,,7,1.5,1,,False,IS,391,17.4,0.0,0.0,15.3,67.3,4.5,6.5,7.04,-1.58,100959.0,15.3
s3,BTCUSD,long,24,[8],1.0,3.0,23,0.0,0,ftmo_1step,,7,1.5,1,,False,OOS,395,13.9,0.0,0.0,20.3,65.8,3.9,6.5,7.36,-1.54,99614.0,20.3
s3,BTCUSD,long,24,[8],1.0,3.0,23,0.0,0,fundingpips_1step,,7,1.5,1,,False,IS,391,18.2,0.0,0.0,26.6,55.2,4.5,5.9,6.52,-1.57,100927.0,26.6
s3,BTCUSD,long,24,[8],1.0,3.0,23,0.0,0,fundingpips_1step,,7,1.5,1,,False,OOS,395,13.9,0.0,0.0,37.7,48.4,3.9,5.7,6.66,-1.54,99711.0,37.7
s3,BTCUSD,long,24,[8],1.0,3.0,23,0.0,0,e8_one_8,,7,1.5,1,,False,IS,391,11.0,0.0,0.0,34.8,54.2,5.5,6.3,6.7,-1.58,100917.0,34.8
s3,BTCUSD,long,24,[8],1.0,3.0,23,0.0,0,e8_one_8,,7,1.5,1,,False,OOS,395,9.9,0.0,0.0,44.8,45.3,4.9,6.2,6.9,-1.54,99614.0,44.8
s3,BTCUSD,long,24,[8],1.0,3.0,23,0.0,0,e8_one_14,,7,1.5,1,,False,IS,391,0.3,0.0,0.0,0.5,99.2,6.6,7.0,7.33,-1.6,101145.0,0.5
s3,BTCUSD,long,24,[8],1.0,3.0,23,0.0,0,e8_one_14,,7,1.5,1,,False,OOS,395,0.3,0.0,0.0,0.3,99.5,6.5,6.9,7.65,-1.56,99736.0,0.3
s3,BTCUSD,long,24,[8],1.0,3.0,23,0.0,0,the5ers_hyper,,7,1.5,1,,False,IS,391,18.2,0.0,0.0,26.6,55.2,4.5,5.9,6.52,-1.57,100927.0,26.6
s3,BTCUSD,long,24,[8],1.0,3.0,23,0.0,0,the5ers_hyper,,7,1.5,1,,False,OOS,395,13.9,0.0,0.0,37.7,48.4,4.2,5.7,6.66,-1.54,99711.0,37.7
s3,BTCUSD,long,24,[8],1.0,3.0,23,0.0,0,ftmo_p1,,7,1.5,1,,False,IS,391,10.0,0.0,0.0,1.0,89.0,5.6,6.8,5.52,-1.41,101081.0,1.0
s3,BTCUSD,long,24,[8],1.0,3.0,23,0.0,0,ftmo_p1,,7,1.5,1,,False,OOS,395,3.0,0.0,0.0,0.0,97.0,5.6,6.9,5.21,-1.31,99608.0,0.0
s3,XAUUSD,momentum,4,[1],2.0,2.0,22,0.0,0,ftmo_1step,,7,2.0,1,,True,IS,1689,4.9,0.0,0.4,2.9,91.8,4.7,4.8,6.13,-2.06,99935.0,3.3
s3,XAUUSD,momentum,4,[1],2.0,2.0,22,0.0,0,ftmo_1step,,7,2.0,1,,True,OOS,816,3.4,0.0,0.0,4.9,91.7,6.0,4.8,6.07,-2.06,99947.0,4.9
s3,XAUUSD,momentum,4,[1],2.0,2.0,22,0.0,0,fundingpips_1step,,7,2.0,1,,True,IS,1689,5.0,0.0,0.4,21.8,72.8,4.7,4.6,5.88,-2.07,99883.0,22.2
s3,XAUUSD,momentum,4,[1],2.0,2.0,22,0.0,0,fundingpips_1step,,7,2.0,1,,True,OOS,816,3.6,0.0,0.0,21.4,75.0,5.8,4.7,5.82,-2.06,99954.0,21.4
s3,XAUUSD,momentum,4,[1],2.0,2.0,22,0.0,0,e8_one_8,,7,2.0,1,,True,IS,1689,2.4,0.0,0.0,16.6,81.1,5.6,4.7,6.0,-2.08,99874.0,16.6
s3,XAUUSD,momentum,4,[1],2.0,2.0,22,0.0,0,e8_one_8,,7,2.0,1,,True,OOS,816,1.0,0.0,0.0,18.5,80.5,6.0,4.7,5.89,-2.06,99963.0,18.5
s3,XAUUSD,momentum,4,[1],2.0,2.0,22,0.0,0,e8_one_14,,7,2.0,1,,True,IS,1689,0.0,0.0,0.0,0.3,99.7,,4.9,6.17,-2.09,99956.0,0.3
s3,XAUUSD,momentum,4,[1],2.0,2.0,22,0.0,0,e8_one_14,,7,2.0,1,,True,OOS,816,0.0,0.0,0.0,0.0,100.0,,4.9,6.12,-2.07,99955.0,0.0
s3,XAUUSD,momentum,4,[1],2.0,2.0,22,0.0,0,the5ers_hyper,,7,2.0,1,,True,IS,1689,5.0,0.0,0.4,21.8,72.8,4.7,4.6,5.88,-2.07,99883.0,22.2
s3,XAUUSD,momentum,4,[1],2.0,2.0,22,0.0,0,the5ers_hyper,,7,2.0,1,,True,OOS,816,3.6,0.0,0.0,21.4,75.0,5.8,4.7,5.82,-2.06,99954.0,21.4
s3,XAUUSD,momentum,4,[1],2.0,2.0,22,0.0,0,ftmo_p1,,7,2.0,1,,True,IS,1689,5.0,0.0,0.0,0.0,95.0,5.6,4.8,6.15,-2.07,99964.0,0.0
s3,XAUUSD,momentum,4,[1],2.0,2.0,22,0.0,0,ftmo_p1,,7,2.0,1,,True,OOS,816,3.6,0.0,0.0,0.0,96.4,5.8,4.9,6.1,-2.06,99964.0,0.0
s3,XAUUSD,momentum,4,[1],2.0,2.0,22,0.0,0,ftmo_1step,,7,2.0,1,,False,IS,1689,4.2,0.0,0.4,4.1,91.3,4.9,4.8,6.13,-2.03,99929.0,4.5
s3,XAUUSD,momentum,4,[1],2.0,2.0,22,0.0,0,ftmo_1step,,7,2.0,1,,False,OOS,816,2.8,0.0,0.0,6.4,90.8,6.4,4.8,6.07,-2.02,99919.0,6.4
s3,XAUUSD,momentum,4,[1],2.0,2.0,22,0.0,0,fundingpips_1step,,7,2.0,1,,False,IS,1689,4.2,0.0,0.4,22.9,72.5,4.9,4.6,5.85,-2.03,99871.0,23.3
s3,XAUUSD,momentum,4,[1],2.0,2.0,22,0.0,0,fundingpips_1step,,7,2.0,1,,False,OOS,816,2.9,0.0,0.0,23.2,73.9,6.3,4.6,5.77,-2.03,99975.0,23.2
s3,XAUUSD,momentum,4,[1],2.0,2.0,22,0.0,0,e8_one_8,,7,2.0,1,,False,IS,1689,1.8,0.0,0.0,18.1,80.2,6.1,4.7,5.99,-2.05,99862.0,18.1
s3,XAUUSD,momentum,4,[1],2.0,2.0,22,0.0,0,e8_one_8,,7,2.0,1,,False,OOS,816,0.6,0.0,0.0,19.2,80.1,6.2,4.7,5.87,-2.02,99955.0,19.2
s3,XAUUSD,momentum,4,[1],2.0,2.0,22,0.0,0,e8_one_14,,7,2.0,1,,False,IS,1689,0.0,0.0,0.0,0.3,99.7,,4.9,6.17,-2.05,99952.0,0.3
s3,XAUUSD,momentum,4,[1],2.0,2.0,22,0.0,0,e8_one_14,,7,2.0,1,,False,OOS,816,0.0,0.0,0.0,0.1,99.9,,4.9,6.12,-2.03,99951.0,0.1
s3,XAUUSD,momentum,4,[1],2.0,2.0,22,0.0,0,the5ers_hyper,,7,2.0,1,,False,IS,1689,4.2,0.0,0.4,22.9,72.5,4.9,4.6,5.85,-2.03,99871.0,23.3
s3,XAUUSD,momentum,4,[1],2.0,2.0,22,0.0,0,the5ers_hyper,,7,2.0,1,,False,OOS,816,2.9,0.0,0.0,23.2,73.9,6.3,4.6,5.77,-2.03,99975.0,23.2
s3,XAUUSD,momentum,4,[1],2.0,2.0,22,0.0,0,ftmo_p1,,7,2.0,1,,False,IS,1689,4.2,0.0,0.0,1.2,94.6,5.6,4.8,6.16,-2.04,99958.0,1.2
s3,XAUUSD,momentum,4,[1],2.0,2.0,22,0.0,0,ftmo_p1,,7,2.0,1,,False,OOS,816,2.9,0.0,0.0,1.5,95.6,6.3,4.9,6.11,-2.03,99956.0,1.5
s3,XAUUSD,momentum,4,[1],2.0,2.0,22,0.0,0,ftmo_1step,,7,2.0,1,2.5,True,IS,1689,4.9,0.0,0.4,2.9,91.8,4.7,4.8,6.13,-2.06,99935.0,3.3
s3,XAUUSD,momentum,4,[1],2.0,2.0,22,0.0,0,ftmo_1step,,7,2.0,1,2.5,True,OOS,816,3.4,0.0,0.0,4.9,91.7,6.0,4.8,6.07,-2.06,99947.0,4.9
s3,XAUUSD,momentum,4,[1],2.0,2.0,22,0.0,0,fundingpips_1step,,7,2.0,1,2.5,True,IS,1689,5.0,0.0,0.4,21.8,72.8,4.7,4.6,5.88,-2.07,99883.0,22.2
s3,XAUUSD,momentum,4,[1],2.0,2.0,22,0.0,0,fundingpips_1step,,7,2.0,1,2.5,True,OOS,816,3.6,0.0,0.0,21.4,75.0,5.8,4.7,5.82,-2.06,99954.0,21.4
s3,XAUUSD,momentum,4,[1],2.0,2.0,22,0.0,0,e8_one_8,,7,2.0,1,2.5,True,IS,1689,2.4,0.0,0.0,16.6,81.1,5.6,4.7,6.0,-2.08,99874.0,16.6
s3,XAUUSD,momentum,4,[1],2.0,2.0,22,0.0,0,e8_one_8,,7,2.0,1,2.5,True,OOS,816,1.0,0.0,0.0,18.5,80.5,6.0,4.7,5.89,-2.06,99963.0,18.5
s3,XAUUSD,momentum,4,[1],2.0,2.0,22,0.0,0,e8_one_14,,7,2.0,1,2.5,True,IS,1689,0.0,0.0,0.0,0.3,99.7,,4.9,6.17,-2.09,99956.0,0.3
s3,XAUUSD,momentum,4,[1],2.0,2.0,22,0.0,0,e8_one_14,,7,2.0,1,2.5,True,OOS,816,0.0,0.0,0.0,0.0,100.0,,4.9,6.12,-2.07,99955.0,0.0
s3,XAUUSD,momentum,4,[1],2.0,2.0,22,0.0,0,the5ers_hyper,,7,2.0,1,2.5,True,IS,1689,5.0,0.0,0.4,21.8,72.8,4.7,4.6,5.88,-2.07,99883.0,22.2
s3,XAUUSD,momentum,4,[1],2.0,2.0,22,0.0,0,the5ers_hyper,,7,2.0,1,2.5,True,OOS,816,3.6,0.0,0.0,21.4,75.0,5.8,4.7,5.82,-2.06,99954.0,21.4
s3,XAUUSD,momentum,4,[1],2.0,2.0,22,0.0,0,ftmo_p1,,7,2.0,1,2.5,True,IS,1689,5.0,0.0,0.0,0.0,95.0,5.6,4.8,6.15,-2.07,99964.0,0.0
s3,XAUUSD,momentum,4,[1],2.0,2.0,22,0.0,0,ftmo_p1,,7,2.0,1,2.5,True,OOS,816,3.6,0.0,0.0,0.0,96.4,5.8,4.9,6.1,-2.06,99964.0,0.0
s3,USDJPY,momentum,72,[16],1.0,3.0,22,0.0,0,ftmo_1step,,7,1.5,1,2.5,True,IS,1580,3.9,0.0,0.3,0.6,95.1,5.7,4.9,5.4,-1.62,99889.0,0.9
s3,USDJPY,momentum,72,[16],1.0,3.0,22,0.0,0,ftmo_1step,,7,1.5,1,2.5,True,OOS,820,3.5,0.0,0.0,0.7,95.7,5.8,4.9,5.56,-1.65,99706.0,0.7
s3,USDJPY,momentum,72,[16],1.0,3.0,22,0.0,0,fundingpips_1step,,7,1.5,1,2.5,True,IS,1580,3.9,0.0,0.3,12.0,83.8,5.7,4.8,5.31,-1.62,99865.0,12.3
s3,USDJPY,momentum,72,[16],1.0,3.0,22,0.0,0,fundingpips_1step,,7,1.5,1,2.5,True,OOS,820,3.5,0.0,0.0,12.9,83.5,5.8,4.8,5.46,-1.65,99682.0,12.9
s3,USDJPY,momentum,72,[16],1.0,3.0,22,0.0,0,e8_one_8,,7,1.5,1,2.5,True,IS,1580,1.4,0.0,0.0,7.8,90.8,6.7,4.9,5.38,-1.63,99816.0,7.8
s3,USDJPY,momentum,72,[16],1.0,3.0,22,0.0,0,e8_one_8,,7,1.5,1,2.5,True,OOS,820,1.5,0.0,0.0,7.2,91.3,6.2,4.9,5.53,-1.66,99734.0,7.2
s3,USDJPY,momentum,72,[16],1.0,3.0,22,0.0,0,e8_one_14,,7,1.5,1,2.5,True,IS,1580,0.0,0.0,0.0,0.0,100.0,,5.0,5.42,-1.63,99887.0,0.0
s3,USDJPY,momentum,72,[16],1.0,3.0,22,0.0,0,e8_one_14,,7,1.5,1,2.5,True,OOS,820,0.0,0.0,0.0,0.0,100.0,,5.0,5.57,-1.66,99718.0,0.0
s3,USDJPY,momentum,72,[16],1.0,3.0,22,0.0,0,the5ers_hyper,,7,1.5,1,2.5,True,IS,1580,3.9,0.0,0.3,12.0,83.8,5.7,4.8,5.31,-1.62,99862.0,12.3
s3,USDJPY,momentum,72,[16],1.0,3.0,22,0.0,0,the5ers_hyper,,7,1.5,1,2.5,True,OOS,820,3.5,0.0,0.0,12.9,83.5,5.8,4.8,5.44,-1.65,99696.0,12.9
s3,USDJPY,momentum,72,[16],1.0,3.0,22,0.0,0,ftmo_p1,,7,1.5,1,2.5,True,IS,1580,3.9,0.0,0.0,0.0,96.1,5.7,4.9,5.41,-1.62,99891.0,0.0
s3,USDJPY,momentum,72,[16],1.0,3.0,22,0.0,0,ftmo_p1,,7,1.5,1,2.5,True,OOS,820,3.5,0.0,0.0,0.0,96.5,5.8,4.9,5.56,-1.65,99705.0,0.0
s3,USDJPY,momentum,72,[16],1.0,3.0,22,0.0,0,ftmo_1step,,7,1.5,1,,True,IS,1580,3.9,0.0,0.5,0.6,95.0,5.7,4.9,5.4,-1.62,99890.0,1.1
s3,USDJPY,momentum,72,[16],1.0,3.0,22,0.0,0,ftmo_1step,,7,1.5,1,,True,OOS,820,3.5,0.0,0.0,0.7,95.7,5.8,4.9,5.56,-1.65,99706.0,0.7
s3,USDJPY,momentum,72,[16],1.0,3.0,22,0.0,0,fundingpips_1step,,7,1.5,1,,True,IS,1580,3.9,0.0,0.5,12.0,83.6,5.7,4.8,5.31,-1.62,99866.0,12.5
s3,USDJPY,momentum,72,[16],1.0,3.0,22,0.0,0,fundingpips_1step,,7,1.5,1,,True,OOS,820,3.5,0.0,0.0,12.9,83.5,5.8,4.8,5.46,-1.65,99682.0,12.9
s3,USDJPY,momentum,72,[16],1.0,3.0,22,0.0,0,e8_one_8,,7,1.5,1,,True,IS,1580,1.4,0.0,0.0,8.0,90.6,6.7,4.9,5.39,-1.63,99814.0,8.0
s3,USDJPY,momentum,72,[16],1.0,3.0,22,0.0,0,e8_one_8,,7,1.5,1,,True,OOS,820,1.5,0.0,0.0,7.2,91.3,6.2,4.9,5.53,-1.66,99734.0,7.2
s3,USDJPY,momentum,72,[16],1.0,3.0,22,0.0,0,e8_one_14,,7,1.5,1,,True,IS,1580,0.0,0.0,0.0,0.0,100.0,,5.0,5.42,-1.64,99889.0,0.0
s3,USDJPY,momentum,72,[16],1.0,3.0,22,0.0,0,e8_one_14,,7,1.5,1,,True,OOS,820,0.0,0.0,0.0,0.0,100.0,,5.0,5.57,-1.66,99718.0,0.0
s3,USDJPY,momentum,72,[16],1.0,3.0,22,0.0,0,the5ers_hyper,,7,1.5,1,,True,IS,1580,3.9,0.0,0.5,12.0,83.6,5.7,4.8,5.31,-1.62,99863.0,12.5
s3,USDJPY,momentum,72,[16],1.0,3.0,22,0.0,0,the5ers_hyper,,7,1.5,1,,True,OOS,820,3.5,0.0,0.0,12.9,83.5,5.8,4.8,5.44,-1.65,99696.0,12.9
s3,USDJPY,momentum,72,[16],1.0,3.0,22,0.0,0,ftmo_p1,,7,1.5,1,,True,IS,1580,3.9,0.0,0.4,0.0,95.7,5.7,4.9,5.41,-1.62,99892.0,0.4
s3,USDJPY,momentum,72,[16],1.0,3.0,22,0.0,0,ftmo_p1,,7,1.5,1,,True,OOS,820,3.5,0.0,0.0,0.0,96.5,5.8,4.9,5.56,-1.65,99705.0,0.0
s3,USDJPY,momentum,24,[10],2.0,2.0,22,0.0,0,ftmo_1step,,7,2.0,1,2.5,True,IS,1580,5.3,0.0,0.9,4.9,88.9,5.6,4.9,6.18,-2.08,100315.0,5.8
s3,USDJPY,momentum,24,[10],2.0,2.0,22,0.0,0,ftmo_1step,,7,2.0,1,2.5,True,OOS,820,4.1,0.0,0.4,6.5,89.0,5.8,4.9,6.35,-2.12,99634.0,6.9
s3,USDJPY,momentum,24,[10],2.0,2.0,22,0.0,0,fundingpips_1step,,7,2.0,1,2.5,True,IS,1580,5.4,0.0,0.8,17.5,76.2,5.6,4.7,5.97,-2.08,100266.0,18.3
s3,USDJPY,momentum,24,[10],2.0,2.0,22,0.0,0,fundingpips_1step,,7,2.0,1,2.5,True,OOS,820,4.1,0.0,0.2,24.4,71.2,5.8,4.6,5.95,-2.12,99659.0,24.6
s3,USDJPY,momentum,24,[10],2.0,2.0,22,0.0,0,e8_one_8,,7,2.0,1,2.5,True,IS,1580,2.0,0.0,0.0,19.7,78.2,5.7,4.8,6.05,-2.08,100202.0,19.7
s3,USDJPY,momentum,24,[10],2.0,2.0,22,0.0,0,e8_one_8,,7,2.0,1,2.5,True,OOS,820,1.3,0.0,0.0,24.4,74.3,4.7,4.8,6.13,-2.13,99598.0,24.4
s3,USDJPY,momentum,24,[10],2.0,2.0,22,0.0,0,e8_one_14,,7,2.0,1,2.5,True,IS,1580,0.0,0.0,0.0,0.0,100.0,,5.0,6.25,-2.1,100339.0,0.0
s3,USDJPY,momentum,24,[10],2.0,2.0,22,0.0,0,e8_one_14,,7,2.0,1,2.5,True,OOS,820,0.0,0.0,0.0,0.0,100.0,,5.0,6.4,-2.13,99655.0,0.0
s3,USDJPY,momentum,24,[10],2.0,2.0,22,0.0,0,the5ers_hyper,,7,2.0,1,2.5,True,IS,1580,5.4,0.0,0.8,17.5,76.2,5.6,4.7,5.97,-2.08,100266.0,18.3
s3,USDJPY,momentum,24,[10],2.0,2.0,22,0.0,0,the5ers_hyper,,7,2.0,1,2.5,True,OOS,820,4.1,0.0,0.2,24.4,71.2,5.8,4.6,5.95,-2.12,99659.0,24.6
s3,USDJPY,momentum,24,[10],2.0,2.0,22,0.0,0,ftmo_p1,,7,2.0,1,2.5,True,IS,1580,5.4,0.0,0.0,0.0,94.6,5.6,4.9,6.22,-2.08,100361.0,0.0
s3,USDJPY,momentum,24,[10],2.0,2.0,22,0.0,0,ftmo_p1,,7,2.0,1,2.5,True,OOS,820,4.1,0.0,0.0,2.0,93.9,5.8,4.9,6.39,-2.12,99655.0,2.0
coin,BTCUSD,coin,24,[8],1.0,3.0,23,0.0,1,ftmo_1step,,7,1.5,1,,True,IS,391,9.0,0.0,0.0,18.7,72.4,4.5,6.7,7.69,-1.61,98872.0,18.7
coin,BTCUSD,coin,24,[8],1.0,3.0,23,0.0,1,ftmo_1step,,7,1.5,1,,True,OOS,395,9.9,0.0,0.0,25.3,64.8,4.6,6.6,7.71,-1.57,98576.0,25.3
coin,BTCUSD,coin,24,[8],1.0,3.0,23,0.0,1,fundingpips_1step,,7,1.5,1,,True,IS,391,9.0,0.0,0.0,38.6,52.4,4.5,6.1,7.06,-1.6,98948.0,38.6
coin,BTCUSD,coin,24,[8],1.0,3.0,23,0.0,1,fundingpips_1step,,7,1.5,1,,True,OOS,395,9.9,0.0,0.0,40.5,49.6,4.6,5.9,7.0,-1.57,98837.0,40.5
coin,BTCUSD,coin,24,[8],1.0,3.0,23,0.0,1,e8_one_8,,7,1.5,1,,True,IS,391,4.6,0.0,0.0,48.1,47.3,3.7,6.3,7.19,-1.61,98797.0,48.1
coin,BTCUSD,coin,24,[8],1.0,3.0,23,0.0,1,e8_one_8,,7,1.5,1,,True,OOS,395,5.3,0.0,0.0,50.9,43.8,4.6,6.1,7.12,-1.58,98620.0,50.9
coin,BTCUSD,coin,24,[8],1.0,3.0,23,0.0,1,e8_one_14,,7,1.5,1,,True,IS,391,0.0,0.0,0.0,0.5,99.5,,7.0,7.97,-1.62,98690.0,0.5
coin,BTCUSD,coin,24,[8],1.0,3.0,23,0.0,1,e8_one_14,,7,1.5,1,,True,OOS,395,0.0,0.0,0.0,0.8,99.2,,6.9,8.13,-1.59,98515.0,0.8
coin,BTCUSD,coin,24,[8],1.0,3.0,23,0.0,1,the5ers_hyper,,7,1.5,1,,True,IS,391,9.0,0.0,0.0,38.6,52.4,4.5,6.1,7.06,-1.6,98948.0,38.6
coin,BTCUSD,coin,24,[8],1.0,3.0,23,0.0,1,the5ers_hyper,,7,1.5,1,,True,OOS,395,9.9,0.0,0.0,40.5,49.6,4.6,5.9,7.0,-1.57,98837.0,40.5
coin,BTCUSD,coin,24,[8],1.0,3.0,23,0.0,1,ftmo_p1,,7,1.5,1,,True,IS,391,4.6,0.0,0.0,0.0,95.4,5.6,6.9,6.02,-1.45,99356.0,0.0
coin,BTCUSD,coin,24,[8],1.0,3.0,23,0.0,1,ftmo_p1,,7,1.5,1,,True,OOS,395,3.0,0.0,0.0,0.0,97.0,5.6,6.9,5.53,-1.31,99165.0,0.0
coin,BTCUSD,coin,24,[8],1.0,3.0,23,0.0,1,ftmo_1step,,30,1.5,1,,True,IS,391,19.9,0.0,0.0,79.8,0.3,7.7,10.7,9.3,-1.62,97689.0,79.8
coin,BTCUSD,coin,24,[8],1.0,3.0,23,0.0,1,ftmo_1step,,30,1.5,1,,True,OOS,395,20.3,0.0,0.0,76.7,3.0,7.6,10.4,9.27,-1.59,97818.0,76.7
coin,BTCUSD,coin,24,[8],1.0,3.0,23,0.0,1,fundingpips_1step,,30,1.5,1,,True,IS,391,20.5,0.0,0.0,75.7,3.8,7.8,10.2,9.13,-1.62,97690.0,75.7
coin,BTCUSD,coin,24,[8],1.0,3.0,23,0.0,1,fundingpips_1step,,30,1.5,1,,True,OOS,395,22.0,0.0,0.0,74.7,3.3,8.5,9.4,9.01,-1.58,97892.0,74.7
coin,BTCUSD,coin,24,[8],1.0,3.0,23,0.0,1,e8_one_8,,30,1.5,1,,True,IS,391,14.3,0.0,0.0,85.2,0.5,8.9,8.4,7.92,-1.63,98790.0,85.2
coin,BTCUSD,coin,24,[8],1.0,3.0,23,0.0,1,e8_one_8,,30,1.5,1,,True,OOS,395,11.9,0.0,0.0,85.1,3.0,7.6,7.9,7.9,-1.59,98274.0,85.1
coin,BTCUSD,coin,24,[8],1.0,3.0,23,0.0,1,e8_one_14,,30,1.5,1,,True,IS,391,4.3,0.0,0.0,76.5,19.2,23.6,20.4,13.7,-1.67,95083.0,76.5
coin,BTCUSD,coin,24,[8],1.0,3.0,23,0.0,1,e8_one_14,,30,1.5,1,,True,OOS,395,2.3,0.0,0.0,82.8,14.9,19.5,18.2,13.67,-1.64,94772.0,82.8
coin,BTCUSD,coin,24,[8],1.0,3.0,23,0.0,1,the5ers_hyper,,30,1.5,1,,True,IS,391,20.5,0.0,0.0,75.7,3.8,7.8,10.2,9.13,-1.62,97690.0,75.7
coin,BTCUSD,coin,24,[8],1.0,3.0,23,0.0,1,the5ers_hyper,,30,1.5,1,,True,OOS,395,22.0,0.0,0.0,74.7,3.3,8.5,9.4,9.01,-1.58,97892.0,74.7
coin,BTCUSD,coin,24,[8],1.0,3.0,23,0.0,1,ftmo_p1,,30,1.5,1,,True,IS,391,20.5,0.0,0.0,31.5,48.1,11.8,22.7,10.65,-1.54,98287.0,31.5
coin,BTCUSD,coin,24,[8],1.0,3.0,23,0.0,1,ftmo_p1,,30,1.5,1,,True,OOS,395,13.4,0.0,0.0,32.4,54.2,12.4,22.8,10.88,-1.46,97282.0,32.4
coin_funded,BTCUSD,coin,24,[8],1.0,3.0,23,0.0,1,ftmo_1step,funded_5pct_30d,30,1.5,1,,True,IS,391,41.2,0.0,0.0,58.6,0.3,3.6,8.4,8.2,-1.56,98493.0,58.6
coin_funded,BTCUSD,coin,24,[8],1.0,3.0,23,0.0,1,ftmo_1step,funded_5pct_30d,30,1.5,1,,True,OOS,395,39.0,0.0,0.0,58.7,2.3,4.5,8.3,8.34,-1.53,98293.0,58.7
coin_funded,BTCUSD,coin,24,[8],1.0,3.0,23,0.0,1,fundingpips_1step,funded_5pct_30d,30,1.5,1,,True,IS,391,37.3,0.0,0.0,62.7,0.0,3.6,6.7,7.35,-1.56,98680.0,62.7
coin_funded,BTCUSD,coin,24,[8],1.0,3.0,23,0.0,1,fundingpips_1step,funded_5pct_30d,30,1.5,1,,True,OOS,395,35.4,0.0,0.0,62.3,2.3,3.8,6.9,7.48,-1.52,98491.0,62.3
coin_funded,BTCUSD,coin,24,[8],1.0,3.0,23,0.0,1,e8_one_8,funded_5pct_30d,30,1.5,1,,True,IS,391,37.6,0.0,0.0,62.4,0.0,3.6,6.3,7.02,-1.55,99127.0,62.4
coin_funded,BTCUSD,coin,24,[8],1.0,3.0,23,0.0,1,e8_one_8,funded_5pct_30d,30,1.5,1,,True,OOS,395,31.1,0.0,0.0,66.8,2.0,3.6,6.3,7.12,-1.52,98512.0,66.8
coin_funded,BTCUSD,coin,24,[8],1.0,3.0,23,0.0,1,e8_one_14,funded_5pct_30d,30,1.5,1,,True,IS,391,46.5,0.0,0.0,44.0,9.5,4.5,12.9,10.29,-1.56,97782.0,44.0
coin_funded,BTCUSD,coin,24,[8],1.0,3.0,23,0.0,1,e8_one_14,funded_5pct_30d,30,1.5,1,,True,OOS,395,45.3,0.0,0.0,48.6,6.1,5.7,12.3,10.45,-1.53,97404.0,48.6
coin_funded,BTCUSD,coin,24,[8],1.0,3.0,23,0.0,1,the5ers_hyper,funded_5pct_30d,30,1.5,1,,True,IS,391,37.3,0.0,0.0,62.7,0.0,3.6,6.7,7.35,-1.56,98680.0,62.7
coin_funded,BTCUSD,coin,24,[8],1.0,3.0,23,0.0,1,the5ers_hyper,funded_5pct_30d,30,1.5,1,,True,OOS,395,35.4,0.0,0.0,62.3,2.3,3.8,6.9,7.48,-1.52,98491.0,62.3
coin_funded,BTCUSD,coin,24,[8],1.0,3.0,23,0.0,1,ftmo_p1,funded_5pct_30d,30,1.5,1,,True,IS,391,43.0,0.0,0.0,30.4,26.6,6.8,16.8,8.78,-1.46,98780.0,30.4
coin_funded,BTCUSD,coin,24,[8],1.0,3.0,23,0.0,1,ftmo_p1,funded_5pct_30d,30,1.5,1,,True,OOS,395,38.7,0.0,0.0,30.6,30.6,6.7,17.4,8.77,-1.36,98312.0,30.6
coin,BTCUSD,coin,24,[8],1.0,3.0,23,0.0,2,ftmo_1step,,7,1.5,1,,True,IS,391,9.0,0.0,0.0,18.2,72.9,4.6,6.7,7.44,-1.61,99468.0,18.2
coin,BTCUSD,coin,24,[8],1.0,3.0,23,0.0,2,ftmo_1step,,7,1.5,1,,True,OOS,395,9.9,0.0,0.0,20.3,69.9,4.5,6.6,7.6,-1.58,99876.0,20.3
coin,BTCUSD,coin,24,[8],1.0,3.0,23,0.0,2,fundingpips_1step,,7,1.5,1,,True,IS,391,9.0,0.0,0.0,28.4,62.7,4.6,6.2,6.97,-1.61,99606.0,28.4
coin,BTCUSD,coin,24,[8],1.0,3.0,23,0.0,2,fundingpips_1step,,7,1.5,1,,True,OOS,395,10.1,0.0,0.0,30.1,59.7,4.6,6.2,7.2,-1.58,99831.0,30.1
coin,BTCUSD,coin,24,[8],1.0,3.0,23,0.0,2,e8_one_8,,7,1.5,1,,True,IS,391,5.1,0.0,0.0,40.2,54.7,5.2,6.3,6.98,-1.61,99556.0,40.2
coin,BTCUSD,coin,24,[8],1.0,3.0,23,0.0,2,e8_one_8,,7,1.5,1,,True,OOS,395,6.3,0.0,0.0,45.3,48.4,4.5,6.2,7.08,-1.58,99742.0,45.3
coin,BTCUSD,coin,24,[8],1.0,3.0,23,0.0,2,e8_one_14,,7,1.5,1,,True,IS,391,0.0,0.0,0.0,0.0,100.0,,7.0,7.71,-1.62,99433.0,0.0
coin,BTCUSD,coin,24,[8],1.0,3.0,23,0.0,2,e8_one_14,,7,1.5,1,,True,OOS,395,0.8,0.0,0.0,0.0,99.2,4.6,6.9,7.87,-1.59,99992.0,0.0
coin,BTCUSD,coin,24,[8],1.0,3.0,23,0.0,2,the5ers_hyper,,7,1.5,1,,True,IS,391,9.0,0.0,0.0,28.4,62.7,4.6,6.2,6.97,-1.61,99606.0,28.4
coin,BTCUSD,coin,24,[8],1.0,3.0,23,0.0,2,the5ers_hyper,,7,1.5,1,,True,OOS,395,10.1,0.0,0.0,30.1,59.7,4.6,6.2,7.2,-1.58,99831.0,30.1
coin,BTCUSD,coin,24,[8],1.0,3.0,23,0.0,2,ftmo_p1,,7,1.5,1,,True,IS,391,3.1,0.0,0.0,0.3,96.7,5.6,6.9,5.82,-1.44,99839.0,0.3
coin,BTCUSD,coin,24,[8],1.0,3.0,23,0.0,2,ftmo_p1,,7,1.5,1,,True,OOS,395,4.1,0.0,0.0,0.0,95.9,6.1,6.9,5.31,-1.32,99979.0,0.0
coin,BTCUSD,coin,24,[8],1.0,3.0,23,0.0,2,ftmo_1step,,30,1.5,1,,True,IS,391,24.8,0.0,0.0,74.9,0.3,8.6,11.6,9.31,-1.62,98526.0,74.9
coin,BTCUSD,coin,24,[8],1.0,3.0,23,0.0,2,ftmo_1step,,30,1.5,1,,True,OOS,395,26.1,0.0,0.0,69.6,4.3,7.8,11.1,9.1,-1.6,99687.0,69.6
coin,BTCUSD,coin,24,[8],1.0,3.0,23,0.0,2,fundingpips_1step,,30,1.5,1,,True,IS,391,26.1,0.0,0.0,69.8,4.1,8.7,11.4,9.28,-1.62,98683.0,69.8
coin,BTCUSD,coin,24,[8],1.0,3.0,23,0.0,2,fundingpips_1step,,30,1.5,1,,True,OOS,395,30.1,0.0,0.0,59.2,10.6,8.6,11.6,9.37,-1.59,99939.0,59.2
coin,BTCUSD,coin,24,[8],1.0,3.0,23,0.0,2,e8_one_8,,30,1.5,1,,True,IS,391,18.2,0.0,0.0,81.6,0.3,10.5,9.4,7.98,-1.63,99684.0,81.6
coin,BTCUSD,coin,24,[8],1.0,3.0,23,0.0,2,e8_one_8,,30,1.5,1,,True,OOS,395,16.2,0.0,0.0,80.5,3.3,8.1,8.3,7.88,-1.59,99728.0,80.5
coin,BTCUSD,coin,24,[8],1.0,3.0,23,0.0,2,e8_one_14,,30,1.5,1,,True,IS,391,10.0,0.0,0.0,63.7,26.3,18.9,21.4,13.08,-1.69,98245.0,63.7
coin,BTCUSD,coin,24,[8],1.0,3.0,23,0.0,2,e8_one_14,,30,1.5,1,,True,OOS,395,8.1,0.0,0.0,64.3,27.6,17.5,20.3,12.99,-1.66,99184.0,64.3
coin,BTCUSD,coin,24,[8],1.0,3.0,23,0.0,2,the5ers_hyper,,30,1.5,1,,True,IS,391,26.1,0.0,0.0,69.8,4.1,8.7,11.4,9.28,-1.62,98683.0,69.8
coin,BTCUSD,coin,24,[8],1.0,3.0,23,0.0,2,the5ers_hyper,,30,1.5,1,,True,OOS,395,30.1,0.0,0.0,59.2,10.6,8.6,11.6,9.37,-1.59,99939.0,59.2
coin,BTCUSD,coin,24,[8],1.0,3.0,23,0.0,2,ftmo_p1,,30,1.5,1,,True,IS,391,24.6,0.0,0.0,29.4,46.0,16.6,23.7,10.58,-1.55,99162.0,29.4
coin,BTCUSD,coin,24,[8],1.0,3.0,23,0.0,2,ftmo_p1,,30,1.5,1,,True,OOS,395,20.8,0.0,0.0,23.0,56.2,12.6,23.3,9.67,-1.48,99815.0,23.0
coin_funded,BTCUSD,coin,24,[8],1.0,3.0,23,0.0,2,ftmo_1step,funded_5pct_30d,30,1.5,1,,True,IS,391,41.9,0.0,0.0,57.8,0.3,4.5,8.8,8.22,-1.57,98732.0,57.8
coin_funded,BTCUSD,coin,24,[8],1.0,3.0,23,0.0,2,ftmo_1step,funded_5pct_30d,30,1.5,1,,True,OOS,395,47.8,0.0,0.0,50.1,2.0,4.6,8.4,7.96,-1.52,99992.0,50.1
coin_funded,BTCUSD,coin,24,[8],1.0,3.0,23,0.0,2,fundingpips_1step,funded_5pct_30d,30,1.5,1,,True,IS,391,39.4,0.0,0.0,60.4,0.3,4.4,7.9,7.67,-1.57,98861.0,60.4
coin_funded,BTCUSD,coin,24,[8],1.0,3.0,23,0.0,2,fundingpips_1step,funded_5pct_30d,30,1.5,1,,True,OOS,395,48.6,0.0,0.0,49.9,1.5,4.7,7.3,7.49,-1.52,100260.0,49.9
coin_funded,BTCUSD,coin,24,[8],1.0,3.0,23,0.0,2,e8_one_8,funded_5pct_30d,30,1.5,1,,True,IS,391,39.1,0.0,0.0,60.9,0.0,4.4,6.9,7.06,-1.57,99514.0,60.9
coin_funded,BTCUSD,coin,24,[8],1.0,3.0,23,0.0,2,e8_one_8,funded_5pct_30d,30,1.5,1,,True,OOS,395,38.7,0.0,0.0,59.7,1.5,3.6,6.2,6.95,-1.52,99765.0,59.7
coin_funded,BTCUSD,coin,24,[8],1.0,3.0,23,0.0,2,e8_one_14,funded_5pct_30d,30,1.5,1,,True,IS,391,48.3,0.0,0.0,40.9,10.7,5.5,14.0,10.2,-1.58,98333.0,40.9
coin_funded,BTCUSD,coin,24,[8],1.0,3.0,23,0.0,2,e8_one_14,funded_5pct_30d,30,1.5,1,,True,OOS,395,58.0,0.0,0.0,32.9,9.1,5.9,12.4,9.54,-1.53,100269.0,32.9
coin_funded,BTCUSD,coin,24,[8],1.0,3.0,23,0.0,2,the5ers_hyper,funded_5pct_30d,30,1.5,1,,True,IS,391,39.4,0.0,0.0,60.4,0.3,4.4,7.9,7.67,-1.57,98861.0,60.4
coin_funded,BTCUSD,coin,24,[8],1.0,3.0,23,0.0,2,the5ers_hyper,funded_5pct_30d,30,1.5,1,,True,OOS,395,48.6,0.0,0.0,49.9,1.5,4.7,7.3,7.49,-1.52,100260.0,49.9
coin_funded,BTCUSD,coin,24,[8],1.0,3.0,23,0.0,2,ftmo_p1,funded_5pct_30d,30,1.5,1,,True,IS,391,46.5,0.0,0.0,28.1,25.3,7.1,17.8,8.9,-1.46,99174.0,28.1
coin_funded,BTCUSD,coin,24,[8],1.0,3.0,23,0.0,2,ftmo_p1,funded_5pct_30d,30,1.5,1,,True,OOS,395,51.1,0.0,0.0,21.8,27.1,8.8,17.4,8.03,-1.37,100355.0,21.8
coin,BTCUSD,coin,24,[8],1.0,3.0,23,0.0,3,ftmo_1step,,7,1.5,1,,True,IS,391,7.7,0.0,0.0,21.5,70.8,4.5,6.7,7.79,-1.61,99394.0,21.5
coin,BTCUSD,coin,24,[8],1.0,3.0,23,0.0,3,ftmo_1step,,7,1.5,1,,True,OOS,395,7.8,0.0,0.0,21.5,70.6,4.5,6.6,7.7,-1.57,98739.0,21.5
coin,BTCUSD,coin,24,[8],1.0,3.0,23,0.0,3,fundingpips_1step,,7,1.5,1,,True,IS,391,7.7,0.0,0.0,32.5,59.8,4.5,6.2,7.31,-1.61,99394.0,32.5
coin,BTCUSD,coin,24,[8],1.0,3.0,23,0.0,3,fundingpips_1step,,7,1.5,1,,True,OOS,395,7.8,0.0,0.0,34.7,57.5,4.5,6.0,7.11,-1.57,98742.0,34.7
coin,BTCUSD,coin,24,[8],1.0,3.0,23,0.0,3,e8_one_8,,7,1.5,1,,True,IS,391,3.6,0.0,0.0,45.3,51.2,3.6,6.2,7.24,-1.61,99339.0,45.3
coin,BTCUSD,coin,24,[8],1.0,3.0,23,0.0,3,e8_one_8,,7,1.5,1,,True,OOS,395,4.6,0.0,0.0,47.1,48.4,4.2,6.1,7.15,-1.57,98693.0,47.1
coin,BTCUSD,coin,24,[8],1.0,3.0,23,0.0,3,e8_one_14,,7,1.5,1,,True,IS,391,0.3,0.0,0.0,0.0,99.7,6.5,7.0,8.04,-1.63,99426.0,0.0
coin,BTCUSD,coin,24,[8],1.0,3.0,23,0.0,3,e8_one_14,,7,1.5,1,,True,OOS,395,0.8,0.0,0.0,0.3,99.0,5.4,6.9,7.98,-1.58,98917.0,0.3
coin,BTCUSD,coin,24,[8],1.0,3.0,23,0.0,3,the5ers_hyper,,7,1.5,1,,True,IS,391,7.7,0.0,0.0,32.5,59.8,4.5,6.2,7.31,-1.61,99394.0,32.5
coin,BTCUSD,coin,24,[8],1.0,3.0,23,0.0,3,the5ers_hyper,,7,1.5,1,,True,OOS,395,7.8,0.0,0.0,34.7,57.5,4.5,6.0,7.11,-1.57,98742.0,34.7
coin,BTCUSD,coin,24,[8],1.0,3.0,23,0.0,3,ftmo_p1,,7,1.5,1,,True,IS,391,3.3,0.0,0.0,0.5,96.2,5.6,6.9,5.97,-1.44,99797.0,0.5
coin,BTCUSD,coin,24,[8],1.0,3.0,23,0.0,3,ftmo_p1,,7,1.5,1,,True,OOS,395,4.1,0.0,0.0,0.0,95.9,5.6,6.9,5.47,-1.32,99400.0,0.0
coin,BTCUSD,coin,24,[8],1.0,3.0,23,0.0,3,ftmo_1step,,30,1.5,1,,True,IS,391,19.7,0.0,0.0,79.8,0.5,8.5,10.9,9.62,-1.62,98311.0,79.8
coin,BTCUSD,coin,24,[8],1.0,3.0,23,0.0,3,ftmo_1step,,30,1.5,1,,True,OOS,395,13.4,0.0,0.0,84.3,2.3,5.9,11.2,9.59,-1.58,96729.0,84.3
coin,BTCUSD,coin,24,[8],1.0,3.0,23,0.0,3,fundingpips_1step,,30,1.5,1,,True,IS,391,22.5,0.0,0.0,70.6,6.9,9.7,11.8,9.98,-1.62,98330.0,70.6
coin,BTCUSD,coin,24,[8],1.0,3.0,23,0.0,3,fundingpips_1step,,30,1.5,1,,True,OOS,395,14.7,0.0,0.0,81.3,4.1,6.5,10.6,9.64,-1.58,96620.0,81.3
coin,BTCUSD,coin,24,[8],1.0,3.0,23,0.0,3,e8_one_8,,30,1.5,1,,True,IS,391,11.5,0.0,0.0,88.5,0.0,8.9,8.6,8.11,-1.63,98884.0,88.5
coin,BTCUSD,coin,24,[8],1.0,3.0,23,0.0,3,e8_one_8,,30,1.5,1,,True,OOS,395,7.1,0.0,0.0,91.6,1.3,5.7,8.2,8.11,-1.58,97600.0,91.6
coin,BTCUSD,coin,24,[8],1.0,3.0,23,0.0,3,e8_one_14,,30,1.5,1,,True,IS,391,2.6,0.0,0.0,73.9,23.5,20.1,21.0,13.74,-1.68,96550.0,73.9
coin,BTCUSD,coin,24,[8],1.0,3.0,23,0.0,3,e8_one_14,,30,1.5,1,,True,OOS,395,3.0,0.0,0.0,75.9,21.0,8.3,19.7,13.61,-1.61,94340.0,75.9
coin,BTCUSD,coin,24,[8],1.0,3.0,23,0.0,3,the5ers_hyper,,30,1.5,1,,True,IS,391,22.5,0.0,0.0,70.6,6.9,9.7,11.8,9.98,-1.62,98330.0,70.6
coin,BTCUSD,coin,24,[8],1.0,3.0,23,0.0,3,the5ers_hyper,,30,1.5,1,,True,OOS,395,14.7,0.0,0.0,81.3,4.1,6.5,10.6,9.64,-1.58,96620.0,81.3
coin,BTCUSD,coin,24,[8],1.0,3.0,23,0.0,3,ftmo_p1,,30,1.5,1,,True,IS,391,20.5,0.0,0.0,27.1,52.4,14.2,23.8,10.93,-1.54,99032.0,27.1
coin,BTCUSD,coin,24,[8],1.0,3.0,23,0.0,3,ftmo_p1,,30,1.5,1,,True,OOS,395,19.5,0.0,0.0,25.6,54.9,16.3,24.1,10.11,-1.47,98381.0,25.6
coin_funded,BTCUSD,coin,24,[8],1.0,3.0,23,0.0,3,ftmo_1step,funded_5pct_30d,30,1.5,1,,True,IS,391,40.4,0.0,0.0,59.6,0.0,3.9,8.4,8.41,-1.57,98857.0,59.6
coin_funded,BTCUSD,coin,24,[8],1.0,3.0,23,0.0,3,ftmo_1step,funded_5pct_30d,30,1.5,1,,True,OOS,395,33.2,0.0,0.0,64.8,2.0,3.6,9.3,8.53,-1.53,97637.0,64.8
coin_funded,BTCUSD,coin,24,[8],1.0,3.0,23,0.0,3,fundingpips_1step,funded_5pct_30d,30,1.5,1,,True,IS,391,41.4,0.0,0.0,58.1,0.5,4.5,7.3,7.88,-1.56,99169.0,58.1
coin_funded,BTCUSD,coin,24,[8],1.0,3.0,23,0.0,3,fundingpips_1step,funded_5pct_30d,30,1.5,1,,True,OOS,395,31.9,0.0,0.0,67.1,1.0,3.6,7.6,7.81,-1.53,97914.0,67.1
coin_funded,BTCUSD,coin,24,[8],1.0,3.0,23,0.0,3,e8_one_8,funded_5pct_30d,30,1.5,1,,True,IS,391,35.8,0.0,0.0,64.2,0.0,3.6,6.4,7.2,-1.56,99295.0,64.2
coin_funded,BTCUSD,coin,24,[8],1.0,3.0,23,0.0,3,e8_one_8,funded_5pct_30d,30,1.5,1,,True,OOS,395,28.9,0.0,0.0,70.1,1.0,3.5,6.8,7.26,-1.53,98269.0,70.1
coin_funded,BTCUSD,coin,24,[8],1.0,3.0,23,0.0,3,e8_one_14,funded_5pct_30d,30,1.5,1,,True,IS,391,50.1,0.0,0.0,41.9,7.9,5.6,13.1,10.39,-1.57,98704.0,41.9
coin_funded,BTCUSD,coin,24,[8],1.0,3.0,23,0.0,3,e8_one_14,funded_5pct_30d,30,1.5,1,,True,OOS,395,39.7,0.0,0.0,49.9,10.4,4.9,14.3,10.86,-1.54,96664.0,49.9
coin_funded,BTCUSD,coin,24,[8],1.0,3.0,23,0.0,3,the5ers_hyper,funded_5pct_30d,30,1.5,1,,True,IS,391,41.4,0.0,0.0,58.1,0.5,4.5,7.3,7.88,-1.56,99169.0,58.1
coin_funded,BTCUSD,coin,24,[8],1.0,3.0,23,0.0,3,the5ers_hyper,funded_5pct_30d,30,1.5,1,,True,OOS,395,31.9,0.0,0.0,67.1,1.0,3.6,7.6,7.81,-1.53,97914.0,67.1
coin_funded,BTCUSD,coin,24,[8],1.0,3.0,23,0.0,3,ftmo_p1,funded_5pct_30d,30,1.5,1,,True,IS,391,48.1,0.0,0.0,25.8,26.1,7.6,17.7,8.98,-1.46,99578.0,25.8
coin_funded,BTCUSD,coin,24,[8],1.0,3.0,23,0.0,3,ftmo_p1,funded_5pct_30d,30,1.5,1,,True,OOS,395,36.7,0.0,0.0,25.3,38.0,10.5,20.4,8.98,-1.39,98376.0,25.3
s3,BTCUSD,long,24,[8],1.0,3.0,23,0.0,0,ftmo_1step,,14,1.5,1,,True,IS,391,26.6,0.0,0.0,47.1,26.3,5.4,9.8,8.38,-1.61,100634.0,47.1
s3,BTCUSD,long,24,[8],1.0,3.0,23,0.0,0,ftmo_1step,,14,1.5,1,,True,OOS,395,22.5,0.0,0.0,50.1,27.3,4.7,9.7,8.59,-1.57,99332.0,50.1
s3,BTCUSD,long,24,[8],1.0,3.0,23,0.0,0,ftmo_1step,,30,1.5,1,,True,IS,391,30.9,0.0,0.0,68.0,1.0,5.9,11.4,8.84,-1.62,100161.0,68.0
s3,BTCUSD,long,24,[8],1.0,3.0,23,0.0,0,ftmo_1step,,30,1.5,1,,True,OOS,395,24.8,0.0,0.0,70.9,4.3,5.3,11.3,8.98,-1.58,98781.0,70.9
s3,BTCUSD,long,24,[8],1.0,3.0,23,0.0,0,fundingpips_1step,,14,1.5,1,,True,IS,391,26.6,0.0,0.0,46.8,26.6,4.8,8.8,8.03,-1.61,100398.0,46.8
s3,BTCUSD,long,24,[8],1.0,3.0,23,0.0,0,fundingpips_1step,,14,1.5,1,,True,OOS,395,21.5,0.0,0.0,54.9,23.5,4.7,8.3,7.96,-1.57,99293.0,54.9
s3,BTCUSD,long,24,[8],1.0,3.0,23,0.0,0,fundingpips_1step,,30,1.5,1,,True,IS,391,35.5,0.0,0.0,60.4,4.1,6.7,10.9,8.89,-1.61,100413.0,60.4
s3,BTCUSD,long,24,[8],1.0,3.0,23,0.0,0,fundingpips_1step,,30,1.5,1,,True,OOS,395,26.8,0.0,0.0,65.3,7.8,6.5,10.1,8.58,-1.57,99138.0,65.3
s3,BTCUSD,long,24,[8],1.0,3.0,23,0.0,0,e8_one_8,,14,1.5,1,,True,IS,391,20.2,0.0,0.0,67.3,12.5,6.5,8.4,7.49,-1.62,100746.0,67.3
s3,BTCUSD,long,24,[8],1.0,3.0,23,0.0,0,e8_one_8,,14,1.5,1,,True,OOS,395,15.9,0.0,0.0,74.2,9.9,5.6,8.1,7.61,-1.58,99349.0,74.2
s3,BTCUSD,long,24,[8],1.0,3.0,23,0.0,0,e8_one_8,,30,1.5,1,,True,IS,391,21.2,0.0,0.0,78.8,0.0,6.5,8.9,7.64,-1.62,100502.0,78.8
s3,BTCUSD,long,24,[8],1.0,3.0,23,0.0,0,e8_one_8,,30,1.5,1,,True,OOS,395,16.2,0.0,0.0,81.3,2.5,5.6,8.3,7.72,-1.58,99132.0,81.3
s3,BTCUSD,long,24,[8],1.0,3.0,23,0.0,0,e8_one_14,,14,1.5,1,,True,IS,391,7.7,0.0,0.0,16.4,76.0,10.8,13.4,10.3,-1.68,101789.0,16.4
s3,BTCUSD,long,24,[8],1.0,3.0,23,0.0,0,e8_one_14,,14,1.5,1,,True,OOS,395,4.8,0.0,0.0,20.8,74.4,9.7,13.2,10.82,-1.63,99439.0,20.8
s3,BTCUSD,long,24,[8],1.0,3.0,23,0.0,0,e8_one_14,,30,1.5,1,,True,IS,391,16.4,0.0,0.0,54.2,29.4,15.0,21.5,12.6,-1.71,101644.0,54.2
s3,BTCUSD,long,24,[8],1.0,3.0,23,0.0,0,e8_one_14,,30,1.5,1,,True,OOS,395,10.4,0.0,0.0,64.1,25.6,16.4,20.7,12.98,-1.65,98301.0,64.1
s3,BTCUSD,long,24,[8],1.0,3.0,23,0.0,0,the5ers_hyper,,14,1.5,1,,True,IS,391,26.6,0.0,0.0,46.8,26.6,4.8,8.8,8.03,-1.61,100398.0,46.8
s3,BTCUSD,long,24,[8],1.0,3.0,23,0.0,0,the5ers_hyper,,14,1.5,1,,True,OOS,395,21.5,0.0,0.0,54.9,23.5,4.7,8.3,7.96,-1.57,99293.0,54.9
s3,BTCUSD,long,24,[8],1.0,3.0,23,0.0,0,the5ers_hyper,,30,1.5,1,,True,IS,391,35.5,0.0,0.0,60.4,4.1,6.7,10.9,8.89,-1.61,100413.0,60.4
s3,BTCUSD,long,24,[8],1.0,3.0,23,0.0,0,the5ers_hyper,,30,1.5,1,,True,OOS,395,26.8,0.0,0.0,65.3,7.8,6.5,10.1,8.58,-1.57,99138.0,65.3
s3,BTCUSD,long,24,[8],1.0,3.0,23,0.0,0,ftmo_p1,,14,1.5,1,,True,IS,391,22.0,0.0,0.0,5.6,72.4,7.5,12.5,7.52,-1.5,101684.0,5.6
s3,BTCUSD,long,24,[8],1.0,3.0,23,0.0,0,ftmo_p1,,14,1.5,1,,True,OOS,395,8.9,0.0,0.0,8.9,82.3,8.7,13.2,7.48,-1.38,99104.0,8.9
s3,BTCUSD,long,24,[8],1.0,3.0,23,0.0,0,ftmo_p1,,30,1.5,1,,True,IS,391,39.4,0.0,0.0,18.9,41.7,12.2,21.6,9.5,-1.53,102639.0,18.9
s3,BTCUSD,long,24,[8],1.0,3.0,23,0.0,0,ftmo_p1,,30,1.5,1,,True,OOS,395,17.5,0.0,0.0,30.1,52.4,12.8,23.5,9.81,-1.41,98179.0,30.1
funded,BTCUSD,long,24,[8],1.0,3.0,23,0.0,0,ftmo_1step,funded_5pct_30d,30,1.5,1,,True,IS,391,50.6,0.0,0.0,49.1,0.3,3.6,8.4,7.72,-1.54,100227.0,49.1
funded,BTCUSD,long,24,[8],1.0,3.0,23,0.0,0,ftmo_1step,funded_5pct_30d,30,1.5,1,,True,OOS,395,43.3,0.0,0.0,54.2,2.5,3.9,9.0,8.1,-1.51,99015.0,54.2
funded,BTCUSD,long,24,[8],1.0,3.0,23,0.0,0,fundingpips_1step,funded_5pct_30d,30,1.5,1,,True,IS,391,48.8,0.0,0.0,51.2,0.0,3.5,7.0,7.18,-1.53,100170.0,51.2
funded,BTCUSD,long,24,[8],1.0,3.0,23,0.0,0,fundingpips_1step,funded_5pct_30d,30,1.5,1,,True,OOS,395,39.5,0.0,0.0,58.2,2.3,3.7,7.0,7.24,-1.51,99187.0,58.2
funded,BTCUSD,long,24,[8],1.0,3.0,23,0.0,0,e8_one_8,funded_5pct_30d,30,1.5,1,,True,IS,391,44.0,0.0,0.0,56.0,0.0,3.5,6.5,6.73,-1.54,100296.0,56.0
funded,BTCUSD,long,24,[8],1.0,3.0,23,0.0,0,e8_one_8,funded_5pct_30d,30,1.5,1,,True,OOS,395,37.5,0.0,0.0,60.5,2.0,3.5,6.5,7.0,-1.51,99265.0,60.5
funded,BTCUSD,long,24,[8],1.0,3.0,23,0.0,0,e8_one_14,funded_5pct_30d,30,1.5,1,,True,IS,391,63.4,0.0,0.0,29.4,7.2,4.8,11.9,9.2,-1.54,100915.0,29.4
funded,BTCUSD,long,24,[8],1.0,3.0,23,0.0,0,e8_one_14,funded_5pct_30d,30,1.5,1,,True,OOS,395,54.2,0.0,0.0,34.9,10.9,6.3,13.5,9.88,-1.52,99373.0,34.9
funded,BTCUSD,long,24,[8],1.0,3.0,23,0.0,0,the5ers_hyper,funded_5pct_30d,30,1.5,1,,True,IS,391,48.8,0.0,0.0,51.2,0.0,3.5,7.0,7.18,-1.53,100170.0,51.2
funded,BTCUSD,long,24,[8],1.0,3.0,23,0.0,0,the5ers_hyper,funded_5pct_30d,30,1.5,1,,True,OOS,395,39.5,0.0,0.0,58.2,2.3,3.7,7.0,7.24,-1.51,99187.0,58.2
funded,BTCUSD,long,24,[8],1.0,3.0,23,0.0,0,ftmo_p1,funded_5pct_30d,30,1.5,1,,True,IS,391,61.4,0.0,0.0,17.6,21.0,6.9,15.7,8.06,-1.41,101485.0,17.6
funded,BTCUSD,long,24,[8],1.0,3.0,23,0.0,0,ftmo_p1,funded_5pct_30d,30,1.5,1,,True,OOS,395,43.0,0.0,0.0,28.9,28.1,8.5,18.1,8.04,-1.31,98854.0,28.9
s3,BTCUSD,long,24,[8],1.0,3.0,23,0.0,0,ftmo_p2,,7,1.5,1,,True,IS,391,31.2,0.0,0.0,0.3,68.5,5.6,6.0,5.29,-1.35,100735.0,0.3
s3,BTCUSD,long,24,[8],1.0,3.0,23,0.0,0,ftmo_p2,,7,1.5,1,,True,OOS,395,19.5,0.0,0.0,0.0,80.5,5.6,6.4,5.03,-1.25,99566.0,0.0
s3,BTCUSD,long,24,[8],1.0,3.0,23,0.0,0,ftmo_p2,,30,1.5,1,,True,IS,391,61.4,0.0,0.0,17.6,21.0,6.9,15.7,8.06,-1.41,101485.0,17.6
s3,BTCUSD,long,24,[8],1.0,3.0,23,0.0,0,ftmo_p2,,30,1.5,1,,True,OOS,395,43.0,0.0,0.0,28.9,28.1,8.5,18.1,8.04,-1.31,98854.0,28.9
coin,BTCUSD,coin,24,[8],1.0,3.0,23,0.0,4,ftmo_1step,,7,1.5,1,,True,IS,391,10.5,0.0,0.0,22.5,67.0,4.6,6.6,7.78,-1.59,99202.0,22.5
coin,BTCUSD,coin,24,[8],1.0,3.0,23,0.0,4,ftmo_1step,,7,1.5,1,,True,OOS,395,7.6,0.0,0.0,23.0,69.4,4.5,6.6,7.88,-1.57,98539.0,23.0
coin,BTCUSD,coin,24,[8],1.0,3.0,23,0.0,4,fundingpips_1step,,7,1.5,1,,True,IS,391,10.5,0.0,0.0,35.5,54.0,4.6,6.0,7.19,-1.6,99307.0,35.5
coin,BTCUSD,coin,24,[8],1.0,3.0,23,0.0,4,fundingpips_1step,,7,1.5,1,,True,OOS,395,7.6,0.0,0.0,35.4,57.0,4.5,6.0,7.27,-1.57,98565.0,35.4
coin,BTCUSD,coin,24,[8],1.0,3.0,23,0.0,4,e8_one_8,,7,1.5,1,,True,IS,391,6.9,0.0,0.0,50.6,42.5,4.8,6.1,7.21,-1.6,99188.0,50.6
coin,BTCUSD,coin,24,[8],1.0,3.0,23,0.0,4,e8_one_8,,7,1.5,1,,True,OOS,395,4.6,0.0,0.0,52.2,43.3,4.0,6.1,7.21,-1.57,98377.0,52.2
coin,BTCUSD,coin,24,[8],1.0,3.0,23,0.0,4,e8_one_14,,7,1.5,1,,True,IS,391,0.0,0.0,0.0,1.0,99.0,,7.0,8.12,-1.62,99068.0,1.0
coin,BTCUSD,coin,24,[8],1.0,3.0,23,0.0,4,e8_one_14,,7,1.5,1,,True,OOS,395,0.0,0.0,0.0,0.5,99.5,,6.9,8.16,-1.58,98488.0,0.5
coin,BTCUSD,coin,24,[8],1.0,3.0,23,0.0,4,the5ers_hyper,,7,1.5,1,,True,IS,391,10.5,0.0,0.0,35.5,54.0,4.6,6.0,7.19,-1.6,99307.0,35.5
coin,BTCUSD,coin,24,[8],1.0,3.0,23,0.0,4,the5ers_hyper,,7,1.5,1,,True,OOS,395,7.6,0.0,0.0,35.4,57.0,4.5,6.0,7.27,-1.57,98565.0,35.4
coin,BTCUSD,coin,24,[8],1.0,3.0,23,0.0,4,ftmo_p1,,7,1.5,1,,True,IS,391,6.6,0.0,0.0,0.3,93.1,5.6,6.9,6.17,-1.43,99344.0,0.3
coin,BTCUSD,coin,24,[8],1.0,3.0,23,0.0,4,ftmo_p1,,7,1.5,1,,True,OOS,395,3.8,0.0,0.0,0.0,96.2,5.8,6.9,5.53,-1.31,99280.0,0.0
coin,BTCUSD,coin,24,[8],1.0,3.0,23,0.0,4,ftmo_1step,,30,1.5,1,,True,IS,391,22.0,0.0,0.0,78.0,0.0,7.5,10.5,9.39,-1.61,98212.0,78.0
coin,BTCUSD,coin,24,[8],1.0,3.0,23,0.0,4,ftmo_1step,,30,1.5,1,,True,OOS,395,16.7,0.0,0.0,81.5,1.8,7.6,10.8,9.61,-1.58,97345.0,81.5
coin,BTCUSD,coin,24,[8],1.0,3.0,23,0.0,4,fundingpips_1step,,30,1.5,1,,True,IS,391,26.6,0.0,0.0,67.5,5.9,8.5,10.7,9.31,-1.61,98975.0,67.5
coin,BTCUSD,coin,24,[8],1.0,3.0,23,0.0,4,fundingpips_1step,,30,1.5,1,,True,OOS,395,19.2,0.0,0.0,76.5,4.3,8.5,10.1,9.48,-1.58,97420.0,76.5
coin,BTCUSD,coin,24,[8],1.0,3.0,23,0.0,4,e8_one_8,,30,1.5,1,,True,IS,391,14.1,0.0,0.0,85.9,0.0,7.5,7.8,7.97,-1.62,98816.0,85.9
coin,BTCUSD,coin,24,[8],1.0,3.0,23,0.0,4,e8_one_8,,30,1.5,1,,True,OOS,395,7.1,0.0,0.0,91.6,1.3,5.7,7.8,8.06,-1.58,97639.0,91.6
coin,BTCUSD,coin,24,[8],1.0,3.0,23,0.0,4,e8_one_14,,30,1.5,1,,True,IS,391,4.6,0.0,0.0,78.3,17.1,14.1,19.3,13.64,-1.67,95988.0,78.3
coin,BTCUSD,coin,24,[8],1.0,3.0,23,0.0,4,e8_one_14,,30,1.5,1,,True,OOS,395,2.0,0.0,0.0,73.4,24.6,14.6,19.6,13.6,-1.63,95005.0,73.4
coin,BTCUSD,coin,24,[8],1.0,3.0,23,0.0,4,the5ers_hyper,,30,1.5,1,,True,IS,391,26.6,0.0,0.0,67.5,5.9,8.5,10.7,9.31,-1.61,98975.0,67.5
coin,BTCUSD,coin,24,[8],1.0,3.0,23,0.0,4,the5ers_hyper,,30,1.5,1,,True,OOS,395,19.2,0.0,0.0,76.5,4.3,8.5,10.1,9.48,-1.58,97420.0,76.5
coin,BTCUSD,coin,24,[8],1.0,3.0,23,0.0,4,ftmo_p1,,30,1.5,1,,True,IS,391,19.4,0.0,0.0,34.3,46.3,10.6,22.4,11.17,-1.53,97153.0,34.3
coin,BTCUSD,coin,24,[8],1.0,3.0,23,0.0,4,ftmo_p1,,30,1.5,1,,True,OOS,395,15.7,0.0,0.0,28.6,55.7,13.8,23.6,10.25,-1.44,97995.0,28.6
coin_funded,BTCUSD,coin,24,[8],1.0,3.0,23,0.0,4,ftmo_1step,funded_5pct_30d,30,1.5,1,,True,IS,391,42.7,0.0,0.0,57.3,0.0,3.9,8.2,8.18,-1.55,98888.0,57.3
coin_funded,BTCUSD,coin,24,[8],1.0,3.0,23,0.0,4,ftmo_1step,funded_5pct_30d,30,1.5,1,,True,OOS,395,36.7,0.0,0.0,62.0,1.3,4.8,8.9,8.57,-1.52,98152.0,62.0
coin_funded,BTCUSD,coin,24,[8],1.0,3.0,23,0.0,4,fundingpips_1step,funded_5pct_30d,30,1.5,1,,True,IS,391,41.2,0.0,0.0,58.6,0.3,3.8,6.9,7.42,-1.55,99211.0,58.6
coin_funded,BTCUSD,coin,24,[8],1.0,3.0,23,0.0,4,fundingpips_1step,funded_5pct_30d,30,1.5,1,,True,OOS,395,35.9,0.0,0.0,63.0,1.0,4.6,7.2,7.74,-1.51,98573.0,63.0
coin_funded,BTCUSD,coin,24,[8],1.0,3.0,23,0.0,4,e8_one_8,funded_5pct_30d,30,1.5,1,,True,IS,391,36.8,0.0,0.0,63.2,0.0,3.6,6.0,7.05,-1.55,99217.0,63.2
coin_funded,BTCUSD,coin,24,[8],1.0,3.0,23,0.0,4,e8_one_8,funded_5pct_30d,30,1.5,1,,True,OOS,395,28.9,0.0,0.0,69.9,1.3,3.6,6.3,7.25,-1.51,98357.0,69.9
coin_funded,BTCUSD,coin,24,[8],1.0,3.0,23,0.0,4,e8_one_14,funded_5pct_30d,30,1.5,1,,True,IS,391,51.9,0.0,0.0,41.4,6.6,5.5,12.6,10.07,-1.56,98821.0,41.4
coin_funded,BTCUSD,coin,24,[8],1.0,3.0,23,0.0,4,e8_one_14,funded_5pct_30d,30,1.5,1,,True,OOS,395,46.8,0.0,0.0,43.5,9.6,6.5,13.4,10.61,-1.52,97946.0,43.5
coin_funded,BTCUSD,coin,24,[8],1.0,3.0,23,0.0,4,the5ers_hyper,funded_5pct_30d,30,1.5,1,,True,IS,391,41.2,0.0,0.0,58.6,0.3,3.8,6.9,7.42,-1.55,99211.0,58.6
coin_funded,BTCUSD,coin,24,[8],1.0,3.0,23,0.0,4,the5ers_hyper,funded_5pct_30d,30,1.5,1,,True,OOS,395,35.9,0.0,0.0,63.0,1.0,4.6,7.2,7.74,-1.51,98573.0,63.0
coin_funded,BTCUSD,coin,24,[8],1.0,3.0,23,0.0,4,ftmo_p1,funded_5pct_30d,30,1.5,1,,True,IS,391,46.8,0.0,0.0,32.7,20.5,6.8,16.2,8.8,-1.44,98875.0,32.7
coin_funded,BTCUSD,coin,24,[8],1.0,3.0,23,0.0,4,ftmo_p1,funded_5pct_30d,30,1.5,1,,True,OOS,395,42.0,0.0,0.0,27.8,30.1,8.6,18.4,8.61,-1.36,98966.0,27.8
coin,BTCUSD,coin,24,[8],1.0,3.0,23,0.0,5,ftmo_1step,,7,1.5,1,,True,IS,391,10.7,0.0,0.0,16.1,73.1,4.2,6.6,7.38,-1.6,99776.0,16.1
coin,BTCUSD,coin,24,[8],1.0,3.0,23,0.0,5,ftmo_1step,,7,1.5,1,,True,OOS,395,13.4,0.0,0.0,24.1,62.5,4.3,6.5,7.75,-1.57,99963.0,24.1
coin,BTCUSD,coin,24,[8],1.0,3.0,23,0.0,5,fundingpips_1step,,7,1.5,1,,True,IS,391,11.0,0.0,0.0,27.9,61.1,4.4,6.2,6.96,-1.59,99838.0,27.9
coin,BTCUSD,coin,24,[8],1.0,3.0,23,0.0,5,fundingpips_1step,,7,1.5,1,,True,OOS,395,13.4,0.0,0.0,32.2,54.4,4.3,5.9,7.16,-1.57,100034.0,32.2
coin,BTCUSD,coin,24,[8],1.0,3.0,23,0.0,5,e8_one_8,,7,1.5,1,,True,IS,391,7.4,0.0,0.0,42.2,50.4,4.3,6.3,6.97,-1.6,99686.0,42.2
coin,BTCUSD,coin,24,[8],1.0,3.0,23,0.0,5,e8_one_8,,7,1.5,1,,True,OOS,395,10.1,0.0,0.0,44.1,45.8,4.0,6.1,7.15,-1.58,100062.0,44.1
coin,BTCUSD,coin,24,[8],1.0,3.0,23,0.0,5,e8_one_14,,7,1.5,1,,True,IS,391,0.3,0.0,0.0,0.0,99.7,4.9,7.0,7.65,-1.63,99786.0,0.0
coin,BTCUSD,coin,24,[8],1.0,3.0,23,0.0,5,e8_one_14,,7,1.5,1,,True,OOS,395,0.3,0.0,0.0,1.5,98.2,5.6,6.9,8.06,-1.6,100034.0,1.5
coin,BTCUSD,coin,24,[8],1.0,3.0,23,0.0,5,the5ers_hyper,,7,1.5,1,,True,IS,391,11.0,0.0,0.0,27.9,61.1,4.4,6.2,6.96,-1.59,99838.0,27.9
coin,BTCUSD,coin,24,[8],1.0,3.0,23,0.0,5,the5ers_hyper,,7,1.5,1,,True,OOS,395,13.4,0.0,0.0,32.2,54.4,4.3,5.9,7.16,-1.57,100034.0,32.2
coin,BTCUSD,coin,24,[8],1.0,3.0,23,0.0,5,ftmo_p1,,7,1.5,1,,True,IS,391,7.2,0.0,0.0,0.5,92.3,5.6,6.9,5.73,-1.43,100136.0,0.5
coin,BTCUSD,coin,24,[8],1.0,3.0,23,0.0,5,ftmo_p1,,7,1.5,1,,True,OOS,395,5.1,0.0,0.0,0.0,94.9,5.6,6.9,5.43,-1.32,100122.0,0.0
coin,BTCUSD,coin,24,[8],1.0,3.0,23,0.0,5,ftmo_1step,,30,1.5,1,,True,IS,391,31.7,0.0,0.0,65.2,3.1,9.5,12.3,9.05,-1.62,100146.0,65.2
coin,BTCUSD,coin,24,[8],1.0,3.0,23,0.0,5,ftmo_1step,,30,1.5,1,,True,OOS,395,28.9,0.0,0.0,69.1,2.0,7.5,10.9,9.19,-1.59,99879.0,69.1
coin,BTCUSD,coin,24,[8],1.0,3.0,23,0.0,5,fundingpips_1step,,30,1.5,1,,True,IS,391,34.0,0.0,0.0,62.4,3.6,10.3,11.6,9.0,-1.61,100207.0,62.4
coin,BTCUSD,coin,24,[8],1.0,3.0,23,0.0,5,fundingpips_1step,,30,1.5,1,,True,OOS,395,34.9,0.0,0.0,59.5,5.6,9.2,11.0,9.24,-1.59,100422.0,59.5
coin,BTCUSD,coin,24,[8],1.0,3.0,23,0.0,5,e8_one_8,,30,1.5,1,,True,IS,391,20.2,0.0,0.0,79.0,0.8,8.5,9.1,7.8,-1.62,99842.0,79.0
coin,BTCUSD,coin,24,[8],1.0,3.0,23,0.0,5,e8_one_8,,30,1.5,1,,True,OOS,395,20.5,0.0,0.0,78.0,1.5,7.5,8.7,7.92,-1.59,100330.0,78.0
coin,BTCUSD,coin,24,[8],1.0,3.0,23,0.0,5,e8_one_14,,30,1.5,1,,True,IS,391,11.0,0.0,0.0,58.3,30.7,18.8,21.8,12.63,-1.7,99957.0,58.3
coin,BTCUSD,coin,24,[8],1.0,3.0,23,0.0,5,e8_one_14,,30,1.5,1,,True,OOS,395,7.1,0.0,0.0,65.3,27.6,19.5,20.3,13.22,-1.68,99293.0,65.3
coin,BTCUSD,coin,24,[8],1.0,3.0,23,0.0,5,the5ers_hyper,,30,1.5,1,,True,IS,391,34.0,0.0,0.0,62.4,3.6,10.3,11.6,9.0,-1.61,100207.0,62.4
coin,BTCUSD,coin,24,[8],1.0,3.0,23,0.0,5,the5ers_hyper,,30,1.5,1,,True,OOS,395,34.9,0.0,0.0,59.5,5.6,9.2,11.0,9.24,-1.59,100422.0,59.5
coin,BTCUSD,coin,24,[8],1.0,3.0,23,0.0,5,ftmo_p1,,30,1.5,1,,True,IS,391,36.1,0.0,0.0,27.9,36.1,14.9,21.7,9.96,-1.53,100589.0,27.9
coin,BTCUSD,coin,24,[8],1.0,3.0,23,0.0,5,ftmo_p1,,30,1.5,1,,True,OOS,395,26.3,0.0,0.0,21.0,52.7,13.6,23.0,9.53,-1.45,100258.0,21.0
coin_funded,BTCUSD,coin,24,[8],1.0,3.0,23,0.0,5,ftmo_1step,funded_5pct_30d,30,1.5,1,,True,IS,391,48.1,0.0,0.0,50.6,1.3,5.6,9.6,8.12,-1.56,99785.0,50.6
coin_funded,BTCUSD,coin,24,[8],1.0,3.0,23,0.0,5,ftmo_1step,funded_5pct_30d,30,1.5,1,,True,OOS,395,52.7,0.0,0.0,46.1,1.3,4.6,8.0,7.97,-1.51,100405.0,46.1
coin_funded,BTCUSD,coin,24,[8],1.0,3.0,23,0.0,5,fundingpips_1step,funded_5pct_30d,30,1.5,1,,True,IS,391,44.0,0.0,0.0,55.5,0.5,3.9,8.0,7.59,-1.55,99538.0,55.5
coin_funded,BTCUSD,coin,24,[8],1.0,3.0,23,0.0,5,fundingpips_1step,funded_5pct_30d,30,1.5,1,,True,OOS,395,50.4,0.0,0.0,48.4,1.3,4.4,7.0,7.36,-1.51,100479.0,48.4
coin_funded,BTCUSD,coin,24,[8],1.0,3.0,23,0.0,5,e8_one_8,funded_5pct_30d,30,1.5,1,,True,IS,391,38.6,0.0,0.0,61.1,0.3,3.6,6.8,7.06,-1.55,99531.0,61.1
coin_funded,BTCUSD,coin,24,[8],1.0,3.0,23,0.0,5,e8_one_8,funded_5pct_30d,30,1.5,1,,True,OOS,395,45.6,0.0,0.0,53.4,1.0,3.6,6.5,6.99,-1.51,100443.0,53.4
coin_funded,BTCUSD,coin,24,[8],1.0,3.0,23,0.0,5,e8_one_14,funded_5pct_30d,30,1.5,1,,True,IS,391,54.2,0.0,0.0,38.4,7.4,5.9,13.2,9.88,-1.56,99295.0,38.4
coin_funded,BTCUSD,coin,24,[8],1.0,3.0,23,0.0,5,e8_one_14,funded_5pct_30d,30,1.5,1,,True,OOS,395,63.5,0.0,0.0,31.1,5.3,6.5,11.1,9.43,-1.52,100747.0,31.1
coin_funded,BTCUSD,coin,24,[8],1.0,3.0,23,0.0,5,the5ers_hyper,funded_5pct_30d,30,1.5,1,,True,IS,391,44.0,0.0,0.0,55.5,0.5,3.9,8.0,7.59,-1.55,99538.0,55.5
coin_funded,BTCUSD,coin,24,[8],1.0,3.0,23,0.0,5,the5ers_hyper,funded_5pct_30d,30,1.5,1,,True,OOS,395,50.4,0.0,0.0,48.4,1.3,4.4,7.0,7.36,-1.51,100479.0,48.4
coin_funded,BTCUSD,coin,24,[8],1.0,3.0,23,0.0,5,ftmo_p1,funded_5pct_30d,30,1.5,1,,True,IS,391,55.0,0.0,0.0,26.1,18.9,8.6,16.3,8.36,-1.45,100047.0,26.1
coin_funded,BTCUSD,coin,24,[8],1.0,3.0,23,0.0,5,ftmo_p1,funded_5pct_30d,30,1.5,1,,True,OOS,395,54.4,0.0,0.0,19.0,26.6,8.9,16.7,7.69,-1.33,100646.0,19.0
extra_coin,XAUUSD,coin,4,[1],2.0,2.0,22,0.0,2,ftmo_1step,,7,2.0,1,,True,IS,1689,2.6,0.2,0.6,3.4,93.2,4.9,4.8,6.17,-2.08,99715.0,4.0
extra_coin,XAUUSD,coin,4,[1],2.0,2.0,22,0.0,2,ftmo_1step,,7,2.0,1,,True,OOS,816,2.1,0.0,0.9,4.7,92.4,5.8,4.9,6.1,-2.07,99599.0,5.6
extra_coin,XAUUSD,coin,4,[1],2.0,2.0,22,0.0,2,fundingpips_1step,,7,2.0,1,,True,IS,1689,2.8,0.0,0.5,18.7,78.0,4.9,4.7,5.94,-2.08,99701.0,19.2
extra_coin,XAUUSD,coin,4,[1],2.0,2.0,22,0.0,2,fundingpips_1step,,7,2.0,1,,True,OOS,816,2.1,0.0,0.6,20.1,77.2,5.8,4.7,5.8,-2.07,99652.0,20.7
extra_coin,XAUUSD,coin,4,[1],2.0,2.0,22,0.0,2,e8_one_8,,7,2.0,1,,True,IS,1689,1.0,0.0,0.0,16.9,82.1,5.8,4.8,6.05,-2.09,99628.0,16.9
extra_coin,XAUUSD,coin,4,[1],2.0,2.0,22,0.0,2,e8_one_8,,7,2.0,1,,True,OOS,816,0.9,0.0,0.0,17.5,81.6,5.8,4.8,5.94,-2.08,99617.0,17.5
extra_coin,XAUUSD,coin,4,[1],2.0,2.0,22,0.0,2,e8_one_14,,7,2.0,1,,True,IS,1689,0.0,0.0,0.0,0.4,99.6,,4.9,6.2,-2.09,99718.0,0.4
extra_coin,XAUUSD,coin,4,[1],2.0,2.0,22,0.0,2,e8_one_14,,7,2.0,1,,True,OOS,816,0.0,0.0,0.0,0.0,100.0,,4.9,6.14,-2.09,99628.0,0.0
extra_coin,XAUUSD,coin,4,[1],2.0,2.0,22,0.0,2,the5ers_hyper,,7,2.0,1,,True,IS,1689,2.8,0.0,0.5,18.7,78.0,4.9,4.7,5.94,-2.08,99701.0,19.2
extra_coin,XAUUSD,coin,4,[1],2.0,2.0,22,0.0,2,the5ers_hyper,,7,2.0,1,,True,OOS,816,2.1,0.0,0.6,20.1,77.2,5.8,4.7,5.8,-2.07,99652.0,20.7
extra_coin,XAUUSD,coin,4,[1],2.0,2.0,22,0.0,2,ftmo_p1,,7,2.0,1,,True,IS,1689,2.7,0.0,0.0,0.0,97.3,5.6,4.8,6.2,-2.09,99726.0,0.0
extra_coin,XAUUSD,coin,4,[1],2.0,2.0,22,0.0,2,ftmo_p1,,7,2.0,1,,True,OOS,816,2.0,0.0,0.0,0.0,98.0,5.7,4.9,6.13,-2.08,99628.0,0.0
extra_coin,XAUUSD,coin,4,[1],2.0,2.0,22,0.0,1,ftmo_1step,,7,2.0,1,,True,IS,1689,3.9,0.1,1.1,4.0,90.8,5.5,4.8,6.27,-2.08,99688.0,5.1
extra_coin,XAUUSD,coin,4,[1],2.0,2.0,22,0.0,1,ftmo_1step,,7,2.0,1,,True,OOS,816,2.9,0.0,0.5,3.9,92.6,5.8,4.8,6.08,-2.05,99772.0,4.4
extra_coin,XAUUSD,coin,4,[1],2.0,2.0,22,0.0,1,fundingpips_1step,,7,2.0,1,,True,IS,1689,4.1,0.0,1.0,22.5,72.4,5.5,4.6,5.99,-2.08,99630.0,23.5
extra_coin,XAUUSD,coin,4,[1],2.0,2.0,22,0.0,1,fundingpips_1step,,7,2.0,1,,True,OOS,816,2.9,0.0,0.5,22.1,74.5,5.8,4.7,5.83,-2.05,99700.0,22.6
extra_coin,XAUUSD,coin,4,[1],2.0,2.0,22,0.0,1,e8_one_8,,7,2.0,1,,True,IS,1689,1.9,0.0,0.0,19.2,78.9,5.6,4.8,6.13,-2.08,99657.0,19.2
extra_coin,XAUUSD,coin,4,[1],2.0,2.0,22,0.0,1,e8_one_8,,7,2.0,1,,True,OOS,816,2.0,0.0,0.0,18.0,80.0,5.9,4.8,5.92,-2.05,99731.0,18.0
extra_coin,XAUUSD,coin,4,[1],2.0,2.0,22,0.0,1,e8_one_14,,7,2.0,1,,True,IS,1689,0.0,0.0,0.0,0.3,99.7,,4.9,6.32,-2.09,99726.0,0.3
extra_coin,XAUUSD,coin,4,[1],2.0,2.0,22,0.0,1,e8_one_14,,7,2.0,1,,True,OOS,816,0.0,0.0,0.0,0.0,100.0,,4.9,6.12,-2.07,99797.0,0.0
extra_coin,XAUUSD,coin,4,[1],2.0,2.0,22,0.0,1,the5ers_hyper,,7,2.0,1,,True,IS,1689,4.1,0.0,1.0,22.5,72.4,5.5,4.6,5.99,-2.08,99630.0,23.5
extra_coin,XAUUSD,coin,4,[1],2.0,2.0,22,0.0,1,the5ers_hyper,,7,2.0,1,,True,OOS,816,2.9,0.0,0.5,22.1,74.5,5.8,4.7,5.83,-2.05,99700.0,22.6
extra_coin,XAUUSD,coin,4,[1],2.0,2.0,22,0.0,1,ftmo_p1,,7,2.0,1,,True,IS,1689,4.0,0.0,0.0,0.0,96.0,5.6,4.8,6.3,-2.08,99726.0,0.0
extra_coin,XAUUSD,coin,4,[1],2.0,2.0,22,0.0,1,ftmo_p1,,7,2.0,1,,True,OOS,816,2.8,0.0,0.0,0.0,97.2,5.8,4.9,6.11,-2.06,99775.0,0.0
extra_coin,XAUUSD,coin,4,[1],2.0,2.0,22,0.0,3,ftmo_1step,,7,2.0,1,,True,IS,1689,3.3,0.1,0.2,3.3,93.1,5.7,4.8,6.14,-2.07,99890.0,3.5
extra_coin,XAUUSD,coin,4,[1],2.0,2.0,22,0.0,3,ftmo_1step,,7,2.0,1,,True,OOS,816,3.6,0.2,0.4,2.9,92.9,5.9,4.9,6.03,-2.07,99942.0,3.3
extra_coin,XAUUSD,coin,4,[1],2.0,2.0,22,0.0,3,fundingpips_1step,,7,2.0,1,,True,IS,1689,3.4,0.0,0.2,20.0,76.4,5.6,4.7,5.88,-2.07,99838.0,20.2
extra_coin,XAUUSD,coin,4,[1],2.0,2.0,22,0.0,3,fundingpips_1step,,7,2.0,1,,True,OOS,816,3.8,0.0,0.4,19.7,76.1,5.7,4.7,5.78,-2.07,99880.0,20.1
extra_coin,XAUUSD,coin,4,[1],2.0,2.0,22,0.0,3,e8_one_8,,7,2.0,1,,True,IS,1689,1.0,0.0,0.0,17.8,81.2,6.4,4.8,6.01,-2.08,99817.0,17.8
extra_coin,XAUUSD,coin,4,[1],2.0,2.0,22,0.0,3,e8_one_8,,7,2.0,1,,True,OOS,816,1.0,0.0,0.0,17.3,81.7,6.5,4.8,5.88,-2.07,99920.0,17.3
extra_coin,XAUUSD,coin,4,[1],2.0,2.0,22,0.0,3,e8_one_14,,7,2.0,1,,True,IS,1689,0.0,0.0,0.0,0.3,99.7,,4.9,6.17,-2.08,99898.0,0.3
extra_coin,XAUUSD,coin,4,[1],2.0,2.0,22,0.0,3,e8_one_14,,7,2.0,1,,True,OOS,816,0.0,0.0,0.0,0.0,100.0,,4.9,6.07,-2.07,99953.0,0.0
extra_coin,XAUUSD,coin,4,[1],2.0,2.0,22,0.0,3,the5ers_hyper,,7,2.0,1,,True,IS,1689,3.4,0.0,0.2,20.0,76.4,5.6,4.7,5.88,-2.07,99838.0,20.2
extra_coin,XAUUSD,coin,4,[1],2.0,2.0,22,0.0,3,the5ers_hyper,,7,2.0,1,,True,OOS,816,3.8,0.0,0.4,19.7,76.1,5.7,4.7,5.78,-2.07,99880.0,20.1
extra_coin,XAUUSD,coin,4,[1],2.0,2.0,22,0.0,3,ftmo_p1,,7,2.0,1,,True,IS,1689,3.3,0.0,0.0,0.0,96.7,5.6,4.8,6.16,-2.07,99908.0,0.0
extra_coin,XAUUSD,coin,4,[1],2.0,2.0,22,0.0,3,ftmo_p1,,7,2.0,1,,True,OOS,816,3.8,0.0,0.0,0.0,96.2,5.7,4.9,6.06,-2.07,99944.0,0.0
extra_coin,XAUUSD,coin,4,[1],2.0,2.0,22,0.0,5,ftmo_1step,,7,2.0,1,,True,IS,1689,2.7,0.1,0.9,3.9,92.4,5.6,4.8,6.24,-2.08,99408.0,4.8
extra_coin,XAUUSD,coin,4,[1],2.0,2.0,22,0.0,5,ftmo_1step,,7,2.0,1,,True,OOS,816,4.2,0.0,0.0,3.4,92.4,5.8,4.9,6.07,-2.05,99918.0,3.4
extra_coin,XAUUSD,coin,4,[1],2.0,2.0,22,0.0,5,fundingpips_1step,,7,2.0,1,,True,IS,1689,3.0,0.0,0.9,22.2,73.9,5.6,4.7,5.97,-2.08,99405.0,23.1
extra_coin,XAUUSD,coin,4,[1],2.0,2.0,22,0.0,5,fundingpips_1step,,7,2.0,1,,True,OOS,816,4.7,0.0,0.0,20.7,74.6,5.8,4.7,5.81,-2.05,99953.0,20.7
extra_coin,XAUUSD,coin,4,[1],2.0,2.0,22,0.0,5,e8_one_8,,7,2.0,1,,True,IS,1689,0.9,0.0,0.0,18.8,80.3,6.5,4.8,6.11,-2.1,99347.0,18.8
extra_coin,XAUUSD,coin,4,[1],2.0,2.0,22,0.0,5,e8_one_8,,7,2.0,1,,True,OOS,816,1.7,0.0,0.0,16.9,81.4,5.8,4.8,5.94,-2.05,99876.0,16.9
extra_coin,XAUUSD,coin,4,[1],2.0,2.0,22,0.0,5,e8_one_14,,7,2.0,1,,True,IS,1689,0.0,0.0,0.0,0.3,99.7,,4.9,6.29,-2.1,99404.0,0.3
extra_coin,XAUUSD,coin,4,[1],2.0,2.0,22,0.0,5,e8_one_14,,7,2.0,1,,True,OOS,816,0.0,0.0,0.0,0.0,100.0,,4.9,6.1,-2.07,99918.0,0.0
extra_coin,XAUUSD,coin,4,[1],2.0,2.0,22,0.0,5,the5ers_hyper,,7,2.0,1,,True,IS,1689,3.0,0.0,0.9,22.2,73.9,5.6,4.7,5.97,-2.08,99405.0,23.1
extra_coin,XAUUSD,coin,4,[1],2.0,2.0,22,0.0,5,the5ers_hyper,,7,2.0,1,,True,OOS,816,4.7,0.0,0.0,20.7,74.6,5.8,4.7,5.81,-2.05,99953.0,20.7
extra_coin,XAUUSD,coin,4,[1],2.0,2.0,22,0.0,5,ftmo_p1,,7,2.0,1,,True,IS,1689,3.0,0.0,0.0,0.0,97.0,5.6,4.9,6.28,-2.09,99438.0,0.0
extra_coin,XAUUSD,coin,4,[1],2.0,2.0,22,0.0,5,ftmo_p1,,7,2.0,1,,True,OOS,816,4.5,0.0,0.0,0.0,95.5,5.7,4.9,6.09,-2.05,99942.0,0.0
extra_coin,XAUUSD,coin,4,[1],2.0,2.0,22,0.0,4,ftmo_1step,,7,2.0,1,,True,IS,1689,3.9,0.0,0.9,4.1,91.1,5.6,4.8,6.13,-2.07,99797.0,5.0
extra_coin,XAUUSD,coin,4,[1],2.0,2.0,22,0.0,4,ftmo_1step,,7,2.0,1,,True,OOS,816,3.1,0.0,0.0,3.9,93.0,5.6,4.9,6.03,-2.05,99702.0,3.9
extra_coin,XAUUSD,coin,4,[1],2.0,2.0,22,0.0,4,fundingpips_1step,,7,2.0,1,,True,IS,1689,3.9,0.0,0.9,22.3,72.9,5.6,4.6,5.84,-2.07,99789.0,23.2
extra_coin,XAUUSD,coin,4,[1],2.0,2.0,22,0.0,4,fundingpips_1step,,7,2.0,1,,True,OOS,816,3.7,0.0,0.0,22.1,74.3,5.6,4.7,5.75,-2.05,99738.0,22.1
extra_coin,XAUUSD,coin,4,[1],2.0,2.0,22,0.0,4,e8_one_8,,7,2.0,1,,True,IS,1689,0.9,0.0,0.0,19.1,79.9,6.4,4.8,5.99,-2.09,99778.0,19.1
extra_coin,XAUUSD,coin,4,[1],2.0,2.0,22,0.0,4,e8_one_8,,7,2.0,1,,True,OOS,816,1.2,0.0,0.0,19.0,79.8,6.4,4.8,5.86,-2.05,99686.0,19.0
extra_coin,XAUUSD,coin,4,[1],2.0,2.0,22,0.0,4,e8_one_14,,7,2.0,1,,True,IS,1689,0.0,0.0,0.0,0.0,100.0,,4.9,6.18,-2.09,99813.0,0.0
extra_coin,XAUUSD,coin,4,[1],2.0,2.0,22,0.0,4,e8_one_14,,7,2.0,1,,True,OOS,816,0.0,0.0,0.0,0.0,100.0,,4.9,6.06,-2.06,99744.0,0.0
extra_coin,XAUUSD,coin,4,[1],2.0,2.0,22,0.0,4,the5ers_hyper,,7,2.0,1,,True,IS,1689,3.9,0.0,0.9,22.3,72.9,5.6,4.6,5.84,-2.07,99789.0,23.2
extra_coin,XAUUSD,coin,4,[1],2.0,2.0,22,0.0,4,the5ers_hyper,,7,2.0,1,,True,OOS,816,3.7,0.0,0.0,22.1,74.3,5.6,4.7,5.75,-2.05,99738.0,22.1
extra_coin,XAUUSD,coin,4,[1],2.0,2.0,22,0.0,4,ftmo_p1,,7,2.0,1,,True,IS,1689,3.8,0.0,0.0,0.0,96.2,5.6,4.8,6.17,-2.08,99830.0,0.0
extra_coin,XAUUSD,coin,4,[1],2.0,2.0,22,0.0,4,ftmo_p1,,7,2.0,1,,True,OOS,816,3.7,0.0,0.0,0.0,96.3,5.6,4.9,6.05,-2.05,99741.0,0.0
extra_coin,USDJPY,coin,24,[10],2.0,2.0,22,0.0,1,ftmo_1step,,7,2.0,1,2.5,True,IS,1580,4.2,0.1,0.5,6.0,89.2,4.9,4.9,6.18,-2.07,99612.0,6.5
extra_coin,USDJPY,coin,24,[10],2.0,2.0,22,0.0,1,ftmo_1step,,7,2.0,1,2.5,True,OOS,820,2.7,0.0,0.4,6.7,90.2,5.2,4.9,6.5,-2.13,99177.0,7.1
extra_coin,USDJPY,coin,24,[10],2.0,2.0,22,0.0,1,fundingpips_1step,,7,2.0,1,2.5,True,IS,1580,4.4,0.0,0.4,21.1,74.1,5.6,4.7,5.91,-2.08,99648.0,21.5
extra_coin,USDJPY,coin,24,[10],2.0,2.0,22,0.0,1,fundingpips_1step,,7,2.0,1,2.5,True,OOS,820,2.7,0.0,0.4,23.7,73.3,5.2,4.7,6.16,-2.13,99167.0,24.1
extra_coin,USDJPY,coin,24,[10],2.0,2.0,22,0.0,1,e8_one_8,,7,2.0,1,2.5,True,IS,1580,1.3,0.0,0.0,19.1,79.6,5.7,4.8,6.03,-2.08,99582.0,19.1
extra_coin,USDJPY,coin,24,[10],2.0,2.0,22,0.0,1,e8_one_8,,7,2.0,1,2.5,True,OOS,820,0.5,0.0,0.0,22.8,76.7,5.8,4.8,6.3,-2.14,99073.0,22.8
extra_coin,USDJPY,coin,24,[10],2.0,2.0,22,0.0,1,e8_one_14,,7,2.0,1,2.5,True,IS,1580,0.0,0.0,0.0,0.0,100.0,,5.0,6.25,-2.1,99645.0,0.0
extra_coin,USDJPY,coin,24,[10],2.0,2.0,22,0.0,1,e8_one_14,,7,2.0,1,2.5,True,OOS,820,0.0,0.0,0.0,0.0,100.0,,5.0,6.56,-2.15,99178.0,0.0
extra_coin,USDJPY,coin,24,[10],2.0,2.0,22,0.0,1,the5ers_hyper,,7,2.0,1,2.5,True,IS,1580,4.4,0.0,0.4,21.1,74.1,5.6,4.7,5.91,-2.08,99648.0,21.5
extra_coin,USDJPY,coin,24,[10],2.0,2.0,22,0.0,1,the5ers_hyper,,7,2.0,1,2.5,True,OOS,820,2.7,0.0,0.4,23.7,73.3,5.2,4.7,6.16,-2.13,99167.0,24.1
extra_coin,USDJPY,coin,24,[10],2.0,2.0,22,0.0,1,ftmo_p1,,7,2.0,1,2.5,True,IS,1580,4.4,0.0,0.0,0.3,95.4,5.6,4.9,6.22,-2.08,99665.0,0.3
extra_coin,USDJPY,coin,24,[10],2.0,2.0,22,0.0,1,ftmo_p1,,7,2.0,1,2.5,True,OOS,820,2.7,0.0,0.0,0.7,96.6,5.6,5.0,6.55,-2.14,99194.0,0.7
extra_coin,USDJPY,coin,24,[10],2.0,2.0,22,0.0,2,ftmo_1step,,7,2.0,1,2.5,True,IS,1580,3.3,0.0,0.4,4.2,92.0,5.6,4.9,6.16,-2.09,99595.0,4.6
extra_coin,USDJPY,coin,24,[10],2.0,2.0,22,0.0,2,ftmo_1step,,7,2.0,1,2.5,True,OOS,820,4.0,0.0,0.7,7.0,88.3,5.6,4.9,6.5,-2.11,99192.0,7.7
extra_coin,USDJPY,coin,24,[10],2.0,2.0,22,0.0,2,fundingpips_1step,,7,2.0,1,2.5,True,IS,1580,3.8,0.0,0.4,19.2,76.6,5.5,4.8,5.94,-2.09,99601.0,19.6
extra_coin,USDJPY,coin,24,[10],2.0,2.0,22,0.0,2,fundingpips_1step,,7,2.0,1,2.5,True,OOS,820,4.0,0.0,0.7,22.2,73.0,5.6,4.6,6.17,-2.11,99257.0,22.9
extra_coin,USDJPY,coin,24,[10],2.0,2.0,22,0.0,2,e8_one_8,,7,2.0,1,2.5,True,IS,1580,1.3,0.0,0.0,19.0,79.7,5.9,4.8,6.03,-2.1,99517.0,19.0
extra_coin,USDJPY,coin,24,[10],2.0,2.0,22,0.0,2,e8_one_8,,7,2.0,1,2.5,True,OOS,820,1.7,0.0,0.0,24.4,73.9,4.7,4.8,6.29,-2.13,99090.0,24.4
extra_coin,USDJPY,coin,24,[10],2.0,2.0,22,0.0,2,e8_one_14,,7,2.0,1,2.5,True,IS,1580,0.0,0.0,0.0,0.0,100.0,,5.0,6.2,-2.1,99664.0,0.0
extra_coin,USDJPY,coin,24,[10],2.0,2.0,22,0.0,2,e8_one_14,,7,2.0,1,2.5,True,OOS,820,0.0,0.0,0.0,0.0,100.0,,5.0,6.57,-2.14,99254.0,0.0
extra_coin,USDJPY,coin,24,[10],2.0,2.0,22,0.0,2,the5ers_hyper,,7,2.0,1,2.5,True,IS,1580,3.8,0.0,0.4,19.2,76.6,5.5,4.8,5.94,-2.09,99601.0,19.6
extra_coin,USDJPY,coin,24,[10],2.0,2.0,22,0.0,2,the5ers_hyper,,7,2.0,1,2.5,True,OOS,820,4.0,0.0,0.7,22.2,73.0,5.6,4.6,6.17,-2.11,99257.0,22.9
extra_coin,USDJPY,coin,24,[10],2.0,2.0,22,0.0,2,ftmo_p1,,7,2.0,1,2.5,True,IS,1580,3.8,0.0,0.0,0.0,96.2,5.6,4.9,6.19,-2.09,99671.0,0.0
extra_coin,USDJPY,coin,24,[10],2.0,2.0,22,0.0,2,ftmo_p1,,7,2.0,1,2.5,True,OOS,820,4.0,0.0,0.0,1.3,94.6,5.6,4.9,6.55,-2.12,99247.0,1.3
extra_coin,USDJPY,coin,24,[10],2.0,2.0,22,0.0,3,ftmo_1step,,7,2.0,1,2.5,True,IS,1580,4.1,0.0,0.4,4.1,91.3,5.7,4.9,6.06,-2.07,99997.0,4.5
extra_coin,USDJPY,coin,24,[10],2.0,2.0,22,0.0,3,ftmo_1step,,7,2.0,1,2.5,True,OOS,820,4.8,0.0,0.0,6.3,88.9,5.7,4.9,6.3,-2.11,99616.0,6.3
extra_coin,USDJPY,coin,24,[10],2.0,2.0,22,0.0,3,fundingpips_1step,,7,2.0,1,2.5,True,IS,1580,4.2,0.0,0.4,18.3,77.1,5.7,4.8,5.84,-2.07,100016.0,18.7
extra_coin,USDJPY,coin,24,[10],2.0,2.0,22,0.0,3,fundingpips_1step,,7,2.0,1,2.5,True,OOS,820,4.8,0.0,0.0,22.3,72.9,5.7,4.7,5.98,-2.11,99636.0,22.3
extra_coin,USDJPY,coin,24,[10],2.0,2.0,22,0.0,3,e8_one_8,,7,2.0,1,2.5,True,IS,1580,2.0,0.0,0.0,18.2,79.8,6.4,4.8,5.93,-2.08,99982.0,18.2
extra_coin,USDJPY,coin,24,[10],2.0,2.0,22,0.0,3,e8_one_8,,7,2.0,1,2.5,True,OOS,820,2.4,0.0,0.0,21.2,76.3,5.1,4.8,6.11,-2.12,99588.0,21.2
extra_coin,USDJPY,coin,24,[10],2.0,2.0,22,0.0,3,e8_one_14,,7,2.0,1,2.5,True,IS,1580,0.0,0.0,0.0,0.0,100.0,,5.0,6.1,-2.09,100057.0,0.0
extra_coin,USDJPY,coin,24,[10],2.0,2.0,22,0.0,3,e8_one_14,,7,2.0,1,2.5,True,OOS,820,0.0,0.0,0.0,0.0,100.0,,5.0,6.37,-2.13,99624.0,0.0
extra_coin,USDJPY,coin,24,[10],2.0,2.0,22,0.0,3,the5ers_hyper,,7,2.0,1,2.5,True,IS,1580,4.2,0.0,0.4,18.3,77.1,5.7,4.8,5.84,-2.07,100016.0,18.7
extra_coin,USDJPY,coin,24,[10],2.0,2.0,22,0.0,3,the5ers_hyper,,7,2.0,1,2.5,True,OOS,820,4.8,0.0,0.0,22.3,72.9,5.7,4.7,5.98,-2.11,99636.0,22.3
extra_coin,USDJPY,coin,24,[10],2.0,2.0,22,0.0,3,ftmo_p1,,7,2.0,1,2.5,True,IS,1580,4.2,0.0,0.0,0.1,95.7,5.7,4.9,6.08,-2.07,100055.0,0.1
extra_coin,USDJPY,coin,24,[10],2.0,2.0,22,0.0,3,ftmo_p1,,7,2.0,1,2.5,True,OOS,820,4.8,0.0,0.0,2.9,92.3,5.7,4.9,6.35,-2.11,99624.0,2.9
extra_coin,USDJPY,coin,24,[10],2.0,2.0,22,0.0,4,ftmo_1step,,7,2.0,1,2.5,True,IS,1580,4.4,0.0,0.6,4.4,90.6,5.6,4.9,6.13,-2.08,99816.0,5.0
extra_coin,USDJPY,coin,24,[10],2.0,2.0,22,0.0,4,ftmo_1step,,7,2.0,1,2.5,True,OOS,820,4.1,0.0,0.0,7.6,88.3,5.8,4.9,6.34,-2.11,99665.0,7.6
extra_coin,USDJPY,coin,24,[10],2.0,2.0,22,0.0,4,fundingpips_1step,,7,2.0,1,2.5,True,IS,1580,4.5,0.0,0.6,19.2,75.6,5.6,4.7,5.87,-2.08,99805.0,19.8
extra_coin,USDJPY,coin,24,[10],2.0,2.0,22,0.0,4,fundingpips_1step,,7,2.0,1,2.5,True,OOS,820,4.1,0.0,0.0,22.9,72.9,5.8,4.6,6.01,-2.11,99692.0,22.9
extra_coin,USDJPY,coin,24,[10],2.0,2.0,22,0.0,4,e8_one_8,,7,2.0,1,2.5,True,IS,1580,1.9,0.0,0.0,18.9,79.2,5.6,4.8,5.98,-2.08,99786.0,18.9
extra_coin,USDJPY,coin,24,[10],2.0,2.0,22,0.0,4,e8_one_8,,7,2.0,1,2.5,True,OOS,820,1.6,0.0,0.0,22.3,76.1,5.5,4.8,6.11,-2.11,99671.0,22.3
extra_coin,USDJPY,coin,24,[10],2.0,2.0,22,0.0,4,e8_one_14,,7,2.0,1,2.5,True,IS,1580,0.0,0.0,0.0,0.1,99.9,,5.0,6.17,-2.09,99874.0,0.1
extra_coin,USDJPY,coin,24,[10],2.0,2.0,22,0.0,4,e8_one_14,,7,2.0,1,2.5,True,OOS,820,0.0,0.0,0.0,0.0,100.0,,5.0,6.4,-2.12,99694.0,0.0
extra_coin,USDJPY,coin,24,[10],2.0,2.0,22,0.0,4,the5ers_hyper,,7,2.0,1,2.5,True,IS,1580,4.5,0.0,0.6,19.2,75.6,5.6,4.7,5.87,-2.08,99805.0,19.8
extra_coin,USDJPY,coin,24,[10],2.0,2.0,22,0.0,4,the5ers_hyper,,7,2.0,1,2.5,True,OOS,820,4.1,0.0,0.0,22.9,72.9,5.8,4.6,6.01,-2.11,99692.0,22.9
extra_coin,USDJPY,coin,24,[10],2.0,2.0,22,0.0,4,ftmo_p1,,7,2.0,1,2.5,True,IS,1580,4.5,0.0,0.0,0.1,95.4,5.6,4.9,6.15,-2.08,99858.0,0.1
extra_coin,USDJPY,coin,24,[10],2.0,2.0,22,0.0,4,ftmo_p1,,7,2.0,1,2.5,True,OOS,820,4.1,0.0,0.0,1.5,94.4,5.8,4.9,6.39,-2.11,99706.0,1.5
extra_coin,USDJPY,coin,24,[10],2.0,2.0,22,0.0,5,ftmo_1step,,7,2.0,1,2.5,True,IS,1580,4.5,0.0,0.4,5.1,90.0,4.9,4.9,6.13,-2.05,100204.0,5.5
extra_coin,USDJPY,coin,24,[10],2.0,2.0,22,0.0,5,ftmo_1step,,7,2.0,1,2.5,True,OOS,820,1.8,0.0,0.7,6.7,90.7,5.7,4.9,6.65,-2.13,98855.0,7.4
extra_coin,USDJPY,coin,24,[10],2.0,2.0,22,0.0,5,fundingpips_1step,,7,2.0,1,2.5,True,IS,1580,4.7,0.0,0.4,18.6,76.3,4.9,4.7,5.88,-2.06,100237.0,19.0
extra_coin,USDJPY,coin,24,[10],2.0,2.0,22,0.0,5,fundingpips_1step,,7,2.0,1,2.5,True,OOS,820,2.0,0.0,0.7,26.7,70.6,5.7,4.6,6.28,-2.13,98837.0,27.4
extra_coin,USDJPY,coin,24,[10],2.0,2.0,22,0.0,5,e8_one_8,,7,2.0,1,2.5,True,IS,1580,2.2,0.0,0.0,19.5,78.3,5.8,4.8,5.98,-2.07,100163.0,19.5
extra_coin,USDJPY,coin,24,[10],2.0,2.0,22,0.0,5,e8_one_8,,7,2.0,1,2.5,True,OOS,820,0.7,0.0,0.0,27.8,71.5,5.2,4.8,6.43,-2.14,98785.0,27.8
extra_coin,USDJPY,coin,24,[10],2.0,2.0,22,0.0,5,e8_one_14,,7,2.0,1,2.5,True,IS,1580,0.0,0.0,0.0,0.1,99.9,,5.0,6.17,-2.08,100271.0,0.1
extra_coin,USDJPY,coin,24,[10],2.0,2.0,22,0.0,5,e8_one_14,,7,2.0,1,2.5,True,OOS,820,0.0,0.0,0.0,0.0,100.0,,5.0,6.71,-2.14,98858.0,0.0
extra_coin,USDJPY,coin,24,[10],2.0,2.0,22,0.0,5,the5ers_hyper,,7,2.0,1,2.5,True,IS,1580,4.7,0.0,0.4,18.6,76.3,4.9,4.7,5.88,-2.06,100237.0,19.0
extra_coin,USDJPY,coin,24,[10],2.0,2.0,22,0.0,5,the5ers_hyper,,7,2.0,1,2.5,True,OOS,820,2.0,0.0,0.7,26.7,70.6,5.7,4.6,6.28,-2.13,98837.0,27.4
extra_coin,USDJPY,coin,24,[10],2.0,2.0,22,0.0,5,ftmo_p1,,7,2.0,1,2.5,True,IS,1580,4.7,0.0,0.0,0.2,95.1,5.6,4.9,6.15,-2.06,100258.0,0.2
extra_coin,USDJPY,coin,24,[10],2.0,2.0,22,0.0,5,ftmo_p1,,7,2.0,1,2.5,True,OOS,820,2.0,0.0,0.0,1.2,96.8,5.7,5.0,6.71,-2.14,98865.0,1.2
extra,USDJPY,momentum,24,[10],2.0,2.0,22,0.0,0,ftmo_1step,,14,2.0,1,2.5,True,IS,1580,15.9,0.1,1.7,31.6,50.7,8.7,8.6,8.03,-2.12,100378.0,33.3
extra,USDJPY,momentum,24,[10],2.0,2.0,22,0.0,0,ftmo_1step,,14,2.0,1,2.5,True,OOS,820,13.3,0.0,0.4,38.5,47.8,8.6,8.4,8.25,-2.15,99323.0,38.9
extra,USDJPY,momentum,24,[10],2.0,2.0,22,0.0,0,ftmo_1step,,30,2.0,1,2.5,True,IS,1580,30.3,0.1,2.4,58.9,8.4,13.7,11.7,8.91,-2.15,100599.0,61.3
extra,USDJPY,momentum,24,[10],2.0,2.0,22,0.0,0,ftmo_1step,,30,2.0,1,2.5,True,OOS,820,24.0,0.0,0.4,68.8,6.8,12.7,11.1,9.14,-2.17,98887.0,69.2
extra,USDJPY,momentum,24,[10],2.0,2.0,22,0.0,0,fundingpips_1step,,14,2.0,1,2.5,True,IS,1580,16.8,0.0,1.6,35.7,45.9,8.8,7.9,7.63,-2.13,100393.0,37.3
extra,USDJPY,momentum,24,[10],2.0,2.0,22,0.0,0,fundingpips_1step,,14,2.0,1,2.5,True,OOS,820,12.9,0.0,0.2,44.3,42.6,8.2,7.5,7.63,-2.15,99341.0,44.5
extra,USDJPY,momentum,24,[10],2.0,2.0,22,0.0,0,fundingpips_1step,,30,2.0,1,2.5,True,IS,1580,32.3,0.0,2.7,51.5,13.5,13.9,11.2,8.78,-2.15,100679.0,54.2
extra,USDJPY,momentum,24,[10],2.0,2.0,22,0.0,0,fundingpips_1step,,30,2.0,1,2.5,True,OOS,820,24.8,0.0,0.2,64.1,10.9,13.6,10.2,8.82,-2.16,99030.0,64.3
extra,USDJPY,momentum,24,[10],2.0,2.0,22,0.0,0,e8_one_8,,14,2.0,1,2.5,True,IS,1580,9.7,0.0,0.0,57.9,32.4,9.9,7.7,7.44,-2.14,100169.0,57.9
extra,USDJPY,momentum,24,[10],2.0,2.0,22,0.0,0,e8_one_8,,14,2.0,1,2.5,True,OOS,820,7.4,0.0,0.0,61.7,30.9,8.9,7.5,7.43,-2.17,99291.0,61.7
extra,USDJPY,momentum,24,[10],2.0,2.0,22,0.0,0,e8_one_8,,30,2.0,1,2.5,True,IS,1580,18.2,0.0,0.0,79.5,2.3,13.7,9.2,7.87,-2.15,100273.0,79.5
extra,USDJPY,momentum,24,[10],2.0,2.0,22,0.0,0,e8_one_8,,30,2.0,1,2.5,True,OOS,820,13.8,0.0,0.0,83.9,2.3,13.4,8.7,7.85,-2.18,99039.0,83.9
extra,USDJPY,momentum,24,[10],2.0,2.0,22,0.0,0,e8_one_14,,14,2.0,1,2.5,True,IS,1580,0.4,0.0,0.0,4.3,95.3,12.4,9.9,8.85,-2.19,100660.0,4.3
extra,USDJPY,momentum,24,[10],2.0,2.0,22,0.0,0,e8_one_14,,14,2.0,1,2.5,True,OOS,820,0.4,0.0,0.0,8.0,91.6,11.9,9.8,9.3,-2.2,99266.0,8.0
extra,USDJPY,momentum,24,[10],2.0,2.0,22,0.0,0,e8_one_14,,30,2.0,1,2.5,True,IS,1580,5.9,0.0,0.0,33.4,60.7,21.7,19.2,11.8,-2.29,101143.0,33.4
extra,USDJPY,momentum,24,[10],2.0,2.0,22,0.0,0,e8_one_14,,30,2.0,1,2.5,True,OOS,820,4.0,0.0,0.0,50.1,45.9,17.6,17.6,12.26,-2.24,98099.0,50.1
extra,USDJPY,momentum,24,[10],2.0,2.0,22,0.0,0,the5ers_hyper,,14,2.0,1,2.5,True,IS,1580,16.8,0.0,1.6,35.7,45.9,8.8,7.9,7.63,-2.13,100393.0,37.3
extra,USDJPY,momentum,24,[10],2.0,2.0,22,0.0,0,the5ers_hyper,,14,2.0,1,2.5,True,OOS,820,12.9,0.0,0.2,44.3,42.6,8.2,7.5,7.63,-2.15,99341.0,44.5
extra,USDJPY,momentum,24,[10],2.0,2.0,22,0.0,0,the5ers_hyper,,30,2.0,1,2.5,True,IS,1580,32.3,0.0,2.7,51.5,13.5,13.9,11.2,8.78,-2.15,100679.0,54.2
extra,USDJPY,momentum,24,[10],2.0,2.0,22,0.0,0,the5ers_hyper,,30,2.0,1,2.5,True,OOS,820,24.8,0.0,0.2,64.1,10.9,13.6,10.2,8.82,-2.16,99030.0,64.3
extra,USDJPY,momentum,24,[10],2.0,2.0,22,0.0,0,ftmo_p1,,14,2.0,1,2.5,True,IS,1580,16.8,0.0,0.0,10.0,73.2,8.8,9.2,8.46,-2.14,100602.0,10.0
extra,USDJPY,momentum,24,[10],2.0,2.0,22,0.0,0,ftmo_p1,,14,2.0,1,2.5,True,OOS,820,13.3,0.0,0.0,17.8,68.9,8.6,9.1,8.83,-2.16,99295.0,17.8
extra,USDJPY,momentum,24,[10],2.0,2.0,22,0.0,0,ftmo_p1,,30,2.0,1,2.5,True,IS,1580,35.8,0.0,0.0,29.5,34.7,14.7,15.4,10.57,-2.18,100995.0,29.5
extra,USDJPY,momentum,24,[10],2.0,2.0,22,0.0,0,ftmo_p1,,30,2.0,1,2.5,True,OOS,820,27.2,0.0,0.0,40.7,32.1,14.6,14.7,11.11,-2.17,98761.0,40.7
extra_funded,USDJPY,momentum,24,[10],2.0,2.0,22,0.0,0,ftmo_1step,funded_5pct_30d,30,2.0,1,2.5,True,IS,1580,52.0,0.0,1.6,42.4,4.1,6.9,8.7,7.57,-1.98,100320.0,44.0
extra_funded,USDJPY,momentum,24,[10],2.0,2.0,22,0.0,0,ftmo_1step,funded_5pct_30d,30,2.0,1,2.5,True,OOS,820,47.7,0.0,0.4,50.4,1.6,6.6,8.4,7.8,-2.03,99294.0,50.8
extra_funded,USDJPY,momentum,24,[10],2.0,2.0,22,0.0,0,fundingpips_1step,funded_5pct_30d,30,2.0,1,2.5,True,IS,1580,49.7,0.0,1.5,46.3,2.4,6.7,7.4,7.04,-1.98,100254.0,47.8
extra_funded,USDJPY,momentum,24,[10],2.0,2.0,22,0.0,0,fundingpips_1step,funded_5pct_30d,30,2.0,1,2.5,True,OOS,820,44.8,0.0,0.2,53.4,1.6,5.9,6.6,6.92,-2.02,99522.0,53.6
extra,XAUUSD,momentum,4,[1],2.0,2.0,22,0.0,0,ftmo_1step,,14,2.0,1,,True,IS,1689,14.1,0.0,1.0,29.9,55.0,8.5,8.5,8.0,-2.11,99746.0,30.9
extra,XAUUSD,momentum,4,[1],2.0,2.0,22,0.0,0,ftmo_1step,,14,2.0,1,,True,OOS,816,16.3,0.0,0.0,30.3,53.4,8.9,8.5,7.74,-2.1,100126.0,30.3
extra,XAUUSD,momentum,4,[1],2.0,2.0,22,0.0,0,ftmo_1step,,30,2.0,1,,True,IS,1689,28.1,0.0,2.0,61.2,8.8,13.9,11.8,8.97,-2.14,99808.0,63.2
extra,XAUUSD,momentum,4,[1],2.0,2.0,22,0.0,0,ftmo_1step,,30,2.0,1,,True,OOS,816,29.3,0.0,0.0,59.9,10.8,13.6,11.7,8.61,-2.12,100255.0,59.9
extra,XAUUSD,momentum,4,[1],2.0,2.0,22,0.0,0,fundingpips_1step,,14,2.0,1,,True,IS,1689,14.2,0.0,1.0,40.4,44.4,8.5,7.6,7.36,-2.11,99852.0,41.4
extra,XAUUSD,momentum,4,[1],2.0,2.0,22,0.0,0,fundingpips_1step,,14,2.0,1,,True,OOS,816,16.7,0.0,0.0,38.7,44.6,8.9,7.7,7.18,-2.1,100281.0,38.7
extra,XAUUSD,momentum,4,[1],2.0,2.0,22,0.0,0,fundingpips_1step,,30,2.0,1,,True,IS,1689,27.6,0.0,1.7,58.5,12.1,13.8,10.6,8.59,-2.13,99833.0,60.2
extra,XAUUSD,momentum,4,[1],2.0,2.0,22,0.0,0,fundingpips_1step,,30,2.0,1,,True,OOS,816,28.9,0.0,0.0,54.8,16.3,13.2,10.8,8.27,-2.12,100394.0,54.8
extra,XAUUSD,momentum,4,[1],2.0,2.0,22,0.0,0,e8_one_8,,14,2.0,1,,True,IS,1689,8.7,0.0,0.0,53.5,37.8,8.1,7.7,7.29,-2.13,99810.0,53.5
extra,XAUUSD,momentum,4,[1],2.0,2.0,22,0.0,0,e8_one_8,,14,2.0,1,,True,OOS,816,8.8,0.0,0.0,51.5,39.7,11.0,7.8,7.12,-2.11,100177.0,51.5
extra,XAUUSD,momentum,4,[1],2.0,2.0,22,0.0,0,e8_one_8,,30,2.0,1,,True,IS,1689,19.6,0.0,0.0,78.0,2.4,14.9,9.5,7.77,-2.17,100019.0,78.0
extra,XAUUSD,momentum,4,[1],2.0,2.0,22,0.0,0,e8_one_8,,30,2.0,1,,True,OOS,816,18.9,0.0,0.0,75.6,5.5,14.7,9.6,7.58,-2.12,100303.0,75.6
extra,XAUUSD,momentum,4,[1],2.0,2.0,22,0.0,0,e8_one_14,,14,2.0,1,,True,IS,1689,1.2,0.0,0.0,5.7,93.1,12.6,9.6,8.8,-2.17,99924.0,5.7
extra,XAUUSD,momentum,4,[1],2.0,2.0,22,0.0,0,e8_one_14,,14,2.0,1,,True,OOS,816,0.2,0.0,0.0,7.4,92.4,11.5,9.6,8.65,-2.14,99997.0,7.4
extra,XAUUSD,momentum,4,[1],2.0,2.0,22,0.0,0,e8_one_14,,30,2.0,1,,True,IS,1689,7.9,0.0,0.0,39.1,53.0,20.6,18.0,11.76,-2.26,99952.0,39.1
extra,XAUUSD,momentum,4,[1],2.0,2.0,22,0.0,0,e8_one_14,,30,2.0,1,,True,OOS,816,7.0,0.0,0.0,37.9,55.1,22.7,18.0,11.52,-2.23,100456.0,37.9
extra,XAUUSD,momentum,4,[1],2.0,2.0,22,0.0,0,the5ers_hyper,,14,2.0,1,,True,IS,1689,14.2,0.0,1.0,40.4,44.4,8.5,7.6,7.36,-2.11,99852.0,41.4
extra,XAUUSD,momentum,4,[1],2.0,2.0,22,0.0,0,the5ers_hyper,,14,2.0,1,,True,OOS,816,16.7,0.0,0.0,38.7,44.6,8.9,7.7,7.18,-2.1,100281.0,38.7
extra,XAUUSD,momentum,4,[1],2.0,2.0,22,0.0,0,the5ers_hyper,,30,2.0,1,,True,IS,1689,27.6,0.0,1.7,58.5,12.1,13.8,10.6,8.59,-2.13,99833.0,60.2
extra,XAUUSD,momentum,4,[1],2.0,2.0,22,0.0,0,the5ers_hyper,,30,2.0,1,,True,OOS,816,28.9,0.0,0.0,54.8,16.3,13.2,10.8,8.27,-2.12,100394.0,54.8
extra,XAUUSD,momentum,4,[1],2.0,2.0,22,0.0,0,ftmo_p1,,14,2.0,1,,True,IS,1689,14.3,0.0,0.1,13.0,72.6,8.5,9.0,8.37,-2.13,99859.0,13.1
extra,XAUUSD,momentum,4,[1],2.0,2.0,22,0.0,0,ftmo_p1,,14,2.0,1,,True,OOS,816,16.7,0.0,0.0,14.1,69.2,8.9,9.0,8.15,-2.11,100125.0,14.1
extra,XAUUSD,momentum,4,[1],2.0,2.0,22,0.0,0,ftmo_p1,,30,2.0,1,,True,IS,1689,30.7,0.0,0.2,36.8,32.3,14.7,14.8,10.62,-2.18,99569.0,37.0
extra,XAUUSD,momentum,4,[1],2.0,2.0,22,0.0,0,ftmo_p1,,30,2.0,1,,True,OOS,816,31.0,0.0,0.0,33.7,35.3,13.7,14.7,10.1,-2.14,100354.0,33.7
extra_funded,XAUUSD,momentum,4,[1],2.0,2.0,22,0.0,0,ftmo_1step,funded_5pct_30d,30,2.0,1,,True,IS,1689,47.7,0.0,0.8,47.4,4.1,6.9,9.0,7.82,-1.99,99588.0,48.2
extra_funded,XAUUSD,momentum,4,[1],2.0,2.0,22,0.0,0,ftmo_1step,funded_5pct_30d,30,2.0,1,,True,OOS,816,51.3,0.0,0.0,45.0,3.7,7.6,8.8,7.46,-1.98,100021.0,45.0
extra_funded,XAUUSD,momentum,4,[1],2.0,2.0,22,0.0,0,fundingpips_1step,funded_5pct_30d,30,2.0,1,,True,IS,1689,45.1,0.0,0.6,52.5,1.9,6.7,7.2,7.01,-1.98,99688.0,53.1
extra_funded,XAUUSD,momentum,4,[1],2.0,2.0,22,0.0,0,fundingpips_1step,funded_5pct_30d,30,2.0,1,,True,OOS,816,47.8,0.0,0.0,49.8,2.5,6.7,7.3,6.74,-1.97,100028.0,49.8
