dt,EURUSD,GBPUSD,COMBINADO
2012-11-16,1005.8250000000002,1004.6850000000009,1010.5100000000011
2012-11-17,,,
2012-11-18,,,
2012-11-19,1000.8850000000004,1005.240000000002,1006.1250000000025
2012-11-20,997.5350000000008,1003.5300000000013,1001.0650000000021
2012-11-21,1003.6600000000009,1001.1200000000014,1004.7800000000022
2012-11-22,992.7900000000004,1007.4250000000012,1000.2150000000015
2012-11-23,976.5999999999995,991.8600000000005,968.46
2012-11-24,,,
2012-11-25,,,
2012-11-26,972.3799999999998,992.805,965.1849999999997
2012-11-27,985.9349999999995,999.4050000000001,985.3399999999997
2012-11-28,984.5149999999995,1002.33,986.8449999999996
2012-11-29,984.9899999999993,1001.7700000000009,986.7600000000002
2012-11-30,985.589999999999,1008.9950000000007,994.5849999999996
2012-12-01,,,
2012-12-02,,,
2012-12-03,974.6899999999982,999.6000000000001,974.2899999999984
2012-12-04,969.7899999999981,999.9399999999998,969.729999999998
2012-12-05,976.759999999998,1001.0849999999999,977.844999999998
2012-12-06,990.3999999999979,1003.5200000000001,993.919999999998
2012-12-07,990.2199999999981,1003.3400000000003,993.5599999999984
2012-12-08,,,
2012-12-09,,,
2012-12-10,990.0399999999983,1003.1600000000004,993.1999999999987
2012-12-11,989.8599999999984,1003.1000000000013,992.9599999999996
2012-12-12,985.719999999998,997.0600000000001,982.7799999999979
2012-12-13,984.6599999999981,991.35,976.0099999999982
2012-12-14,968.6199999999975,995.4900000000022,964.1099999999997
2012-12-15,,,
2012-12-16,,,
2012-12-17,969.0799999999974,992.9000000000012,961.9799999999987
2012-12-18,957.6799999999972,984.8900000000014,942.5699999999986
2012-12-19,964.7449999999959,984.465000000002,949.2099999999978
2012-12-20,966.6949999999958,987.4150000000018,954.1099999999976
2012-12-21,972.414999999996,991.6700000000018,964.0849999999978
2012-12-22,,,
2012-12-23,,,
2012-12-24,972.2349999999961,995.8200000000013,968.0549999999976
2012-12-25,,,
2012-12-26,968.7549999999962,1000.1100000000016,968.864999999998
2012-12-27,973.8949999999966,998.6050000000012,972.4999999999977
2012-12-28,975.7049999999967,1001.5500000000013,977.2549999999981
2012-12-29,,,
2012-12-30,,,
2012-12-31,977.3749999999969,1001.3700000000015,978.7449999999985
2013-01-01,976.3349999999971,1001.1900000000016,977.5249999999987
2013-01-02,986.8749999999965,950.670000000002,937.5449999999985
2013-01-03,992.8099999999966,921.510000000002,914.3199999999988
2013-01-04,992.6299999999968,914.1500000000015,906.7799999999984
2013-01-05,,,
2013-01-06,,,
2013-01-07,992.449999999997,902.7800000000017,895.2299999999987
2013-01-08,992.2699999999971,920.3800000000009,912.649999999998
2013-01-09,992.0899999999973,919.0900000000022,911.1799999999994
2013-01-10,982.0799999999974,917.6700000000021,899.7499999999995
2013-01-11,967.409999999997,933.3350000000024,900.7449999999994
2013-01-12,,,
2013-01-13,,,
2013-01-14,962.1799999999964,942.3600000000021,904.5399999999986
2013-01-15,975.4549999999965,942.180000000002,917.6349999999984
2013-01-16,978.9699999999966,941.8450000000023,920.8149999999989
2013-01-17,978.6699999999965,944.5050000000031,923.1749999999997
2013-01-18,989.9949999999965,924.0400000000033,914.0349999999999
2013-01-19,,,
2013-01-20,,,
2013-01-21,990.2649999999965,920.0350000000044,910.3000000000009
2013-01-22,998.1349999999962,931.5650000000041,929.7000000000003
2013-01-23,1005.1599999999962,935.8850000000056,941.0450000000019
2013-01-24,995.1399999999954,927.7100000000063,922.8500000000017
2013-01-25,983.6599999999945,934.865000000006,918.5250000000005
2013-01-26,,,
2013-01-27,,,
2013-01-28,987.1799999999944,922.3900000000067,909.5700000000011
2013-01-29,979.5799999999945,929.1200000000068,908.7000000000012
2013-01-30,968.1699999999936,928.9400000000068,897.1100000000004
2013-01-31,965.7199999999935,930.5000000000068,896.2200000000003
2013-02-01,965.0149999999938,944.7300000000073,909.7450000000013
2013-02-02,,,
2013-02-03,,,
2013-02-04,933.1849999999939,955.3700000000075,888.5550000000014
2013-02-05,956.7949999999939,946.610000000008,903.405000000002
2013-02-06,937.4749999999938,948.015000000008,885.4900000000016
2013-02-07,901.7799999999936,953.6400000000077,855.4200000000014
2013-02-08,898.3599999999942,962.0050000000076,860.3650000000018
2013-02-09,,,
2013-02-10,,,
2013-02-11,906.279999999994,965.0600000000072,871.340000000001
2013-02-12,914.434999999994,960.6300000000077,875.0650000000019
2013-02-13,913.944999999994,947.1950000000072,861.1400000000012
2013-02-14,901.3999999999947,956.0650000000071,857.465000000002
2013-02-15,907.5699999999949,959.1800000000071,866.750000000002
2013-02-16,,,
2013-02-17,,,
2013-02-18,906.0499999999951,973.2450000000078,879.2950000000028
2013-02-19,912.584999999995,971.0200000000071,883.6050000000023
2013-02-20,895.599999999995,915.4950000000073,811.0950000000023
2013-02-21,881.3199999999957,902.355000000008,783.6750000000038
2013-02-22,882.5699999999955,907.7300000000075,790.3000000000029
2013-02-23,,,
2013-02-24,,,
2013-02-25,861.4099999999944,901.7200000000083,763.1300000000028
2013-02-26,875.7999999999937,902.4000000000079,778.2000000000016
2013-02-27,888.7949999999939,905.0400000000078,793.8350000000019
2013-02-28,883.6399999999937,904.8600000000077,788.5000000000014
2013-03-01,877.0599999999928,878.9700000000076,756.0300000000004
2013-03-02,,,
2013-03-03,,,
2013-03-04,878.1599999999929,869.840000000008,748.0000000000009
2013-03-05,884.1149999999927,868.0600000000082,752.1750000000011
2013-03-06,875.7399999999927,859.5900000000076,735.3300000000004
2013-03-07,893.7999999999928,868.3750000000082,762.1750000000011
2013-03-08,891.5999999999921,849.7100000000084,741.3100000000004
2013-03-09,,,
2013-03-10,,,
2013-03-11,897.9849999999923,843.2300000000087,741.215000000001
2013-03-12,897.1649999999925,847.3450000000087,744.5100000000011
2013-03-13,885.9199999999918,843.1050000000089,729.0250000000005
2013-03-14,899.4149999999916,807.9500000000094,707.3650000000009
2013-03-15,907.6399999999917,796.0950000000103,703.735000000002
2013-03-16,,,
2013-03-17,,,
2013-03-18,891.8749999999911,800.7300000000091,692.6050000000002
2013-03-19,876.3999999999908,815.9850000000102,692.3850000000011
2013-03-20,891.6849999999909,822.0200000000107,713.7050000000015
2013-03-21,888.0349999999912,832.445000000011,720.4800000000023
2013-03-22,896.7549999999912,825.6000000000109,722.3550000000023
2013-03-23,,,
2013-03-24,,,
2013-03-25,888.9799999999898,835.7000000000113,724.6800000000012
2013-03-26,893.4099999999894,835.5200000000112,728.9300000000007
2013-03-27,880.8549999999893,838.7200000000112,719.5750000000005
2013-03-28,878.5899999999893,845.1600000000113,723.7500000000007
2013-03-29,878.4499999999894,844.9800000000113,723.4300000000007
2013-03-30,,,
2013-03-31,,,
2013-04-01,881.4599999999896,846.7700000000114,728.2300000000009
2013-04-02,885.6399999999899,855.8100000000106,741.4500000000005
2013-04-03,885.6549999999897,860.170000000011,745.8250000000007
2013-04-04,869.5199999999903,859.5800000000099,729.1000000000004
2013-04-05,857.0299999999904,826.0100000000118,683.0400000000022
2013-04-06,,,
2013-04-07,,,
2013-04-08,851.5299999999902,808.9200000000126,660.4500000000028
2013-04-09,839.5599999999909,825.1700000000109,664.7300000000018
2013-04-10,845.0199999999909,823.4900000000117,668.5100000000025
2013-04-11,838.6899999999907,816.2700000000115,654.9600000000023
2013-04-12,844.3099999999903,822.8850000000114,667.1950000000015
2013-04-13,,,
2013-04-14,,,
2013-04-15,856.9349999999906,829.8000000000108,686.7350000000015
2013-04-16,836.4799999999907,840.6500000000113,677.1300000000019
2013-04-17,855.429999999991,836.9600000000107,692.3900000000017
2013-04-18,855.2499999999909,844.190000000011,699.4400000000019
2013-04-19,855.0699999999908,841.6500000000111,696.7200000000021
2013-04-20,,,
2013-04-21,,,
2013-04-22,854.8899999999908,851.5900000000112,706.4800000000018
2013-04-23,854.7099999999907,859.0700000000114,713.780000000002
2013-04-24,854.5299999999907,864.9950000000113,719.5250000000019
2013-04-25,854.3499999999906,855.1150000000126,709.4650000000033
2013-04-26,854.1699999999905,856.3100000000123,710.4800000000027
2013-04-27,,,
2013-04-28,,,
2013-04-29,853.9899999999905,839.6600000000129,693.6500000000033
2013-04-30,847.429999999991,845.4600000000127,692.8900000000035
2013-05-01,844.3599999999911,857.5200000000132,701.8800000000042
2013-05-02,875.1149999999917,860.905000000013,736.0200000000048
2013-05-03,878.4999999999918,871.1050000000133,749.605000000005
2013-05-04,,,
2013-05-05,,,
2013-05-06,889.0349999999918,880.8100000000144,769.8450000000062
2013-05-07,892.1899999999918,866.2900000000145,758.4800000000064
2013-05-08,880.0099999999919,884.4450000000152,764.4550000000072
2013-05-09,900.4299999999922,885.3100000000152,785.7400000000075
2013-05-10,900.2499999999922,869.1150000000158,769.365000000008
2013-05-11,,,
2013-05-12,,,
2013-05-13,900.0699999999921,859.4500000000153,759.5200000000073
2013-05-14,899.889999999992,867.6050000000178,767.4950000000099
2013-05-15,899.709999999992,880.4500000000181,780.1600000000101
2013-05-16,899.5299999999919,870.6150000000185,770.1450000000104
2013-05-17,903.4299999999917,867.7900000000182,771.2200000000098
2013-05-18,,,
2013-05-19,,,
2013-05-20,914.0049999999916,875.8400000000184,789.84500000001
2013-05-21,916.0749999999917,877.1850000000186,793.2600000000102
2013-05-22,913.6699999999915,856.0400000000193,769.710000000011
2013-05-23,926.7949999999913,866.5700000000197,793.3650000000112
2013-05-24,931.1599999999914,866.3900000000197,797.5500000000111
2013-05-25,,,
2013-05-26,,,
2013-05-27,930.9799999999914,866.2100000000196,797.190000000011
2013-05-28,924.3799999999919,863.7250000000191,788.1050000000109
2013-05-29,940.984999999992,873.4200000000192,814.4050000000111
2013-05-30,946.379999999992,873.2400000000191,819.6200000000113
2013-05-31,946.199999999992,873.060000000019,819.2600000000111
2013-06-01,,,
2013-06-02,,,
2013-06-03,946.0199999999919,848.8400000000203,794.8600000000122
2013-06-04,945.8399999999918,851.3250000000206,797.1650000000125
2013-06-05,945.6599999999918,868.6450000000194,814.3050000000112
2013-06-06,918.0299999999927,880.5750000000209,798.6050000000137
2013-06-07,926.3899999999928,868.4250000000211,794.8150000000139
2013-06-08,,,
2013-06-09,,,
2013-06-10,923.689999999993,879.0200000000212,802.7100000000141
2013-06-11,919.1099999999925,891.6500000000212,810.7600000000139
2013-06-12,917.1899999999916,889.8500000000217,807.0400000000134
2013-06-13,918.5699999999912,888.0300000000219,806.6000000000131
2013-06-14,924.6699999999915,901.7200000000224,826.390000000014
2013-06-15,,,
2013-06-16,,,
2013-06-17,921.0499999999914,903.8200000000218,824.8700000000131
2013-06-18,917.589999999991,923.8900000000223,841.4800000000132
2013-06-19,939.2749999999909,895.3800000000215,834.6550000000125
2013-06-20,949.129999999991,883.3350000000221,832.4650000000131
2013-06-21,948.9499999999912,903.9000000000217,852.8500000000129
2013-06-22,,,
2013-06-23,,,
2013-06-24,948.7699999999913,903.6700000000218,852.4400000000132
2013-06-25,948.5899999999915,908.450000000022,857.0400000000136
2013-06-26,948.4099999999917,898.5600000000218,846.9700000000134
2013-06-27,948.2299999999918,887.940000000022,836.1700000000137
2013-06-28,948.049999999992,872.2200000000219,820.2700000000139
2013-06-29,,,
2013-06-30,,,
2013-07-01,947.8699999999922,869.4350000000218,817.3050000000139
2013-07-02,947.6899999999923,867.9500000000216,815.640000000014
2013-07-03,947.5099999999925,874.6700000000232,822.1800000000158
2013-07-04,947.8699999999919,869.440000000024,817.3100000000159
2013-07-05,928.8199999999919,825.8500000000242,754.670000000016
2013-07-06,,,
2013-07-07,,,
2013-07-08,936.4599999999922,814.8850000000244,751.3450000000166
2013-07-09,924.1999999999913,823.0950000000246,747.295000000016
2013-07-10,949.7599999999914,798.0000000000243,747.7600000000157
2013-07-11,949.5799999999915,769.6250000000254,719.2050000000168
2013-07-12,949.3999999999917,756.5850000000257,705.9850000000174
2013-07-13,,,
2013-07-14,,,
2013-07-15,949.2199999999918,760.2750000000268,709.4950000000185
2013-07-16,949.039999999992,784.6300000000272,733.6700000000192
2013-07-17,948.8599999999922,826.475000000027,775.3350000000191
2013-07-18,948.6799999999923,832.0200000000275,780.7000000000198
2013-07-19,948.4999999999925,829.2800000000277,777.7800000000202
2013-07-20,,,
2013-07-21,,,
2013-07-22,948.3199999999927,811.3600000000284,759.6800000000212
2013-07-23,948.1399999999928,814.4100000000283,762.5500000000211
2013-07-24,947.959999999993,824.6000000000283,772.5600000000213
2013-07-25,947.7799999999932,833.4000000000291,781.1800000000221
2013-07-26,947.5999999999933,838.3450000000291,785.9450000000224
2013-07-27,,,
2013-07-28,,,
2013-07-29,947.4199999999935,846.9000000000293,794.3200000000229
2013-07-30,947.2399999999936,846.7200000000292,793.9600000000228
2013-07-31,949.3399999999937,854.0800000000286,803.4200000000224
2013-08-01,958.9499999999939,854.8300000000288,813.7800000000227
2013-08-02,958.7699999999941,822.3900000000277,781.1600000000217
2013-08-03,,,
2013-08-04,,,
2013-08-05,968.5799999999941,809.995000000029,778.575000000023
2013-08-06,960.549999999994,814.9500000000294,775.5000000000234
2013-08-07,958.9499999999935,785.9750000000297,744.9250000000231
2013-08-08,953.8599999999926,791.0950000000299,744.9550000000227
2013-08-09,962.2799999999932,784.6350000000301,746.9150000000232
2013-08-10,,,
2013-08-11,,,
2013-08-12,967.4949999999928,779.6600000000311,747.1550000000238
2013-08-13,971.4399999999931,780.9500000000305,752.3900000000235
2013-08-14,971.2599999999932,800.5550000000303,771.8150000000235
2013-08-15,972.7199999999931,781.8000000000305,754.5200000000236
2013-08-16,977.309999999993,786.7150000000306,764.0250000000237
2013-08-17,,,
2013-08-18,,,
2013-08-19,975.6299999999932,785.0100000000305,760.6400000000235
2013-08-20,962.7999999999922,788.1100000000303,750.9100000000226
2013-08-21,974.7549999999924,798.4150000000302,773.1700000000226
2013-08-22,974.8049999999924,801.0200000000303,775.8250000000228
2013-08-23,972.3649999999927,800.8400000000303,773.2050000000231
2013-08-24,,,
2013-08-25,,,
2013-08-26,973.0749999999928,800.6600000000302,773.7350000000229
2013-08-27,970.8949999999929,800.4800000000301,771.3750000000232
2013-08-28,975.7549999999933,817.4250000000296,793.180000000023
2013-08-29,982.3499999999933,814.8850000000298,797.2350000000231
2013-08-30,982.1699999999935,815.6300000000298,797.8000000000234
2013-08-31,,,
2013-09-01,,,
2013-09-02,981.9899999999936,824.0900000000295,806.0800000000231
2013-09-03,981.8099999999938,823.9100000000294,805.7200000000232
2013-09-04,981.629999999994,823.7300000000293,805.3600000000233
2013-09-05,981.4499999999941,823.5500000000293,805.0000000000234
2013-09-06,981.2699999999943,840.0300000000287,821.3000000000229
2013-09-07,,,
2013-09-08,,,
2013-09-09,981.0899999999945,829.6150000000299,810.7050000000245
2013-09-10,980.9099999999946,826.7600000000306,807.6700000000251
2013-09-11,980.7299999999948,811.09500000003,791.8250000000248
2013-09-12,980.549999999995,814.0350000000303,794.5850000000253
2013-09-13,980.3699999999951,805.2400000000305,785.6100000000256
2013-09-14,,,
2013-09-15,,,
2013-09-16,989.8999999999943,794.8350000000298,784.7350000000242
2013-09-17,985.1999999999946,793.7250000000298,778.9250000000243
2013-09-18,948.4499999999944,748.9150000000305,697.3650000000248
2013-09-19,947.3799999999936,731.9850000000307,679.3650000000243
2013-09-20,948.7399999999936,727.7200000000308,676.4600000000246
2013-09-21,,,
2013-09-22,,,
2013-09-23,954.3249999999939,736.4300000000308,690.7550000000247
2013-09-24,956.4249999999939,733.8750000000301,690.300000000024
2013-09-25,951.1049999999942,737.3600000000303,688.4650000000245
2013-09-26,954.4949999999944,737.1800000000302,691.6750000000247
2013-09-27,954.5499999999943,738.2600000000309,692.8100000000252
2013-09-28,,,
2013-09-29,,,
2013-09-30,959.7299999999942,734.3900000000313,694.1200000000254
2013-10-01,959.2349999999939,729.3450000000317,688.5800000000256
2013-10-02,953.9899999999936,731.7550000000326,685.7450000000263
2013-10-03,947.359999999993,734.6500000000326,682.0100000000257
2013-10-04,960.564999999993,734.4700000000325,695.0350000000255
2013-10-05,,,
2013-10-06,,,
2013-10-07,958.4049999999932,734.2900000000325,692.6950000000256
2013-10-08,958.6449999999934,734.1100000000324,692.7550000000258
2013-10-09,963.4449999999936,731.020000000033,694.4650000000265
2013-10-10,966.4099999999936,732.3000000000326,698.7100000000262
2013-10-11,974.719999999994,740.0050000000329,714.7250000000267
2013-10-12,,,
2013-10-13,,,
2013-10-14,972.139999999994,748.1400000000333,720.2800000000273
2013-10-15,980.4549999999939,760.0900000000325,740.5450000000264
2013-10-16,979.524999999994,765.3650000000316,744.8900000000256
2013-10-17,953.6999999999936,738.4100000000334,692.110000000027
2013-10-18,945.6949999999936,717.9650000000325,663.6600000000262
2013-10-19,,,
2013-10-20,,,
2013-10-21,944.8149999999936,711.6050000000328,656.4200000000264
2013-10-22,954.5649999999938,722.1300000000331,676.695000000027
2013-10-23,954.2249999999938,737.8150000000326,692.0400000000263
2013-10-24,957.0449999999942,750.6950000000329,707.7400000000271
2013-10-25,959.9949999999943,767.9250000000334,727.9200000000278
2013-10-26,,,
2013-10-27,,,
2013-10-28,958.0549999999943,770.2650000000325,728.3200000000268
2013-10-29,961.5999999999942,755.9400000000329,717.5400000000272
2013-10-30,956.5799999999942,757.6200000000333,714.2000000000276
2013-10-31,932.599999999995,760.8550000000333,693.4550000000283
2013-11-01,916.1199999999952,738.3650000000356,654.4850000000308
2013-11-02,,,
2013-11-03,,,
2013-11-04,922.5799999999955,731.6550000000361,654.2350000000315
2013-11-05,915.5899999999955,718.3000000000362,633.8900000000317
2013-11-06,926.4549999999956,715.9100000000373,642.365000000033
2013-11-07,896.7349999999956,723.7350000000379,620.4700000000335
2013-11-08,895.7799999999962,729.460000000038,625.2400000000343
2013-11-09,,,
2013-11-10,,,
2013-11-11,904.574999999996,729.280000000038,633.8550000000339
2013-11-12,918.004999999996,722.2700000000377,640.2750000000337
2013-11-13,933.8049999999962,729.9200000000379,663.725000000034
2013-11-14,935.0799999999962,737.9550000000376,673.0350000000337
2013-11-15,942.1049999999962,732.2450000000384,674.3500000000345
2013-11-16,,,
2013-11-17,,,
2013-11-18,942.8949999999963,736.3550000000379,679.2500000000341
2013-11-19,945.9149999999963,744.1300000000377,690.0450000000342
2013-11-20,943.2999999999955,747.2900000000374,690.5900000000329
2013-11-21,950.4349999999952,738.4450000000379,688.8800000000331
2013-11-22,956.0399999999954,741.2550000000375,697.2950000000328
2013-11-23,,,
2013-11-24,,,
2013-11-25,955.8599999999956,730.5500000000376,686.410000000033
2013-11-26,955.6799999999957,743.4500000000381,699.1300000000338
2013-11-27,955.4999999999959,735.4050000000387,690.9050000000348
2013-11-28,955.3199999999961,734.5400000000388,689.8600000000349
2013-11-29,955.1399999999962,734.9400000000393,690.0800000000354
2013-11-30,,,
2013-12-01,,,
2013-12-02,954.9599999999964,730.9100000000393,685.8700000000358
2013-12-03,954.7799999999966,736.8650000000393,691.6450000000359
2013-12-04,954.5999999999967,737.7900000000393,692.390000000036
2013-12-05,954.4199999999969,737.6100000000392,692.0300000000361
2013-12-06,954.239999999997,737.4300000000392,691.6700000000362
2013-12-07,,,
2013-12-08,,,
2013-12-09,954.0599999999972,738.3600000000383,692.4200000000355
2013-12-10,956.6099999999967,731.4700000000388,688.0800000000354
2013-12-11,951.589999999997,724.0300000000395,675.6200000000365
2013-12-12,958.6699999999968,721.2450000000399,679.9150000000368
2013-12-13,963.6949999999968,711.6100000000398,675.3050000000367
2013-12-14,,,
2013-12-15,,,
2013-12-16,965.6199999999964,716.7900000000398,682.4100000000362
2013-12-17,962.9199999999964,717.7050000000389,680.6250000000355
2013-12-18,982.9249999999965,734.89500000004,717.8200000000365
2013-12-19,984.7849999999966,736.2100000000398,720.9950000000363
2013-12-20,986.7199999999967,736.0300000000398,722.7500000000364
2013-12-21,,,
2013-12-22,,,
2013-12-23,986.5399999999969,735.8500000000397,722.3900000000367
2013-12-24,986.3599999999971,735.6700000000396,722.0300000000366
2013-12-25,,,
2013-12-26,986.1799999999972,739.76000000004,725.9400000000373
2013-12-27,978.1799999999962,698.615000000041,676.7950000000374
2013-12-28,,,
2013-12-29,,,
2013-12-30,983.1999999999971,707.9300000000412,691.1300000000383
2013-12-31,984.2999999999972,725.8450000000411,710.1450000000382
2014-01-01,990.0999999999974,726.915000000041,717.0150000000385
2014-01-02,1001.9799999999972,705.6000000000413,707.5800000000386
2014-01-03,1001.7999999999973,710.5400000000412,712.3400000000386
2014-01-04,,,
2014-01-05,,,
2014-01-06,1001.6199999999975,707.550000000041,709.1700000000385
2014-01-07,1001.4399999999977,707.3700000000409,708.8100000000386
2014-01-08,1001.2599999999978,707.1900000000409,708.4500000000387
2014-01-09,1001.079999999998,707.0100000000408,708.0900000000388
2014-01-10,1000.8999999999982,706.8300000000407,707.7300000000389
2014-01-11,,,
2014-01-12,,,
2014-01-13,1000.7199999999983,710.7150000000398,711.4350000000381
2014-01-14,1000.5399999999985,714.54000000004,715.0800000000386
2014-01-15,1000.3599999999986,715.4750000000402,715.8350000000387
2014-01-16,1000.1799999999988,718.4400000000405,718.6200000000395
2014-01-17,999.999999999999,735.4450000000404,735.4450000000393
2014-01-18,,,
2014-01-19,,,
2014-01-20,999.8199999999991,735.8150000000403,735.6350000000393
2014-01-21,999.6399999999993,740.1200000000405,739.7600000000398
2014-01-22,999.4599999999995,742.4700000000425,741.9300000000421
2014-01-23,999.2799999999996,731.4200000000425,730.7000000000421
2014-01-24,999.0999999999998,746.9600000000424,746.0600000000422
2014-01-25,,,
2014-01-26,,,
2014-01-27,998.92,746.7800000000424,745.7000000000423
2014-01-28,998.7400000000001,765.5850000000423,764.3250000000426
2014-01-29,998.5600000000003,773.0150000000422,771.5750000000426
2014-01-30,998.3800000000005,775.9000000000424,774.280000000043
2014-01-31,998.2000000000006,775.7200000000423,773.9200000000428
2014-02-01,,,
2014-02-02,,,
2014-02-03,998.0200000000008,753.7750000000428,751.7950000000437
2014-02-04,997.8400000000009,754.8700000000433,752.7100000000441
2014-02-05,997.6600000000011,758.6700000000436,756.3300000000447
2014-02-06,997.4800000000013,764.8200000000436,762.3000000000447
2014-02-07,997.3000000000014,753.0800000000437,750.3800000000451
2014-02-08,,,
2014-02-09,,,
2014-02-10,997.1200000000016,754.0800000000439,751.2000000000455
2014-02-11,996.9400000000018,748.2550000000434,745.1950000000452
2014-02-12,996.7600000000019,725.7250000000435,722.4850000000454
2014-02-13,996.5800000000021,733.3050000000437,729.8850000000457
2014-02-14,996.4000000000023,743.5050000000444,739.9050000000466
2014-02-15,,,
2014-02-16,,,
2014-02-17,996.2200000000024,724.4400000000444,720.6600000000467
2014-02-18,996.8200000000024,728.2950000000449,725.1150000000473
2014-02-19,1002.3600000000023,732.6250000000451,734.9850000000474
2014-02-20,1006.6950000000024,734.9000000000466,741.5950000000489
2014-02-21,1007.9200000000025,733.840000000047,741.7600000000493
2014-02-22,,,
2014-02-23,,,
2014-02-24,1009.9700000000025,746.5900000000469,756.5600000000495
2014-02-25,1007.6300000000023,746.4100000000468,754.0400000000491
2014-02-26,1019.9850000000025,746.2300000000467,766.2150000000493
2014-02-27,1017.3450000000025,746.0500000000467,763.3950000000491
2014-02-28,999.7500000000025,745.8700000000466,745.620000000049
2014-03-01,,,
2014-03-02,,,
2014-03-03,1012.6550000000026,745.6900000000466,758.3450000000491
2014-03-04,1012.1650000000028,745.5100000000465,757.6750000000493
2014-03-05,1012.3550000000029,745.3300000000464,757.6850000000493
2014-03-06,993.4300000000023,745.1500000000464,738.5800000000486
2014-03-07,992.5000000000022,744.9700000000463,737.4700000000485
2014-03-08,,,
2014-03-09,,,
2014-03-10,991.9200000000019,744.7900000000462,736.7100000000482
2014-03-11,997.175000000002,746.4700000000462,743.6450000000482
2014-03-12,994.350000000002,746.8750000000468,741.2250000000488
2014-03-13,1002.9050000000015,750.8500000000466,753.7550000000481
2014-03-14,1000.4200000000012,762.695000000046,763.1150000000471
2014-03-15,,,
2014-03-16,,,
2014-03-17,999.5500000000012,762.9400000000461,762.4900000000473
2014-03-18,998.3900000000011,763.4850000000454,761.8750000000464
2014-03-19,1019.2050000000013,747.2650000000464,766.4700000000475
2014-03-20,1024.8900000000015,752.0550000000451,776.9450000000465
2014-03-21,1024.7100000000016,754.1250000000451,778.8350000000469
2014-03-22,,,
2014-03-23,,,
2014-03-24,1028.0600000000024,753.6400000000464,781.7000000000489
2014-03-25,1031.6950000000022,761.3150000000461,793.0100000000484
2014-03-26,1035.7450000000022,762.0000000000462,797.7450000000483
2014-03-27,1039.7800000000025,754.3450000000458,794.1250000000482
2014-03-28,1039.6000000000026,752.5000000000466,792.1000000000492
2014-03-29,,,
2014-03-30,,,
2014-03-31,1039.4200000000028,748.200000000047,787.6200000000499
2014-04-01,1039.240000000003,753.0850000000466,792.3250000000496
2014-04-02,1039.0600000000031,753.5250000000468,792.5850000000501
2014-04-03,1038.8800000000033,755.1300000000468,794.0100000000502
2014-04-04,1038.7000000000035,754.9500000000468,793.6500000000501
2014-04-05,,,
2014-04-06,,,
2014-04-07,1038.5200000000036,754.7700000000467,793.2900000000504
2014-04-08,1038.3400000000038,735.100000000048,773.4400000000519
2014-04-09,1032.8300000000036,723.745000000047,756.5750000000505
2014-04-10,1027.2600000000032,725.9250000000465,753.1850000000495
2014-04-11,1028.3700000000033,710.9000000000468,739.27000000005
2014-04-12,,,
2014-04-13,,,
2014-04-14,1041.1850000000031,711.8750000000463,753.0600000000495
2014-04-15,1041.5150000000035,716.6550000000473,758.1700000000508
2014-04-16,1041.0950000000034,724.4400000000488,765.5350000000522
2014-04-17,1041.2350000000035,725.1450000000486,766.3800000000522
2014-04-18,1041.7150000000038,725.9700000000491,767.6850000000529
2014-04-19,,,
2014-04-20,,,
2014-04-21,1042.805000000004,725.7900000000491,768.595000000053
2014-04-22,1041.565000000004,726.5000000000496,768.0650000000535
2014-04-23,1040.3450000000043,734.3800000000499,774.7250000000543
2014-04-24,1038.6750000000045,734.2000000000498,772.8750000000543
2014-04-25,1038.3450000000043,740.12000000005,778.4650000000543
2014-04-26,,,
2014-04-27,,,
2014-04-28,1039.9300000000044,740.4950000000498,780.4250000000543
2014-04-29,1047.7650000000046,740.5600000000495,788.3250000000542
2014-04-30,1043.1800000000042,736.4500000000496,779.6300000000538
2014-05-01,1043.6800000000042,736.0600000000503,779.7400000000544
2014-05-02,1043.1800000000044,742.1900000000502,785.3700000000545
2014-05-03,,,
2014-05-04,,,
2014-05-05,1042.0400000000045,742.0100000000501,784.0500000000548
2014-05-06,1031.0100000000039,720.5350000000516,751.5450000000556
2014-05-07,1033.6500000000042,718.020000000052,751.6700000000562
2014-05-08,1047.2650000000037,714.9800000000521,762.2450000000558
2014-05-09,1050.950000000004,700.030000000053,750.9800000000569
2014-05-10,,,
2014-05-11,,,
2014-05-12,1050.770000000004,706.2450000000532,757.0150000000572
2014-05-13,1050.5900000000042,701.5100000000527,752.100000000057
2014-05-14,1050.4100000000044,688.4700000000531,738.8800000000574
2014-05-15,1050.2300000000046,691.5400000000532,741.7700000000577
2014-05-16,1050.0500000000047,691.3600000000531,741.4100000000578
2014-05-17,,,
2014-05-18,,,
2014-05-19,1049.870000000005,691.180000000053,741.0500000000579
2014-05-20,1049.690000000005,691.000000000053,740.690000000058
2014-05-21,1049.5100000000052,690.8200000000529,740.3300000000581
2014-05-22,1049.3300000000054,690.6400000000529,739.9700000000582
2014-05-23,1049.1500000000055,690.4600000000528,739.6100000000583
2014-05-24,,,
2014-05-25,,,
2014-05-26,1048.9700000000057,690.2800000000527,739.2500000000584
2014-05-27,1048.7900000000059,690.1000000000527,738.8900000000585
2014-05-28,1048.610000000006,685.480000000052,734.0900000000579
2014-05-29,1048.4300000000062,683.4100000000516,731.8400000000579
2014-05-30,1048.2500000000064,680.1400000000513,728.3900000000576
2014-05-31,,,
2014-06-01,,,
2014-06-02,1048.0700000000065,680.6050000000521,728.6750000000586
2014-06-03,1047.8900000000067,685.9150000000521,733.805000000059
2014-06-04,1047.7100000000069,703.0500000000502,750.7600000000571
2014-06-05,1047.530000000007,693.660000000051,741.190000000058
2014-06-06,1047.3500000000072,697.8050000000513,745.1550000000584
2014-06-07,,,
2014-06-08,,,
2014-06-09,1047.1700000000073,701.2650000000515,748.4350000000588
2014-06-10,1046.9900000000075,703.2500000000515,750.2400000000589
2014-06-11,1046.8100000000077,703.0700000000514,749.8800000000592
2014-06-12,1046.6300000000078,682.2300000000522,728.8600000000602
2014-06-13,1046.450000000008,678.8450000000532,725.2950000000612
2014-06-14,,,
2014-06-15,,,
2014-06-16,1046.2700000000082,670.9700000000532,717.2400000000614
2014-06-17,1046.0900000000083,668.4800000000531,714.5700000000616
2014-06-18,1045.9100000000085,679.5550000000535,725.465000000062
2014-06-19,1045.7300000000087,675.0400000000536,720.7700000000623
2014-06-20,1045.5500000000088,679.2750000000539,724.8250000000626
2014-06-21,,,
2014-06-22,,,
2014-06-23,1045.370000000009,677.8450000000541,723.2150000000631
2014-06-24,1045.1900000000091,681.8000000000537,726.990000000063
2014-06-25,1045.0100000000093,687.8050000000536,732.8150000000628
2014-06-26,1044.8300000000095,692.3600000000541,737.1900000000637
2014-06-27,1044.6500000000096,696.1050000000553,740.7550000000649
2014-06-28,,,
2014-06-29,,,
2014-06-30,1044.4700000000098,682.4600000000551,726.9300000000649
2014-07-01,1044.29000000001,675.3500000000553,719.6400000000654
2014-07-02,1044.1100000000101,673.8900000000558,718.0000000000659
2014-07-03,1043.9300000000103,677.4050000000555,721.3350000000657
2014-07-04,1043.7500000000105,680.5750000000561,724.3250000000667
2014-07-05,,,
2014-07-06,,,
2014-07-07,1043.5700000000106,683.2950000000559,726.8650000000666
2014-07-08,1043.3900000000108,686.3600000000563,729.7500000000671
2014-07-09,1043.210000000011,685.3200000000564,728.5300000000675
2014-07-10,1043.0300000000111,690.3650000000566,733.3950000000677
2014-07-11,1042.8500000000113,693.0400000000565,735.8900000000676
2014-07-12,,,
2014-07-13,,,
2014-07-14,1042.6700000000114,692.8600000000564,735.530000000068
2014-07-15,1042.4900000000116,697.6150000000564,740.105000000068
2014-07-16,1042.3100000000118,697.9150000000562,740.2250000000681
2014-07-17,1042.130000000012,700.4300000000565,742.5600000000684
2014-07-18,1041.950000000012,700.2500000000564,742.2000000000685
2014-07-19,,,
2014-07-20,,,
2014-07-21,1041.7700000000123,700.0700000000563,741.8400000000686
2014-07-22,1041.5900000000124,699.8900000000563,741.4800000000687
2014-07-23,1041.4100000000126,699.7100000000562,741.1200000000688
2014-07-24,1044.140000000012,701.9100000000547,746.0500000000666
2014-07-25,1038.660000000012,701.0950000000548,739.7550000000667
2014-07-26,,,
2014-07-27,,,
2014-07-28,1040.6400000000122,701.8750000000547,742.5150000000667
2014-07-29,1034.570000000012,697.3900000000547,731.9600000000667
2014-07-30,1031.7900000000118,692.9700000000545,724.7600000000662
2014-07-31,1030.310000000012,687.4650000000559,717.7750000000678
2014-08-01,1037.9300000000121,695.4850000000561,733.4150000000682
2014-08-02,,,
2014-08-03,,,
2014-08-04,1036.890000000012,691.2550000000563,728.1450000000682
2014-08-05,1026.6500000000124,688.6400000000564,715.2900000000686
2014-08-06,1031.3600000000117,703.4750000000556,734.8350000000673
2014-08-07,1026.7600000000123,705.7350000000555,732.4950000000676
2014-08-08,1036.4550000000122,698.900000000056,735.3550000000682
2014-08-09,,,
2014-08-10,,,
2014-08-11,1033.7950000000124,702.440000000056,736.2350000000683
2014-08-12,1034.5100000000116,706.3750000000559,740.8850000000675
2014-08-13,1033.590000000012,683.9000000000555,717.4900000000675
2014-08-14,1033.610000000012,684.7900000000558,718.4000000000678
2014-08-15,1040.250000000012,685.0300000000564,725.2800000000684
2014-08-16,,,
2014-08-17,,,
2014-08-18,1032.850000000012,691.7350000000556,724.5850000000676
2014-08-19,1024.860000000012,675.8000000000559,700.6600000000678
2014-08-20,1016.1200000000115,675.8800000000565,692.000000000068
2014-08-21,1020.8600000000114,669.595000000055,690.4550000000663
2014-08-22,1012.840000000011,673.425000000055,686.2650000000658
2014-08-23,,,
2014-08-24,,,
2014-08-25,1001.130000000011,671.105000000055,672.2350000000661
2014-08-26,998.0700000000111,673.2100000000553,671.2800000000664
2014-08-27,1003.010000000011,677.600000000055,680.6100000000661
2014-08-28,1000.9500000000113,676.8700000000551,677.8200000000666
2014-08-29,992.5100000000107,677.095000000055,669.6050000000657
2014-08-30,,,
2014-08-31,,,
2014-09-01,991.8400000000107,676.295000000055,668.1350000000657
2014-09-02,992.890000000011,667.3000000000542,660.1900000000651
2014-09-03,995.9900000000108,667.6900000000553,663.6800000000662
2014-09-04,975.965000000011,642.7750000000555,618.7400000000664
2014-09-05,974.4050000000111,646.1200000000554,620.5250000000665
2014-09-06,,,
2014-09-07,,,
2014-09-08,981.4650000000112,674.3450000000563,655.8100000000675
2014-09-09,980.8200000000114,680.3200000000568,661.1400000000681
2014-09-10,989.4850000000117,664.3700000000574,653.8550000000691
2014-09-11,988.6950000000119,659.7300000000582,648.4250000000702
2014-09-12,985.380000000012,669.6800000000587,655.0600000000709
2014-09-13,,,
2014-09-14,,,
2014-09-15,994.2250000000121,674.9150000000591,669.1400000000713
2014-09-16,992.5450000000121,673.7000000000595,666.2450000000717
2014-09-17,1005.6250000000125,672.7500000000596,678.3750000000721
2014-09-18,998.8400000000121,668.05500000006,666.8950000000721
2014-09-19,1017.7750000000128,630.3200000000617,648.0950000000744
2014-09-20,,,
2014-09-21,,,
2014-09-22,1015.9450000000128,640.4100000000618,656.3550000000746
2014-09-23,1021.7750000000128,658.4750000000614,680.2500000000741
2014-09-24,1027.5250000000126,655.6000000000608,683.1250000000734
2014-09-25,1030.7850000000121,652.7550000000613,683.5400000000734
2014-09-26,1039.5950000000116,641.890000000062,681.4850000000736
2014-09-27,,,
2014-09-28,,,
2014-09-29,1039.2850000000117,644.605000000062,683.8900000000735
2014-09-30,1043.955000000011,632.3900000000617,676.3450000000728
2014-10-01,1045.1450000000111,641.4650000000627,686.6100000000738
2014-10-02,1038.8600000000108,645.6350000000632,684.495000000074
2014-10-03,1055.9850000000106,609.0300000000639,665.0150000000745
2014-10-04,,,
2014-10-05,,,
2014-10-06,1035.8250000000107,616.7300000000641,652.5550000000749
2014-10-07,1032.3750000000107,616.5500000000641,648.9250000000748
2014-10-08,1011.3500000000106,616.370000000064,627.7200000000746
2014-10-09,1017.21500000001,631.2100000000627,648.4250000000727
2014-10-10,1021.0100000000102,631.0300000000626,652.0400000000727
2014-10-11,,,
2014-10-12,,,
2014-10-13,1019.1800000000104,630.8500000000626,650.030000000073
2014-10-14,1033.25500000001,619.2850000000626,652.5400000000727
2014-10-15,1010.9700000000089,625.550000000064,636.5200000000727
2014-10-16,1020.2100000000095,638.2500000000632,658.4600000000728
2014-10-17,1029.0350000000092,643.2400000000641,672.2750000000733
2014-10-18,,,
2014-10-19,,,
2014-10-20,1027.5000000000095,634.6400000000647,662.1400000000742
2014-10-21,1042.455000000009,641.2250000000638,683.6800000000728
2014-10-22,1044.4000000000092,644.7100000000642,689.1100000000733
2014-10-23,1044.2200000000093,644.5300000000641,688.7500000000734
2014-10-24,1044.0400000000095,644.350000000064,688.3900000000735
2014-10-25,,,
2014-10-26,,,
2014-10-27,1043.8600000000097,644.170000000064,688.0300000000736
2014-10-28,1043.6800000000098,645.9050000000649,689.5850000000746
2014-10-29,1043.50000000001,650.1200000000647,693.6200000000747
2014-10-30,1055.84000000001,665.475000000064,721.315000000074
2014-10-31,1043.130000000009,674.3750000000642,717.5050000000733
2014-11-01,,,
2014-11-02,,,
2014-11-03,1035.860000000009,674.0400000000643,709.9000000000733
2014-11-04,1045.3550000000087,673.8600000000642,719.2150000000729
2014-11-05,1039.2000000000087,674.9750000000638,714.1750000000725
2014-11-06,1021.7900000000078,662.2250000000643,684.0150000000722
2014-11-07,1036.115000000008,660.1950000000649,696.3100000000727
2014-11-08,,,
2014-11-09,,,
2014-11-10,1032.965000000008,662.8300000000654,695.7950000000735
2014-11-11,1037.745000000008,656.920000000065,694.6650000000732
2014-11-12,1033.1050000000084,658.1400000000649,691.2450000000733
2014-11-13,1037.6350000000086,649.4700000000647,687.1050000000732
2014-11-14,1041.2900000000086,629.4650000000662,670.7550000000747
2014-11-15,,,
2014-11-16,,,
2014-11-17,1041.1100000000088,630.390000000065,671.5000000000737
2014-11-18,1040.9300000000087,631.9000000000651,672.8300000000738
2014-11-19,1040.750000000009,651.1700000000666,691.9200000000756
2014-11-20,1040.5700000000093,653.2350000000665,693.8050000000758
2014-11-21,1037.4100000000087,665.1650000000665,702.5750000000753
2014-11-22,,,
2014-11-23,,,
2014-11-24,1045.9550000000083,678.7550000000672,724.7100000000755
2014-11-25,1049.0650000000087,683.1900000000676,732.2550000000763
2014-11-26,1051.1700000000087,671.7200000000672,722.8900000000758
2014-11-27,1050.9900000000089,683.1700000000674,734.1600000000763
2014-11-28,1050.8100000000088,679.3800000000675,730.1900000000765
2014-11-29,,,
2014-11-30,,,
2014-12-01,1050.630000000009,689.0500000000676,739.6800000000767
2014-12-02,1047.6700000000085,690.0400000000672,737.7100000000755
2014-12-03,1035.5200000000077,700.4800000000671,736.0000000000748
2014-12-04,1052.0850000000078,712.255000000066,764.3400000000738
2014-12-05,1036.1200000000074,694.700000000066,730.8200000000734
2014-12-06,,,
2014-12-07,,,
2014-12-08,1045.6550000000072,699.0400000000661,744.6950000000734
2014-12-09,1052.8700000000074,698.8600000000661,751.7300000000735
2014-12-10,1052.6900000000076,698.6800000000659,751.3700000000736
2014-12-11,1052.5100000000077,698.5000000000658,751.0100000000734
2014-12-12,1052.3300000000079,698.3200000000658,750.6500000000738
2014-12-13,,,
2014-12-14,,,
2014-12-15,1052.150000000008,698.1400000000657,750.2900000000736
2014-12-16,1051.9700000000082,708.9950000000657,760.9650000000738
2014-12-17,1051.7900000000084,714.5550000000657,766.3450000000739
2014-12-18,1051.930000000007,719.1100000000656,771.0400000000727
2014-12-19,1038.9900000000066,718.9300000000655,757.9200000000722
2014-12-20,,,
2014-12-21,,,
2014-12-22,1040.090000000007,718.7500000000655,758.8400000000725
2014-12-23,1029.8800000000062,714.8400000000656,744.7200000000719
2014-12-24,1033.1600000000064,719.685000000066,752.8450000000726
2014-12-25,,,
2014-12-26,1030.6800000000067,719.5250000000657,750.2050000000722
2014-12-27,,,
2014-12-28,,,
2014-12-29,1027.5700000000065,722.6600000000655,750.2300000000719
2014-12-30,1028.8400000000063,730.9900000000656,759.8300000000718
2014-12-31,1019.5800000000063,730.8100000000655,750.3900000000717
2015-01-01,,,
2015-01-02,1000.8000000000052,728.7550000000653,729.5550000000703
2015-01-03,,,
2015-01-04,,,
2015-01-05,963.2450000000056,736.7500000000656,699.9950000000713
2015-01-06,968.0350000000058,758.8650000000652,726.900000000071
2015-01-07,975.6050000000063,766.2850000000662,741.8900000000726
2015-01-08,983.4150000000064,773.4150000000667,756.8300000000731
2015-01-09,977.3600000000063,763.3900000000673,740.7500000000737
2015-01-10,,,
2015-01-11,,,
2015-01-12,978.8400000000067,768.2300000000674,747.0700000000743
2015-01-13,992.4550000000067,778.745000000068,771.2000000000749
2015-01-14,995.6000000000072,765.4150000000678,761.0150000000749
2015-01-15,1007.5450000000073,779.6800000000679,787.2250000000754
2015-01-16,1012.3100000000073,798.0800000000678,810.3900000000751
2015-01-17,,,
2015-01-18,,,
2015-01-19,1004.0500000000073,797.9000000000677,801.9500000000751
2015-01-20,1015.6100000000076,804.6550000000677,820.2650000000754
2015-01-21,1003.3900000000075,807.1700000000677,810.5600000000752
2015-01-22,1032.455000000007,812.2700000000677,844.7250000000747
2015-01-23,1049.5500000000059,813.9750000000678,863.5250000000738
2015-01-24,,,
2015-01-25,,,
2015-01-26,1047.3250000000062,818.8500000000677,866.1750000000739
2015-01-27,1004.3350000000057,819.5000000000687,823.8350000000744
2015-01-28,1032.3850000000064,832.5350000000684,864.9200000000747
2015-01-29,1022.6950000000061,832.4000000000686,855.0950000000748
2015-01-30,1032.835000000006,832.2200000000686,865.0550000000744
2015-01-31,,,
2015-02-01,,,
2015-02-02,1015.6750000000061,832.0400000000685,847.7150000000747
2015-02-03,974.5450000000064,841.0200000000685,815.5650000000751
2015-02-04,1014.8950000000063,836.5250000000689,851.4200000000751
2015-02-05,972.7500000000066,819.5950000000689,792.3450000000755
2015-02-06,990.4400000000064,803.8600000000692,794.3000000000757
2015-02-07,,,
2015-02-08,,,
2015-02-09,990.2600000000066,806.8500000000694,797.1100000000761
2015-02-10,990.0800000000067,816.6400000000693,806.7200000000762
2015-02-11,989.9000000000069,816.4600000000693,806.3600000000761
2015-02-12,989.7200000000071,805.0900000000703,794.8100000000773
2015-02-13,989.5400000000072,808.2300000000702,797.7700000000773
2015-02-14,,,
2015-02-15,,,
2015-02-16,989.3600000000074,810.6600000000702,800.0200000000777
2015-02-17,996.240000000008,810.4800000000702,806.720000000078
2015-02-18,1001.3950000000079,811.5900000000709,812.9850000000788
2015-02-19,1010.5450000000079,815.9650000000706,826.5100000000784
2015-02-20,1019.815000000008,818.6400000000706,838.4550000000786
2015-02-21,,,
2015-02-22,,,
2015-02-23,1033.0750000000082,815.4800000000712,848.5550000000794
2015-02-24,1031.2750000000085,820.6800000000712,851.9550000000797
2015-02-25,1024.9150000000081,824.8650000000719,849.78000000008
2015-02-26,1076.015000000008,803.8300000000723,879.8450000000803
2015-02-27,1076.1650000000081,813.295000000072,889.4600000000801
2015-02-28,,,
2015-03-01,,,
2015-03-02,1077.965000000008,806.2900000000718,884.2550000000799
2015-03-03,1079.6750000000077,812.9750000000727,892.6500000000804
2015-03-04,1088.8150000000069,796.190000000073,885.0050000000799
2015-03-05,1096.8450000000062,794.1850000000736,891.0300000000798
2015-03-06,1114.125000000005,810.1750000000739,924.3000000000789
2015-03-07,,,
2015-03-08,,,
2015-03-09,1117.885000000005,792.8150000000752,910.7000000000803
2015-03-10,1139.3350000000034,817.660000000074,956.9950000000774
2015-03-11,1149.9150000000022,830.2150000000739,980.130000000076
2015-03-12,1138.5550000000017,840.985000000074,979.5400000000757
2015-03-13,1168.5050000000008,860.1550000000746,1028.6600000000753
2015-03-14,,,
2015-03-15,,,
2015-03-16,1163.7900000000009,840.160000000075,1003.9500000000758
2015-03-17,1157.6700000000008,854.4800000000748,1012.1500000000756
2015-03-18,1090.1800000000005,801.245000000076,891.4250000000766
2015-03-19,1105.1400000000003,752.9950000000761,858.1350000000764
2015-03-20,1102.0900000000008,775.0250000000758,877.1150000000766
2015-03-21,,,
2015-03-22,,,
2015-03-23,1083.859999999999,780.7700000000771,864.630000000076
2015-03-24,1092.9749999999988,805.4500000000774,898.4250000000761
2015-03-25,1091.1599999999985,811.5450000000775,902.7050000000759
2015-03-26,1103.989999999998,811.9700000000771,915.9600000000751
2015-03-27,1103.8099999999981,811.790000000077,915.6000000000752
2015-03-28,,,
2015-03-29,,,
2015-03-30,1103.6299999999983,825.4250000000775,929.0550000000758
2015-03-31,1103.4499999999985,833.2500000000776,936.7000000000762
2015-04-01,1103.2699999999986,834.1800000000773,937.4500000000758
2015-04-02,1103.0899999999988,834.0000000000772,937.0900000000761
2015-04-03,1102.3899999999985,840.8750000000782,943.2650000000767
2015-04-04,,,
2015-04-05,,,
2015-04-06,1110.0549999999985,847.3900000000785,957.445000000077
2015-04-07,1117.0899999999986,847.2100000000785,964.300000000077
2015-04-08,1116.9099999999987,858.9700000000787,975.8800000000774
2015-04-09,1116.7299999999989,853.9000000000786,970.6300000000774
2015-04-10,1116.549999999999,841.600000000079,958.1500000000781
2015-04-11,,,
2015-04-12,,,
2015-04-13,1121.9549999999986,831.9400000000795,953.8950000000782
2015-04-14,1140.2949999999985,807.6300000000803,947.9250000000789
2015-04-15,1143.4449999999983,804.5300000000808,947.975000000079
2015-04-16,1147.3399999999986,795.0450000000817,942.3850000000803
2015-04-17,1147.1599999999987,793.0650000000818,940.2250000000804
2015-04-18,,,
2015-04-19,,,
2015-04-20,1146.9799999999989,782.3100000000824,929.2900000000814
2015-04-21,1146.799999999999,784.7500000000825,931.5500000000816
2015-04-22,1146.6199999999992,781.3550000000832,927.9750000000824
2015-04-23,1146.4399999999994,783.7600000000837,930.200000000083
2015-04-24,1146.2599999999995,764.9050000000842,911.1650000000836
2015-04-25,,,
2015-04-26,,,
2015-04-27,1146.0799999999997,772.8250000000855,918.9050000000852
2015-04-28,1140.7,787.0850000000856,927.7850000000858
2015-04-29,1105.0349999999992,796.8150000000867,901.8500000000859
2015-04-30,1089.3099999999986,792.0850000000866,881.395000000085
2015-05-01,1097.1949999999983,740.7250000000876,837.920000000086
2015-05-02,,,
2015-05-03,,,
2015-05-04,1103.7699999999984,749.1850000000875,852.9550000000859
2015-05-05,1111.5999999999985,746.2550000000872,857.8550000000857
2015-05-06,1079.7899999999972,747.7150000000879,827.5050000000851
2015-05-07,1097.4449999999965,754.4100000000869,851.8550000000835
2015-05-08,1102.6299999999967,701.585000000088,804.2150000000847
2015-05-09,,,
2015-05-10,,,
2015-05-11,1102.4499999999969,727.055000000089,829.5050000000858
2015-05-12,1102.269999999997,736.810000000089,839.0800000000859
2015-05-13,1096.4999999999966,758.2850000000888,854.7850000000853
2015-05-14,1088.1399999999965,767.6300000000884,855.770000000085
2015-05-15,1085.8899999999958,775.5800000000875,861.4700000000832
2015-05-16,,,
2015-05-17,,,
2015-05-18,1104.1999999999955,761.7400000000873,865.9400000000828
2015-05-19,1104.0199999999957,722.380000000088,826.4000000000838
2015-05-20,1103.8399999999958,727.545000000088,831.3850000000839
2015-05-21,1103.659999999996,715.6850000000891,819.3450000000851
2015-05-22,1103.4799999999962,713.3200000000885,816.8000000000848
2015-05-23,,,
2015-05-24,,,
2015-05-25,1103.2999999999963,711.5800000000881,814.8800000000845
2015-05-26,1103.1199999999965,695.4400000000894,798.5600000000859
2015-05-27,1102.9399999999966,706.8850000000892,809.8250000000858
2015-05-28,1102.7599999999968,713.5600000000894,816.3200000000861
2015-05-29,1102.579999999997,732.4100000000902,834.9900000000871
2015-05-30,,,
2015-05-31,,,
2015-06-01,1102.3999999999971,751.7150000000902,854.1150000000873
2015-06-02,1102.2199999999973,719.6400000000904,821.8600000000877
2015-06-03,1102.0399999999975,732.730000000091,834.7700000000884
2015-06-04,1101.8599999999976,720.0400000000915,821.9000000000892
2015-06-05,1101.6799999999978,735.850000000092,837.5300000000898
2015-06-06,,,
2015-06-07,,,
2015-06-08,1101.499999999998,735.6700000000919,837.1700000000899
2015-06-09,1101.3199999999981,735.4900000000919,836.81000000009
2015-06-10,1101.1399999999983,723.4700000000919,824.6100000000902
2015-06-11,1100.9599999999984,727.9950000000929,828.9550000000913
2015-06-12,1100.7799999999986,732.9700000000934,833.7500000000919
2015-06-13,,,
2015-06-14,,,
2015-06-15,1100.5999999999988,728.2200000000944,828.8200000000932
2015-06-16,1100.419999999999,727.4700000000953,827.8900000000942
2015-06-17,1100.239999999999,683.2650000000956,783.5050000000947
2015-06-18,1113.2799999999988,690.010000000096,803.290000000095
2015-06-19,1114.3449999999987,691.8750000000956,806.2200000000944
2015-06-20,,,
2015-06-21,,,
2015-06-22,1123.094999999999,693.6400000000965,816.7350000000954
2015-06-23,1130.819999999999,683.1000000000962,813.9200000000951
2015-06-24,1130.6399999999992,684.6100000000979,815.2500000000971
2015-06-25,1130.4599999999994,687.1400000000979,817.6000000000972
2015-06-26,1130.2799999999995,686.9600000000978,817.2400000000973
2015-06-27,,,
2015-06-28,,,
2015-06-29,1130.0999999999997,695.140000000098,825.2400000000976
2015-06-30,1129.9199999999998,707.2900000000988,837.2100000000987
2015-07-01,1129.74,688.3100000001003,818.0500000001002
2015-07-02,1129.5600000000002,695.8300000000992,825.3900000000995
2015-07-03,1129.3800000000003,698.3550000000988,827.7350000000993
2015-07-04,,,
2015-07-05,,,
2015-07-06,1129.2000000000005,710.1550000001004,839.355000000101
2015-07-07,1129.0200000000007,688.5650000001015,817.5850000001021
2015-07-08,1128.8400000000008,680.5700000001013,809.4100000001022
2015-07-09,1128.660000000001,687.8850000001017,816.5450000001028
2015-07-10,1128.4800000000012,690.5900000001019,819.0700000001029
2015-07-11,,,
2015-07-12,,,
2015-07-13,1128.3000000000013,690.4100000001018,818.7100000001033
2015-07-14,1128.1200000000015,691.5400000001016,819.6600000001031
2015-07-15,1127.9400000000016,690.075000000102,818.0150000001036
2015-07-16,1127.7600000000018,676.895000000102,804.6550000001039
2015-07-17,1127.580000000002,699.1450000001033,826.7250000001054
2015-07-18,,,
2015-07-19,,,
2015-07-20,1127.4000000000021,698.520000000104,825.920000000106
2015-07-21,1127.2200000000023,697.7000000001033,824.9200000001056
2015-07-22,1127.0400000000025,709.2850000001033,836.3250000001058
2015-07-23,1126.8600000000026,717.1200000001026,843.9800000001051
2015-07-24,1126.6800000000028,716.4150000001041,843.0950000001069
2015-07-25,,,
2015-07-26,,,
2015-07-27,1126.500000000003,717.7900000001036,844.2900000001066
2015-07-28,1126.3200000000031,721.1700000001046,847.4900000001076
2015-07-29,1126.1400000000033,719.2000000001051,845.3400000001084
2015-07-30,1125.9600000000034,719.020000000105,844.9800000001085
2015-07-31,1125.7800000000036,731.4250000001063,857.20500000011
2015-08-01,,,
2015-08-02,,,
2015-08-03,1125.6000000000038,736.3400000001062,861.9400000001101
2015-08-04,1125.420000000004,749.7750000001074,875.1950000001113
2015-08-05,1125.240000000004,753.3750000001073,878.6150000001114
2015-08-06,1125.0600000000043,773.175000000107,898.2350000001113
2015-08-07,1124.8800000000044,769.695000000107,894.5750000001115
2015-08-08,,,
2015-08-09,,,
2015-08-10,1124.7000000000046,773.4600000001074,898.160000000112
2015-08-11,1124.5200000000048,780.6950000001071,905.215000000112
2015-08-12,1124.340000000005,785.0650000001075,909.4050000001125
2015-08-13,1124.160000000005,787.2300000001077,911.3900000001127
2015-08-14,1123.9800000000052,792.7400000001079,916.720000000113
2015-08-15,,,
2015-08-16,,,
2015-08-17,1123.8000000000054,799.8900000001079,923.6900000001133
2015-08-18,1123.6200000000056,796.965000000108,920.5850000001137
2015-08-19,1123.4400000000057,800.8400000001076,924.2800000001134
2015-08-20,1123.260000000006,806.9300000001073,930.1900000001133
2015-08-21,1118.3900000000058,813.2200000001073,931.6100000001131
2015-08-22,,,
2015-08-23,,,
2015-08-24,1103.160000000004,811.895000000107,915.0550000001108
2015-08-25,1084.675000000004,797.2900000001072,881.9650000001111
2015-08-26,1024.2250000000045,757.4550000001076,781.6800000001122
2015-08-27,1002.4750000000045,767.6200000001087,770.095000000113
2015-08-28,983.6100000000042,778.8600000001081,762.4700000001123
2015-08-29,,,
2015-08-30,,,
2015-08-31,996.5900000000039,794.1950000001082,790.7850000001122
2015-09-01,1012.845000000004,807.335000000107,820.180000000111
2015-09-02,1005.6650000000038,811.2600000001075,816.9250000001114
2015-09-03,977.4300000000036,820.3100000001081,797.7400000001116
2015-09-04,984.0250000000036,839.6050000001085,823.630000000112
2015-09-05,,,
2015-09-06,,,
2015-09-07,986.0250000000038,830.8800000001081,816.9050000001121
2015-09-08,989.155000000004,813.7700000001087,802.9250000001125
2015-09-09,989.4850000000041,820.1050000001088,809.5900000001129
2015-09-10,991.6900000000041,810.9100000001091,802.6000000001131
2015-09-11,991.5100000000042,815.4800000001093,806.9900000001135
2015-09-12,,,
2015-09-13,,,
2015-09-14,991.3300000000044,828.0300000001095,819.3600000001138
2015-09-15,991.1500000000045,834.0100000001099,825.1600000001145
2015-09-16,990.9700000000047,812.8100000001106,803.7800000001153
2015-09-17,990.7900000000049,825.8450000001116,816.6350000001164
2015-09-18,990.610000000005,807.6600000001117,798.2700000001169
2015-09-19,,,
2015-09-20,,,
2015-09-21,990.4300000000052,807.4100000001124,797.8400000001175
2015-09-22,988.9800000000049,774.7900000001127,763.7700000001178
2015-09-23,1002.6050000000047,795.1500000001133,797.7550000001179
2015-09-24,1010.4400000000046,799.1100000001136,809.5500000001182
2015-09-25,1017.4950000000035,811.7450000001141,829.2400000001176
2015-09-26,,,
2015-09-27,,,
2015-09-28,1021.7650000000037,813.7300000001147,835.4950000001186
2015-09-29,1022.6600000000037,812.6200000001146,835.2800000001184
2015-09-30,1024.9500000000037,812.5400000001147,837.4900000001185
2015-10-01,1028.6800000000042,814.8850000001149,843.5650000001192
2015-10-02,1039.2450000000038,832.5950000001151,871.8400000001188
2015-10-03,,,
2015-10-04,,,
2015-10-05,1038.0400000000036,846.470000000116,884.5100000001196
2015-10-06,1053.5350000000035,858.6800000001164,912.2150000001197
2015-10-07,1050.0250000000037,846.9400000001168,896.9650000001207
2015-10-08,1053.7550000000037,852.270000000117,906.0250000001206
2015-10-09,1059.5800000000038,857.2600000001173,916.8400000001211
2015-10-10,,,
2015-10-11,,,
2015-10-12,1059.400000000004,860.3700000001171,919.770000000121
2015-10-13,1059.2200000000041,887.5900000001177,946.8100000001218
2015-10-14,1059.0400000000043,854.3550000001189,913.3950000001232
2015-10-15,1058.8600000000044,860.1850000001193,919.0450000001238
2015-10-16,1058.6800000000046,857.5550000001194,916.235000000124
2015-10-17,,,
2015-10-18,,,
2015-10-19,1058.5000000000048,866.5750000001199,925.0750000001246
2015-10-20,1058.320000000005,878.9450000001194,937.2650000001245
2015-10-21,1058.140000000005,882.7100000001197,940.850000000125
2015-10-22,1030.1800000000042,892.4900000001204,922.6700000001247
2015-10-23,1015.9600000000032,877.8400000001207,893.8000000001239
2015-10-24,,,
2015-10-25,,,
2015-10-26,1023.0400000000034,884.685000000121,907.7250000001245
2015-10-27,1021.5800000000032,884.0400000001207,905.620000000124
2015-10-28,991.8700000000031,878.8600000001206,870.7300000001237
2015-10-29,1001.1250000000031,884.0600000001205,885.1850000001236
2015-10-30,1006.9600000000032,890.6350000001208,897.595000000124
2015-10-31,,,
2015-11-01,,,
2015-11-02,1006.7800000000034,896.0050000001214,902.7850000001249
2015-11-03,1010.1000000000034,897.4700000001212,907.5700000001248
2015-11-04,992.0000000000024,897.2900000001212,889.2900000001237
2015-11-05,996.9500000000021,887.2600000001212,884.2100000001233
2015-11-06,952.2050000000022,892.0950000001225,844.3000000001248
2015-11-07,,,
2015-11-08,,,
2015-11-09,951.0850000000024,878.8250000001233,829.9100000001258
2015-11-10,955.6350000000025,877.0550000001223,832.6900000001247
2015-11-11,955.0200000000025,862.4700000001226,817.4900000001251
2015-11-12,950.6600000000027,868.790000000123,819.4500000001258
2015-11-13,965.1750000000028,871.820000000123,836.9950000001259
2015-11-14,,,
2015-11-15,,,
2015-11-16,975.7150000000031,877.715000000123,853.4300000001263
2015-11-17,984.2150000000034,883.7900000001237,868.005000000127
2015-11-18,982.6550000000034,882.9500000001242,865.6050000001276
2015-11-19,971.8400000000034,860.7900000001235,832.630000000127
2015-11-20,992.2050000000035,843.2100000001242,835.4150000001277
2015-11-21,,,
2015-11-22,,,
2015-11-23,994.3750000000039,833.2000000001246,827.5750000001285
2015-11-24,993.6250000000039,831.3200000001244,824.9450000001284
2015-11-25,1001.7550000000041,850.7750000001241,852.5300000001282
2015-11-26,1003.0850000000042,851.2650000001244,854.3500000001286
2015-11-27,1004.6950000000043,839.4500000001243,844.1450000001287
2015-11-28,,,
2015-11-29,,,
2015-11-30,1007.7450000000044,835.3750000001247,843.120000000129
2015-12-01,1000.9200000000046,839.4100000001254,840.33000000013
2015-12-02,1011.5850000000047,822.6050000001253,834.1900000001301
2015-12-03,948.9100000000045,832.5700000001259,781.4800000001305
2015-12-04,956.8250000000046,850.3450000001263,807.170000000131
2015-12-05,,,
2015-12-06,,,
2015-12-07,958.6000000000046,853.0800000001263,811.6800000001308
2015-12-08,958.4200000000047,864.355000000126,822.7750000001306
2015-12-09,941.5300000000038,853.2500000001264,794.7800000001303
2015-12-10,955.3750000000041,863.4850000001267,818.8600000001306
2015-12-11,956.1400000000037,854.4700000001267,810.6100000001304
2015-12-12,,,
2015-12-13,,,
2015-12-14,957.1800000000034,864.4000000001266,821.58000000013
2015-12-15,968.1900000000032,864.2200000001266,832.4100000001299
2015-12-16,986.975000000003,872.6900000001264,859.6650000001293
2015-12-17,992.550000000003,863.3650000001269,855.91500000013
2015-12-18,992.3700000000032,871.4650000001268,863.8350000001301
2015-12-19,,,
2015-12-20,,,
2015-12-21,998.3000000000031,877.4750000001269,875.7750000001301
2015-12-22,994.4500000000024,885.9850000001273,880.4350000001298
2015-12-23,1004.5050000000025,880.8150000001277,885.3200000001302
2015-12-24,1000.5900000000024,875.930000000128,876.5200000001305
2015-12-25,,,
2015-12-26,,,
2015-12-27,,,
2015-12-28,1000.270000000002,885.900000000128,886.1700000001301
2015-12-29,1011.3450000000022,886.2750000001279,897.62000000013
2015-12-30,1009.8750000000024,891.255000000128,901.1300000001304
2015-12-31,1016.7550000000026,873.9400000001285,890.6950000001311
2016-01-01,,,
2016-01-02,,,
2016-01-03,,,
2016-01-04,1037.285000000002,881.5850000001282,918.87000000013
2016-01-05,1041.260000000002,868.9750000001286,910.2350000001306
2016-01-06,1041.0800000000022,878.775000000129,919.8550000001312
2016-01-07,1027.3100000000022,889.7800000001291,917.0900000001313
2016-01-08,1035.0200000000023,885.070000000129,920.0900000001311
2016-01-09,,,
2016-01-10,,,
2016-01-11,1046.8150000000019,891.8800000001294,938.6950000001311
2016-01-12,1050.0000000000018,868.05000000013,918.0500000001318
2016-01-13,1049.820000000002,867.87000000013,917.6900000001319
2016-01-14,1060.1550000000016,874.6350000001297,934.7900000001314
2016-01-15,1055.190000000001,873.0950000001299,928.2850000001308
2016-01-16,,,
2016-01-17,,,
2016-01-18,1058.3450000000012,878.25500000013,936.6000000001313
2016-01-19,1056.9550000000015,869.115000000131,926.0700000001325
2016-01-20,1068.4550000000006,898.050000000132,966.5050000001324
2016-01-21,1077.9000000000005,906.6300000001324,984.530000000133
2016-01-22,1077.7200000000007,898.5100000001332,976.2300000001339
2016-01-23,,,
2016-01-24,,,
2016-01-25,1077.5400000000009,898.3300000001332,975.870000000134
2016-01-26,1077.360000000001,899.2500000001335,976.6100000001345
2016-01-27,1083.330000000001,917.3300000001337,1000.6600000001349
2016-01-28,1081.35,910.5350000001342,991.8850000001341
2016-01-29,1099.585,871.4800000001352,971.0650000001351
2016-01-30,,,
2016-01-31,,,
2016-02-01,1093.7050000000002,861.8400000001355,955.5450000001356
2016-02-02,1091.8200000000004,879.5200000001352,971.3400000001357
2016-02-03,1048.7299999999989,874.0300000001362,922.760000000135
2016-02-04,1035.3099999999981,888.5500000001362,923.8600000001343
2016-02-05,1051.014999999998,869.7350000001364,920.7500000001346
2016-02-06,,,
2016-02-07,,,
2016-02-08,1051.5399999999975,857.555000000136,909.0950000001335
2016-02-09,1031.9799999999964,873.7200000001362,905.7000000001326
2016-02-10,1040.299999999996,873.5400000001362,913.8400000001322
2016-02-11,1042.8799999999947,888.2100000001356,931.0900000001302
2016-02-12,1053.2199999999946,888.0300000001355,941.2500000001301
2016-02-13,,,
2016-02-14,,,
2016-02-15,1053.0399999999947,892.2200000001357,945.2600000001303
2016-02-16,1052.859999999995,863.5250000001362,916.3850000001312
2016-02-17,1052.679999999995,874.1700000001364,926.8500000001313
2016-02-18,1052.4999999999952,876.3250000001368,928.8250000001321
2016-02-19,1052.3199999999954,886.3650000001363,938.6850000001318
2016-02-20,,,
2016-02-21,,,
2016-02-22,1052.1399999999956,876.9700000001372,929.1100000001329
2016-02-23,1051.9599999999957,866.4550000001376,918.4150000001332
2016-02-24,1051.7799999999959,876.3200000001384,928.1000000001343
2016-02-25,1051.599999999996,887.0900000001387,938.6900000001347
2016-02-26,1051.4199999999962,873.7800000001388,925.2000000001349
2016-02-27,,,
2016-02-28,,,
2016-02-29,1051.2399999999964,891.4600000001391,942.7000000001353
2016-03-01,1051.0599999999965,905.8800000001388,956.9400000001353
2016-03-02,1050.8799999999967,890.7800000001394,941.660000000136
2016-03-03,1050.6999999999969,870.6250000001396,921.3250000001365
2016-03-04,1050.519999999997,879.5950000001399,930.1150000001369
2016-03-05,,,
2016-03-06,,,
2016-03-07,1050.3399999999972,870.0900000001408,920.4300000001381
2016-03-08,1050.1599999999974,881.3050000001406,931.4650000001379
2016-03-09,1049.9799999999975,881.0650000001407,931.0450000001383
2016-03-10,1049.7999999999977,889.0950000001409,938.8950000001387
2016-03-11,1049.6199999999978,865.8350000001412,915.4550000001391
2016-03-12,,,
2016-03-13,,,
2016-03-14,1049.439999999998,867.3700000001413,916.8100000001393
2016-03-15,1049.2599999999982,858.3000000001414,907.5600000001396
2016-03-16,1049.0799999999983,823.5400000001423,872.6200000001406
2016-03-17,1051.299999999998,788.5950000001433,839.8950000001412
2016-03-18,1060.834999999998,797.2200000001432,858.0550000001413
2016-03-19,,,
2016-03-20,,,
2016-03-21,1063.704999999998,778.6250000001434,842.3300000001414
2016-03-22,1067.0199999999982,741.0150000001441,808.0350000001422
2016-03-23,1066.8399999999983,754.4350000001446,821.2750000001429
2016-03-24,1066.6599999999985,751.7150000001449,818.3750000001432
2016-03-25,1066.4799999999987,754.660000000145,821.1400000001436
2016-03-26,,,
2016-03-27,,,
2016-03-28,1066.2999999999988,738.0350000001457,804.3350000001446
2016-03-29,1065.7399999999989,709.4050000001462,775.145000000145
2016-03-30,1057.5899999999986,715.7000000001462,773.2900000001448
2016-03-31,1054.3999999999978,730.8450000001467,785.2450000001445
2016-04-01,1061.4899999999977,708.8650000001472,770.3550000001451
2016-04-02,,,
2016-04-03,,,
2016-04-04,1062.4699999999978,712.8600000001474,775.330000000145
2016-04-05,1063.5899999999974,706.5650000001474,770.1550000001448
2016-04-06,1060.8899999999974,674.4350000001483,735.3250000001458
2016-04-07,1065.8749999999973,693.9950000001478,759.870000000145
2016-04-08,1063.9049999999975,682.6100000001483,746.5150000001458
2016-04-09,,,
2016-04-10,,,
2016-04-11,1066.4999999999973,655.6150000001486,722.1150000001458
2016-04-12,1075.7549999999976,638.2000000001487,713.9550000001464
2016-04-13,1083.5399999999977,640.2100000001483,723.750000000146
2016-04-14,1083.3599999999979,640.5100000001489,723.8700000001468
2016-04-15,1083.179999999998,645.4600000001491,728.6400000001472
2016-04-16,,,
2016-04-17,,,
2016-04-18,1082.9999999999982,660.3700000001495,743.3700000001477
2016-04-19,1082.8199999999983,644.1750000001502,726.9950000001486
2016-04-20,1082.6399999999985,659.9600000001512,742.6000000001497
2016-04-21,1104.8949999999982,671.895000000152,776.79000000015
2016-04-22,1110.9399999999982,649.6950000001524,760.6350000001507
2016-04-23,,,
2016-04-24,,,
2016-04-25,1110.7599999999984,655.3100000001525,766.0700000001509
2016-04-26,1116.1599999999985,666.0300000001532,782.1900000001517
2016-04-27,1112.4499999999982,675.9550000001533,788.4050000001516
2016-04-28,1110.7099999999978,701.9350000001531,812.645000000151
2016-04-29,1093.0299999999968,722.1800000001532,815.2100000001501
2016-04-30,,,
2016-05-01,,,
2016-05-02,1084.084999999996,722.300000000153,806.3850000001489
2016-05-03,1078.559999999995,702.4000000001532,780.9600000001483
2016-05-04,1076.6199999999951,701.3000000001534,777.9200000001485
2016-05-05,1055.2349999999951,703.4050000001532,758.6400000001483
2016-05-06,1053.9749999999956,721.6950000001541,775.6700000001497
2016-05-07,,,
2016-05-08,,,
2016-05-09,1047.9199999999955,725.5500000001538,773.4700000001494
2016-05-10,1047.7699999999952,741.5200000001543,789.2900000001496
2016-05-11,1058.434999999995,755.9800000001545,814.4150000001496
2016-05-12,1054.1399999999953,769.8550000001543,823.9950000001495
2016-05-13,1042.2599999999952,757.7400000001546,800.0000000001498
2016-05-14,,,
2016-05-15,,,
2016-05-16,1044.2399999999952,768.1700000001549,812.4100000001501
2016-05-17,1042.6199999999953,773.5750000001553,816.1950000001507
2016-05-18,1023.6499999999945,750.1950000001557,773.8450000001503
2016-05-19,1022.9599999999942,743.7300000001561,766.6900000001503
2016-05-20,1026.799999999994,723.7400000001563,750.5400000001505
2016-05-21,,,
2016-05-22,,,
2016-05-23,1026.1399999999942,722.7850000001567,748.9250000001509
2016-05-24,1013.089999999994,731.3900000001572,744.4800000001512
2016-05-25,1015.8899999999942,721.0200000001577,736.9100000001517
2016-05-26,1023.5299999999941,727.600000000158,751.130000000152
2016-05-27,1009.1699999999938,727.420000000158,736.5900000001518
2016-05-28,,,
2016-05-29,,,
2016-05-30,1014.4399999999936,727.2400000001579,741.6800000001515
2016-05-31,1016.6349999999936,750.5700000001582,767.2050000001518
2016-06-01,1030.3699999999938,749.6850000001584,780.0550000001522
2016-06-02,1027.1749999999938,753.4000000001586,780.5750000001524
2016-06-03,1063.4699999999937,768.8400000001585,832.3100000001523
2016-06-04,,,
2016-06-05,,,
2016-06-06,1063.2899999999938,745.0200000001573,808.3100000001511
2016-06-07,1063.109999999994,716.6850000001573,779.7950000001513
2016-06-08,1062.9299999999942,724.9300000001584,787.8600000001525
2016-06-09,1062.7499999999943,724.7500000001584,787.5000000001528
2016-06-10,1062.5699999999945,666.6350000001587,729.2050000001532
2016-06-11,,,
2016-06-12,,,
2016-06-13,1072.6099999999935,660.2350000001595,732.845000000153
2016-06-14,1057.1299999999933,707.595000000159,764.7250000001522
2016-06-15,1069.6649999999934,697.1400000001595,766.8050000001529
2016-06-16,1066.0949999999925,722.4100000001608,788.5050000001534
2016-06-17,1071.3699999999926,704.7600000001611,776.1300000001538
2016-06-18,,,
2016-06-19,,,
2016-06-20,1071.1899999999928,695.2750000001623,766.4650000001552
2016-06-21,1071.009999999993,684.2150000001632,755.2250000001561
2016-06-22,1070.829999999993,719.0750000001638,789.9050000001569
2016-06-23,1070.6499999999933,740.6850000001642,811.3350000001574
2016-06-24,1031.1399999999933,591.7650000001653,622.9050000001585
2016-06-25,,,
2016-06-26,,,
2016-06-27,1044.3499999999929,614.7200000001659,659.0700000001589
2016-06-28,1051.414999999993,587.4650000001657,638.8800000001586
2016-06-29,1056.479999999993,524.9750000001665,581.4550000001595
2016-06-30,1070.7249999999924,467.2000000001666,537.9250000001589
2016-07-01,1073.7049999999927,495.8700000001658,569.5750000001585
2016-07-02,,,
2016-07-03,,,
2016-07-04,1075.1999999999928,492.390000000166,567.5900000001589
2016-07-05,1075.8599999999926,523.800000000166,599.6600000001586
2016-07-06,1080.9549999999927,539.4250000001675,620.3800000001602
2016-07-07,1076.9249999999927,537.0000000001667,613.9250000001593
2016-07-08,1074.5199999999927,556.1700000001669,630.6900000001597
2016-07-09,,,
2016-07-10,,,
2016-07-11,1075.819999999993,561.7800000001677,637.6000000001604
2016-07-12,1078.9049999999927,520.5000000001678,599.4050000001605
2016-07-13,1081.544999999993,511.5400000001688,593.0850000001619
2016-07-14,1087.5699999999931,469.5950000001689,557.1650000001621
2016-07-15,1082.8599999999926,447.03000000016897,529.8900000001615
2016-07-16,,,
2016-07-17,,,
2016-07-18,1092.8299999999927,458.8900000001688,551.7200000001615
2016-07-19,1085.319999999992,439.2650000001678,524.5850000001597
2016-07-20,1085.659999999992,421.09000000016806,506.75000000016007
2016-07-21,1087.699999999992,423.2450000001677,510.9450000001598
2016-07-22,1079.5199999999913,451.2000000001667,530.720000000158
2016-07-23,,,
2016-07-24,,,
2016-07-25,1083.2999999999918,457.23500000016685,540.5350000001586
2016-07-26,1081.4399999999916,462.9900000001666,544.4300000001583
2016-07-27,1100.6899999999919,481.50000000016684,582.1900000001588
2016-07-28,1102.0449999999917,494.4000000001666,596.4450000001582
2016-07-29,1109.1599999999917,497.0450000001677,606.2050000001593
2016-07-30,,,
2016-07-31,,,
2016-08-01,1108.9799999999918,511.63500000016796,620.6150000001599
2016-08-02,1108.799999999992,488.57000000016865,597.3700000001606
2016-08-03,1108.6199999999922,500.2850000001686,608.9050000001607
2016-08-04,1108.4399999999923,578.0050000001688,686.4450000001611
2016-08-05,1118.3099999999924,585.3700000001694,703.6800000001617
2016-08-06,,,
2016-08-07,,,
2016-08-08,1118.4099999999926,591.2350000001693,709.6450000001619
2016-08-09,1123.2849999999926,603.3700000001697,726.6550000001623
2016-08-10,1128.5599999999927,611.0000000001701,739.5600000001627
2016-08-11,1128.3799999999928,600.28000000017,728.6600000001629
2016-08-12,1128.199999999993,600.0600000001708,728.2600000001639
2016-08-13,,,
2016-08-14,,,
2016-08-15,1128.0199999999932,597.8700000001711,725.8900000001643
2016-08-16,1127.8399999999933,607.2600000001712,735.1000000001645
2016-08-17,1127.6599999999935,615.0300000001715,742.6900000001651
2016-08-18,1127.4799999999937,590.745000000172,718.2250000001657
2016-08-19,1127.2999999999938,569.3250000001723,696.625000000166
2016-08-20,,,
2016-08-21,,,
2016-08-22,1127.119999999994,578.6300000001726,705.7500000001664
2016-08-23,1126.9399999999941,573.6000000001728,700.5400000001669
2016-08-24,1126.7599999999943,569.3850000001732,696.1450000001676
2016-08-25,1126.5799999999945,572.4800000001733,699.0600000001677
2016-08-26,1126.3999999999946,595.7100000001741,722.1100000001688
2016-08-27,,,
2016-08-28,,,
2016-08-29,1126.2199999999948,595.530000000174,721.7500000001687
2016-08-30,1126.039999999995,602.8150000001737,728.8550000001687
2016-08-31,1125.8599999999951,625.2550000001729,751.115000000168
2016-09-01,1125.6799999999953,615.2950000001737,740.9750000001691
2016-09-02,1125.4999999999955,612.875000000174,738.3750000001696
2016-09-03,,,
2016-09-04,,,
2016-09-05,1125.3199999999956,611.7200000001742,737.0400000001698
2016-09-06,1125.1399999999958,593.9050000001741,719.0450000001699
2016-09-07,1124.959999999996,579.6900000001743,704.6500000001702
2016-09-08,1124.779999999996,574.1600000001748,698.940000000171
2016-09-09,1124.5999999999963,571.6150000001749,696.2150000001711
2016-09-10,,,
2016-09-11,,,
2016-09-12,1124.4199999999964,583.2300000001749,707.6500000001713
2016-09-13,1124.2399999999966,568.6400000001754,692.880000000172
2016-09-14,1124.0599999999968,571.4000000001755,695.4600000001724
2016-09-15,1123.879999999997,571.2200000001754,695.1000000001723
2016-09-16,1123.699999999997,568.0350000001755,691.7350000001725
2016-09-17,,,
2016-09-18,,,
2016-09-19,1123.5199999999973,566.7050000001757,690.2250000001729
2016-09-20,1123.3399999999974,582.0000000001752,705.3400000001725
2016-09-21,1123.1599999999976,583.4100000001761,706.5700000001736
2016-09-22,1122.9799999999977,580.2950000001765,703.2750000001743
2016-09-23,1122.799999999998,581.1000000001762,703.9000000001743
2016-09-24,,,
2016-09-25,,,
2016-09-26,1122.619999999998,589.0750000001761,711.6950000001743
2016-09-27,1122.4399999999982,591.7500000001763,714.1900000001747
2016-09-28,1122.2599999999984,591.5700000001763,713.8300000001746
2016-09-29,1122.0799999999986,591.3900000001762,713.4700000001749
2016-09-30,1121.8999999999987,607.170000000176,729.0700000001748
2016-10-01,,,
2016-10-02,,,
2016-10-03,1121.719999999999,578.9500000001761,700.6700000001752
2016-10-04,1121.539999999999,595.8650000001768,717.4050000001757
2016-10-05,1121.3599999999992,591.1350000001773,712.4950000001766
2016-10-06,1121.1799999999994,613.7350000001765,734.915000000176
2016-10-07,1120.9999999999995,629.3050000001763,750.3050000001758
2016-10-08,,,
2016-10-09,,,
2016-10-10,1120.8199999999997,655.1250000001768,775.9450000001766
2016-10-11,1116.719999999999,681.2650000001776,797.9850000001766
2016-10-12,1110.1899999999985,680.2250000001766,790.415000000175
2016-10-13,1122.639999999998,691.1600000001772,813.8000000001753
2016-10-14,1107.469999999998,698.510000000177,805.9800000001751
2016-10-15,,,
2016-10-16,,,
2016-10-17,1112.729999999998,705.5150000001769,818.245000000175
2016-10-18,1108.789999999998,714.6900000001766,823.4800000001746
2016-10-19,1107.4899999999982,721.660000000177,829.1500000001752
2016-10-20,1099.709999999998,721.4800000001769,821.1900000001749
2016-10-21,1090.9699999999975,721.3000000001769,812.2700000001744
2016-10-22,,,
2016-10-23,,,
2016-10-24,1092.3699999999974,721.1200000001768,813.4900000001742
2016-10-25,1093.6099999999974,713.2500000001774,806.8600000001748
2016-10-26,1097.2699999999975,713.0700000001773,810.3400000001748
2016-10-27,1094.6699999999978,712.8900000001772,807.560000000175
2016-10-28,1106.3049999999978,712.7100000001772,819.015000000175
2016-10-29,,,
2016-10-30,,,
2016-10-31,1106.324999999998,712.5300000001771,818.8550000001751
2016-11-01,1107.8099999999981,712.350000000177,820.1600000001752
2016-11-02,1107.6299999999983,717.3750000001769,825.0050000001752
2016-11-03,1107.4499999999985,694.3200000001776,801.770000000176
2016-11-04,1107.2699999999986,704.7700000001776,812.0400000001762
2016-11-05,,,
2016-11-06,,,
2016-11-07,1107.0899999999988,685.1900000001783,792.2800000001771
2016-11-08,1106.909999999999,693.1450000001785,800.0550000001774
2016-11-09,1107.329999999999,735.0950000001799,842.4250000001789
2016-11-10,1109.579999999998,741.8450000001807,851.4250000001789
2016-11-11,1101.349999999998,742.4350000001808,843.785000000179
2016-11-12,,,
2016-11-13,,,
2016-11-14,1080.049999999997,744.7600000001809,824.8100000001778
2016-11-15,1082.9899999999968,757.9000000001812,840.8900000001781
2016-11-16,1077.174999999996,757.7200000001811,834.8950000001773
2016-11-17,1093.5749999999953,757.5400000001811,851.1150000001762
2016-11-18,1101.1549999999945,740.5700000001808,841.7250000001754
2016-11-19,,,
2016-11-20,,,
2016-11-21,1098.2899999999943,706.9000000001811,805.1900000001754
2016-11-22,1103.7349999999944,714.2100000001814,817.9450000001757
2016-11-23,1113.5149999999937,714.0300000001813,827.5450000001752
2016-11-24,1113.4749999999938,713.8500000001812,827.3250000001749
2016-11-25,1112.8299999999938,713.6700000001812,826.5000000001751
2016-11-26,,,
2016-11-27,,,
2016-11-28,1118.094999999993,716.980000000182,835.0750000001749
2016-11-29,1114.0999999999929,722.2900000001822,836.390000000175
2016-11-30,1129.7349999999926,725.5300000001824,855.265000000175
2016-12-01,1120.8699999999924,686.7250000001832,807.5950000001756
2016-12-02,1121.9699999999925,719.985000000184,841.9550000001764
2016-12-03,,,
2016-12-04,,,
2016-12-05,1098.2399999999907,738.7750000001846,837.0150000001754
2016-12-06,1107.194999999991,733.1200000001849,840.315000000176
2016-12-07,1103.6849999999913,724.1750000001853,827.8600000001766
2016-12-08,1132.169999999991,721.6850000001853,853.8550000001762
2016-12-09,1128.8299999999902,726.4400000001849,855.2700000001751
2016-12-10,,,
2016-12-11,,,
2016-12-12,1142.3049999999903,735.3200000001851,877.6250000001755
2016-12-13,1141.2349999999904,735.1400000001851,876.3750000001755
2016-12-14,1129.37999999999,732.5200000001851,861.9000000001752
2016-12-15,1101.2599999999895,718.890000000186,820.1500000001756
2016-12-16,1105.7849999999894,703.0650000001864,808.8500000001759
2016-12-17,,,
2016-12-18,,,
2016-12-19,1101.7249999999894,713.9750000001866,815.700000000176
2016-12-20,1103.5099999999893,713.7850000001869,817.2950000001761
2016-12-21,1110.0749999999894,720.0050000001863,830.0800000001757
2016-12-22,1111.1949999999892,714.8100000001865,826.0050000001756
2016-12-23,1114.4949999999894,714.5950000001867,829.0900000001761
2016-12-24,,,
2016-12-25,,,
2016-12-26,1128.2099999999896,630.715000000187,758.9250000001766
2016-12-27,1129.5899999999897,631.8650000001874,761.455000000177
2016-12-28,1122.2799999999893,636.9700000001878,759.2500000001771
2016-12-29,1134.4049999999893,646.8950000001876,781.3000000001769
2016-12-30,1141.6999999999894,636.4050000001881,778.1050000001774
2016-12-31,,,
2017-01-01,,,
2017-01-02,1142.9199999999892,638.5300000001882,781.4500000001774
2017-01-03,1135.8999999999885,645.0400000001878,780.9400000001763
2017-01-04,1149.6949999999883,653.5200000001881,803.2150000001766
2017-01-05,1154.7299999999884,647.7200000001881,802.4500000001765
2017-01-06,1154.5499999999886,658.0200000001882,812.5700000001768
2017-01-07,,,
2017-01-08,,,
2017-01-09,1154.3699999999887,640.6800000001884,795.0500000001771
2017-01-10,1154.189999999989,630.1050000001885,784.2950000001774
2017-01-11,1154.009999999989,621.1850000001889,775.195000000178
2017-01-12,1153.8299999999892,627.7500000001893,781.5800000001786
2017-01-13,1153.6499999999894,627.5700000001892,781.2200000001785
2017-01-14,,,
2017-01-15,,,
2017-01-16,1153.4699999999896,616.3650000001885,769.8350000001781
2017-01-17,1153.4799999999898,604.3650000001899,757.8450000001797
2017-01-18,1169.0149999999896,571.3900000001903,740.4050000001798
2017-01-19,1165.4549999999897,584.3200000001904,749.7750000001802
2017-01-20,1163.9499999999894,596.9200000001898,760.8700000001791
2017-01-21,,,
2017-01-22,,,
2017-01-23,1154.7199999999884,576.080000000191,730.8000000001794
2017-01-24,1160.8599999999888,596.9250000001917,757.7850000001804
2017-01-25,1157.6399999999885,590.6450000001925,748.2850000001808
2017-01-26,1168.9149999999888,580.6350000001927,749.5500000001816
2017-01-27,1167.184999999989,581.5550000001931,748.7400000001821
2017-01-28,,,
2017-01-29,,,
2017-01-30,1173.6799999999891,579.7400000001928,753.420000000182
2017-01-31,1157.909999999988,577.5100000001929,735.4200000001811
2017-02-01,1166.434999999988,583.3500000001934,749.7850000001813
2017-02-02,1172.9899999999873,611.6300000001933,784.6200000001804
2017-02-03,1171.8649999999873,611.4500000001932,783.3150000001806
2017-02-04,,,
2017-02-05,,,
2017-02-06,1174.7249999999874,619.2350000001929,793.9600000001803
2017-02-07,1181.1999999999875,618.4600000001928,799.6600000001804
2017-02-08,1181.0199999999877,618.2800000001928,799.3000000001805
2017-02-09,1180.8399999999879,618.1000000001927,798.9400000001806
2017-02-10,1180.659999999988,617.9200000001927,798.5800000001807
2017-02-11,,,
2017-02-12,,,
2017-02-13,1180.4799999999882,617.7400000001926,798.2200000001808
2017-02-14,1180.2999999999884,617.5600000001925,797.8600000001809
2017-02-15,1180.1199999999885,628.465000000193,808.5850000001815
2017-02-16,1179.9399999999887,630.850000000193,810.7900000001816
2017-02-17,1179.7599999999888,631.7400000001925,811.5000000001814
2017-02-18,,,
2017-02-19,,,
2017-02-20,1179.579999999989,642.3950000001926,821.9750000001816
2017-02-21,1179.3999999999892,647.0700000001924,826.4700000001817
2017-02-22,1179.2199999999893,654.6050000001915,833.8250000001808
2017-02-23,1179.0399999999895,658.8000000001915,837.8400000001811
2017-02-24,1178.8599999999897,658.6200000001915,837.480000000181
2017-02-25,,,
2017-02-26,,,
2017-02-27,1178.6799999999898,664.6650000001916,843.3450000001815
2017-02-28,1178.49999999999,662.7200000001922,841.2200000001822
2017-03-01,1178.3199999999902,652.6450000001923,830.9650000001825
2017-03-02,1178.1399999999903,660.8150000001929,838.9550000001832
2017-03-03,1177.9599999999905,658.8300000001932,836.7900000001837
2017-03-04,,,
2017-03-05,,,
2017-03-06,1177.7799999999907,667.1750000001924,844.9550000001832
2017-03-07,1177.5999999999908,663.4400000001924,841.0400000001832
2017-03-08,1177.419999999991,664.110000000193,841.5300000001839
2017-03-09,1177.2399999999911,671.5750000001931,848.8150000001842
2017-03-10,1177.0599999999913,675.9750000001935,853.0350000001849
2017-03-11,,,
2017-03-12,,,
2017-03-13,1176.8799999999915,681.7900000001936,858.6700000001852
2017-03-14,1176.6999999999916,680.2150000001934,856.915000000185
2017-03-15,1176.5199999999918,684.0000000001938,860.5200000001855
2017-03-16,1176.9199999999914,671.230000000194,848.1500000001854
2017-03-17,1183.8599999999915,671.0200000001939,854.8800000001854
2017-03-18,,,
2017-03-19,,,
2017-03-20,1183.7199999999914,676.3700000001943,860.0900000001857
2017-03-21,1170.8099999999913,663.1850000001941,833.9950000001854
2017-03-22,1173.5099999999911,673.5550000001941,847.0650000001851
2017-03-23,1175.3299999999915,686.2950000001944,861.625000000186
2017-03-24,1172.5099999999918,678.8550000001943,851.3650000001862
2017-03-25,,,
2017-03-26,,,
2017-03-27,1160.559999999991,684.9750000001953,845.5350000001863
2017-03-28,1168.5349999999912,681.8000000001954,850.3350000001865
2017-03-29,1174.279999999991,684.1950000001956,858.4750000001868
2017-03-30,1174.0999999999913,687.0900000001957,861.190000000187
2017-03-31,1173.9199999999914,686.9100000001956,860.830000000187
2017-04-01,,,
2017-04-02,,,
2017-04-03,1173.7399999999916,686.7300000001956,860.4700000001872
2017-04-04,1173.5599999999918,686.5500000001955,860.1100000001873
2017-04-05,1173.379999999992,686.3700000001954,859.7500000001874
2017-04-06,1173.199999999992,686.1900000001954,859.3900000001875
2017-04-07,1173.0199999999923,677.8900000001948,850.9100000001872
2017-04-08,,,
2017-04-09,,,
2017-04-10,1172.8399999999924,687.030000000195,859.8700000001872
2017-04-11,1172.6599999999926,686.8500000001949,859.5100000001876
2017-04-12,1172.4799999999927,686.6700000001948,859.1500000001874
2017-04-13,1172.299999999993,686.4900000001948,858.7900000001878
2017-04-14,1172.119999999993,686.3100000001947,858.4300000001876
2017-04-15,,,
2017-04-16,,,
2017-04-17,1171.9399999999932,692.5950000001944,864.5350000001877
2017-04-18,1171.7599999999934,680.9950000001951,852.7550000001884
2017-04-19,1171.5799999999936,675.1850000001953,846.7650000001888
2017-04-20,1171.3999999999937,696.8300000001964,868.2300000001901
2017-04-21,1171.219999999994,695.9700000001964,867.1900000001901
2017-04-22,,,
2017-04-23,,,
2017-04-24,1163.6949999999938,715.0550000001969,878.7500000001905
2017-04-25,1155.5399999999936,715.5000000001966,871.04000000019
2017-04-26,1162.2649999999935,716.525000000197,878.7900000001905
2017-04-27,1175.0499999999936,715.4900000001974,890.540000000191
2017-04-28,1169.669999999993,717.0500000001977,886.7200000001908
2017-04-29,,,
2017-04-30,,,
2017-05-01,1168.2699999999932,722.3750000001974,890.6450000001905
2017-05-02,1161.5099999999934,721.5300000001978,883.0400000001912
2017-05-03,1170.9499999999935,731.050000000198,902.0000000001914
2017-05-04,1151.8099999999931,731.9100000001988,883.7200000001919
2017-05-05,1151.3799999999933,725.2100000001991,876.5900000001925
2017-05-06,,,
2017-05-07,,,
2017-05-08,1159.1349999999932,731.735000000199,890.8700000001922
2017-05-09,1161.6399999999933,733.4900000001991,895.1300000001925
2017-05-10,1161.4599999999934,739.4350000001996,900.895000000193
2017-05-11,1161.2799999999936,741.6000000001997,902.8800000001934
2017-05-12,1161.0999999999938,741.4200000001996,902.5200000001932
2017-05-13,,,
2017-05-14,,,
2017-05-15,1162.8699999999935,741.2400000001995,904.1100000001929
2017-05-16,1146.7699999999927,741.0600000001995,887.8300000001923
2017-05-17,1132.2599999999918,743.1750000001999,875.4350000001918
2017-05-18,1145.2549999999917,744.4600000002,889.7150000001916
2017-05-19,1137.9899999999914,745.5400000002007,883.5300000001921
2017-05-20,,,
2017-05-21,,,
2017-05-22,1127.4999999999907,754.5600000002007,882.0600000001914
2017-05-23,1140.3249999999905,773.9550000002005,914.280000000191
2017-05-24,1136.5849999999905,772.8000000002007,909.3850000001912
2017-05-25,1140.8199999999906,781.0950000002013,921.9150000001919
2017-05-26,1148.504999999991,785.7200000002014,934.2250000001923
2017-05-27,,,
2017-05-28,,,
2017-05-29,1149.4149999999909,793.8400000002015,943.2550000001925
2017-05-30,1146.9849999999913,803.3900000002011,950.3750000001924
2017-05-31,1141.9799999999907,814.180000000202,956.1600000001927
2017-06-01,1150.5099999999907,814.0000000002019,964.5100000001926
2017-06-02,1138.7599999999904,813.8200000002018,952.5800000001923
2017-06-03,,,
2017-06-04,,,
2017-06-05,1143.5999999999906,813.6400000002018,957.2400000001924
2017-06-06,1138.9199999999905,813.4600000002017,952.3800000001922
2017-06-07,1142.8199999999908,813.2800000002017,956.1000000001925
2017-06-08,1151.5199999999904,821.0950000002011,972.6150000001917
2017-06-09,1153.9049999999907,820.5700000002014,974.475000000192
2017-06-10,,,
2017-06-11,,,
2017-06-12,1152.7149999999908,820.1100000002009,972.8250000001917
2017-06-13,1151.954999999991,833.9100000002014,985.8650000001926
2017-06-14,1157.409999999991,833.7300000002014,991.1400000001922
2017-06-15,1164.7999999999909,833.5500000002013,998.3500000001923
2017-06-16,1164.619999999991,833.3700000002012,997.9900000001921
2017-06-17,,,
2017-06-18,,,
2017-06-19,1164.4399999999912,833.1900000002012,997.6300000001925
2017-06-20,1164.2599999999914,822.2050000002015,986.465000000193
2017-06-21,1164.0799999999915,816.3450000002017,980.4250000001932
2017-06-22,1163.8999999999917,815.2050000002017,979.1050000001933
2017-06-23,1163.7199999999918,811.0600000002019,974.7800000001937
2017-06-24,,,
2017-06-25,,,
2017-06-26,1163.539999999992,816.190000000202,979.730000000194
2017-06-27,1154.974999999991,804.6900000002026,959.6650000001937
2017-06-28,1163.8049999999905,773.7450000002028,937.5500000001934
2017-06-29,1173.0149999999899,787.8850000002031,960.9000000001929
2017-06-30,1171.5649999999896,794.7750000002031,966.3400000001927
2017-07-01,,,
2017-07-02,,,
2017-07-03,1165.2599999999895,786.5000000002037,951.7600000001933
2017-07-04,1161.1399999999896,783.4400000002034,944.5800000001932
2017-07-05,1162.2199999999896,791.9750000002037,954.1950000001934
2017-07-06,1176.79499999999,794.990000000204,971.785000000194
2017-07-07,1175.95499999999,792.1400000002037,968.0950000001935
2017-07-08,,,
2017-07-09,,,
2017-07-10,1176.23499999999,794.8400000002039,971.0750000001938
2017-07-11,1184.8149999999891,793.6500000002039,978.465000000193
2017-07-12,1179.739999999989,798.5000000002041,978.240000000193
2017-07-13,1176.459999999989,798.320000000204,974.780000000193
2017-07-14,1192.9349999999888,775.1000000002042,968.0350000001931
2017-07-15,,,
2017-07-16,,,
2017-07-17,1195.3849999999886,780.9950000002041,976.3800000001927
2017-07-18,1203.3149999999878,765.910000000204,969.2250000001918
2017-07-19,1198.8199999999877,767.5250000002038,966.3450000001915
2017-07-20,1213.1049999999868,760.0450000002044,973.1500000001911
2017-07-21,1217.3549999999866,762.2900000002044,979.645000000191
2017-07-22,,,
2017-07-23,,,
2017-07-24,1215.3049999999864,762.1100000002043,977.4150000001907
2017-07-25,1216.944999999986,768.9650000002042,985.9100000001904
2017-07-26,1229.3049999999857,757.1800000002044,986.4850000001902
2017-07-27,1226.5699999999854,763.9350000002041,990.5050000001895
2017-07-28,1240.554999999985,759.0900000002043,999.6450000001894
2017-07-29,,,
2017-07-30,,,
2017-07-31,1247.5149999999844,744.9500000002049,992.4650000001893
2017-08-01,1243.7249999999844,743.6900000002051,987.4150000001896
2017-08-02,1250.4549999999838,750.4550000002049,1000.9100000001886
2017-08-03,1254.834999999984,737.4550000002055,992.2900000001894
2017-08-04,1242.6999999999837,717.8000000002055,960.5000000001892
2017-08-05,,,
2017-08-06,,,
2017-08-07,1247.2399999999839,717.8400000002057,965.0800000001896
2017-08-08,1241.444999999984,712.1450000002059,953.5900000001898
2017-08-09,1242.884999999984,713.900000000206,956.7850000001899
2017-08-10,1247.2049999999838,718.9150000002056,966.1200000001895
2017-08-11,1264.7149999999842,708.4450000002058,973.1600000001899
2017-08-12,,,
2017-08-13,,,
2017-08-14,1260.904999999984,709.7700000002056,970.6750000001898
2017-08-15,1253.189999999984,694.0800000002062,947.2700000001901
2017-08-16,1259.5949999999839,702.9300000002063,962.5250000001902
2017-08-17,1270.114999999984,704.4750000002064,974.5900000001905
2017-08-18,1274.6549999999843,706.5800000002062,981.2350000001904
2017-08-19,,,
2017-08-20,,,
2017-08-21,1272.5699999999833,712.7850000002063,985.3550000001896
2017-08-22,1283.6849999999833,705.6500000002064,989.3350000001897
2017-08-23,1279.689999999983,704.9500000002068,984.64000000019
2017-08-24,1281.4299999999835,706.4850000002069,987.9150000001905
2017-08-25,1253.4699999999825,713.9300000002067,967.4000000001893
2017-08-26,,,
2017-08-27,,,
2017-08-28,1243.0399999999822,713.7500000002067,956.7900000001889
2017-08-29,1241.934999999982,713.5700000002066,955.5050000001886
2017-08-30,1249.129999999982,713.3900000002066,962.5200000001885
2017-08-31,1248.949999999982,713.2100000002065,962.1600000001886
2017-09-01,1248.7699999999822,713.0300000002064,961.8000000001887
2017-09-02,,,
2017-09-03,,,
2017-09-04,1248.5899999999824,712.8500000002064,961.4400000001888
2017-09-05,1248.4099999999826,708.8800000002058,957.2900000001882
2017-09-06,1248.2299999999827,708.9850000002064,957.2150000001891
2017-09-07,1240.9499999999832,705.1900000002064,946.1400000001895
2017-09-08,1241.7699999999825,721.2900000002071,963.0600000001896
2017-09-09,,,
2017-09-10,,,
2017-09-11,1252.4349999999827,718.5000000002069,970.9350000001896
2017-09-12,1252.7099999999828,734.3450000002073,987.0550000001899
2017-09-13,1252.529999999983,722.5100000002079,975.040000000191
2017-09-14,1252.349999999983,727.9100000002077,980.2600000001908
2017-09-15,1252.1699999999832,680.3750000002083,932.5450000001915
2017-09-16,,,
2017-09-17,,,
2017-09-18,1251.9899999999834,674.8800000002079,926.8700000001913
2017-09-19,1251.8099999999836,688.965000000208,940.7750000001915
2017-09-20,1280.5249999999835,718.705000000209,999.2300000001924
2017-09-21,1275.5649999999837,717.000000000209,992.5650000001926
2017-09-22,1278.849999999983,737.1150000002086,1015.9650000001916
2017-09-23,,,
2017-09-24,,,
2017-09-25,1293.3049999999832,744.5800000002099,1037.885000000193
2017-09-26,1296.4999999999832,747.2050000002101,1043.7050000001932
2017-09-27,1298.739999999983,743.0500000002103,1041.7900000001932
2017-09-28,1307.724999999983,757.5300000002105,1065.2550000001938
2017-09-29,1310.3049999999835,766.3250000002107,1076.6300000001943
2017-09-30,,,
2017-10-01,,,
2017-10-02,1302.3699999999833,751.6000000002115,1053.970000000195
2017-10-03,1306.6899999999828,749.3850000002111,1056.075000000194
2017-10-04,1311.094999999983,748.3850000002112,1059.4800000001942
2017-10-05,1306.3999999999826,728.7100000002118,1035.1100000001943
2017-10-06,1314.0899999999824,724.2450000002123,1038.3350000001947
2017-10-07,,,
2017-10-08,,,
2017-10-09,1316.2099999999825,727.3100000002123,1043.5200000001948
2017-10-10,1326.3349999999825,727.1300000002122,1053.4650000001948
2017-10-11,1329.6699999999826,726.9500000002122,1056.6200000001945
2017-10-12,1329.4899999999827,735.0200000002122,1064.5100000001949
2017-10-13,1329.309999999983,719.7550000002124,1049.0650000001951
2017-10-14,,,
2017-10-15,,,
2017-10-16,1329.129999999983,715.2700000002125,1044.4000000001956
2017-10-17,1332.9199999999828,703.0300000002128,1035.9500000001956
2017-10-18,1337.059999999983,704.7950000002129,1041.8550000001958
2017-10-19,1345.554999999983,712.0300000002128,1057.5850000001956
2017-10-20,1338.4349999999831,711.4400000002131,1049.8750000001965
2017-10-21,,,
2017-10-22,,,
2017-10-23,1337.7199999999827,711.260000000213,1048.980000000196
2017-10-24,1339.9799999999827,712.8600000002126,1052.8400000001952
2017-10-25,1348.6349999999827,725.5200000002126,1074.1550000001953
2017-10-26,1327.0799999999815,725.3400000002125,1052.4200000001938
2017-10-27,1322.2499999999807,724.7350000002127,1046.9850000001934
2017-10-28,,,
2017-10-29,,,
2017-10-30,1331.1949999999806,726.4600000002129,1057.6550000001935
2017-10-31,1330.564999999981,726.2800000002128,1056.845000000194
2017-11-01,1327.684999999981,734.850000000213,1062.535000000194
2017-11-02,1331.284999999981,741.210000000213,1072.495000000194
2017-11-03,1326.2049999999813,746.175000000213,1072.3800000001943
2017-11-04,,,
2017-11-05,,,
2017-11-06,1328.609999999981,750.3000000002131,1078.910000000194
2017-11-07,1325.0099999999807,750.120000000213,1075.1300000001938
2017-11-08,1326.6699999999807,749.940000000213,1076.6100000001938
2017-11-09,1335.654999999981,749.7600000002129,1085.4150000001941
2017-11-10,1337.764999999981,749.5800000002129,1087.345000000194
2017-11-11,,,
2017-11-12,,,
2017-11-13,1337.9149999999813,758.7750000002135,1096.6900000001947
2017-11-14,1341.9499999999814,759.8300000002135,1101.7800000001948
2017-11-15,1341.7699999999816,759.6500000002135,1101.4200000001952
2017-11-16,1341.5899999999817,759.4700000002134,1101.060000000195
2017-11-17,1341.409999999982,759.2900000002134,1100.7000000001954
2017-11-18,,,
2017-11-19,,,
2017-11-20,1341.229999999982,759.1100000002133,1100.3400000001952
2017-11-21,1341.0499999999822,758.9300000002132,1099.9800000001956
2017-11-22,1340.8699999999824,751.2900000002132,1092.1600000001954
2017-11-23,1340.6899999999825,755.5250000002135,1096.2150000001961
2017-11-24,1339.6599999999826,754.4600000002137,1094.1200000001963
2017-11-25,,,
2017-11-26,,,
2017-11-27,1350.6199999999826,742.0250000002143,1092.645000000197
2017-11-28,1358.2349999999826,759.455000000215,1117.6900000001979
2017-11-29,1357.124999999983,755.765000000215,1112.8900000001977
2017-11-30,1351.304999999983,739.2300000002155,1090.5350000001986
2017-12-01,1364.3899999999826,749.3350000002155,1113.7250000001982
2017-12-02,,,
2017-12-03,,,
2017-12-04,1371.3949999999825,764.705000000216,1136.1000000001986
2017-12-05,1375.1949999999827,768.3900000002161,1143.5850000001988
2017-12-06,1378.1749999999827,768.210000000216,1146.3850000001985
2017-12-07,1379.4099999999828,768.030000000216,1147.4400000001988
2017-12-08,1379.229999999983,783.6400000002166,1162.8700000001995
2017-12-09,,,
2017-12-10,,,
2017-12-11,1379.0499999999831,783.4600000002165,1162.5100000001994
2017-12-12,1378.8699999999833,783.2800000002164,1162.1500000001997
2017-12-13,1378.6899999999835,783.1000000002164,1161.7900000002
2017-12-14,1378.5099999999836,823.4950000002157,1202.0050000001993
2017-12-15,1378.3299999999838,800.320000000216,1178.6500000001997
2017-12-16,,,
2017-12-17,,,
2017-12-18,1378.149999999984,808.2100000002159,1186.3600000001998
2017-12-19,1377.969999999984,808.0300000002159,1186.0000000002
2017-12-20,1376.7399999999845,807.8500000002158,1184.5900000002002
2017-12-21,1376.1799999999844,807.6700000002157,1183.8500000002
2017-12-22,1377.9399999999848,807.4900000002157,1185.4300000002004
2017-12-23,,,
2017-12-24,,,
2017-12-25,,,
2017-12-26,1378.8399999999851,807.3100000002156,1186.1500000002006
2017-12-27,1373.9699999999848,807.1300000002155,1181.1000000002005
2017-12-28,1366.3199999999838,806.9500000002155,1173.2700000001992
2017-12-29,1355.7999999999834,803.9800000002159,1159.7800000001994
2017-12-30,,,
2017-12-31,,,
2018-01-01,,,
2018-01-02,1344.7099999999832,789.3600000002161,1134.0700000001993
2018-01-03,1353.3299999999833,769.3000000002171,1122.6300000002002
2018-01-04,1350.9699999999825,775.4450000002169,1126.4150000001991
2018-01-05,1358.4499999999828,776.7200000002169,1135.1700000001997
2018-01-06,,,
2018-01-07,,,
2018-01-08,1365.4849999999826,786.1100000002168,1151.5950000001994
2018-01-09,1366.2899999999827,798.4300000002164,1164.720000000199
2018-01-10,1366.1099999999828,796.4850000002164,1162.5950000001994
2018-01-11,1368.6699999999832,805.655000000217,1174.3250000002004
2018-01-12,1340.1199999999817,781.2500000002177,1121.3700000001995
2018-01-13,,,
2018-01-14,,,
2018-01-15,1330.399999999981,764.8150000002183,1095.2150000001993
2018-01-16,1337.4199999999805,771.9650000002187,1109.3850000001994
2018-01-17,1346.4349999999804,760.2300000002191,1106.6650000001996
2018-01-18,1346.1499999999805,766.070000000219,1112.2200000001994
2018-01-19,1356.3149999999807,768.6700000002194,1124.9850000002002
2018-01-20,,,
2018-01-21,,,
2018-01-22,1352.2549999999808,760.8800000002195,1113.1350000002003
2018-01-23,1347.5099999999807,765.6850000002196,1113.1950000002003
2018-01-24,1333.0499999999795,764.75500000022,1097.8050000001995
2018-01-25,1308.0199999999782,745.3500000002209,1053.370000000199
2018-01-26,1318.5449999999785,766.8300000002213,1085.3750000001996
2018-01-27,,,
2018-01-28,,,
2018-01-29,1313.2449999999783,760.545000000222,1073.7900000002
2018-01-30,1327.2249999999785,758.7000000002223,1085.9250000002007
2018-01-31,1330.0849999999782,758.5200000002222,1088.6050000002006
2018-02-01,1350.7549999999771,762.9600000002232,1113.7150000002002
2018-02-02,1352.7049999999772,776.010000000223,1128.7150000002002
2018-02-03,,,
2018-02-04,,,
2018-02-05,1339.519999999977,768.5900000002225,1108.1100000001998
2018-02-06,1345.0849999999766,762.4650000002224,1107.550000000199
2018-02-07,1315.2099999999766,790.915000000223,1106.1250000001996
2018-02-08,1313.9899999999761,785.9700000002227,1099.9600000001988
2018-02-09,1315.7099999999762,774.435000000223,1090.1450000001992
2018-02-10,,,
2018-02-11,,,
2018-02-12,1331.2599999999761,786.6300000002225,1117.8900000001986
2018-02-13,1339.729999999976,790.8300000002228,1130.5600000001987
2018-02-14,1368.3699999999749,827.9800000002233,1196.3500000001982
2018-02-15,1357.0999999999744,816.1000000002233,1173.2000000001976
2018-02-16,1369.3599999999742,820.3800000002237,1189.740000000198
2018-02-17,,,
2018-02-18,,,
2018-02-19,1380.3849999999738,820.2000000002237,1200.5850000001974
2018-02-20,1363.7199999999737,820.0200000002236,1183.7400000001971
2018-02-21,1354.2599999999736,819.8400000002235,1174.1000000001973
2018-02-22,1365.2149999999733,828.6100000002239,1193.8250000001972
2018-02-23,1363.0799999999738,828.4300000002238,1191.5100000001976
2018-02-24,,,
2018-02-25,,,
2018-02-26,1367.599999999974,828.2500000002237,1195.8500000001977
2018-02-27,1350.9399999999735,834.6600000002238,1185.6000000001973
2018-02-28,1347.5999999999729,832.6850000002241,1180.2850000001972
2018-03-01,1362.6749999999724,840.1300000002246,1202.8050000001972
2018-03-02,1367.3399999999724,835.9250000002247,1203.2650000001972
2018-03-03,,,
2018-03-04,,,
2018-03-05,1367.1599999999726,829.7200000002252,1196.880000000198
2018-03-06,1366.9799999999727,821.2450000002257,1188.2250000001986
2018-03-07,1366.799999999973,827.5700000002256,1194.3700000001986
2018-03-08,1366.619999999973,836.2100000002257,1202.8300000001987
2018-03-09,1366.4399999999732,844.220000000226,1210.660000000199
2018-03-10,,,
2018-03-11,,,
2018-03-12,1366.2599999999734,837.5400000002264,1203.8000000001998
2018-03-13,1366.0799999999736,827.0250000002268,1193.1050000002006
2018-03-14,1365.8999999999737,836.685000000227,1202.5850000002006
2018-03-15,1365.7199999999739,848.4250000002268,1214.1450000002005
2018-03-16,1365.539999999974,852.3800000002268,1217.920000000201
2018-03-17,,,
2018-03-18,,,
2018-03-19,1365.3599999999742,829.6200000002274,1194.9800000002015
2018-03-20,1365.1799999999744,824.4300000002277,1189.610000000202
2018-03-21,1364.9999999999745,813.0000000002275,1178.000000000202
2018-03-22,1364.8199999999747,826.360000000228,1191.1800000002027
2018-03-23,1364.6399999999749,831.3200000002283,1195.9600000002033
2018-03-24,,,
2018-03-25,,,
2018-03-26,1364.459999999975,816.2900000002286,1180.7500000002037
2018-03-27,1364.2799999999752,829.4400000002289,1193.720000000204
2018-03-28,1364.0999999999754,829.2600000002288,1193.3600000002043
2018-03-29,1363.9199999999755,829.0800000002288,1193.0000000002042
2018-03-30,1363.7399999999757,828.9000000002287,1192.6400000002045
2018-03-31,,,
2018-04-01,,,
2018-04-02,1363.5599999999758,828.7200000002287,1192.2800000002044
2018-04-03,1363.379999999976,828.5400000002286,1191.9200000002047
2018-04-04,1363.1999999999762,828.3600000002285,1191.5600000002046
2018-04-05,1368.0599999999758,830.4200000002286,1198.4800000002042
2018-04-06,1376.0999999999756,840.1800000002286,1216.2800000002044
2018-04-07,,,
2018-04-08,,,
2018-04-09,1383.024999999976,840.0000000002285,1223.0250000002043
2018-04-10,1386.404999999976,839.8200000002284,1226.2250000002045
2018-04-11,1388.1799999999762,853.1800000002283,1241.3600000002043
2018-04-12,1387.9999999999764,848.3400000002284,1236.3400000002048
2018-04-13,1387.8199999999765,846.8550000002288,1234.6750000002053
2018-04-14,,,
2018-04-15,,,
2018-04-16,1387.6399999999767,840.5750000002292,1228.2150000002057
2018-04-17,1387.4599999999768,833.5000000002294,1220.9600000002065
2018-04-18,1387.279999999977,815.1350000002296,1202.4150000002064
2018-04-19,1387.0999999999772,792.2600000002303,1179.3600000002075
2018-04-20,1387.139999999977,804.915000000231,1192.0550000002077
2018-04-21,,,
2018-04-22,,,
2018-04-23,1372.5999999999763,815.9650000002312,1188.5650000002074
2018-04-24,1378.399999999976,812.0400000002314,1190.4400000002074
2018-04-25,1366.019999999976,813.9400000002316,1179.9600000002079
2018-04-26,1353.9499999999753,835.8550000002326,1189.8050000002077
2018-04-27,1360.9499999999753,808.6050000002334,1169.5550000002086
2018-04-28,,,
2018-04-29,,,
2018-04-30,1356.4099999999748,811.0550000002338,1167.4650000002084
2018-05-01,1341.6599999999742,797.7700000002342,1139.4300000002086
2018-05-02,1334.3599999999735,812.8850000002345,1147.2450000002082
2018-05-03,1346.6799999999735,815.4100000002346,1162.090000000208
2018-05-04,1342.8699999999735,822.7900000002346,1165.6600000002081
2018-05-05,,,
2018-05-06,,,
2018-05-07,1335.6699999999732,817.280000000235,1152.950000000208
2018-05-08,1326.6699999999723,837.1550000002347,1163.8250000002072
2018-05-09,1325.669999999972,845.8050000002359,1171.4750000002077
2018-05-10,1335.8449999999723,857.2050000002357,1193.050000000208
2018-05-11,1339.1499999999724,864.5950000002362,1203.7450000002086
2018-05-12,,,
2018-05-13,,,
2018-05-14,1338.9699999999725,867.3650000002367,1206.3350000002092
2018-05-15,1332.1499999999717,873.6950000002363,1205.845000000208
2018-05-16,1331.4999999999707,878.0750000002363,1209.5750000002072
2018-05-17,1328.6199999999708,881.7300000002364,1210.3500000002073
2018-05-18,1326.1199999999706,882.360000000236,1208.4800000002065
2018-05-19,,,
2018-05-20,,,
2018-05-21,1331.7899999999704,877.5550000002366,1209.3450000002072
2018-05-22,1330.2249999999701,881.4900000002366,1211.7150000002066
2018-05-23,1318.4499999999698,869.9550000002366,1188.4050000002062
2018-05-24,1323.14999999997,875.9800000002365,1199.1300000002066
2018-05-25,1312.5299999999693,877.9850000002364,1190.5150000002059
2018-05-26,,,
2018-05-27,,,
2018-05-28,1319.1949999999688,880.4450000002362,1199.640000000205
2018-05-29,1331.7749999999678,893.5350000002367,1225.3100000002046
2018-05-30,1313.4249999999674,887.7150000002368,1201.140000000204
2018-05-31,1304.8149999999678,892.2150000002373,1197.0300000002053
2018-06-01,1314.0249999999676,890.3300000002378,1204.355000000205
2018-06-02,,,
2018-06-03,,,
2018-06-04,1302.4749999999678,896.6600000002384,1199.1350000002062
2018-06-05,1296.714999999968,900.7700000002388,1197.485000000207
2018-06-06,1281.7899999999677,903.8350000002389,1185.6250000002065
2018-06-07,1278.9299999999675,916.040000000239,1194.9700000002067
2018-06-08,1284.9149999999672,926.4500000002394,1211.3650000002067
2018-06-09,,,
2018-06-10,,,
2018-06-11,1289.2399999999677,933.7950000002395,1223.0350000002072
2018-06-12,1296.599999999968,941.0750000002396,1237.6750000002075
2018-06-13,1294.859999999968,942.2800000002396,1237.1400000002077
2018-06-14,1313.649999999967,951.200000000241,1264.8500000002077
2018-06-15,1323.1899999999669,957.9450000002407,1281.1350000002076
2018-06-16,,,
2018-06-17,,,
2018-06-18,1326.109999999967,956.680000000241,1282.7900000002078
2018-06-19,1326.0299999999668,949.2700000002419,1275.3000000002085
2018-06-20,1322.4499999999668,950.6350000002417,1273.0850000002083
2018-06-21,1327.6649999999665,931.5500000002417,1259.2150000002084
2018-06-22,1332.2499999999663,927.7900000002422,1260.0400000002087
2018-06-23,,,
2018-06-24,,,
2018-06-25,1332.0699999999665,927.6100000002422,1259.6800000002086
2018-06-26,1331.8899999999667,927.4300000002421,1259.320000000209
2018-06-27,1331.879999999967,920.8800000002418,1252.7600000002085
2018-06-28,1337.0699999999665,919.1950000002422,1256.2650000002086
2018-06-29,1355.5849999999666,922.5600000002422,1278.1450000002087
2018-06-30,,,
2018-07-01,,,
2018-07-02,1351.0049999999667,922.3800000002421,1273.385000000209
2018-07-03,1352.4749999999667,922.2000000002421,1274.675000000209
2018-07-04,1352.374999999967,922.020000000242,1274.3950000002092
2018-07-05,1357.3999999999671,921.840000000242,1279.240000000209
2018-07-06,1364.1999999999666,921.6600000002419,1285.8600000002084
2018-07-07,,,
2018-07-08,,,
2018-07-09,1364.1899999999664,892.245000000242,1256.4350000002087
2018-07-10,1367.3049999999666,895.2300000002422,1262.535000000209
2018-07-11,1374.3949999999666,892.8900000002421,1267.2850000002086
2018-07-12,1375.1399999999667,899.2550000002427,1274.3950000002096
2018-07-13,1374.9599999999668,898.490000000243,1273.45000000021
2018-07-14,,,
2018-07-15,,,
2018-07-16,1374.779999999967,898.3100000002429,1273.0900000002098
2018-07-17,1388.7049999999672,896.7100000002433,1285.4150000002105
2018-07-18,1399.6499999999671,870.3400000002439,1269.9900000002108
2018-07-19,1400.8099999999672,884.4650000002446,1285.2750000002115
2018-07-20,1405.619999999967,857.3500000002449,1262.9700000002117
2018-07-21,,,
2018-07-22,,,
2018-07-23,1411.909999999967,861.475000000245,1273.3850000002121
2018-07-24,1415.4749999999667,862.4100000002456,1277.8850000002121
2018-07-25,1410.3899999999664,856.2400000002456,1266.630000000212
2018-07-26,1425.6749999999665,865.4000000002459,1291.0750000002126
2018-07-27,1429.464999999966,865.2200000002458,1294.6850000002119
2018-07-28,,,
2018-07-29,,,
2018-07-30,1433.554999999966,865.0400000002458,1298.5950000002117
2018-07-31,1436.1949999999658,864.8600000002457,1301.0550000002113
2018-08-01,1437.8199999999658,864.6800000002456,1302.5000000002115
2018-08-02,1433.9699999999655,864.5000000002456,1298.4700000002113
2018-08-03,1432.019999999965,871.2250000002463,1303.2450000002113
2018-08-04,,,
2018-08-05,,,
2018-08-06,1430.8199999999645,864.2300000002463,1295.0500000002107
2018-08-07,1439.3549999999648,867.2200000002463,1306.5750000002108
2018-08-08,1440.3749999999648,850.200000000247,1290.5750000002117
2018-08-09,1431.3299999999642,868.9850000002469,1300.315000000211
2018-08-10,1409.0899999999635,877.1150000002474,1286.205000000211
2018-08-11,,,
2018-08-12,,,
2018-08-13,1408.0199999999631,879.1800000002474,1287.2000000002108
2018-08-14,1396.4599999999632,879.0000000002477,1275.460000000211
2018-08-15,1398.7899999999624,875.625000000248,1274.4150000002105
2018-08-16,1404.7049999999626,878.290000000248,1282.995000000211
2018-08-17,1411.1699999999628,894.6150000002476,1305.7850000002104
2018-08-18,,,
2018-08-19,,,
2018-08-20,1410.989999999963,895.7800000002484,1306.7700000002114
2018-08-21,1410.809999999963,876.6600000002487,1287.4700000002117
2018-08-22,1410.6299999999633,879.8000000002487,1290.4300000002122
2018-08-23,1410.4499999999634,883.4500000002491,1293.9000000002125
2018-08-24,1410.2699999999636,883.2700000002491,1293.5400000002128
2018-08-25,,,
2018-08-26,,,
2018-08-27,1410.0899999999638,883.090000000249,1293.1800000002127
2018-08-28,1411.379999999964,892.9650000002489,1304.345000000213
2018-08-29,1408.7799999999638,868.5750000002495,1277.3550000002133
2018-08-30,1418.244999999964,867.5500000002495,1285.7950000002133
2018-08-31,1424.854999999964,862.0200000002496,1286.8750000002137
2018-09-01,,,
2018-09-02,,,
2018-09-03,1423.1149999999643,842.87000000025,1265.9850000002143
2018-09-04,1426.8699999999644,845.7950000002502,1272.6650000002146
2018-09-05,1426.6899999999646,859.2200000002506,1285.9100000002154
2018-09-06,1426.5099999999647,859.0400000002505,1285.5500000002153
2018-09-07,1426.329999999965,869.8900000002508,1296.2200000002158
2018-09-08,,,
2018-09-09,,,
2018-09-10,1426.149999999965,865.8300000002507,1291.980000000216
2018-09-11,1425.9699999999652,869.2900000002512,1295.2600000002167
2018-09-12,1425.7899999999654,874.2400000002518,1300.0300000002171
2018-09-13,1421.6599999999653,866.3300000002522,1287.9900000002176
2018-09-14,1434.594999999965,853.9800000002523,1288.5750000002172
2018-09-15,,,
2018-09-16,,,
2018-09-17,1429.939999999965,856.7200000002526,1286.6600000002177
2018-09-18,1435.059999999965,863.4500000002528,1298.5100000002176
2018-09-19,1433.5399999999652,867.5650000002528,1301.1050000002178
2018-09-20,1411.3299999999647,847.9950000002534,1259.325000000218
2018-09-21,1416.8599999999647,854.8800000002535,1271.740000000218
2018-09-22,,,
2018-09-23,,,
2018-09-24,1420.4999999999645,860.3500000002537,1280.8500000002182
2018-09-25,1424.1599999999644,860.1700000002536,1284.3300000002182
2018-09-26,1429.6199999999646,859.9900000002535,1289.610000000218
2018-09-27,1442.5549999999646,860.750000000253,1303.3050000002177
2018-09-28,1442.2699999999647,854.7250000002535,1296.9950000002182
2018-09-29,,,
2018-09-30,,,
2018-10-01,1442.089999999965,859.2800000002536,1301.3700000002186
2018-10-02,1441.909999999965,849.3400000002542,1291.2500000002192
2018-10-03,1441.7299999999652,870.5450000002542,1312.2750000002193
2018-10-04,1441.5499999999654,859.6100000002546,1301.16000000022
2018-10-05,1441.3699999999656,846.9300000002552,1288.3000000002207
2018-10-06,,,
2018-10-07,,,
2018-10-08,1441.1899999999657,856.0400000002552,1297.230000000221
2018-10-09,1441.0099999999659,850.8400000002555,1291.8500000002214
2018-10-10,1440.829999999966,849.0200000002562,1289.8500000002223
2018-10-11,1440.6499999999662,846.4750000002567,1287.1250000002228
2018-10-12,1440.4699999999664,834.810000000257,1275.2800000002235
2018-10-13,,,
2018-10-14,,,
2018-10-15,1440.2899999999665,822.6900000002571,1262.9800000002238
2018-10-16,1440.1099999999667,834.4350000002578,1274.5450000002247
2018-10-17,1439.9299999999669,836.2100000002578,1276.1400000002245
2018-10-18,1439.749999999967,826.2400000002589,1265.9900000002258
2018-10-19,1439.5699999999672,834.3350000002588,1273.9050000002262
2018-10-20,,,
2018-10-21,,,
2018-10-22,1439.3899999999674,822.770000000259,1262.1600000002263
2018-10-23,1439.2099999999675,837.3500000002589,1276.5600000002264
2018-10-24,1439.0299999999677,827.0450000002596,1266.0750000002272
2018-10-25,1442.4699999999668,834.2150000002599,1276.6850000002269
2018-10-26,1449.5349999999669,834.5300000002602,1284.065000000227
2018-10-27,,,
2018-10-28,,,
2018-10-29,1446.374999999967,839.9100000002603,1286.2850000002272
2018-10-30,1444.2299999999664,850.8450000002608,1295.0750000002272
2018-10-31,1439.4299999999664,845.510000000261,1284.9400000002274
2018-11-01,1456.0549999999662,800.1350000002625,1256.1900000002288
2018-11-02,1454.3549999999664,795.4550000002625,1249.8100000002287
2018-11-03,,,
2018-11-04,,,
2018-11-05,1456.2849999999667,819.6350000002631,1275.9200000002297
2018-11-06,1458.0649999999669,835.6050000002638,1293.6700000002306
2018-11-07,1461.7399999999668,847.5200000002642,1309.2600000002312
2018-11-08,1459.529999999967,837.3900000002648,1296.920000000232
2018-11-09,1456.3399999999663,823.3200000002652,1279.6600000002313
2018-11-10,,,
2018-11-11,,,
2018-11-12,1433.3599999999658,808.6650000002654,1242.025000000231
2018-11-13,1447.7199999999661,784.6500000002661,1232.3700000002323
2018-11-14,1450.144999999966,797.1250000002668,1247.2700000002328
2018-11-15,1451.744999999966,773.9200000002662,1225.6650000002323
2018-11-16,1457.759999999966,758.8150000002667,1216.5750000002326
2018-11-17,,,
2018-11-18,,,
2018-11-19,1457.5799999999663,766.7000000002668,1224.280000000233
2018-11-20,1457.3999999999664,775.2800000002665,1232.6800000002331
2018-11-21,1457.2199999999666,779.9700000002657,1237.1900000002324
2018-11-22,1457.0399999999668,794.7500000002667,1251.7900000002337
2018-11-23,1456.859999999967,793.4800000002673,1250.3400000002343
2018-11-24,,,
2018-11-25,,,
2018-11-26,1456.679999999967,797.6150000002673,1254.2950000002343
2018-11-27,1457.019999999967,787.2700000002676,1244.2900000002346
2018-11-28,1470.974999999967,807.2400000002676,1278.2150000002348
2018-11-29,1473.4849999999672,811.9000000002675,1285.3850000002349
2018-11-30,1465.6349999999672,808.5300000002682,1274.1650000002355
2018-12-01,,,
2018-12-02,,,
2018-12-03,1469.2749999999673,807.4700000002676,1276.745000000235
2018-12-04,1480.4999999999666,815.5300000002674,1296.030000000234
2018-12-05,1481.0799999999663,820.750000000268,1301.8300000002341
2018-12-06,1488.8049999999664,820.5700000002679,1309.3750000002342
2018-12-07,1490.8149999999666,820.3900000002678,1311.2050000002346
2018-12-08,,,
2018-12-09,,,
2018-12-10,1486.5649999999669,776.3000000002672,1262.865000000234
2018-12-11,1480.0599999999665,791.3750000002675,1271.4350000002341
2018-12-12,1490.2799999999668,775.150000000268,1265.430000000235
2018-12-13,1494.2899999999668,777.0950000002686,1271.3850000002353
2018-12-14,1481.7199999999666,784.7200000002688,1266.4400000002352
2018-12-15,,,
2018-12-16,,,
2018-12-17,1490.1149999999666,784.5400000002687,1274.6550000002353
2018-12-18,1491.2549999999667,786.4750000002681,1277.7300000002347
2018-12-19,1497.879999999967,788.4500000002683,1286.3300000002355
2018-12-20,1497.699999999967,802.6600000002696,1300.3600000002366
2018-12-21,1497.5199999999672,813.6150000002694,1311.1350000002367
2018-12-22,,,
2018-12-23,,,
2018-12-24,1497.3399999999674,810.3200000002699,1307.6600000002372
2018-12-25,,,
2018-12-26,1497.1599999999676,816.3100000002701,1313.4700000002376
2018-12-27,1496.9799999999677,816.13000000027,1313.110000000238
2018-12-28,1496.799999999968,818.9500000002711,1315.7500000002392
2018-12-29,,,
2018-12-30,,,
2018-12-31,1496.619999999968,788.3800000002708,1285.0000000002387
2019-01-01,,,
2019-01-02,1500.0099999999672,760.8300000002713,1260.8400000002384
2019-01-03,1511.0049999999667,665.0000000002717,1176.0050000002384
2019-01-04,1511.114999999967,646.5100000002723,1157.6250000002392
2019-01-05,,,
2019-01-06,,,
2019-01-07,1514.859999999967,638.8150000002724,1153.6750000002394
2019-01-08,1514.679999999967,631.1500000002728,1145.83000000024
2019-01-09,1514.4999999999673,654.1150000002733,1168.6150000002408
2019-01-10,1514.3199999999674,663.2750000002737,1177.5950000002413
2019-01-11,1514.1399999999676,673.5600000002742,1187.7000000002417
2019-01-12,,,
2019-01-13,,,
2019-01-14,1513.9599999999677,673.5750000002747,1187.5350000002427
2019-01-15,1513.779999999968,693.040000000275,1206.820000000243
2019-01-16,1513.599999999968,715.4000000002757,1229.0000000002437
2019-01-17,1513.4199999999682,696.9900000002763,1210.4100000002445
2019-01-18,1513.2399999999684,708.6700000002763,1221.9100000002445
2019-01-19,,,
2019-01-20,,,
2019-01-21,1513.0599999999686,708.4900000002763,1221.5500000002448
2019-01-22,1515.319999999968,711.6800000002767,1227.0000000002447
2019-01-23,1519.4599999999682,689.6350000002768,1209.095000000245
2019-01-24,1504.9499999999678,695.8350000002774,1200.7850000002454
2019-01-25,1522.4449999999679,713.0250000002778,1235.4700000002458
2019-01-26,,,
2019-01-27,,,
2019-01-28,1524.4049999999681,705.8150000002782,1230.2200000002463
2019-01-29,1525.599999999968,692.7900000002785,1218.3900000002468
2019-01-30,1525.4199999999682,708.0550000002787,1233.4750000002468
2019-01-31,1525.2399999999684,711.5400000002787,1236.7800000002471
2019-02-01,1525.0599999999686,707.6950000002782,1232.7550000002466
2019-02-02,,,
2019-02-03,,,
2019-02-04,1524.8799999999687,707.8600000002776,1232.7400000002463
2019-02-05,1524.699999999969,691.6800000002781,1216.380000000247
2019-02-06,1524.519999999969,690.9300000002785,1215.4500000002477
2019-02-07,1522.669999999969,687.4350000002787,1210.1050000002479
2019-02-08,1520.6299999999685,691.9900000002788,1212.6200000002473
2019-02-09,,,
2019-02-10,,,
2019-02-11,1512.4399999999682,685.9400000002792,1198.3800000002475
2019-02-12,1522.2799999999684,693.5950000002795,1215.8750000002478
2019-02-13,1515.2599999999677,693.1400000002791,1208.400000000247
2019-02-14,1522.1399999999676,689.6100000002792,1211.750000000247
2019-02-15,1523.4299999999678,695.4900000002795,1218.9200000002475
2019-02-16,,,
2019-02-17,,,
2019-02-18,1528.6449999999677,695.3100000002794,1223.9550000002473
2019-02-19,1531.6249999999677,672.8200000002798,1204.4450000002475
2019-02-20,1531.0449999999678,669.99000000028,1201.0350000002477
2019-02-21,1530.6849999999679,682.1250000002811,1212.8100000002491
2019-02-22,1530.264999999968,687.1300000002813,1217.3950000002492
2019-02-23,,,
2019-02-24,,,
2019-02-25,1532.684999999968,683.8500000002815,1216.5350000002495
2019-02-26,1536.3599999999683,648.525000000282,1184.8850000002503
2019-02-27,1536.1799999999685,659.3450000002823,1195.5250000002507
2019-02-28,1535.9999999999686,649.8000000002827,1185.8000000002512
2019-03-01,1535.8199999999688,649.7700000002833,1185.590000000252
2019-03-02,,,
2019-03-03,,,
2019-03-04,1535.639999999969,652.8700000002834,1188.5100000002521
2019-03-05,1536.8699999999687,653.9000000002839,1190.7700000002524
2019-03-06,1536.429999999969,662.135000000283,1198.565000000252
2019-03-07,1516.8399999999679,655.8200000002835,1172.6600000002513
2019-03-08,1525.6049999999677,639.0750000002837,1164.6800000002513
2019-03-09,,,
2019-03-10,,,
2019-03-11,1527.0649999999678,612.9900000002843,1140.0550000002522
2019-03-12,1530.8349999999682,579.5200000002844,1110.3550000002524
2019-03-13,1531.9599999999682,537.7550000002858,1069.715000000254
2019-03-14,1531.7799999999684,524.0250000002864,1055.805000000255
2019-03-15,1531.5999999999685,523.5000000002863,1055.100000000255
2019-03-16,,,
2019-03-17,,,
2019-03-18,1531.4199999999687,529.1050000002857,1060.5250000002543
2019-03-19,1531.2399999999689,532.1200000002857,1063.3600000002543
2019-03-20,1531.059999999969,528.2400000002854,1059.3000000002544
2019-03-21,1530.8799999999692,479.9950000002843,1010.8750000002535
2019-03-22,1530.6999999999694,457.4550000002843,988.1550000002537
2019-03-23,,,
2019-03-24,,,
2019-03-25,1530.5199999999695,462.8350000002841,993.3550000002535
2019-03-26,1530.3399999999697,466.2150000002841,996.5550000002538
2019-03-27,1530.1599999999698,484.69500000028495,1014.8550000002547
2019-03-28,1531.04999999997,484.020000000285,1015.0700000002548
2019-03-29,1529.0699999999704,492.82000000028506,1021.8900000002554
2019-03-30,,,
2019-03-31,,,
2019-04-01,1528.2599999999702,497.70000000028523,1025.9600000002554
2019-04-02,1527.5799999999704,507.9200000002851,1035.5000000002556
2019-04-03,1533.0399999999702,507.740000000285,1040.7800000002553
2019-04-04,1530.4999999999704,507.56000000028496,1038.0600000002555
2019-04-05,1529.5999999999708,512.3750000002851,1041.975000000256
2019-04-06,,,
2019-04-07,,,
2019-04-08,1538.4749999999706,515.4100000002851,1053.8850000002558
2019-04-09,1538.3249999999707,515.230000000285,1053.5550000002559
2019-04-10,1539.3249999999707,515.050000000285,1054.3750000002556
2019-04-11,1537.004999999971,514.8700000002849,1051.875000000256
2019-04-12,1543.649999999971,514.6900000002848,1058.3400000002557
2019-04-13,,,
2019-04-14,,,
2019-04-15,1543.4699999999712,514.5100000002848,1057.980000000256
2019-04-16,1543.2899999999713,514.3300000002847,1057.620000000256
2019-04-17,1543.1099999999715,514.1500000002846,1057.2600000002562
2019-04-18,1542.8699999999715,512.4400000002843,1055.310000000256
2019-04-19,1544.4099999999712,511.1600000002842,1055.5700000002553
2019-04-20,,,
2019-04-21,,,
2019-04-22,1547.7299999999714,510.56000000028416,1058.2900000002555
2019-04-23,1544.419999999971,502.6250000002841,1047.0450000002552
2019-04-24,1530.1599999999705,502.315000000284,1032.4750000002546
2019-04-25,1528.9899999999702,505.145000000284,1034.1350000002542
2019-04-26,1533.0099999999702,508.5300000002842,1041.5400000002544
2019-04-27,,,
2019-04-28,,,
2019-04-29,1541.52999999997,508.3500000002841,1049.8800000002539
2019-04-30,1546.18499999997,493.83000000028454,1040.0150000002545
2019-05-01,1544.0449999999703,494.6450000002848,1038.6900000002552
2019-05-02,1541.5749999999703,496.27500000028476,1037.850000000255
2019-05-03,1550.1199999999706,475.11500000028434,1025.2350000002548
2019-05-04,,,
2019-05-05,,,
2019-05-06,1549.1399999999708,461.2700000002842,1010.410000000255
2019-05-07,1549.6949999999708,461.1700000002843,1010.8650000002551
2019-05-08,1549.524999999971,454.2700000002839,1003.795000000255
2019-05-09,1551.6149999999711,461.2050000002834,1012.8200000002546
2019-05-10,1553.5149999999712,460.3250000002835,1013.8400000002548
2019-05-11,,,
2019-05-12,,,
2019-05-13,1552.1149999999714,452.93000000028354,1005.045000000255
2019-05-14,1550.1649999999715,443.80000000028355,993.965000000255
2019-05-15,1549.7349999999717,436.0200000002838,985.7550000002554
2019-05-16,1546.9249999999718,443.625000000283,990.5500000002548
2019-05-17,1545.559999999972,455.3850000002826,1000.9450000002546
2019-05-18,,,
2019-05-19,,,
2019-05-20,1547.069999999972,454.28500000028276,1001.3550000002547
2019-05-21,1545.909999999972,454.5600000002814,1000.4700000002533
2019-05-22,1543.709999999972,449.49500000028127,993.2050000002532
2019-05-23,1551.8799999999717,451.9700000002809,1003.8500000002525
2019-05-24,1555.464999999972,451.79000000028094,1007.255000000253
2019-05-25,,,
2019-05-26,,,
2019-05-27,1553.9549999999722,451.610000000281,1005.5650000002531
2019-05-28,1550.634999999972,451.430000000281,1002.0650000002529
2019-05-29,1547.6599999999717,451.90000000028067,999.5600000002523
2019-05-30,1547.9999999999718,449.6000000002804,997.6000000002523
2019-05-31,1555.739999999972,457.0100000002805,1012.7500000002526
2019-06-01,,,
2019-06-02,,,
2019-06-03,1567.1699999999719,456.8300000002806,1024.0000000002524
2019-06-04,1566.989999999972,456.6500000002806,1023.6400000002527
2019-06-05,1566.8099999999722,456.47000000028066,1023.2800000002528
2019-06-06,1566.6299999999724,456.29000000028077,1022.9200000002531
2019-06-07,1566.4499999999725,456.1100000002808,1022.5600000002532
2019-06-08,,,
2019-06-09,,,
2019-06-10,1566.2699999999727,455.9300000002808,1022.2000000002536
2019-06-11,1566.0899999999729,455.7500000002809,1021.8400000002539
2019-06-12,1565.909999999973,455.5700000002809,1021.480000000254
2019-06-13,1565.7299999999732,455.39000000028096,1021.1200000002541
2019-06-14,1565.5499999999734,456.02000000028033,1021.5700000002537
2019-06-15,,,
2019-06-16,,,
2019-06-17,1565.3699999999735,446.15000000028033,1011.5200000002537
2019-06-18,1565.1899999999737,452.3450000002804,1017.5350000002541
2019-06-19,1565.0099999999738,453.8500000002804,1018.8600000002543
2019-06-20,1564.829999999974,453.6700000002803,1018.5000000002542
2019-06-21,1564.6499999999742,453.49000000028025,1018.1400000002545
2019-06-22,,,
2019-06-23,,,
2019-06-24,1564.4699999999743,453.3100000002802,1017.7800000002544
2019-06-25,1564.2899999999745,458.8700000002802,1023.1600000002547
2019-06-26,1564.1099999999747,458.69000000028007,1022.8000000002548
2019-06-27,1563.9299999999748,458.51000000028006,1022.4400000002549
2019-06-28,1563.749999999975,458.33000000027994,1022.080000000255
2019-06-29,,,
2019-06-30,,,
2019-07-01,1563.5699999999752,458.15000000027993,1021.7200000002551
2019-07-02,1563.3899999999753,457.97000000027987,1021.3600000002552
2019-07-03,1563.2099999999755,457.79000000027975,1021.0000000002551
2019-07-04,1563.0299999999756,457.6100000002797,1020.6400000002554
2019-07-05,1562.8499999999758,445.3800000002796,1008.2300000002554
2019-07-06,,,
2019-07-07,,,
2019-07-08,1562.669999999976,446.92000000027986,1009.5900000002557
2019-07-09,1562.4899999999761,459.92500000027957,1022.4150000002558
2019-07-10,1562.3099999999763,455.3400000002794,1017.6500000002557
2019-07-11,1562.1299999999765,452.5350000002795,1014.665000000256
2019-07-12,1561.9499999999766,449.0500000002794,1011.000000000256
2019-07-13,,,
2019-07-14,,,
2019-07-15,1561.7699999999768,458.7100000002793,1020.480000000256
2019-07-16,1561.589999999977,449.4100000002785,1011.0000000002556
2019-07-17,1561.4099999999771,455.46000000027846,1016.8700000002555
2019-07-18,1561.2299999999773,455.2800000002785,1016.5100000002558
2019-07-19,1561.0499999999774,455.10000000027856,1016.1500000002561
2019-07-20,,,
2019-07-21,,,
2019-07-22,1560.8699999999776,454.9200000002786,1015.7900000002562
2019-07-23,1557.3399999999779,454.74000000027866,1012.0800000002564
2019-07-24,1557.179999999978,454.5600000002787,1011.7400000002567
2019-07-25,1566.1999999999778,454.38000000027876,1020.5800000002564
2019-07-26,1563.3999999999776,452.74000000027837,1016.1400000002559
2019-07-27,,,
2019-07-28,,,
2019-07-29,1566.7399999999777,430.2850000002778,997.0250000002557
2019-07-30,1568.659999999978,435.61000000027747,1004.2700000002555
2019-07-31,1552.6899999999778,429.61000000027747,982.3000000002553
2019-08-01,1555.5899999999772,427.3950000002772,982.9850000002543
2019-08-02,1560.2249999999772,436.0300000002776,996.2550000002548
2019-08-03,,,
2019-08-04,,,
2019-08-05,1567.3999999999774,450.770000000277,1018.1700000002543
2019-08-06,1567.2199999999775,459.530000000277,1026.7500000002547
2019-08-07,1567.0399999999777,460.30000000027684,1027.3400000002546
2019-08-08,1566.8599999999778,461.6900000002763,1028.5500000002542
2019-08-09,1566.679999999978,447.90000000027624,1014.5800000002541
2019-08-10,,,
2019-08-11,,,
2019-08-12,1566.4999999999782,458.95000000027613,1025.4500000002542
2019-08-13,1566.3199999999783,468.680000000277,1035.0000000002553
2019-08-14,1566.1399999999785,470.49500000027666,1036.635000000255
2019-08-15,1565.9599999999787,478.01000000027676,1043.9700000002554
2019-08-16,1566.7499999999789,477.8300000002767,1044.5800000002555
2019-08-17,,,
2019-08-18,,,
2019-08-19,1564.329999999979,477.65000000027663,1041.9800000002556
2019-08-20,1568.6099999999792,494.2800000002767,1062.890000000256
2019-08-21,1565.4299999999791,494.1000000002766,1059.5300000002558
2019-08-22,1564.6099999999792,491.58000000027675,1056.190000000256
2019-08-23,1576.9549999999792,490.39000000027704,1067.3450000002563
2019-08-24,,,
2019-08-25,,,
2019-08-26,1573.124999999979,499.810000000277,1072.935000000256
2019-08-27,1572.6199999999797,500.880000000277,1073.5000000002565
2019-08-28,1569.8799999999794,513.6800000002771,1083.5600000002564
2019-08-29,1567.3199999999792,513.500000000277,1080.8200000002562
2019-08-30,1554.9499999999784,513.320000000277,1068.2700000002555
2019-08-31,,,
2019-09-01,,,
2019-09-02,1551.3599999999783,507.4100000002765,1058.7700000002546
2019-09-03,1554.459999999978,475.01000000027665,1029.4700000002547
2019-09-04,1563.7349999999783,450.6900000002762,1014.4250000002544
2019-09-05,1568.1199999999783,443.06500000027614,1011.1850000002544
2019-09-06,1567.9399999999787,435.3900000002761,1003.3300000002548
2019-09-07,,,
2019-09-08,,,
2019-09-09,1567.7599999999786,441.4750000002761,1009.2350000002548
2019-09-10,1567.5799999999788,449.0650000002761,1016.6450000002549
2019-09-11,1572.1799999999791,452.3000000002761,1024.4800000002551
2019-09-12,1580.7349999999785,472.1650000002755,1052.9000000002538
2019-09-13,1583.5799999999786,445.6000000002752,1029.1800000002538
2019-09-14,,,
2019-09-15,,,
2019-09-16,1583.0299999999788,454.8300000002752,1037.860000000254
2019-09-17,1598.9949999999785,453.1900000002754,1052.1850000002541
2019-09-18,1596.5699999999788,468.35000000027594,1064.9200000002547
2019-09-19,1598.629999999979,458.32500000027613,1056.955000000255
2019-09-20,1595.7499999999784,464.3700000002767,1060.120000000255
2019-09-21,,,
2019-09-22,,,
2019-09-23,1590.0799999999786,464.19000000027665,1054.270000000255
2019-09-24,1595.3199999999786,464.0100000002766,1059.330000000255
2019-09-25,1581.3599999999783,463.8300000002765,1045.1900000002547
2019-09-26,1578.779999999978,466.76000000027545,1045.5400000002533
2019-09-27,1584.269999999978,460.6950000002758,1044.9650000002537
2019-09-28,,,
2019-09-29,,,
2019-09-30,1576.259999999978,460.4850000002759,1036.7450000002539
2019-10-01,1582.8499999999779,448.1250000002754,1030.9750000002532
2019-10-02,1587.1349999999782,470.20000000027505,1057.3350000002533
2019-10-03,1587.3849999999782,463.5100000002751,1050.8950000002533
2019-10-04,1588.6549999999784,463.33000000027516,1051.9850000002534
2019-10-05,,,
2019-10-06,,,
2019-10-07,1587.8249999999784,463.1500000002752,1050.9750000002537
2019-10-08,1586.2349999999783,456.76000000027557,1042.9950000002539
2019-10-09,1587.5849999999787,459.9700000002754,1047.555000000254
2019-10-10,1591.8299999999788,462.0500000002758,1053.8800000002548
2019-10-11,1591.649999999979,444.98500000027605,1036.6350000002549
2019-10-12,,,
2019-10-13,,,
2019-10-14,1591.469999999979,440.60500000027594,1032.075000000255
2019-10-15,1591.2899999999793,470.44500000027506,1061.7350000002543
2019-10-16,1591.1099999999794,488.9600000002748,1080.0700000002544
2019-10-17,1590.9299999999796,499.0550000002751,1089.9850000002548
2019-10-18,1590.7499999999798,513.7450000002752,1104.495000000255
2019-10-19,,,
2019-10-20,,,
2019-10-21,1590.56999999998,519.1000000002762,1109.670000000256
2019-10-22,1590.38999999998,530.825000000276,1121.2150000002562
2019-10-23,1590.2099999999803,541.1000000002765,1131.3100000002569
2019-10-24,1590.0299999999804,544.0450000002766,1134.0750000002572
2019-10-25,1589.8499999999806,545.5600000002769,1135.4100000002572
2019-10-26,,,
2019-10-27,,,
2019-10-28,1589.6699999999807,549.9450000002767,1139.6150000002572
2019-10-29,1589.489999999981,567.2850000002766,1156.7750000002575
2019-10-30,1589.309999999981,573.3550000002771,1162.6650000002583
2019-10-31,1589.1299999999812,576.8450000002782,1165.9750000002596
2019-11-01,1588.9499999999814,578.8050000002784,1167.7550000002598
2019-11-02,,,
2019-11-03,,,
2019-11-04,1588.7699999999816,580.3900000002783,1169.16000000026
2019-11-05,1588.5899999999817,583.4800000002782,1172.0700000002598
2019-11-06,1588.409999999982,583.0500000002785,1171.4600000002602
2019-11-07,1588.229999999982,575.9100000002782,1164.1400000002604
2019-11-08,1588.0499999999822,569.7100000002783,1157.7600000002603
2019-11-09,,,
2019-11-10,,,
2019-11-11,1587.8699999999824,584.2100000002785,1172.080000000261
2019-11-12,1587.6899999999825,584.0300000002784,1171.7200000002608
2019-11-13,1587.5099999999827,583.8500000002783,1171.3600000002612
2019-11-14,1587.3299999999829,583.6700000002783,1171.000000000261
2019-11-15,1587.149999999983,583.4900000002782,1170.6400000002614
2019-11-16,,,
2019-11-17,,,
2019-11-18,1586.9699999999832,586.8600000002787,1173.8300000002619
2019-11-19,1586.7899999999834,591.1750000002787,1177.965000000262
2019-11-20,1586.6099999999835,592.6500000002787,1179.2600000002622
2019-11-21,1586.4299999999837,600.9100000002794,1187.340000000263
2019-11-22,1586.2499999999839,600.7300000002793,1186.9800000002633
2019-11-23,,,
2019-11-24,,,
2019-11-25,1586.069999999984,600.5500000002793,1186.6200000002632
2019-11-26,1585.8899999999842,600.3700000002792,1186.2600000002635
2019-11-27,1585.7099999999843,600.1900000002792,1185.9000000002634
2019-11-28,1585.5299999999845,608.315000000279,1193.8450000002636
2019-11-29,1585.3499999999847,614.050000000279,1199.4000000002638
2019-11-30,,,
2019-12-01,,,
2019-12-02,1585.1699999999848,613.6500000002795,1198.8200000002644
2019-12-03,1584.989999999985,603.5300000002793,1188.5200000002642
2019-12-04,1584.8099999999852,583.8250000002796,1168.6350000002649
2019-12-05,1584.6299999999853,592.65500000028,1177.2850000002654
2019-12-06,1584.4499999999855,587.9700000002802,1172.4200000002656
2019-12-07,,,
2019-12-08,,,
2019-12-09,1584.2699999999857,592.5050000002805,1176.7750000002661
2019-12-10,1584.0899999999858,594.3700000002809,1178.4600000002665
2019-12-11,1583.909999999986,606.4500000002804,1190.3600000002662
2019-12-12,1583.7299999999861,621.8500000002813,1205.5800000002673
2019-12-13,1583.5499999999863,503.1250000002826,1086.675000000269
2019-12-14,,,
2019-12-15,,,
2019-12-16,1583.3699999999865,502.12000000028246,1085.490000000269
2019-12-17,1583.1899999999866,472.6350000002825,1055.825000000269
2019-12-18,1583.0099999999868,485.0750000002824,1068.0850000002692
2019-12-19,1582.829999999987,501.3450000002828,1084.1750000002698
2019-12-20,1582.6499999999871,507.1150000002826,1089.7650000002695
2019-12-21,,,
2019-12-22,,,
2019-12-23,1582.4699999999873,515.4150000002827,1097.8850000002699
2019-12-24,1582.2899999999875,512.6100000002828,1094.9000000002702
2019-12-25,,,
2019-12-26,1582.1099999999876,505.7400000002832,1087.850000000271
2019-12-27,1581.9299999999878,489.08500000028374,1071.0150000002714
2019-12-28,,,
2019-12-29,,,
2019-12-30,1581.749999999988,488.33500000028386,1070.085000000272
2019-12-31,1581.569999999988,463.72000000028436,1045.2900000002724
2020-01-01,,,
2020-01-02,1581.3899999999883,435.4000000002843,1016.7900000002726
2020-01-03,1581.2099999999884,428.5400000002838,1009.7500000002722
2020-01-04,,,
2020-01-05,,,
2020-01-06,1581.0299999999886,438.10000000028344,1019.130000000272
2020-01-07,1580.8499999999888,437.92000000028355,1018.7700000002724
2020-01-08,1580.669999999989,446.7500000002844,1027.4200000002734
2020-01-09,1580.489999999989,436.14500000028426,1016.6350000002733
2020-01-10,1580.3099999999893,436.8900000002843,1017.2000000002736
2020-01-11,,,
2020-01-12,,,
2020-01-13,1580.1299999999894,423.9200000002842,1004.0500000002735
2020-01-14,1579.9499999999896,424.3950000002845,1004.345000000274
2020-01-15,1579.7699999999897,425.58500000028397,1005.3550000002738
2020-01-16,1579.58999999999,423.72000000028396,1003.3100000002739
2020-01-17,1579.40999999999,433.18000000028377,1012.5900000002739
2020-01-18,,,
2020-01-19,,,
2020-01-20,1579.2299999999902,436.8150000002832,1016.0450000002734
2020-01-21,1579.0499999999904,448.77500000028317,1027.8250000002736
2020-01-22,1578.8699999999906,434.2200000002831,1013.0900000002737
2020-01-23,1578.6899999999907,439.3250000002832,1018.0150000002739
2020-01-24,1578.509999999991,450.46000000028266,1028.9700000002736
2020-01-25,,,
2020-01-26,,,
2020-01-27,1578.329999999991,450.2800000002827,1028.6100000002739
2020-01-28,1578.1499999999912,459.5300000002824,1037.6800000002736
2020-01-29,1577.9699999999914,462.38000000028234,1040.3500000002737
2020-01-30,1577.7899999999916,474.6100000002824,1052.4000000002738
2020-01-31,1577.6099999999917,464.1900000002826,1041.8000000002744
2020-02-01,,,
2020-02-02,,,
2020-02-03,1577.4299999999919,472.12000000028274,1049.5500000002748
2020-02-04,1577.249999999992,473.1000000002831,1050.350000000275
2020-02-05,1577.0699999999922,482.1550000002826,1059.225000000275
2020-02-06,1576.8899999999924,471.5300000002826,1048.4200000002747
2020-02-07,1576.7099999999925,469.42500000028235,1046.1350000002749
2020-02-08,,,
2020-02-09,,,
2020-02-10,1575.269999999992,465.01500000028227,1040.2850000002743
2020-02-11,1576.399999999992,467.3200000002821,1043.720000000274
2020-02-12,1571.2549999999915,465.820000000282,1037.0750000002736
2020-02-13,1576.1749999999913,450.39000000028176,1026.5650000002731
2020-02-14,1577.754999999991,452.4700000002818,1030.2250000002728
2020-02-15,,,
2020-02-16,,,
2020-02-17,1577.274999999991,459.625000000282,1036.900000000273
2020-02-18,1583.4949999999906,469.31500000028177,1052.8100000002723
2020-02-19,1582.1449999999907,470.7800000002817,1052.9250000002721
2020-02-20,1584.6549999999907,471.1900000002819,1055.8450000002726
2020-02-21,1578.6399999999906,479.0300000002821,1057.6700000002725
2020-02-22,,,
2020-02-23,,,
2020-02-24,1577.6599999999908,478.85000000028214,1056.510000000273
2020-02-25,1571.8799999999906,478.6700000002822,1050.5500000002726
2020-02-26,1570.5649999999905,478.49000000028224,1049.0550000002727
2020-02-27,1553.0999999999897,480.51500000028204,1033.6150000002717
2020-02-28,1553.0799999999892,441.145000000283,994.2250000002723
2020-02-29,,,
2020-03-01,,,
2020-03-02,1540.0399999999872,466.9000000002817,1006.9400000002688
2020-03-03,1534.5499999999872,459.3100000002818,993.8600000002689
2020-03-04,1543.9949999999874,453.02000000028147,997.0150000002689
2020-03-05,1531.6499999999864,442.5000000002806,974.150000000267
2020-03-06,1522.389999999985,430.5850000002809,952.9750000002659
2020-03-07,,,
2020-03-08,,,
2020-03-09,1498.3399999999838,425.9850000002805,924.3250000002643
2020-03-10,1514.699999999984,378.2150000002805,892.9150000002644
2020-03-11,1514.519999999984,402.89500000027977,917.4150000002637
2020-03-12,1514.3399999999842,434.0650000002792,948.4050000002635
2020-03-13,1514.1599999999844,468.5250000002783,982.6850000002628
2020-03-14,,,
2020-03-15,,,
2020-03-16,1513.9799999999846,488.25000000027825,1002.2300000002629
2020-03-17,1513.7999999999847,512.1050000002774,1025.9050000002621
2020-03-18,1525.4249999999847,548.0250000002787,1073.4500000002636
2020-03-19,1485.4399999999823,577.3350000002782,1062.7750000002607
2020-03-20,1514.5599999999804,454.9600000002773,969.5200000002578
2020-03-21,,,
2020-03-22,,,
2020-03-23,1525.0399999999806,437.7750000002766,962.8150000002572
2020-03-24,1524.8599999999806,435.87000000027655,960.7300000002572
2020-03-25,1524.679999999981,375.46000000027647,900.1400000002575
2020-03-26,1524.4999999999811,355.1100000002765,879.6100000002575
2020-03-27,1524.3199999999813,396.855000000276,921.1750000002573
2020-03-28,,,
2020-03-29,,,
2020-03-30,1524.1399999999815,393.7950000002761,917.9350000002576
2020-03-31,1523.9599999999816,390.11000000027616,914.0700000002578
2020-04-01,1523.7799999999818,405.9150000002763,929.695000000258
2020-04-02,1523.599999999982,406.60000000027657,930.2000000002586
2020-04-03,1523.419999999982,397.6950000002764,921.1150000002585
2020-04-04,,,
2020-04-05,,,
2020-04-06,1523.2399999999823,404.47000000027595,927.7100000002583
2020-04-07,1523.0599999999824,408.96000000027607,932.0200000002585
2020-04-08,1522.8799999999826,408.7800000002761,931.6600000002586
2020-04-09,1522.6999999999828,406.5650000002763,929.2650000002591
2020-04-10,1522.519999999983,413.2700000002761,935.7900000002592
2020-04-11,,,
2020-04-12,,,
2020-04-13,1522.339999999983,398.3950000002758,920.7350000002589
2020-04-14,1522.1599999999833,417.4250000002753,939.5850000002586
2020-04-15,1521.9799999999834,390.0500000002749,912.0300000002583
2020-04-16,1521.7999999999836,395.45000000027386,917.2500000002574
2020-04-17,1521.6199999999837,406.7600000002729,928.3800000002566
2020-04-18,,,
2020-04-19,,,
2020-04-20,1521.4399999999837,412.8700000002731,934.3100000002569
2020-04-21,1521.259999999984,400.9400000002727,922.2000000002568
2020-04-22,1521.0799999999842,391.5450000002727,912.6250000002569
2020-04-23,1520.8999999999844,396.11500000027246,917.0150000002568
2020-04-24,1520.7199999999846,396.6200000002725,917.3400000002571
2020-04-25,,,
2020-04-26,,,
2020-04-27,1520.5399999999847,390.3550000002723,910.8950000002569
2020-04-28,1520.359999999985,392.2500000002717,912.6100000002566
2020-04-29,1520.179999999985,405.4000000002717,925.5800000002569
2020-04-30,1519.9999999999852,370.18000000027115,890.1800000002563
2020-05-01,1519.8199999999854,351.42000000027133,871.2400000002567
2020-05-02,,,
2020-05-03,,,
2020-05-04,1519.6399999999855,347.895000000271,867.5350000002566
2020-05-05,1519.4599999999857,350.320000000271,869.7800000002567
2020-05-06,1519.2799999999859,334.6500000002698,853.9300000002556
2020-05-07,1519.0999999999858,329.76000000026977,848.8600000002557
2020-05-08,1518.9199999999862,314.8050000002695,833.7250000002557
2020-05-09,,,
2020-05-10,,,
2020-05-11,1518.7399999999864,319.8650000002694,838.6050000002558
2020-05-12,1518.5599999999865,321.0000000002687,839.5600000002553
2020-05-13,1518.3799999999867,318.510000000268,836.8900000002548
2020-05-14,1518.1999999999869,327.5650000002678,845.7650000002545
2020-05-15,1518.019999999987,323.9850000002672,842.0050000002543
2020-05-16,,,
2020-05-17,,,
2020-05-18,1517.8399999999872,307.5550000002668,825.395000000254
2020-05-19,1517.6599999999873,298.58500000026635,816.2450000002536
2020-05-20,1517.4799999999875,311.0550000002664,828.5350000002538
2020-05-21,1517.2999999999877,314.54000000026645,831.8400000002541
2020-05-22,1517.1199999999878,314.3600000002665,831.4800000002542
2020-05-23,,,
2020-05-24,,,
2020-05-25,1516.939999999988,314.18000000026655,831.1200000002545
2020-05-26,1516.7599999999882,300.1350000002665,816.8950000002546
2020-05-27,1516.5799999999883,316.4100000002668,832.9900000002551
2020-05-28,1516.3999999999885,322.55000000026735,838.9500000002558
2020-05-29,1516.2199999999887,315.8550000002677,832.0750000002563
2020-05-30,,,
2020-05-31,,,
2020-06-01,1516.0399999999888,335.93500000026734,851.9750000002562
2020-06-02,1515.859999999989,349.9350000002669,865.7950000002559
2020-06-03,1515.6799999999891,359.195000000267,874.875000000256
2020-06-04,1515.4999999999893,355.84000000026674,871.3400000002562
2020-06-05,1515.3199999999895,343.2400000002662,858.5600000002557
2020-06-06,,,
2020-06-07,,,
2020-06-08,1515.1399999999896,354.8800000002667,870.0200000002565
2020-06-09,1514.9599999999898,364.24000000026626,879.2000000002561
2020-06-10,1526.6499999999892,355.38500000026556,882.0350000002547
2020-06-11,1539.2449999999894,335.7000000002647,874.9450000002541
2020-06-12,1544.1299999999892,309.84000000026475,853.970000000254
2020-06-13,,,
2020-06-14,,,
2020-06-15,1543.9499999999894,303.5500000002653,847.5000000002547
2020-06-16,1558.1549999999893,314.9600000002651,873.1150000002544
2020-06-17,1560.0749999999894,314.78000000026515,874.8550000002544
2020-06-18,1564.7199999999898,302.2000000002651,866.920000000255
2020-06-19,1564.5399999999897,294.6150000002647,859.1550000002544
2020-06-20,,,
2020-06-21,,,
2020-06-22,1564.3599999999901,278.5700000002648,842.930000000255
2020-06-23,1561.6699999999894,281.52000000026476,843.1900000002543
2020-06-24,1571.2049999999897,296.9600000002647,868.1650000002544
2020-06-25,1576.2999999999897,296.78000000026475,873.0800000002546
2020-06-26,1576.11999999999,292.9250000002646,869.0450000002545
2020-06-27,,,
2020-06-28,,,
2020-06-29,1586.0099999999898,291.3850000002642,877.395000000254
2020-06-30,1595.0299999999897,302.6400000002643,897.670000000254
2020-07-01,1592.5599999999895,302.46000000026436,895.0200000002537
2020-07-02,1596.6699999999892,308.7300000002646,905.4000000002538
2020-07-03,1594.6699999999894,308.5500000002647,903.220000000254
2020-07-04,,,
2020-07-05,,,
2020-07-06,1585.319999999989,315.3450000002657,900.6650000002546
2020-07-07,1593.044999999989,302.4300000002648,895.4750000002537
2020-07-08,1588.8299999999888,313.5850000002644,902.4150000002533
2020-07-09,1596.8649999999882,315.96000000026424,912.8250000002524
2020-07-10,1595.5249999999883,325.61500000026393,921.1400000002523
2020-07-11,,,
2020-07-12,,,
2020-07-13,1593.469999999988,325.9000000002632,919.3700000002511
2020-07-14,1583.4999999999875,326.5450000002628,910.0450000002502
2020-07-15,1584.3499999999872,338.82000000026284,923.17000000025
2020-07-16,1589.8299999999876,353.72000000026264,943.5500000002503
2020-07-17,1581.2299999999875,354.33500000026254,935.5650000002502
2020-07-18,,,
2020-07-19,,,
2020-07-20,1578.7799999999872,350.0100000002626,928.7900000002498
2020-07-21,1564.2599999999866,341.2700000002621,905.5300000002487
2020-07-22,1552.784999999986,349.4700000002613,902.2550000002473
2020-07-23,1556.5849999999855,354.8300000002621,911.4150000002476
2020-07-24,1564.4349999999854,348.9600000002614,913.3950000002469
2020-07-25,,,
2020-07-26,,,
2020-07-27,1577.7949999999842,356.85000000026105,934.6450000002451
2020-07-28,1574.4499999999841,363.8250000002611,938.2750000002452
2020-07-29,1590.3149999999832,375.75500000026074,966.0700000002439
2020-07-30,1599.5149999999824,396.6550000002603,996.1700000002427
2020-07-31,1588.2799999999818,391.6950000002596,979.9750000002414
2020-08-01,,,
2020-08-02,,,
2020-08-03,1587.0249999999817,384.9200000002597,971.9450000002414
2020-08-04,1599.264999999982,391.91000000025946,991.1750000002414
2020-08-05,1615.7649999999815,399.1250000002597,1014.8900000002411
2020-08-06,1619.9449999999813,396.55500000025984,1016.500000000241
2020-08-07,1607.539999999981,409.64000000025993,1017.1800000002411
2020-08-08,,,
2020-08-09,,,
2020-08-10,1596.8049999999814,418.83000000026027,1015.6350000002417
2020-08-11,1597.4349999999815,418.6500000002603,1016.085000000242
2020-08-12,1610.5449999999814,422.3450000002598,1032.8900000002413
2020-08-13,1628.1349999999807,426.9900000002597,1055.1250000002406
2020-08-14,1630.9249999999806,426.8100000002598,1057.7350000002402
2020-08-15,,,
2020-08-16,,,
2020-08-17,1635.1949999999804,426.6300000002598,1061.8250000002404
2020-08-18,1642.4049999999797,416.13000000025977,1058.5350000002395
2020-08-19,1627.08999999998,426.4600000002599,1053.5500000002398
2020-08-20,1633.61499999998,426.28000000026,1059.89500000024
2020-08-21,1612.1399999999796,438.51000000026,1050.6500000002397
2020-08-22,,,
2020-08-23,,,
2020-08-24,1615.8099999999797,438.33000000026004,1054.1400000002395
2020-08-25,1625.0899999999797,438.1500000002601,1063.24000000024
2020-08-26,1624.0699999999797,437.97000000026014,1062.04000000024
2020-08-27,1623.9199999999796,453.23500000026047,1077.1550000002399
2020-08-28,1638.9549999999801,446.16500000025985,1085.12000000024
2020-08-29,,,
2020-08-30,,,
2020-08-31,1636.5699999999792,450.86000000025945,1087.4300000002386
2020-09-01,1641.634999999979,454.705000000259,1096.340000000238
2020-09-02,1650.699999999979,447.2850000002586,1097.9850000002375
2020-09-03,1651.9999999999782,450.0000000002585,1102.0000000002365
2020-09-04,1655.3799999999778,445.37000000025864,1100.7500000002365
2020-09-05,,,
2020-09-06,,,
2020-09-07,1650.099999999978,434.52000000025816,1084.6200000002364
2020-09-08,1645.6799999999776,458.4750000002577,1104.1550000002353
2020-09-09,1652.2199999999775,452.3150000002575,1104.535000000235
2020-09-10,1662.7499999999777,443.1900000002564,1105.9400000002342
2020-09-11,1662.5699999999779,452.76000000025635,1115.3300000002341
2020-09-12,,,
2020-09-13,,,
2020-09-14,1662.389999999978,459.9500000002563,1122.3400000002343
2020-09-15,1662.2099999999782,459.77000000025635,1121.9800000002347
2020-09-16,1664.9099999999785,463.1400000002558,1128.0500000002344
2020-09-17,1672.1049999999777,462.96000000025583,1135.0650000002333
2020-09-18,1671.3249999999778,477.01500000025624,1148.3400000002339
2020-09-19,,,
2020-09-20,,,
2020-09-21,1666.0199999999777,483.12000000025654,1149.140000000234
2020-09-22,1654.4399999999773,477.8100000002568,1132.2500000002342
2020-09-23,1647.7899999999765,473.06500000025613,1120.8550000002328
2020-09-24,1652.359999999976,484.29500000025473,1136.6550000002308
2020-09-25,1645.429999999976,500.755000000255,1146.185000000231
2020-09-26,,,
2020-09-27,,,
2020-09-28,1652.3899999999765,479.77000000025623,1132.1600000002327
2020-09-29,1661.0599999999763,489.2600000002556,1150.320000000232
2020-09-30,1660.8799999999765,479.74500000025625,1140.6250000002328
2020-10-01,1660.6999999999766,493.39500000025697,1154.0950000002335
2020-10-02,1660.5199999999768,493.1750000002576,1153.6950000002344
2020-10-03,,,
2020-10-04,,,
2020-10-05,1660.339999999977,491.39000000025817,1151.7300000002351
2020-10-06,1660.1599999999771,482.29000000025826,1142.4500000002354
2020-10-07,1659.9799999999773,496.185000000258,1156.1650000002355
2020-10-08,1659.7999999999774,513.1500000002592,1172.9500000002367
2020-10-09,1659.6199999999776,494.4800000002599,1154.1000000002377
2020-10-10,,,
2020-10-11,,,
2020-10-12,1659.4399999999778,496.83000000026004,1156.2700000002378
2020-10-13,1659.259999999978,512.10000000026,1171.360000000238
2020-10-14,1659.079999999978,537.1300000002601,1196.2100000002383
2020-10-15,1658.8999999999783,546.6900000002597,1205.590000000238
2020-10-16,1658.7199999999784,555.9950000002602,1214.7150000002384
2020-10-17,,,
2020-10-18,,,
2020-10-19,1658.5399999999786,578.3250000002607,1236.8650000002394
2020-10-20,1658.3599999999788,578.2200000002608,1236.5800000002396
2020-10-21,1658.179999999979,543.5900000002608,1201.7700000002396
2020-10-22,1657.999999999979,549.7700000002611,1207.77000000024
2020-10-23,1657.8199999999792,549.590000000261,1207.4100000002404
2020-10-24,,,
2020-10-25,,,
2020-10-26,1657.6399999999794,549.410000000261,1207.0500000002403
2020-10-27,1657.4599999999796,549.2300000002609,1206.6900000002406
2020-10-28,1657.2799999999797,549.0500000002609,1206.3300000002405
2020-10-29,1661.6199999999794,552.6450000002607,1214.26500000024
2020-10-30,1655.9399999999796,555.4500000002607,1211.3900000002404
2020-10-31,,,
2020-11-01,,,
2020-11-02,1654.9599999999793,542.6550000002608,1197.61500000024
2020-11-03,1668.8049999999794,513.8350000002611,1182.6400000002404
2020-11-04,1671.7749999999794,526.1300000002617,1197.9050000002412
2020-11-05,1675.3399999999797,511.95000000026266,1187.2900000002423
2020-11-06,1675.1599999999798,506.3550000002627,1181.5150000002427
2020-11-07,,,
2020-11-08,,,
2020-11-09,1674.97999999998,516.5600000002623,1191.5400000002423
2020-11-10,1674.7999999999802,536.8750000002628,1211.675000000243
2020-11-11,1674.61999999998,534.740000000263,1209.360000000243
2020-11-12,1674.4399999999805,519.7500000002639,1194.1900000002443
2020-11-13,1674.2599999999807,529.3300000002638,1203.5900000002443
2020-11-14,,,
2020-11-15,,,
2020-11-16,1674.0799999999808,529.1500000002637,1203.2300000002447
2020-11-17,1673.899999999981,530.9950000002638,1204.8950000002446
2020-11-18,1673.719999999981,533.8750000002638,1207.595000000245
2020-11-19,1673.539999999981,536.9600000002639,1210.500000000245
2020-11-20,1673.3599999999815,536.300000000264,1209.6600000002454
2020-11-21,,,
2020-11-22,,,
2020-11-23,1673.1799999999814,531.4400000002645,1204.620000000246
2020-11-24,1672.9999999999816,543.0900000002655,1216.090000000247
2020-11-25,1672.8199999999817,547.3800000002651,1220.2000000002467
2020-11-26,1672.639999999982,553.5350000002652,1226.175000000247
2020-11-27,1670.4199999999817,557.0800000002653,1227.500000000247
2020-11-28,,,
2020-11-29,,,
2020-11-30,1678.629999999981,565.1850000002652,1243.815000000246
2020-12-01,1658.61999999998,552.0450000002663,1210.6650000002464
2020-12-02,1650.6799999999798,550.225000000267,1200.9050000002467
2020-12-03,1646.029999999979,544.8750000002667,1190.9050000002458
2020-12-04,1652.089999999979,549.9700000002671,1202.060000000246
2020-12-05,,,
2020-12-06,,,
2020-12-07,1661.0199999999793,547.6700000002664,1208.6900000002456
2020-12-08,1662.2799999999793,547.4900000002664,1209.7700000002455
2020-12-09,1667.2249999999794,547.3100000002663,1214.5350000002459
2020-12-10,1660.6599999999792,546.7250000002662,1207.3850000002453
2020-12-11,1665.9999999999795,523.9900000002659,1189.9900000002453
2020-12-12,,,
2020-12-13,,,
2020-12-14,1661.1499999999792,504.0000000002664,1165.1500000002457
2020-12-15,1659.5699999999797,494.3000000002669,1153.8700000002464
2020-12-16,1648.589999999979,487.5350000002672,1136.125000000246
2020-12-17,1638.2899999999786,502.8550000002668,1141.1450000002455
2020-12-18,1641.0099999999786,483.97000000026696,1124.9800000002456
2020-12-19,,,
2020-12-20,,,
2020-12-21,1649.4299999999785,374.45000000026704,1023.8800000002454
2020-12-22,1664.1349999999786,399.16000000026713,1063.2950000002456
2020-12-23,1661.5449999999787,371.560000000267,1033.1050000002456
2020-12-24,1661.9149999999788,384.5200000002665,1046.4350000002453
2020-12-25,,,
2020-12-26,,,
2020-12-27,,,
2020-12-28,1660.4199999999792,366.8800000002665,1027.3000000002457
2020-12-29,1656.2999999999788,374.84000000026634,1031.1400000002452
2020-12-30,1648.6599999999783,362.3500000002665,1011.0100000002449
2020-12-31,1663.0749999999784,360.32000000026625,1023.3950000002446
2021-01-01,,,
2021-01-02,,,
2021-01-03,,,
2021-01-04,1665.629999999978,369.9200000002663,1035.5500000002444
2021-01-05,1655.6699999999785,369.7400000002664,1025.410000000245
2021-01-06,1652.8799999999776,369.5600000002664,1022.440000000244
2021-01-07,1663.6849999999777,369.3800000002665,1033.0650000002443
2021-01-08,1671.009999999978,369.2000000002665,1040.2100000002445
2021-01-09,,,
2021-01-10,,,
2021-01-11,1670.829999999978,381.01500000026675,1051.845000000245
2021-01-12,1670.6499999999783,384.9600000002669,1055.6100000002452
2021-01-13,1670.4699999999784,393.11500000026734,1063.5850000002456
2021-01-14,1670.2899999999786,388.8200000002675,1059.1100000002461
2021-01-15,1670.1099999999788,395.1500000002676,1065.2600000002462
2021-01-16,,,
2021-01-17,,,
2021-01-18,1669.929999999979,394.97000000026765,1064.9000000002466
2021-01-19,1669.749999999979,394.7900000002677,1064.540000000247
2021-01-20,1669.5699999999792,404.13500000026744,1073.7050000002469
2021-01-21,1669.3899999999794,392.50000000026694,1061.8900000002463
2021-01-22,1669.2099999999796,401.880000000267,1071.0900000002466
2021-01-23,,,
2021-01-24,,,
2021-01-25,1669.0299999999797,410.67500000026723,1079.7050000002469
2021-01-26,1668.84999999998,408.8400000002667,1077.6900000002465
2021-01-27,1668.66999999998,416.9900000002669,1085.6600000002468
2021-01-28,1668.4899999999802,423.58000000026703,1092.070000000247
2021-01-29,1668.3099999999804,434.8250000002665,1103.1350000002467
2021-01-30,,,
2021-01-31,,,
2021-02-01,1668.1299999999806,442.3500000002664,1110.480000000247
2021-02-02,1667.9499999999807,442.17000000026644,1110.1200000002473
2021-02-03,1667.7699999999809,441.9900000002665,1109.7600000002476
2021-02-04,1667.589999999981,441.81000000026654,1109.4000000002475
2021-02-05,1667.4099999999812,440.7400000002667,1108.150000000248
2021-02-06,,,
2021-02-07,,,
2021-02-08,1667.2299999999814,447.3900000002667,1114.6200000002482
2021-02-09,1667.0499999999815,441.3850000002666,1108.4350000002482
2021-02-10,1666.8699999999817,443.41500000026645,1110.2850000002481
2021-02-11,1666.6899999999819,440.61000000026644,1107.3000000002485
2021-02-12,1666.509999999982,445.4900000002665,1112.0000000002483
2021-02-13,,,
2021-02-14,,,
2021-02-15,1666.3299999999822,440.25000000026637,1106.5800000002487
2021-02-16,1666.1499999999824,448.82000000026613,1114.9700000002485
2021-02-17,1665.9699999999825,451.91000000026605,1117.8800000002484
2021-02-18,1665.7899999999827,445.4650000002657,1111.2550000002484
2021-02-19,1665.6099999999828,442.1800000002655,1107.7900000002483
2021-02-20,,,
2021-02-21,,,
2021-02-22,1665.429999999983,432.6050000002657,1098.0350000002486
2021-02-23,1665.2499999999832,440.4950000002655,1105.7450000002486
2021-02-24,1665.0699999999833,433.95500000026556,1099.0250000002488
2021-02-25,1664.8899999999835,411.6900000002647,1076.5800000002482
2021-02-26,1664.7099999999837,395.69500000026414,1060.405000000248
2021-02-27,,,
2021-02-28,,,
2021-03-01,1664.5299999999838,396.295000000264,1060.8250000002477
2021-03-02,1664.349999999984,399.990000000264,1064.340000000248
2021-03-03,1664.1699999999842,410.760000000264,1074.9300000002481
2021-03-04,1663.9899999999843,425.90000000026345,1089.8900000002477
2021-03-05,1663.8099999999845,413.26500000026346,1077.075000000248
2021-03-06,,,
2021-03-07,,,
2021-03-08,1663.6299999999846,426.25500000026307,1089.8850000002476
2021-03-09,1663.4499999999848,437.5900000002633,1101.0400000002483
2021-03-10,1663.269999999985,437.4100000002633,1100.6800000002481
2021-03-11,1663.0899999999851,434.29000000026286,1097.380000000248
2021-03-12,1662.9099999999853,445.4300000002629,1108.3400000002484
2021-03-13,,,
2021-03-14,,,
2021-03-15,1662.7299999999855,445.25000000026296,1107.9800000002483
2021-03-16,1662.5499999999856,455.9600000002628,1118.5100000002485
2021-03-17,1662.3699999999858,455.7800000002629,1118.1500000002488
2021-03-18,1662.189999999986,469.8100000002629,1132.0000000002487
2021-03-19,1662.0099999999861,477.0250000002625,1139.0350000002486
2021-03-20,,,
2021-03-21,,,
2021-03-22,1661.8299999999863,479.4750000002621,1141.3050000002486
2021-03-23,1661.6499999999864,460.6100000002624,1122.260000000249
2021-03-24,1661.4699999999866,452.8050000002625,1114.2750000002493
2021-03-25,1661.2899999999868,446.91500000026224,1108.2050000002491
2021-03-26,1661.109999999987,443.12000000026194,1104.2300000002488
2021-03-27,,,
2021-03-28,,,
2021-03-29,1660.929999999987,444.5700000002619,1105.5000000002492
2021-03-30,1660.7499999999873,444.390000000262,1105.140000000249
2021-03-31,1660.5699999999874,444.210000000262,1104.7800000002494
2021-04-01,1660.3899999999876,446.0700000002618,1106.4600000002492
2021-04-02,1660.2099999999878,447.02000000026175,1107.2300000002497
2021-04-03,,,
2021-04-04,,,
2021-04-05,1660.029999999988,434.8800000002615,1094.9100000002495
2021-04-06,1659.849999999988,441.7100000002617,1101.5600000002496
2021-04-07,1659.6699999999882,441.53000000026174,1101.20000000025
2021-04-08,1659.4899999999884,441.3500000002618,1100.8400000002503
2021-04-09,1659.3099999999886,445.40000000026134,1104.7100000002501
2021-04-10,,,
2021-04-11,,,
2021-04-12,1659.1299999999887,457.36000000026047,1116.490000000249
2021-04-13,1658.949999999989,469.2350000002607,1128.1850000002496
2021-04-14,1658.769999999989,473.74000000026075,1132.5100000002499
2021-04-15,1658.5899999999892,473.5600000002608,1132.1500000002502
2021-04-16,1658.4099999999894,479.000000000261,1137.4100000002504
2021-04-17,,,
2021-04-18,,,
2021-04-19,1658.2299999999896,464.8500000002612,1123.080000000251
2021-04-20,1658.0499999999897,471.0600000002613,1129.1100000002511
2021-04-21,1657.86999999999,470.88000000026125,1128.750000000251
2021-04-22,1657.68999999999,470.7000000002612,1128.3900000002513
2021-04-23,1657.5099999999902,470.5200000002611,1128.0300000002512
2021-04-24,,,
2021-04-25,,,
2021-04-26,1657.3299999999904,470.34000000026106,1127.6700000002515
2021-04-27,1657.1499999999905,470.160000000261,1127.3100000002514
2021-04-28,1656.9699999999907,469.98000000026093,1126.9500000002517
2021-04-29,1656.7899999999909,469.80000000026087,1126.5900000002516
2021-04-30,1656.609999999991,469.6200000002608,1126.230000000252
2021-05-01,,,
2021-05-02,,,
2021-05-03,1656.4299999999912,469.44000000026074,1125.8700000002518
2021-05-04,1656.2499999999914,469.2600000002607,1125.5100000002521
2021-05-05,1656.0699999999915,469.0800000002606,1125.150000000252
2021-05-06,1655.8899999999917,468.90000000026055,1124.7900000002523
2021-05-07,1655.7099999999919,470.4900000002609,1126.2000000002527
2021-05-08,,,
2021-05-09,,,
2021-05-10,1655.529999999992,479.30500000026024,1134.8350000002524
2021-05-11,1655.3499999999922,486.6350000002605,1141.9850000002525
2021-05-12,1655.1699999999923,470.4500000002605,1125.6200000002527
2021-05-13,1654.9899999999925,479.31000000026035,1134.300000000253
2021-05-14,1654.8099999999927,484.3200000002602,1139.130000000253
2021-05-15,,,
2021-05-16,,,
2021-05-17,1654.6299999999928,485.3200000002609,1139.9500000002536
2021-05-18,1654.449999999993,477.2500000002607,1131.7000000002536
2021-05-19,1654.2699999999932,481.17000000026076,1135.4400000002538
2021-05-20,1654.0899999999933,480.9900000002607,1135.0800000002541
2021-05-21,1653.9099999999935,486.680000000261,1140.5900000002543
2021-05-22,,,
2021-05-23,,,
2021-05-24,1653.7299999999937,486.5000000002609,1140.2300000002547
2021-05-25,1653.5499999999938,499.9600000002622,1153.5100000002558
2021-05-26,1653.369999999994,499.78000000026213,1153.1500000002561
2021-05-27,1653.1899999999941,499.26000000026164,1152.4500000002558
2021-05-28,1653.0099999999943,509.4700000002622,1162.4800000002565
2021-05-29,,,
2021-05-30,,,
2021-05-31,1652.8299999999945,504.400000000262,1157.2300000002565
2021-06-01,1652.6499999999946,511.41000000026247,1164.0600000002569
2021-06-02,1652.4699999999948,511.2300000002624,1163.7000000002572
2021-06-03,1652.289999999995,511.05000000026234,1163.3400000002575
2021-06-04,1652.1099999999951,510.8700000002623,1162.9800000002574
2021-06-05,,,
2021-06-06,,,
2021-06-07,1651.9299999999953,510.6900000002622,1162.6200000002573
2021-06-08,1651.7499999999955,510.51000000026215,1162.2600000002576
2021-06-09,1651.5699999999956,510.3300000002621,1161.900000000258
2021-06-10,1651.3899999999958,510.150000000262,1161.5400000002578
2021-06-11,1651.209999999996,509.97000000026196,1161.1800000002577
2021-06-12,,,
2021-06-13,,,
2021-06-14,1651.029999999996,509.7900000002619,1160.820000000258
2021-06-15,1650.8499999999963,517.7550000002623,1168.6050000002588
2021-06-16,1650.6699999999964,501.7800000002619,1152.4500000002581
2021-06-17,1650.4899999999966,495.26500000026186,1145.7550000002584
2021-06-18,1650.3099999999968,512.4350000002622,1162.745000000259
2021-06-19,,,
2021-06-20,,,
2021-06-21,1650.129999999997,486.37000000026217,1136.5000000002592
2021-06-22,1649.949999999997,493.8800000002634,1143.8300000002605
2021-06-23,1649.7699999999973,491.9050000002634,1141.6750000002608
2021-06-24,1649.5899999999974,496.71000000026345,1146.3000000002608
2021-06-25,1649.4099999999976,496.5300000002634,1145.940000000261
2021-06-26,,,
2021-06-27,,,
2021-06-28,1649.2299999999977,496.3500000002633,1145.580000000261
2021-06-29,1649.049999999998,501.6100000002632,1150.6600000002609
2021-06-30,1648.869999999998,510.700000000263,1159.5700000002612
2021-07-01,1648.6899999999982,501.24000000026336,1149.9300000002618
2021-07-02,1648.5099999999984,507.3300000002631,1155.8400000002616
2021-07-03,,,
2021-07-04,,,
2021-07-05,1648.3299999999986,507.15000000026305,1155.4800000002615
2021-07-06,1648.1499999999987,506.97000000026304,1155.1200000002618
2021-07-07,1647.969999999999,519.3700000002631,1167.340000000262
2021-07-08,1647.789999999999,524.1050000002631,1171.8950000002624
2021-07-09,1647.6099999999992,527.0000000002632,1174.6100000002625
2021-07-10,,,
2021-07-11,,,
2021-07-12,1647.4299999999994,526.8200000002631,1174.2500000002624
2021-07-13,1647.2499999999995,526.6400000002631,1173.8900000002627
2021-07-14,1647.0699999999997,526.460000000263,1173.5300000002626
2021-07-15,1646.8899999999999,526.2800000002629,1173.170000000263
2021-07-16,1646.71,526.2300000002626,1172.9400000002624
2021-07-17,,,
2021-07-18,,,
2021-07-19,1646.5300000000002,513.0750000002627,1159.6050000002629
2021-07-20,1646.3500000000004,523.4700000002634,1169.820000000264
2021-07-21,1646.1700000000005,507.5500000002636,1153.720000000264
2021-07-22,1645.9900000000007,501.37000000026404,1147.3600000002648
2021-07-23,1645.8100000000009,505.84500000026395,1151.6550000002649
2021-07-24,,,
2021-07-25,,,
2021-07-26,1645.630000000001,496.0500000002642,1141.6800000002654
2021-07-27,1645.4500000000012,487.0700000002644,1132.5200000002656
2021-07-28,1645.2700000000013,485.11500000026393,1130.3850000002653
2021-07-29,1645.0900000000015,497.2450000002637,1142.3350000002652
2021-07-30,1644.9100000000017,487.1600000002637,1132.0700000002653
2021-07-31,,,
2021-08-01,,,
2021-08-02,1644.7300000000018,486.7000000002637,1131.4300000002654
2021-08-03,1644.550000000002,491.9150000002634,1136.4650000002653
2021-08-04,1644.3700000000022,494.2900000002635,1138.6600000002654
2021-08-05,1644.1900000000023,502.3050000002635,1146.495000000266
2021-08-06,1644.0100000000025,497.2600000002638,1141.2700000002665
2021-08-07,,,
2021-08-08,,,
2021-08-09,1643.8300000000027,493.4400000002637,1137.2700000002665
2021-08-10,1643.6500000000028,491.82000000026363,1135.4700000002663
2021-08-11,1643.470000000003,498.82500000026414,1142.295000000267
2021-08-12,1643.2900000000031,493.450000000264,1136.7400000002672
2021-08-13,1643.1100000000033,503.49000000026433,1146.6000000002678
2021-08-14,,,
2021-08-15,,,
2021-08-16,1642.9300000000035,503.31000000026427,1146.2400000002676
2021-08-17,1642.7500000000036,492.0400000002637,1134.7900000002674
2021-08-18,1642.5700000000038,495.4450000002638,1138.0150000002677
2021-08-19,1643.8400000000036,489.885000000264,1133.7250000002678
2021-08-20,1648.520000000004,494.0250000002639,1142.545000000268
2021-08-21,,,
2021-08-22,,,
2021-08-23,1656.9150000000036,481.5100000002634,1138.4250000002671
2021-08-24,1657.745000000004,483.2550000002636,1141.0000000002674
2021-08-25,1659.205000000004,479.9000000002631,1139.105000000267
2021-08-26,1657.0450000000042,490.50500000026324,1147.5500000002676
2021-08-27,1661.6600000000044,490.93000000026336,1152.5900000002675
2021-08-28,,,
2021-08-29,,,
2021-08-30,1661.4800000000046,492.14500000026345,1153.6250000002678
2021-08-31,1661.3000000000047,501.83500000026413,1163.135000000269
2021-09-01,1661.120000000005,503.6300000002642,1164.7500000002692
2021-09-02,1660.940000000005,492.16000000026423,1153.1000000002691
2021-09-03,1660.7600000000052,490.52000000026436,1151.2800000002694
2021-09-04,,,
2021-09-05,,,
2021-09-06,1660.5800000000054,493.9550000002646,1154.53500000027
2021-09-07,1660.4000000000055,495.2900000002648,1155.6900000002702
2021-09-08,1660.2200000000057,495.1100000002648,1155.3300000002705
2021-09-09,1660.0400000000059,494.93000000026467,1154.9700000002704
2021-09-10,1659.860000000006,500.9550000002639,1160.8150000002697
2021-09-11,,,
2021-09-12,,,
2021-09-13,1659.6800000000062,501.3700000002641,1161.0500000002703
2021-09-14,1659.5000000000064,510.37000000026524,1169.8700000002718
2021-09-15,1659.3200000000065,510.1900000002652,1169.5100000002717
2021-09-16,1659.1400000000067,510.0100000002651,1169.1500000002716
2021-09-17,1658.9600000000069,509.83000000026504,1168.790000000272
2021-09-18,,,
2021-09-19,,,
2021-09-20,1660.1000000000067,509.650000000265,1169.750000000272
2021-09-21,1659.880000000007,509.4700000002649,1169.3500000002718
2021-09-22,1653.4400000000069,512.850000000265,1166.290000000272
2021-09-23,1663.620000000007,521.1400000002651,1184.7600000002722
2021-09-24,1660.0000000000073,520.960000000265,1180.9600000002724
2021-09-25,,,
2021-09-26,,,
2021-09-27,1654.800000000007,520.780000000265,1175.5800000002719
2021-09-28,1652.3600000000074,501.9550000002649,1154.3150000002724
2021-09-29,1638.5200000000063,516.1150000002649,1154.6350000002712
2021-09-30,1635.8800000000062,518.850000000265,1154.7300000002715
2021-10-01,1638.9200000000062,517.3900000002654,1156.3100000002714
2021-10-02,,,
2021-10-03,,,
2021-10-04,1645.3950000000061,510.1400000002657,1155.5350000002718
2021-10-05,1645.7700000000063,512.0000000002659,1157.7700000002724
2021-10-06,1637.8600000000056,522.4250000002658,1160.2850000002713
2021-10-07,1637.160000000006,521.5600000002662,1158.7200000002722
2021-10-08,1641.220000000006,526.9500000002661,1168.170000000272
2021-10-09,,,
2021-10-10,,,
2021-10-11,1636.7200000000062,534.1000000002662,1170.8200000002726
2021-10-12,1632.160000000006,533.9200000002661,1166.0800000002719
2021-10-13,1644.9400000000064,535.5800000002661,1180.5200000002724
2021-10-14,1645.6450000000061,534.8850000002665,1180.5300000002726
2021-10-15,1645.7150000000065,521.135000000267,1166.8500000002737
2021-10-16,,,
2021-10-17,,,
2021-10-18,1646.7250000000067,518.9200000002671,1165.6450000002737
2021-10-19,1652.0700000000068,533.4150000002672,1185.4850000002739
2021-10-20,1651.890000000007,540.8450000002675,1192.7350000002743
2021-10-21,1651.710000000007,544.7100000002678,1196.4200000002747
2021-10-22,1651.5300000000072,546.4500000002682,1197.9800000002756
2021-10-23,,,
2021-10-24,,,
2021-10-25,1651.3500000000074,547.9150000002683,1199.265000000276
2021-10-26,1651.1700000000076,558.6600000002672,1209.8300000002746
2021-10-27,1650.9900000000077,554.0950000002676,1205.0850000002756
2021-10-28,1650.810000000008,557.9200000002678,1208.7300000002756
2021-10-29,1646.950000000007,548.3700000002674,1195.3200000002744
2021-10-30,,,
2021-10-31,,,
2021-11-01,1655.2500000000073,545.8850000002676,1201.1350000002749
2021-11-02,1649.9100000000074,544.1800000002678,1194.0900000002753
2021-11-03,1656.3650000000075,553.7500000002678,1210.1150000002754
2021-11-04,1651.9900000000075,530.795000000268,1182.7850000002754
2021-11-05,1655.2500000000075,527.1250000002688,1182.3750000002765
2021-11-06,,,
2021-11-07,,,
2021-11-08,1659.1100000000074,513.3400000002688,1172.4500000002763
2021-11-09,1660.5750000000075,514.125000000269,1174.7000000002763
2021-11-10,1645.1300000000065,509.7000000002689,1154.8300000002755
2021-11-11,1639.4300000000067,506.2400000002689,1145.6700000002756
2021-11-12,1634.8850000000073,513.8950000002692,1148.7800000002762
2021-11-13,,,
2021-11-14,,,
2021-11-15,1645.8950000000061,516.0200000002693,1161.9150000002755
2021-11-16,1654.0450000000055,515.8400000002692,1169.8850000002749
2021-11-17,1655.1250000000052,515.6600000002692,1170.7850000002745
2021-11-18,1647.530000000005,515.4800000002691,1163.010000000274
2021-11-19,1668.4900000000046,515.300000000269,1183.7900000002737
2021-11-20,,,
2021-11-21,,,
2021-11-22,1677.6450000000045,515.120000000269,1192.7650000002736
2021-11-23,1676.5150000000044,515.7050000002687,1192.220000000273
2021-11-24,1683.8850000000039,512.7600000002693,1196.6450000002733
2021-11-25,1682.845000000004,515.2600000002691,1198.1050000002729
2021-11-26,1667.6300000000037,511.1300000002689,1178.7600000002726
2021-11-27,,,
2021-11-28,,,
2021-11-29,1673.830000000004,515.2600000002687,1189.090000000273
2021-11-30,1682.5400000000034,525.545000000269,1208.0850000002724
2021-12-01,1682.795000000003,531.6500000002698,1214.4450000002726
2021-12-02,1684.5750000000032,538.9100000002703,1223.4850000002734
2021-12-03,1692.435000000003,545.3450000002704,1237.7800000002735
2021-12-04,,,
2021-12-05,,,
2021-12-06,1691.7750000000028,550.1100000002706,1241.8850000002735
2021-12-07,1691.7950000000026,555.99000000027,1247.7850000002727
2021-12-08,1696.8550000000023,561.4100000002703,1258.2650000002727
2021-12-09,1702.4200000000021,566.3250000002703,1268.7450000002723
2021-12-10,1702.3000000000022,570.3100000002703,1272.6100000002725
2021-12-11,,,
2021-12-12,,,
2021-12-13,1705.1450000000025,570.1300000002702,1275.2750000002725
2021-12-14,1702.4650000000026,576.28500000027,1278.7500000002728
2021-12-15,1708.0950000000025,590.9550000002694,1299.0500000002721
2021-12-16,1711.845000000002,587.9850000002698,1299.8300000002719
2021-12-17,1715.225000000002,591.2800000002695,1306.5050000002716
2021-12-18,,,
2021-12-19,,,
2021-12-20,1719.105000000002,592.0100000002693,1311.1150000002713
2021-12-21,1719.5450000000021,600.6400000002694,1320.1850000002714
2021-12-22,1724.8550000000016,599.9700000002704,1324.8250000002718
2021-12-23,1725.0050000000017,593.3600000002709,1318.3650000002726
2021-12-24,1725.5750000000019,595.960000000271,1321.5350000002727
2021-12-25,,,
2021-12-26,,,
2021-12-27,1724.8150000000016,591.1100000002712,1315.925000000273
2021-12-28,1726.5750000000019,592.8400000002712,1319.4150000002728
2021-12-29,1723.5250000000015,586.150000000271,1309.6750000002726
2021-12-30,1725.6450000000016,588.2150000002719,1313.8600000002734
2021-12-31,1721.3800000000012,590.3100000002723,1311.6900000002734
2022-01-01,,,
2022-01-02,,,
2022-01-03,1738.9650000000013,598.3650000002729,1337.3300000002741
2022-01-04,1737.7850000000012,603.4850000002732,1341.2700000002742
2022-01-05,1740.4250000000015,603.0950000002732,1343.5200000002746
2022-01-06,1738.7450000000015,605.5500000002735,1344.2950000002747
2022-01-07,1744.7250000000015,604.3100000002732,1349.0350000002745
2022-01-08,,,
2022-01-09,,,
2022-01-10,1749.4200000000017,609.1450000002734,1358.5650000002752
2022-01-11,1748.7450000000017,603.110000000274,1351.8550000002756
2022-01-12,1742.3500000000008,591.7100000002742,1334.060000000275
2022-01-13,1740.9300000000007,578.5600000002743,1319.490000000275
2022-01-14,1749.7050000000006,583.6900000002752,1333.395000000276
2022-01-15,,,
2022-01-16,,,
2022-01-17,1750.4450000000008,577.7100000002754,1328.1550000002762
2022-01-18,1755.0599999999995,570.0600000002756,1325.120000000275
2022-01-19,1758.1799999999998,575.2650000002754,1333.4450000002753
2022-01-20,1752.1,578.2100000002755,1330.3100000002755
2022-01-21,1758.2399999999998,572.3900000002759,1330.6300000002757
2022-01-22,,,
2022-01-23,,,
2022-01-24,1754.6899999999998,559.5750000002763,1314.265000000276
2022-01-25,1749.8,567.0200000002762,1316.8200000002762
2022-01-26,1739.0399999999995,569.1300000002757,1308.1700000002752
2022-01-27,1725.7599999999982,574.9650000002762,1300.7250000002741
2022-01-28,1727.299999999998,579.9250000002766,1307.2250000002746
2022-01-29,,,
2022-01-30,,,
2022-01-31,1742.0549999999978,588.9700000002765,1331.0250000002743
2022-02-01,1745.749999999998,578.4300000002768,1324.180000000275
2022-02-02,1745.5699999999981,572.7150000002774,1318.2850000002754
2022-02-03,1744.2599999999977,575.2900000002779,1319.5500000002758
2022-02-04,1741.5899999999976,580.3800000002776,1321.9700000002754
2022-02-05,,,
2022-02-06,,,
2022-02-07,1743.3699999999978,580.2000000002776,1323.5700000002753
2022-02-08,1749.9549999999979,580.0200000002775,1329.9750000002755
2022-02-09,1749.104999999998,579.8400000002774,1328.9450000002753
2022-02-10,1750.969999999998,581.6200000002774,1332.5900000002753
2022-02-11,1758.3399999999976,581.4400000002773,1339.7800000002749
2022-02-12,,,
2022-02-13,,,
2022-02-14,1758.1599999999978,581.2600000002773,1339.4200000002752
2022-02-15,1757.979999999998,581.0800000002772,1339.060000000275
2022-02-16,1757.7999999999981,580.9000000002771,1338.7000000002754
2022-02-17,1757.6199999999983,584.3500000002779,1341.9700000002763
2022-02-18,1757.4399999999985,591.0750000002781,1348.5150000002768
2022-02-19,,,
2022-02-20,,,
2022-02-21,1757.2599999999986,592.6900000002782,1349.9500000002768
2022-02-22,1757.0799999999988,596.3400000002781,1353.420000000277
2022-02-23,1756.899999999999,606.6600000002779,1363.560000000277
2022-02-24,1759.6849999999977,568.6350000002782,1328.3200000002757
2022-02-25,1766.1199999999976,558.5850000002782,1324.705000000276
2022-02-26,,,
2022-02-27,,,
2022-02-28,1769.6049999999973,558.5700000002779,1328.1750000002753
2022-03-01,1758.499999999997,571.000000000278,1329.5000000002751
2022-03-02,1762.5649999999962,573.5400000002785,1336.1050000002747
2022-03-03,1759.3199999999958,584.4600000002785,1343.7800000002744
2022-03-04,1729.129999999995,574.4750000002776,1303.6050000002729
