sym,entry,tf,atr_stop,trail,friday,rule,max_days,risk,mode,sample,max_starts,n,pass_pct,pass_inconsistent_pct,fail_daily_pct,fail_max_pct,timeout_pct,days_to_pass_median,trades_mean,max_dd_mean,worst_day_mean,end_balance_mean,burn_pct,secs,stage,target,min_days,seed
XAUUSD,ema10_30,1h,1.0,1.0,True,fundingpips_1step,7,2.0,fixed,IS,400.0,422,3.1,0.0,4.5,4.0,88.4,3.7,2.4,4.32,-1.79,99587.0,8.5,0.6,1,,,
XAUUSD,ema10_30,1h,1.0,1.0,True,fundingpips_1step,30,2.0,fixed,IS,400.0,422,10.4,0.0,14.7,43.6,31.3,10.4,7.4,8.11,-2.33,98503.0,58.3,1.7,1,,,
XAUUSD,ema10_30,4h,1.0,1.0,True,fundingpips_1step,7,2.0,fixed,IS,400.0,422,0.7,0.0,0.2,0.0,99.1,5.7,0.7,1.58,-0.75,99913.0,0.2,0.5,1,,,
XAUUSD,ema10_30,4h,1.0,1.0,True,fundingpips_1step,30,2.0,fixed,IS,400.0,422,2.6,0.0,0.9,5.7,90.8,15.7,2.9,4.72,-1.75,99678.0,6.6,1.9,1,,,
XAUUSD,ema10_30,1h,2.0,2.0,True,fundingpips_1step,7,2.0,fixed,IS,400.0,422,2.1,0.0,5.5,0.7,91.7,3.0,2.4,3.62,-1.65,99981.0,6.2,1.1,1,,,
XAUUSD,ema10_30,1h,2.0,2.0,True,fundingpips_1step,30,2.0,fixed,IS,400.0,422,8.8,0.0,22.3,24.6,44.3,15.2,8.2,6.93,-2.37,99690.0,46.9,3.0,1,,,
XAUUSD,ema10_30,4h,2.0,2.0,True,fundingpips_1step,7,2.0,fixed,IS,400.0,422,0.5,0.0,0.5,0.0,99.1,2.2,0.7,1.29,-0.67,99956.0,0.5,0.6,1,,,
XAUUSD,ema10_30,4h,2.0,2.0,True,fundingpips_1step,30,2.0,fixed,IS,400.0,422,2.4,0.0,2.1,3.3,92.2,13.7,3.0,3.85,-1.63,99894.0,5.4,2.3,1,,,
XAUUSD,ema10_30,1h,4.0,4.0,True,fundingpips_1step,7,2.0,fixed,IS,400.0,422,0.5,0.0,3.6,0.0,96.0,3.9,2.5,2.79,-1.48,99979.0,3.6,0.9,1,,,
XAUUSD,ema10_30,1h,4.0,4.0,True,fundingpips_1step,30,2.0,fixed,IS,400.0,422,5.9,0.0,16.4,15.9,61.8,18.9,9.4,5.97,-2.35,99613.0,32.3,5.4,1,,,
XAUUSD,ema10_30,4h,4.0,4.0,True,fundingpips_1step,7,2.0,fixed,IS,400.0,422,0.0,0.0,0.2,0.0,99.8,,0.7,1.01,-0.58,99895.0,0.2,0.7,1,,,
XAUUSD,ema10_30,4h,4.0,4.0,True,fundingpips_1step,30,2.0,fixed,IS,400.0,422,0.0,0.0,1.2,1.2,97.6,,3.0,3.13,-1.48,99607.0,2.4,3.2,1,,,
XAUUSD,ema20_50,1h,1.0,1.0,True,fundingpips_1step,7,2.0,fixed,IS,400.0,422,1.4,0.0,1.4,1.2,96.0,5.7,1.6,3.12,-1.36,99859.0,2.6,0.6,1,,,
XAUUSD,ema20_50,1h,1.0,1.0,True,fundingpips_1step,30,2.0,fixed,IS,400.0,422,2.8,0.0,5.7,26.5,64.9,7.1,5.9,7.1,-2.15,98991.0,32.2,1.9,1,,,
XAUUSD,ema20_50,4h,1.0,1.0,True,fundingpips_1step,7,2.0,fixed,IS,400.0,422,0.5,0.0,0.0,0.0,99.5,3.7,0.4,0.99,-0.48,99889.0,0.0,0.5,1,,,
XAUUSD,ema20_50,4h,1.0,1.0,True,fundingpips_1step,30,2.0,fixed,IS,400.0,422,2.6,0.0,0.0,3.3,94.1,15.7,1.8,3.45,-1.36,99687.0,3.3,1.9,1,,,
XAUUSD,ema20_50,1h,2.0,2.0,True,fundingpips_1step,7,2.0,fixed,IS,400.0,422,0.7,0.0,2.1,0.0,97.2,2.6,1.6,2.57,-1.2,99938.0,2.1,0.7,1,,,
XAUUSD,ema20_50,1h,2.0,2.0,True,fundingpips_1step,30,2.0,fixed,IS,400.0,422,4.7,0.0,7.6,12.8,74.9,15.7,6.1,6.01,-2.07,99606.0,20.4,3.3,1,,,
XAUUSD,ema20_50,4h,2.0,2.0,True,fundingpips_1step,7,2.0,fixed,IS,400.0,422,0.0,0.0,0.2,0.0,99.8,,0.4,0.82,-0.44,99885.0,0.2,0.6,1,,,
XAUUSD,ema20_50,4h,2.0,2.0,True,fundingpips_1step,30,2.0,fixed,IS,400.0,422,0.2,0.0,1.2,3.1,95.5,18.2,1.8,2.86,-1.25,99546.0,4.3,2.2,1,,,
XAUUSD,ema50_200,1h,1.0,1.0,True,fundingpips_1step,7,2.0,fixed,IS,400.0,422,0.7,0.0,0.0,0.0,99.3,5.7,0.6,1.28,-0.6,100022.0,0.0,0.7,1,,,
XAUUSD,ema50_200,1h,1.0,1.0,True,fundingpips_1step,30,2.0,fixed,IS,400.0,422,4.3,0.0,0.0,6.2,89.6,17.2,2.4,4.15,-1.5,100200.0,6.2,2.5,1,,,
XAUUSD,ema20_50,1h,4.0,4.0,True,fundingpips_1step,7,2.0,fixed,IS,400.0,422,0.0,0.0,2.1,0.0,97.9,,1.6,2.04,-1.09,99953.0,2.1,1.1,1,,,
XAUUSD,ema20_50,1h,4.0,4.0,True,fundingpips_1step,30,2.0,fixed,IS,400.0,422,1.2,0.0,9.7,7.6,81.5,19.4,6.4,4.96,-2.06,99564.0,17.3,6.0,1,,,
XAUUSD,ema50_200,1h,2.0,2.0,True,fundingpips_1step,7,2.0,fixed,IS,400.0,422,0.7,0.0,0.5,0.0,98.8,5.8,0.6,1.03,-0.54,100014.0,0.5,0.6,1,,,
XAUUSD,ema50_200,1h,2.0,2.0,True,fundingpips_1step,30,2.0,fixed,IS,400.0,422,2.6,0.0,2.1,3.8,91.5,14.4,2.4,3.33,-1.38,100180.0,5.9,3.1,1,,,
XAUUSD,ema20_50,4h,4.0,4.0,True,fundingpips_1step,7,2.0,fixed,IS,400.0,422,0.0,0.0,0.0,0.0,100.0,,0.4,0.67,-0.4,99871.0,0.0,0.9,1,,,
XAUUSD,ema20_50,4h,4.0,4.0,True,fundingpips_1step,30,2.0,fixed,IS,400.0,422,0.0,0.0,0.0,1.7,98.3,,1.9,2.43,-1.19,99395.0,1.7,3.7,1,,,
XAUUSD,ema50_200,4h,1.0,1.0,True,fundingpips_1step,7,2.0,fixed,IS,400.0,422,0.0,0.0,0.0,0.0,100.0,,0.2,0.38,-0.17,100049.0,0.0,0.6,1,,,
XAUUSD,ema50_200,4h,1.0,1.0,True,fundingpips_1step,30,2.0,fixed,IS,400.0,422,0.0,0.0,0.0,0.2,99.8,,0.7,1.52,-0.68,100206.0,0.2,2.2,1,,,
XAUUSD,ema50_200,4h,2.0,2.0,True,fundingpips_1step,7,2.0,fixed,IS,400.0,422,0.0,0.0,0.0,0.0,100.0,,0.2,0.32,-0.14,100038.0,0.0,0.6,1,,,
XAUUSD,ema50_200,4h,2.0,2.0,True,fundingpips_1step,30,2.0,fixed,IS,400.0,422,0.0,0.0,0.0,0.2,99.8,,0.7,1.24,-0.56,100136.0,0.2,2.3,1,,,
XAUUSD,ema50_200,4h,4.0,4.0,True,fundingpips_1step,7,2.0,fixed,IS,400.0,422,0.0,0.0,0.0,0.0,100.0,,0.2,0.26,-0.14,100021.0,0.0,0.7,1,,,
XAUUSD,ema50_200,4h,4.0,4.0,True,fundingpips_1step,30,2.0,fixed,IS,400.0,422,0.0,0.0,0.0,0.0,100.0,,0.7,1.03,-0.56,100032.0,0.0,3.0,1,,,
XAUUSD,ema50_200,1h,4.0,4.0,True,fundingpips_1step,7,2.0,fixed,IS,400.0,422,0.0,0.0,0.2,0.0,99.8,,0.6,0.83,-0.47,99886.0,0.2,0.9,1,,,
XAUUSD,ema50_200,1h,4.0,4.0,True,fundingpips_1step,30,2.0,fixed,IS,400.0,422,0.0,0.0,1.2,2.8,96.0,,2.5,2.82,-1.24,99534.0,4.0,4.1,1,,,
XAUUSD,don20,1h,1.0,1.0,True,fundingpips_1step,7,2.0,fixed,IS,400.0,422,5.5,0.0,5.5,16.1,73.0,3.7,3.9,6.14,-2.06,99117.0,21.6,1.0,1,,,
XAUUSD,don20,1h,1.0,1.0,True,fundingpips_1step,30,2.0,fixed,IS,400.0,422,17.1,0.0,14.0,56.4,12.6,12.6,8.5,9.03,-2.28,98388.0,70.4,2.4,1,,,
XAUUSD,don20,4h,1.0,1.0,True,fundingpips_1step,7,2.0,fixed,IS,400.0,422,1.9,0.0,1.2,0.9,96.0,5.1,1.7,3.47,-1.49,99706.0,2.1,0.9,1,,,
XAUUSD,don20,4h,1.0,1.0,True,fundingpips_1step,30,2.0,fixed,IS,400.0,422,6.9,0.0,5.0,38.2,50.0,11.7,5.9,7.74,-2.13,98786.0,43.2,2.7,1,,,
XAUUSD,don20,1h,2.0,2.0,True,fundingpips_1step,7,2.0,fixed,IS,400.0,422,2.4,0.0,7.6,6.9,83.2,3.4,3.7,5.18,-2.02,100077.0,14.5,1.9,1,,,
XAUUSD,don20,1h,2.0,2.0,True,fundingpips_1step,30,2.0,fixed,IS,400.0,422,17.3,0.0,21.6,39.6,21.6,14.4,9.6,8.18,-2.48,100059.0,61.2,4.7,1,,,
XAUUSD,don20,4h,2.0,2.0,True,fundingpips_1step,7,2.0,fixed,IS,400.0,422,0.9,0.0,2.6,0.0,96.4,3.0,1.6,2.76,-1.36,100085.0,2.6,1.1,1,,,
XAUUSD,don20,4h,2.0,2.0,True,fundingpips_1step,30,2.0,fixed,IS,400.0,422,7.8,0.0,11.4,15.6,65.2,15.9,6.1,6.24,-2.16,100552.0,27.0,3.7,1,,,
XAUUSD,don55,1h,1.0,1.0,True,fundingpips_1step,7,2.0,fixed,IS,400.0,422,2.1,0.0,2.8,4.3,90.8,5.5,2.5,4.67,-1.85,99461.0,7.1,0.8,1,,,
XAUUSD,don55,1h,1.0,1.0,True,fundingpips_1step,30,2.0,fixed,IS,400.0,422,10.7,0.0,10.2,50.9,28.2,11.7,7.4,8.63,-2.26,98225.0,61.1,2.1,1,,,
XAUUSD,don20,1h,4.0,4.0,True,fundingpips_1step,7,2.0,fixed,IS,400.0,422,0.9,0.0,11.1,1.7,86.3,4.9,3.3,3.86,-2.03,99821.0,12.8,3.1,1,,,
XAUUSD,don20,1h,4.0,4.0,True,fundingpips_1step,30,2.0,fixed,IS,400.0,422,7.1,0.0,41.5,21.1,30.3,17.9,9.2,6.56,-2.74,99665.0,62.6,8.7,1,,,
XAUUSD,don20,4h,4.0,4.0,True,fundingpips_1step,7,2.0,fixed,IS,400.0,422,0.0,0.0,0.9,0.0,99.1,,1.4,2.02,-1.14,99979.0,0.9,1.6,1,,,
XAUUSD,don20,4h,4.0,4.0,True,fundingpips_1step,30,2.0,fixed,IS,400.0,422,1.2,0.0,5.0,7.3,86.5,21.4,5.5,4.87,-1.89,100079.0,12.3,7.1,1,,,
XAUUSD,don55,1h,2.0,2.0,True,fundingpips_1step,7,2.0,fixed,IS,400.0,422,1.2,0.0,2.8,0.7,95.3,3.6,2.3,3.82,-1.68,100082.0,3.5,1.3,1,,,
XAUUSD,don55,1h,2.0,2.0,True,fundingpips_1step,30,2.0,fixed,IS,400.0,422,11.4,0.0,12.1,31.5,45.0,15.9,7.8,7.53,-2.27,100418.0,43.6,4.7,1,,,
XAUUSD,don55,4h,1.0,1.0,True,fundingpips_1step,7,2.0,fixed,IS,400.0,422,1.9,0.0,0.9,0.7,96.4,5.7,1.0,2.32,-1.0,100018.0,1.6,0.8,1,,,
XAUUSD,don55,4h,1.0,1.0,True,fundingpips_1step,30,2.0,fixed,IS,400.0,422,8.5,0.0,4.3,15.9,71.3,15.0,4.2,6.26,-2.0,99972.0,20.2,2.7,1,,,
XAUUSD,don55,4h,2.0,2.0,True,fundingpips_1step,7,2.0,fixed,IS,400.0,422,0.9,0.0,1.9,0.0,97.2,4.0,1.0,1.8,-0.94,100120.0,1.9,1.0,1,,,
XAUUSD,don55,4h,2.0,2.0,True,fundingpips_1step,30,2.0,fixed,IS,400.0,422,5.7,0.0,9.7,4.7,79.9,16.5,4.1,4.95,-2.01,100636.0,14.4,3.7,1,,,
XAUUSD,don55,1h,4.0,4.0,True,fundingpips_1step,7,2.0,fixed,IS,400.0,422,0.2,0.0,3.1,0.2,96.4,4.9,2.0,2.77,-1.48,99953.0,3.3,2.3,1,,,
XAUUSD,don55,1h,4.0,4.0,True,fundingpips_1step,30,2.0,fixed,IS,400.0,422,4.0,0.0,11.6,15.2,69.2,16.9,7.2,5.81,-2.18,100076.0,26.8,8.7,1,,,
XAUUSD,don55,4h,4.0,4.0,True,fundingpips_1step,7,2.0,fixed,IS,400.0,422,0.0,0.0,0.5,0.0,99.5,,0.8,1.27,-0.77,100014.0,0.5,1.2,1,,,
XAUUSD,don55,4h,4.0,4.0,True,fundingpips_1step,30,2.0,fixed,IS,400.0,422,0.7,0.0,2.4,0.5,96.4,25.9,3.5,3.56,-1.63,100217.0,2.9,6.0,1,,,
BTCUSD,ema10_30,1h,1.0,1.0,True,fundingpips_1step,7,2.0,fixed,IS,400.0,390,3.8,0.0,8.5,12.8,74.9,4.6,3.5,5.62,-2.04,100000.0,21.3,1.1,1,,,
BTCUSD,ema10_30,1h,1.0,1.0,True,fundingpips_1step,30,2.0,fixed,IS,400.0,390,19.0,0.0,20.0,41.5,19.5,15.4,8.7,8.29,-2.4,100429.0,61.5,2.6,1,,,
BTCUSD,ema10_30,1h,2.0,2.0,True,fundingpips_1step,7,2.0,fixed,IS,400.0,390,1.3,0.0,14.1,4.1,80.5,4.9,3.5,4.73,-1.97,100103.0,18.2,1.8,1,,,
BTCUSD,ema10_30,1h,2.0,2.0,True,fundingpips_1step,30,2.0,fixed,IS,400.0,390,15.1,0.0,37.7,26.4,20.8,18.9,9.2,7.28,-2.66,100809.0,64.1,4.6,1,,,
BTCUSD,ema10_30,4h,1.0,1.0,True,fundingpips_1step,7,2.0,fixed,IS,400.0,390,0.0,0.0,0.0,1.5,98.5,,1.2,2.45,-1.04,99838.0,1.5,0.9,1,,,
BTCUSD,ema10_30,4h,1.0,1.0,True,fundingpips_1step,30,2.0,fixed,IS,400.0,390,0.8,0.0,0.0,12.6,86.7,28.6,4.8,6.2,-1.99,99465.0,12.6,3.4,1,,,
BTCUSD,ema10_30,4h,2.0,2.0,True,fundingpips_1step,7,2.0,fixed,IS,400.0,390,0.0,0.0,0.0,0.3,99.7,,1.2,2.19,-0.92,100035.0,0.3,1.3,1,,,
BTCUSD,ema10_30,4h,2.0,2.0,True,fundingpips_1step,30,2.0,fixed,IS,400.0,390,1.5,0.0,0.0,9.7,88.7,26.1,5.0,5.81,-1.86,100186.0,9.7,4.7,1,,,
BTCUSD,ema20_50,1h,1.0,1.0,True,fundingpips_1step,7,2.0,fixed,IS,400.0,390,2.3,0.0,5.1,5.6,86.9,4.4,2.3,4.65,-1.73,98963.0,10.7,1.0,1,,,
BTCUSD,ema20_50,1h,1.0,1.0,True,fundingpips_1step,30,2.0,fixed,IS,400.0,390,4.4,0.0,13.3,52.3,30.0,6.4,6.8,8.65,-2.24,97060.0,65.6,2.7,1,,,
BTCUSD,ema20_50,1h,2.0,2.0,True,fundingpips_1step,7,2.0,fixed,IS,400.0,390,2.3,0.0,8.2,2.1,87.4,4.0,2.3,3.92,-1.66,99551.0,10.3,1.3,1,,,
BTCUSD,ema20_50,1h,2.0,2.0,True,fundingpips_1step,30,2.0,fixed,IS,400.0,390,9.2,0.0,26.7,34.9,29.2,12.3,6.7,7.59,-2.34,98566.0,61.6,3.5,1,,,
BTCUSD,ema10_30,1h,4.0,4.0,True,fundingpips_1step,7,2.0,fixed,IS,400.0,390,1.8,0.0,8.5,1.0,88.7,4.9,3.7,3.87,-1.85,100203.0,9.5,2.7,1,,,
BTCUSD,ema10_30,1h,4.0,4.0,True,fundingpips_1step,30,2.0,fixed,IS,400.0,390,10.5,0.0,29.0,28.5,32.1,14.9,11.2,7.12,-2.68,100668.0,57.5,9.3,1,,,
BTCUSD,ema10_30,4h,4.0,4.0,True,fundingpips_1step,7,2.0,fixed,IS,400.0,390,0.5,0.0,0.0,0.0,99.5,4.4,1.2,1.84,-0.82,100183.0,0.0,1.7,1,,,
BTCUSD,ema10_30,4h,4.0,4.0,True,fundingpips_1step,30,2.0,fixed,IS,400.0,390,5.1,0.0,1.8,4.4,88.7,24.4,5.1,4.95,-1.75,100615.0,6.2,7.8,1,,,
BTCUSD,ema20_50,4h,1.0,1.0,True,fundingpips_1step,7,2.0,fixed,IS,400.0,390,0.0,0.0,0.0,0.0,100.0,,0.7,1.53,-0.67,99879.0,0.0,0.8,1,,,
BTCUSD,ema20_50,4h,1.0,1.0,True,fundingpips_1step,30,2.0,fixed,IS,400.0,390,1.0,0.0,0.0,4.4,94.6,28.1,3.1,4.25,-1.65,99560.0,4.4,3.6,1,,,
BTCUSD,ema20_50,4h,2.0,2.0,True,fundingpips_1step,7,2.0,fixed,IS,400.0,390,0.0,0.0,1.0,0.0,99.0,,0.7,1.4,-0.68,99919.0,1.0,1.0,1,,,
BTCUSD,ema20_50,4h,2.0,2.0,True,fundingpips_1step,30,2.0,fixed,IS,400.0,390,0.8,0.0,5.4,2.3,91.5,28.3,3.1,3.99,-1.69,99541.0,7.7,4.1,1,,,
BTCUSD,ema20_50,1h,4.0,4.0,True,fundingpips_1step,7,2.0,fixed,IS,400.0,390,2.1,0.0,5.6,0.3,92.1,5.2,2.4,3.34,-1.61,100317.0,5.9,2.2,1,,,
BTCUSD,ema20_50,1h,4.0,4.0,True,fundingpips_1step,30,2.0,fixed,IS,400.0,390,11.3,0.0,22.1,17.4,49.2,14.7,8.3,7.32,-2.45,100606.0,39.5,8.3,1,,,
BTCUSD,ema50_200,1h,1.0,1.0,True,fundingpips_1step,7,2.0,fixed,IS,400.0,390,1.3,0.0,2.1,0.3,96.4,4.5,1.0,2.27,-0.95,99805.0,2.4,0.9,1,,,
BTCUSD,ema50_200,1h,1.0,1.0,True,fundingpips_1step,30,2.0,fixed,IS,400.0,390,6.9,0.0,9.2,15.4,68.5,13.6,3.8,5.95,-2.0,99565.0,24.6,3.2,1,,,
BTCUSD,ema20_50,4h,4.0,4.0,True,fundingpips_1step,7,2.0,fixed,IS,400.0,390,0.0,0.0,0.0,0.0,100.0,,0.7,1.22,-0.65,99851.0,0.0,1.3,1,,,
BTCUSD,ema20_50,4h,4.0,4.0,True,fundingpips_1step,30,2.0,fixed,IS,400.0,390,0.0,0.0,0.0,2.1,97.9,,3.1,3.76,-1.61,99177.0,2.1,5.6,1,,,
BTCUSD,ema50_200,1h,2.0,2.0,True,fundingpips_1step,7,2.0,fixed,IS,400.0,390,0.0,0.0,3.3,0.3,96.4,,1.0,1.92,-0.95,100068.0,3.6,1.1,1,,,
BTCUSD,ema50_200,1h,2.0,2.0,True,fundingpips_1step,30,2.0,fixed,IS,400.0,390,4.6,0.0,12.3,14.1,69.0,23.6,3.7,5.1,-1.98,99842.0,26.4,4.0,1,,,
BTCUSD,ema50_200,4h,1.0,1.0,True,fundingpips_1step,7,2.0,fixed,IS,400.0,390,1.3,0.0,0.0,0.0,98.7,4.7,0.2,0.58,-0.26,100175.0,0.0,0.7,1,,,
BTCUSD,ema50_200,4h,1.0,1.0,True,fundingpips_1step,30,2.0,fixed,IS,400.0,390,5.1,0.0,0.0,0.0,94.9,15.2,0.8,1.94,-0.87,100709.0,0.0,2.8,1,,,
BTCUSD,ema50_200,4h,2.0,2.0,True,fundingpips_1step,7,2.0,fixed,IS,400.0,390,0.0,0.0,0.0,0.0,100.0,,0.2,0.45,-0.25,100045.0,0.0,0.8,1,,,
BTCUSD,ema50_200,4h,2.0,2.0,True,fundingpips_1step,30,2.0,fixed,IS,400.0,390,0.5,0.0,0.0,0.0,99.5,29.0,0.9,1.5,-0.83,100198.0,0.0,3.1,1,,,
BTCUSD,don20,1h,1.0,1.0,True,fundingpips_1step,7,2.0,fixed,IS,400.0,390,12.3,0.0,5.4,27.2,55.1,3.8,4.9,7.19,-2.08,100131.0,32.6,1.1,1,,,
BTCUSD,don20,1h,1.0,1.0,True,fundingpips_1step,30,2.0,fixed,IS,400.0,390,34.9,0.0,12.1,51.3,1.8,10.1,8.6,9.06,-2.18,101336.0,63.4,1.9,1,,,
BTCUSD,ema50_200,4h,4.0,4.0,True,fundingpips_1step,7,2.0,fixed,IS,400.0,390,0.0,0.0,0.0,0.0,100.0,,0.2,0.38,-0.21,99939.0,0.0,0.8,1,,,
BTCUSD,ema50_200,4h,4.0,4.0,True,fundingpips_1step,30,2.0,fixed,IS,400.0,390,0.0,0.0,0.0,0.0,100.0,,0.9,1.29,-0.72,99764.0,0.0,3.3,1,,,
BTCUSD,ema50_200,1h,4.0,4.0,True,fundingpips_1step,7,2.0,fixed,IS,400.0,390,0.0,0.0,0.8,0.3,99.0,,1.0,1.67,-0.83,99875.0,1.1,1.6,1,,,
BTCUSD,ema50_200,1h,4.0,4.0,True,fundingpips_1step,30,2.0,fixed,IS,400.0,390,0.0,0.0,5.1,12.8,82.1,,4.1,4.74,-1.79,99285.0,17.9,6.0,1,,,
BTCUSD,don20,4h,1.0,1.0,True,fundingpips_1step,7,2.0,fixed,IS,400.0,390,4.4,0.0,0.3,3.1,92.3,5.1,2.3,4.45,-1.55,100208.0,3.4,1.0,1,,,
BTCUSD,don20,4h,1.0,1.0,True,fundingpips_1step,30,2.0,fixed,IS,400.0,390,23.6,0.0,0.3,50.0,26.2,13.7,6.8,8.46,-2.01,100089.0,50.3,2.7,1,,,
BTCUSD,don20,1h,2.0,2.0,True,fundingpips_1step,7,2.0,fixed,IS,400.0,390,5.1,0.0,23.3,13.3,58.2,3.9,4.8,5.94,-2.35,100047.0,36.6,1.9,1,,,
BTCUSD,don20,1h,2.0,2.0,True,fundingpips_1step,30,2.0,fixed,IS,400.0,390,17.9,0.0,46.2,32.6,3.3,12.3,8.5,7.49,-2.72,100534.0,78.8,3.4,1,,,
BTCUSD,don20,4h,2.0,2.0,True,fundingpips_1step,7,2.0,fixed,IS,400.0,390,2.3,0.0,1.8,1.3,94.6,5.9,2.2,3.71,-1.54,99935.0,3.1,1.3,1,,,
BTCUSD,don20,4h,2.0,2.0,True,fundingpips_1step,30,2.0,fixed,IS,400.0,390,11.3,0.0,6.2,32.1,50.5,18.7,7.6,7.26,-2.16,100084.0,38.3,4.7,1,,,
BTCUSD,don55,1h,1.0,1.0,True,fundingpips_1step,7,2.0,fixed,IS,400.0,390,5.1,0.0,1.5,11.8,81.5,4.9,3.4,5.68,-1.94,99814.0,13.3,1.0,1,,,
BTCUSD,don55,1h,1.0,1.0,True,fundingpips_1step,30,2.0,fixed,IS,400.0,390,18.7,0.0,2.1,51.5,27.7,15.1,9.2,9.91,-2.05,99310.0,53.6,2.6,1,,,
BTCUSD,don20,1h,4.0,4.0,True,fundingpips_1step,7,2.0,fixed,IS,400.0,390,4.6,0.0,19.2,6.7,69.5,5.6,4.2,5.42,-2.35,101271.0,25.9,3.6,1,,,
BTCUSD,don20,1h,4.0,4.0,True,fundingpips_1step,30,2.0,fixed,IS,400.0,390,19.2,0.0,46.4,23.6,10.8,12.6,8.5,8.1,-2.89,103107.0,70.0,7.8,1,,,
BTCUSD,don55,1h,2.0,2.0,True,fundingpips_1step,7,2.0,fixed,IS,400.0,390,2.6,0.0,10.3,3.8,83.3,5.3,3.2,4.8,-1.97,99989.0,14.1,1.6,1,,,
BTCUSD,don55,1h,2.0,2.0,True,fundingpips_1step,30,2.0,fixed,IS,400.0,390,16.4,0.0,30.0,27.2,26.4,14.9,8.6,7.96,-2.44,100176.0,57.2,4.4,1,,,
BTCUSD,don20,4h,4.0,4.0,True,fundingpips_1step,7,2.0,fixed,IS,400.0,390,1.0,0.0,5.1,0.0,93.8,6.0,1.9,2.98,-1.43,100552.0,5.1,2.1,1,,,
BTCUSD,don20,4h,4.0,4.0,True,fundingpips_1step,30,2.0,fixed,IS,400.0,390,14.6,0.0,24.6,7.7,53.1,16.3,6.1,5.91,-2.31,102233.0,32.3,8.0,1,,,
BTCUSD,don55,4h,1.0,1.0,True,fundingpips_1step,7,2.0,fixed,IS,400.0,390,0.8,0.0,0.3,1.5,97.4,5.3,1.3,2.8,-1.13,99990.0,1.8,1.0,1,,,
BTCUSD,don55,4h,1.0,1.0,True,fundingpips_1step,30,2.0,fixed,IS,400.0,390,9.0,0.0,0.3,21.3,69.5,20.3,5.3,6.97,-1.97,100261.0,21.6,3.5,1,,,
BTCUSD,don55,4h,2.0,2.0,True,fundingpips_1step,7,2.0,fixed,IS,400.0,390,0.0,0.0,2.3,0.0,97.7,,1.3,2.29,-1.14,99590.0,2.3,1.2,1,,,
BTCUSD,don55,4h,2.0,2.0,True,fundingpips_1step,30,2.0,fixed,IS,400.0,390,0.0,0.0,7.7,14.6,77.7,,5.1,5.81,-2.06,98513.0,22.3,4.5,1,,,
BTCUSD,don55,1h,4.0,4.0,True,fundingpips_1step,7,2.0,fixed,IS,400.0,390,2.3,0.0,5.6,1.5,90.5,5.7,2.7,4.13,-1.85,100387.0,7.1,2.6,1,,,
BTCUSD,don55,1h,4.0,4.0,True,fundingpips_1step,30,2.0,fixed,IS,400.0,390,12.6,0.0,24.6,26.2,36.7,14.6,7.9,7.76,-2.56,100553.0,50.8,8.5,1,,,
BTCUSD,don55,4h,4.0,4.0,True,fundingpips_1step,7,2.0,fixed,IS,400.0,390,0.3,0.0,2.6,0.0,97.2,6.3,1.1,1.9,-1.06,100012.0,2.6,1.6,1,,,
BTCUSD,don55,4h,4.0,4.0,True,fundingpips_1step,30,2.0,fixed,IS,400.0,390,4.6,0.0,14.4,5.6,75.4,16.8,4.2,5.05,-2.05,100160.0,20.0,6.0,1,,,
GBPUSD,ema10_30,1h,1.0,1.0,True,fundingpips_1step,7,2.0,fixed,IS,400.0,527,2.7,0.0,3.2,4.0,90.1,4.0,2.5,4.32,-1.79,99383.0,7.2,1.3,1,,,
GBPUSD,ema10_30,1h,1.0,1.0,True,fundingpips_1step,30,2.0,fixed,IS,400.0,527,12.0,0.0,12.0,48.4,27.7,14.5,7.3,8.09,-2.29,98439.0,60.4,3.4,1,,,
GBPUSD,ema10_30,1h,2.0,2.0,True,fundingpips_1step,7,2.0,fixed,IS,400.0,527,1.7,0.0,3.6,1.1,93.5,3.7,2.5,3.58,-1.66,99904.0,4.7,1.8,1,,,
GBPUSD,ema10_30,1h,2.0,2.0,True,fundingpips_1step,30,2.0,fixed,IS,400.0,527,13.5,0.0,13.3,29.8,43.5,16.4,8.3,7.06,-2.28,99859.0,43.1,5.9,1,,,
GBPUSD,ema10_30,4h,1.0,1.0,True,fundingpips_1step,7,2.0,fixed,IS,400.0,527,0.2,0.0,0.2,0.0,99.6,2.9,0.9,1.65,-0.85,99864.0,0.2,1.0,1,,,
GBPUSD,ema10_30,4h,1.0,1.0,True,fundingpips_1step,30,2.0,fixed,IS,400.0,527,1.9,0.0,1.3,9.5,87.3,19.9,3.6,4.92,-1.88,99369.0,10.8,3.9,1,,,
GBPUSD,ema10_30,4h,2.0,2.0,True,fundingpips_1step,7,2.0,fixed,IS,400.0,527,0.4,0.0,0.4,0.0,99.2,3.4,0.9,1.37,-0.72,99903.0,0.4,1.2,1,,,
GBPUSD,ema10_30,4h,2.0,2.0,True,fundingpips_1step,30,2.0,fixed,IS,400.0,527,1.7,0.0,1.3,6.1,90.9,20.6,3.6,4.13,-1.68,99588.0,7.4,4.7,1,,,
GBPUSD,ema20_50,1h,1.0,1.0,True,fundingpips_1step,7,2.0,fixed,IS,400.0,527,1.3,0.0,2.1,1.3,95.3,6.2,1.6,3.06,-1.31,99941.0,3.4,1.1,1,,,
GBPUSD,ema20_50,1h,1.0,1.0,True,fundingpips_1step,30,2.0,fixed,IS,400.0,527,10.1,0.0,7.0,22.2,60.7,16.2,5.8,6.84,-2.11,99957.0,29.2,3.7,1,,,
GBPUSD,ema10_30,1h,4.0,4.0,True,fundingpips_1step,7,2.0,fixed,IS,400.0,527,0.4,0.0,3.8,0.0,95.8,4.2,2.5,2.76,-1.5,100049.0,3.8,2.9,1,,,
GBPUSD,ema10_30,1h,4.0,4.0,True,fundingpips_1step,30,2.0,fixed,IS,400.0,527,7.4,0.0,16.9,12.5,63.2,18.9,9.5,5.81,-2.4,100368.0,29.4,10.8,1,,,
GBPUSD,ema10_30,4h,4.0,4.0,True,fundingpips_1step,7,2.0,fixed,IS,400.0,527,0.0,0.0,0.0,0.0,100.0,,0.9,1.13,-0.63,99966.0,0.0,1.5,1,,,
GBPUSD,ema10_30,4h,4.0,4.0,True,fundingpips_1step,30,2.0,fixed,IS,400.0,527,0.2,0.0,0.0,2.3,97.5,22.9,3.7,3.46,-1.47,99760.0,2.3,6.5,1,,,
GBPUSD,ema20_50,1h,2.0,2.0,True,fundingpips_1step,7,2.0,fixed,IS,400.0,527,0.6,0.0,1.1,0.2,98.1,4.6,1.6,2.48,-1.15,100028.0,1.3,1.5,1,,,
GBPUSD,ema20_50,1h,2.0,2.0,True,fundingpips_1step,30,2.0,fixed,IS,400.0,527,7.4,0.0,3.4,15.6,73.6,19.8,6.4,5.92,-1.97,100059.0,19.0,6.3,1,,,
GBPUSD,ema20_50,4h,1.0,1.0,True,fundingpips_1step,7,2.0,fixed,IS,400.0,527,0.2,0.0,0.0,0.0,99.8,2.5,0.5,1.1,-0.51,100011.0,0.0,1.0,1,,,
GBPUSD,ema20_50,4h,1.0,1.0,True,fundingpips_1step,30,2.0,fixed,IS,400.0,527,0.9,0.0,0.0,2.1,97.0,19.6,2.3,3.56,-1.45,100135.0,2.1,4.0,1,,,
GBPUSD,ema20_50,4h,2.0,2.0,True,fundingpips_1step,7,2.0,fixed,IS,400.0,527,0.2,0.0,0.0,0.0,99.8,3.9,0.5,0.9,-0.45,99971.0,0.0,1.0,1,,,
GBPUSD,ema20_50,4h,2.0,2.0,True,fundingpips_1step,30,2.0,fixed,IS,400.0,527,1.9,0.0,0.0,0.2,97.9,21.1,2.3,3.05,-1.35,99927.0,0.2,3.9,1,,,
GBPUSD,ema20_50,1h,4.0,4.0,True,fundingpips_1step,7,2.0,fixed,IS,400.0,527,0.2,0.0,1.7,0.0,98.1,3.6,1.6,1.93,-1.02,100058.0,1.7,2.0,1,,,
GBPUSD,ema20_50,1h,4.0,4.0,True,fundingpips_1step,30,2.0,fixed,IS,400.0,527,3.4,0.0,8.2,8.7,79.7,19.1,6.5,4.68,-1.9,100089.0,16.9,8.4,1,,,
GBPUSD,ema20_50,4h,4.0,4.0,True,fundingpips_1step,7,2.0,fixed,IS,400.0,527,0.0,0.0,0.0,0.0,100.0,,0.5,0.77,-0.41,99981.0,0.0,1.3,1,,,
GBPUSD,ema20_50,4h,4.0,4.0,True,fundingpips_1step,30,2.0,fixed,IS,400.0,527,0.0,0.0,0.0,0.2,99.8,,2.3,2.72,-1.26,99936.0,0.2,5.9,1,,,
GBPUSD,ema50_200,1h,1.0,1.0,True,fundingpips_1step,7,2.0,fixed,IS,400.0,527,0.0,0.0,0.0,0.0,100.0,,0.6,1.3,-0.61,99918.0,0.0,0.9,1,,,
GBPUSD,ema50_200,1h,1.0,1.0,True,fundingpips_1step,30,2.0,fixed,IS,400.0,527,0.2,0.0,0.0,3.8,96.0,29.4,2.8,3.98,-1.54,99605.0,3.8,3.6,1,,,
GBPUSD,ema50_200,1h,2.0,2.0,True,fundingpips_1step,7,2.0,fixed,IS,400.0,527,0.2,0.0,0.0,0.0,99.8,3.9,0.6,1.06,-0.52,99882.0,0.0,1.0,1,,,
GBPUSD,ema50_200,1h,2.0,2.0,True,fundingpips_1step,30,2.0,fixed,IS,400.0,527,0.2,0.0,0.0,2.8,97.0,3.9,2.8,3.42,-1.39,99471.0,2.8,4.1,1,,,
GBPUSD,ema50_200,4h,1.0,1.0,True,fundingpips_1step,7,2.0,fixed,IS,400.0,527,0.0,0.0,0.0,0.0,100.0,,0.2,0.41,-0.19,99980.0,0.0,0.8,1,,,
GBPUSD,ema50_200,4h,1.0,1.0,True,fundingpips_1step,30,2.0,fixed,IS,400.0,527,0.0,0.0,0.0,0.2,99.8,,0.8,1.7,-0.68,99978.0,0.2,3.1,1,,,
GBPUSD,ema50_200,4h,2.0,2.0,True,fundingpips_1step,7,2.0,fixed,IS,400.0,527,0.0,0.0,0.0,0.0,100.0,,0.2,0.33,-0.15,99966.0,0.0,0.8,1,,,
GBPUSD,ema50_200,4h,2.0,2.0,True,fundingpips_1step,30,2.0,fixed,IS,400.0,527,0.0,0.0,0.0,0.0,100.0,,0.8,1.34,-0.57,99905.0,0.0,3.3,1,,,
GBPUSD,ema50_200,1h,4.0,4.0,True,fundingpips_1step,7,2.0,fixed,IS,400.0,527,0.0,0.0,0.6,0.0,99.4,,0.6,0.9,-0.47,99998.0,0.6,1.2,1,,,
GBPUSD,ema50_200,1h,4.0,4.0,True,fundingpips_1step,30,2.0,fixed,IS,400.0,527,1.1,0.0,2.7,0.9,95.3,17.0,2.8,2.98,-1.31,100091.0,3.6,5.5,1,,,
GBPUSD,ema50_200,4h,4.0,4.0,True,fundingpips_1step,7,2.0,fixed,IS,400.0,527,0.0,0.0,0.0,0.0,100.0,,0.2,0.28,-0.16,99994.0,0.0,0.8,1,,,
GBPUSD,ema50_200,4h,4.0,4.0,True,fundingpips_1step,30,2.0,fixed,IS,400.0,527,0.0,0.0,0.0,0.0,100.0,,0.8,1.14,-0.58,100001.0,0.0,3.6,1,,,
GBPUSD,don20,1h,1.0,1.0,True,fundingpips_1step,7,2.0,fixed,IS,400.0,527,6.8,0.0,5.3,19.4,68.5,3.2,4.0,6.28,-2.09,99519.0,24.7,1.3,1,,,
GBPUSD,don20,1h,1.0,1.0,True,fundingpips_1step,30,2.0,fixed,IS,400.0,527,19.2,0.0,12.5,56.5,11.8,9.1,9.0,9.29,-2.3,98902.0,69.0,2.3,1,,,
GBPUSD,don20,4h,1.0,1.0,True,fundingpips_1step,7,2.0,fixed,IS,400.0,527,2.3,0.0,2.1,0.9,94.7,3.0,2.0,3.78,-1.55,100137.0,3.0,1.1,1,,,
GBPUSD,don20,4h,1.0,1.0,True,fundingpips_1step,30,2.0,fixed,IS,400.0,527,17.5,0.0,8.5,32.1,41.9,18.0,6.7,8.19,-2.15,100746.0,40.6,3.7,1,,,
GBPUSD,don20,1h,2.0,2.0,True,fundingpips_1step,7,2.0,fixed,IS,400.0,527,4.4,0.0,8.9,9.3,77.4,3.9,4.0,5.44,-2.07,100056.0,18.2,2.6,1,,,
GBPUSD,don20,1h,2.0,2.0,True,fundingpips_1step,30,2.0,fixed,IS,400.0,527,19.5,0.0,21.8,39.3,19.4,13.4,9.9,8.74,-2.47,100547.0,61.1,5.7,1,,,
GBPUSD,don20,4h,2.0,2.0,True,fundingpips_1step,7,2.0,fixed,IS,400.0,527,1.3,0.0,2.1,0.2,96.4,3.6,1.9,2.98,-1.37,100141.0,2.3,1.5,1,,,
GBPUSD,don20,4h,2.0,2.0,True,fundingpips_1step,30,2.0,fixed,IS,400.0,527,10.4,0.0,11.0,17.6,60.9,19.4,6.9,6.82,-2.16,100890.0,28.6,6.9,1,,,
GBPUSD,don55,1h,1.0,1.0,True,fundingpips_1step,7,2.0,fixed,IS,400.0,527,4.4,0.0,4.2,6.8,84.6,2.9,2.9,4.98,-1.91,99359.0,11.0,1.3,1,,,
GBPUSD,don55,1h,1.0,1.0,True,fundingpips_1step,30,2.0,fixed,IS,400.0,527,14.0,0.0,11.4,49.0,25.6,10.5,7.6,8.58,-2.25,98214.0,60.4,3.1,1,,,
GBPUSD,don20,1h,4.0,4.0,True,fundingpips_1step,7,2.0,fixed,IS,400.0,527,0.8,0.0,12.3,2.1,84.8,3.8,3.5,4.04,-2.05,100072.0,14.4,3.8,1,,,
GBPUSD,don20,1h,4.0,4.0,True,fundingpips_1step,30,2.0,fixed,IS,400.0,527,11.4,0.0,41.2,18.2,29.2,15.9,9.8,6.79,-2.73,100234.0,59.4,11.1,1,,,
GBPUSD,don20,4h,4.0,4.0,True,fundingpips_1step,7,2.0,fixed,IS,400.0,527,0.0,0.0,0.8,0.0,99.2,,1.6,2.15,-1.17,100113.0,0.8,2.3,1,,,
GBPUSD,don20,4h,4.0,4.0,True,fundingpips_1step,30,2.0,fixed,IS,400.0,527,2.3,0.0,3.8,9.5,84.4,24.8,6.3,5.06,-1.88,100523.0,13.3,9.4,1,,,
GBPUSD,don55,1h,2.0,2.0,True,fundingpips_1step,7,2.0,fixed,IS,400.0,527,2.7,0.0,3.2,1.9,92.2,2.8,2.7,4.17,-1.74,99837.0,5.1,2.2,1,,,
GBPUSD,don55,1h,2.0,2.0,True,fundingpips_1step,30,2.0,fixed,IS,400.0,527,12.1,0.0,10.1,34.2,43.6,15.7,8.5,8.29,-2.21,99692.0,44.3,5.9,1,,,
GBPUSD,don55,4h,1.0,1.0,True,fundingpips_1step,7,2.0,fixed,IS,400.0,527,2.1,0.0,0.9,0.2,96.8,2.9,1.3,2.7,-1.11,100048.0,1.1,1.0,1,,,
GBPUSD,don55,4h,1.0,1.0,True,fundingpips_1step,30,2.0,fixed,IS,400.0,527,11.4,0.0,3.6,24.5,60.5,15.5,4.9,7.1,-2.0,100188.0,28.1,3.4,1,,,
GBPUSD,don55,4h,2.0,2.0,True,fundingpips_1step,7,2.0,fixed,IS,400.0,527,0.9,0.0,0.9,0.0,98.1,3.6,1.2,2.08,-0.96,100109.0,0.9,1.3,1,,,
GBPUSD,don55,4h,2.0,2.0,True,fundingpips_1step,30,2.0,fixed,IS,400.0,527,6.5,0.0,4.6,8.7,80.3,21.7,5.0,5.5,-1.91,100667.0,13.3,4.8,1,,,
GBPUSD,don55,1h,4.0,4.0,True,fundingpips_1step,7,2.0,fixed,IS,400.0,527,0.2,0.0,2.3,0.2,97.3,3.9,2.3,2.99,-1.51,100009.0,2.5,2.8,1,,,
GBPUSD,don55,1h,4.0,4.0,True,fundingpips_1step,30,2.0,fixed,IS,400.0,527,4.6,0.0,9.1,20.7,65.7,18.5,8.1,6.18,-2.15,99979.0,29.8,10.4,1,,,
EURUSD,ema10_30,1h,1.0,1.0,True,fundingpips_1step,7,2.0,fixed,IS,400.0,527,2.1,0.0,1.7,3.6,92.6,2.8,2.7,4.43,-1.76,99789.0,5.3,1.0,1,,,
EURUSD,ema10_30,1h,1.0,1.0,True,fundingpips_1step,30,2.0,fixed,IS,400.0,527,15.4,0.0,7.4,41.2,36.1,14.4,8.4,8.14,-2.26,99366.0,48.6,3.0,1,,,
GBPUSD,don55,4h,4.0,4.0,True,fundingpips_1step,7,2.0,fixed,IS,400.0,527,0.0,0.0,0.4,0.0,99.6,,1.1,1.49,-0.85,99992.0,0.4,1.7,1,,,
GBPUSD,don55,4h,4.0,4.0,True,fundingpips_1step,30,2.0,fixed,IS,400.0,527,1.1,0.0,1.3,2.1,95.4,19.1,4.3,4.19,-1.67,99963.0,3.4,7.4,1,,,
EURUSD,ema10_30,4h,1.0,1.0,True,fundingpips_1step,7,2.0,fixed,IS,400.0,527,0.4,0.0,0.0,0.6,99.1,3.4,0.8,1.72,-0.82,99881.0,0.6,0.9,1,,,
EURUSD,ema10_30,4h,1.0,1.0,True,fundingpips_1step,30,2.0,fixed,IS,400.0,527,3.6,0.0,0.0,12.1,84.3,21.5,3.6,5.13,-1.82,99746.0,12.1,3.6,1,,,
EURUSD,ema10_30,1h,2.0,2.0,True,fundingpips_1step,7,2.0,fixed,IS,400.0,527,2.1,0.0,3.4,0.8,93.7,3.5,2.7,3.71,-1.62,100166.0,4.2,1.8,1,,,
EURUSD,ema10_30,1h,2.0,2.0,True,fundingpips_1step,30,2.0,fixed,IS,400.0,527,15.7,0.0,13.3,26.8,44.2,16.4,8.8,7.09,-2.24,100902.0,40.1,5.6,1,,,
EURUSD,ema10_30,4h,2.0,2.0,True,fundingpips_1step,7,2.0,fixed,IS,400.0,527,0.0,0.0,0.4,0.0,99.6,,0.9,1.39,-0.71,99983.0,0.4,1.1,1,,,
EURUSD,ema10_30,4h,2.0,2.0,True,fundingpips_1step,30,2.0,fixed,IS,400.0,527,0.6,0.0,2.7,3.6,93.2,23.9,3.7,4.16,-1.66,99980.0,6.3,4.6,1,,,
EURUSD,ema20_50,1h,1.0,1.0,True,fundingpips_1step,7,2.0,fixed,IS,400.0,527,2.5,0.0,2.1,0.8,94.7,2.6,1.8,3.34,-1.52,99682.0,2.9,1.1,1,,,
EURUSD,ema20_50,1h,1.0,1.0,True,fundingpips_1step,30,2.0,fixed,IS,400.0,527,10.4,0.0,8.0,34.2,47.4,12.9,6.1,7.35,-2.16,99098.0,42.2,3.6,1,,,
EURUSD,ema10_30,4h,4.0,4.0,True,fundingpips_1step,7,2.0,fixed,IS,400.0,527,0.0,0.0,0.9,0.0,99.1,,0.8,1.14,-0.64,99990.0,0.9,1.5,1,,,
EURUSD,ema10_30,4h,4.0,4.0,True,fundingpips_1step,30,2.0,fixed,IS,400.0,527,0.9,0.0,3.8,1.3,93.9,24.9,3.7,3.49,-1.57,100159.0,5.1,6.8,1,,,
EURUSD,ema10_30,1h,4.0,4.0,True,fundingpips_1step,7,2.0,fixed,IS,400.0,527,0.2,0.0,4.2,0.0,95.6,4.9,2.7,2.87,-1.49,100079.0,4.2,2.6,1,,,
EURUSD,ema10_30,1h,4.0,4.0,True,fundingpips_1step,30,2.0,fixed,IS,400.0,527,7.8,0.0,18.6,15.6,58.1,20.6,9.8,5.72,-2.35,100402.0,34.2,10.4,1,,,
EURUSD,ema20_50,1h,2.0,2.0,True,fundingpips_1step,7,2.0,fixed,IS,400.0,527,1.1,0.0,1.7,0.0,97.2,3.7,1.8,2.71,-1.35,100058.0,1.7,1.5,1,,,
EURUSD,ema20_50,1h,2.0,2.0,True,fundingpips_1step,30,2.0,fixed,IS,400.0,527,5.9,0.0,5.3,17.8,71.0,14.4,6.7,6.05,-2.07,100244.0,23.1,5.7,1,,,
EURUSD,ema20_50,4h,1.0,1.0,True,fundingpips_1step,7,2.0,fixed,IS,400.0,527,0.0,0.0,0.0,0.0,100.0,,0.6,1.22,-0.56,100060.0,0.0,0.8,1,,,
EURUSD,ema20_50,4h,1.0,1.0,True,fundingpips_1step,30,2.0,fixed,IS,400.0,527,1.1,0.0,0.0,4.0,94.9,19.1,2.5,4.03,-1.53,100227.0,4.0,3.4,1,,,
EURUSD,ema20_50,4h,2.0,2.0,True,fundingpips_1step,7,2.0,fixed,IS,400.0,527,0.4,0.0,0.0,0.0,99.6,4.5,0.6,1.01,-0.47,100094.0,0.0,1.0,1,,,
EURUSD,ema20_50,4h,2.0,2.0,True,fundingpips_1step,30,2.0,fixed,IS,400.0,527,2.5,0.0,0.0,2.3,95.3,15.4,2.5,3.32,-1.35,100407.0,2.3,4.0,1,,,
EURUSD,ema50_200,1h,1.0,1.0,True,fundingpips_1step,7,2.0,fixed,IS,400.0,527,0.6,0.0,0.0,0.0,99.4,3.5,0.6,1.29,-0.59,100077.0,0.0,0.9,1,,,
EURUSD,ema50_200,1h,1.0,1.0,True,fundingpips_1step,30,2.0,fixed,IS,400.0,527,2.8,0.0,0.0,1.9,95.3,21.5,2.7,4.08,-1.52,100525.0,1.9,3.5,1,,,
EURUSD,ema20_50,4h,4.0,4.0,True,fundingpips_1step,7,2.0,fixed,IS,400.0,527,0.0,0.0,0.4,0.2,99.4,,0.6,0.83,-0.43,100002.0,0.6,1.2,1,,,
EURUSD,ema20_50,4h,4.0,4.0,True,fundingpips_1step,30,2.0,fixed,IS,400.0,527,0.0,0.0,2.5,2.1,95.4,,2.5,2.87,-1.26,99905.0,4.6,4.9,1,,,
EURUSD,ema20_50,1h,4.0,4.0,True,fundingpips_1step,7,2.0,fixed,IS,400.0,527,0.0,0.0,2.5,0.0,97.5,,1.8,2.19,-1.21,99942.0,2.5,2.2,1,,,
EURUSD,ema20_50,1h,4.0,4.0,True,fundingpips_1step,30,2.0,fixed,IS,400.0,527,0.6,0.0,10.6,11.0,77.8,22.9,7.0,5.12,-2.12,99858.0,21.6,9.0,1,,,
EURUSD,ema50_200,1h,2.0,2.0,True,fundingpips_1step,7,2.0,fixed,IS,400.0,527,0.2,0.0,0.0,0.0,99.8,3.5,0.6,1.07,-0.5,100189.0,0.0,1.1,1,,,
EURUSD,ema50_200,1h,2.0,2.0,True,fundingpips_1step,30,2.0,fixed,IS,400.0,527,3.8,0.0,0.0,0.0,96.2,22.7,2.7,3.38,-1.35,100952.0,0.0,4.4,1,,,
EURUSD,ema50_200,4h,1.0,1.0,True,fundingpips_1step,7,2.0,fixed,IS,400.0,527,0.0,0.0,0.0,0.0,100.0,,0.2,0.38,-0.21,99915.0,0.0,0.8,1,,,
EURUSD,ema50_200,4h,1.0,1.0,True,fundingpips_1step,30,2.0,fixed,IS,400.0,527,0.0,0.0,0.0,1.1,98.9,,0.8,1.5,-0.72,99665.0,1.1,3.0,1,,,
EURUSD,ema50_200,4h,2.0,2.0,True,fundingpips_1step,7,2.0,fixed,IS,400.0,527,0.0,0.0,0.0,0.0,100.0,,0.2,0.33,-0.17,99954.0,0.0,0.8,1,,,
EURUSD,ema50_200,4h,2.0,2.0,True,fundingpips_1step,30,2.0,fixed,IS,400.0,527,0.0,0.0,0.0,0.0,100.0,,0.8,1.3,-0.59,99825.0,0.0,3.1,1,,,
EURUSD,ema50_200,4h,4.0,4.0,True,fundingpips_1step,7,2.0,fixed,IS,400.0,527,0.0,0.0,0.0,0.0,100.0,,0.2,0.28,-0.16,99959.0,0.0,0.9,1,,,
EURUSD,ema50_200,4h,4.0,4.0,True,fundingpips_1step,30,2.0,fixed,IS,400.0,527,0.0,0.0,0.0,0.0,100.0,,0.8,1.13,-0.57,99800.0,0.0,3.6,1,,,
EURUSD,ema50_200,1h,4.0,4.0,True,fundingpips_1step,7,2.0,fixed,IS,400.0,527,0.4,0.0,0.0,0.0,99.6,5.2,0.6,0.85,-0.45,100070.0,0.0,1.3,1,,,
EURUSD,ema50_200,1h,4.0,4.0,True,fundingpips_1step,30,2.0,fixed,IS,400.0,527,2.5,0.0,0.0,0.0,97.5,16.9,2.8,2.83,-1.28,100411.0,0.0,5.9,1,,,
EURUSD,don20,1h,1.0,1.0,True,fundingpips_1step,7,2.0,fixed,IS,400.0,527,4.7,0.0,2.5,21.1,71.7,3.8,4.1,6.34,-2.04,98771.0,23.6,1.3,1,,,
EURUSD,don20,1h,1.0,1.0,True,fundingpips_1step,30,2.0,fixed,IS,400.0,527,15.4,0.0,5.9,67.2,11.6,9.5,8.9,9.36,-2.19,97504.0,73.1,2.7,1,,,
EURUSD,don20,4h,1.0,1.0,True,fundingpips_1step,7,2.0,fixed,IS,400.0,527,0.2,0.0,1.9,0.4,97.5,3.6,1.9,3.52,-1.5,99511.0,2.3,1.1,1,,,
EURUSD,don20,4h,1.0,1.0,True,fundingpips_1step,30,2.0,fixed,IS,400.0,527,3.6,0.0,7.2,37.4,51.8,21.4,6.8,7.63,-2.17,98206.0,44.6,3.7,1,,,
EURUSD,don20,1h,2.0,2.0,True,fundingpips_1step,7,2.0,fixed,IS,400.0,527,3.2,0.0,8.5,7.2,81.0,3.5,4.0,5.27,-2.03,99790.0,15.7,2.2,1,,,
EURUSD,don20,1h,2.0,2.0,True,fundingpips_1step,30,2.0,fixed,IS,400.0,527,14.0,0.0,27.1,42.3,16.5,14.1,9.9,7.97,-2.48,99599.0,69.4,5.4,1,,,
EURUSD,don20,4h,2.0,2.0,True,fundingpips_1step,7,2.0,fixed,IS,400.0,527,1.1,0.0,0.9,0.0,97.9,3.2,1.8,2.88,-1.33,99840.0,0.9,1.5,1,,,
EURUSD,don20,4h,2.0,2.0,True,fundingpips_1step,30,2.0,fixed,IS,400.0,527,7.0,0.0,3.0,25.4,64.5,15.9,6.8,6.27,-2.0,99501.0,28.4,5.5,1,,,
EURUSD,don55,1h,1.0,1.0,True,fundingpips_1step,7,2.0,fixed,IS,400.0,527,2.5,0.0,3.2,6.1,88.2,2.9,2.8,4.87,-1.88,99187.0,9.3,1.2,1,,,
EURUSD,don55,1h,1.0,1.0,True,fundingpips_1step,30,2.0,fixed,IS,400.0,527,11.2,0.0,11.6,54.6,22.6,15.3,7.7,8.58,-2.25,97654.0,66.2,3.3,1,,,
EURUSD,don20,1h,4.0,4.0,True,fundingpips_1step,7,2.0,fixed,IS,400.0,527,0.8,0.0,12.7,2.3,84.3,4.2,3.4,4.0,-2.03,99947.0,15.0,3.8,1,,,
EURUSD,don20,1h,4.0,4.0,True,fundingpips_1step,30,2.0,fixed,IS,400.0,527,7.2,0.0,38.9,21.1,32.8,16.4,9.7,6.5,-2.72,100079.0,60.0,11.7,1,,,
EURUSD,don20,4h,4.0,4.0,True,fundingpips_1step,7,2.0,fixed,IS,400.0,527,0.2,0.0,0.9,0.0,98.9,6.3,1.5,2.15,-1.18,99865.0,0.9,2.1,1,,,
EURUSD,don20,4h,4.0,4.0,True,fundingpips_1step,30,2.0,fixed,IS,400.0,527,1.1,0.0,4.9,14.0,79.9,15.8,6.0,5.06,-1.85,99501.0,18.9,9.8,1,,,
EURUSD,don55,1h,2.0,2.0,True,fundingpips_1step,7,2.0,fixed,IS,400.0,527,1.5,0.0,3.2,2.3,93.0,4.2,2.6,3.86,-1.68,99689.0,5.5,2.0,1,,,
EURUSD,don55,1h,2.0,2.0,True,fundingpips_1step,30,2.0,fixed,IS,400.0,527,7.6,0.0,15.2,35.5,41.7,14.8,8.4,7.25,-2.25,99212.0,50.7,6.4,1,,,
EURUSD,don55,4h,1.0,1.0,True,fundingpips_1step,7,2.0,fixed,IS,400.0,527,0.0,0.0,0.6,0.0,99.4,,1.1,2.23,-1.01,99575.0,0.6,1.0,1,,,
EURUSD,don55,4h,1.0,1.0,True,fundingpips_1step,30,2.0,fixed,IS,400.0,527,1.1,0.0,3.2,16.5,79.1,21.1,4.7,6.11,-2.0,98320.0,19.7,3.7,1,,,
EURUSD,don55,4h,2.0,2.0,True,fundingpips_1step,7,2.0,fixed,IS,400.0,527,0.4,0.0,0.4,0.0,99.2,4.1,1.1,1.79,-0.9,99786.0,0.4,1.4,1,,,
EURUSD,don55,4h,2.0,2.0,True,fundingpips_1step,30,2.0,fixed,IS,400.0,527,2.1,0.0,1.3,7.4,89.2,22.3,4.6,4.89,-1.8,99211.0,8.7,5.1,1,,,
EURUSD,don55,1h,4.0,4.0,True,fundingpips_1step,7,2.0,fixed,IS,400.0,527,0.4,0.0,1.3,0.2,98.1,5.1,2.2,2.92,-1.47,99767.0,1.5,2.8,1,,,
EURUSD,don55,1h,4.0,4.0,True,fundingpips_1step,30,2.0,fixed,IS,400.0,527,2.7,0.0,4.7,23.1,69.4,21.4,8.1,6.16,-2.08,99222.0,27.8,10.9,1,,,
USDJPY,ema10_30,1h,1.0,1.0,True,fundingpips_1step,7,2.0,fixed,IS,400.0,527,2.3,0.0,2.3,3.0,92.4,6.1,2.6,4.35,-1.72,99864.0,5.3,1.2,1,,,
USDJPY,ema10_30,1h,1.0,1.0,True,fundingpips_1step,30,2.0,fixed,IS,400.0,527,14.0,0.0,6.6,38.9,40.4,14.4,8.3,8.19,-2.23,99440.0,45.5,3.7,1,,,
EURUSD,don55,4h,4.0,4.0,True,fundingpips_1step,7,2.0,fixed,IS,400.0,527,0.2,0.0,0.4,0.0,99.4,6.3,0.9,1.33,-0.78,99897.0,0.4,1.6,1,,,
EURUSD,don55,4h,4.0,4.0,True,fundingpips_1step,30,2.0,fixed,IS,400.0,527,1.1,0.0,2.7,1.9,94.3,15.8,3.9,3.66,-1.64,99497.0,4.6,7.1,1,,,
USDJPY,ema10_30,4h,1.0,1.0,True,fundingpips_1step,7,2.0,fixed,IS,400.0,527,0.0,0.0,0.0,0.4,99.6,,0.9,1.86,-0.85,99899.0,0.4,1.1,1,,,
USDJPY,ema10_30,4h,1.0,1.0,True,fundingpips_1step,30,2.0,fixed,IS,400.0,527,1.7,0.0,0.0,15.0,83.3,23.7,3.8,5.13,-1.8,99647.0,15.0,3.9,1,,,
USDJPY,ema10_30,4h,2.0,2.0,True,fundingpips_1step,7,2.0,fixed,IS,400.0,527,0.4,0.0,0.6,0.0,99.1,6.0,0.9,1.6,-0.76,100042.0,0.6,1.2,1,,,
USDJPY,ema10_30,4h,2.0,2.0,True,fundingpips_1step,30,2.0,fixed,IS,400.0,527,3.6,0.0,3.4,7.6,85.4,17.1,3.8,4.48,-1.69,100156.0,11.0,5.0,1,,,
USDJPY,ema10_30,1h,2.0,2.0,True,fundingpips_1step,7,2.0,fixed,IS,400.0,527,0.8,0.0,5.5,0.2,93.5,4.4,2.6,3.63,-1.65,100107.0,5.7,2.1,1,,,
USDJPY,ema10_30,1h,2.0,2.0,True,fundingpips_1step,30,2.0,fixed,IS,400.0,527,9.5,0.0,20.1,22.4,48.0,16.9,8.8,6.96,-2.43,100327.0,42.5,6.8,1,,,
USDJPY,ema20_50,1h,1.0,1.0,True,fundingpips_1step,7,2.0,fixed,IS,400.0,527,0.9,0.0,1.9,0.9,96.2,2.9,1.7,3.18,-1.41,99777.0,2.8,1.2,1,,,
USDJPY,ema20_50,1h,1.0,1.0,True,fundingpips_1step,30,2.0,fixed,IS,400.0,527,9.1,0.0,6.5,28.5,56.0,17.2,5.9,6.88,-2.14,99272.0,35.0,3.7,1,,,
USDJPY,ema10_30,4h,4.0,4.0,True,fundingpips_1step,7,2.0,fixed,IS,400.0,527,0.0,0.0,1.3,0.0,98.7,,0.9,1.31,-0.75,99980.0,1.3,1.7,1,,,
USDJPY,ema10_30,4h,4.0,4.0,True,fundingpips_1step,30,2.0,fixed,IS,400.0,527,0.8,0.0,8.0,4.4,86.9,24.4,3.8,3.92,-1.79,99863.0,12.4,7.4,1,,,
USDJPY,ema10_30,1h,4.0,4.0,True,fundingpips_1step,7,2.0,fixed,IS,400.0,527,0.4,0.0,4.2,0.0,95.4,4.9,2.6,2.78,-1.49,100144.0,4.2,3.1,1,,,
USDJPY,ema10_30,1h,4.0,4.0,True,fundingpips_1step,30,2.0,fixed,IS,400.0,527,5.9,0.0,21.3,8.3,64.5,17.9,9.7,5.61,-2.42,100575.0,29.6,11.7,1,,,
USDJPY,ema20_50,1h,2.0,2.0,True,fundingpips_1step,7,2.0,fixed,IS,400.0,527,0.4,0.0,3.0,0.2,96.4,3.6,1.7,2.67,-1.27,100064.0,3.2,1.6,1,,,
USDJPY,ema20_50,1h,2.0,2.0,True,fundingpips_1step,30,2.0,fixed,IS,400.0,527,8.0,0.0,10.2,15.0,66.8,21.9,6.3,5.95,-2.11,100236.0,25.2,5.9,1,,,
USDJPY,ema20_50,4h,1.0,1.0,True,fundingpips_1step,7,2.0,fixed,IS,400.0,527,0.0,0.0,0.2,0.0,99.8,,0.5,1.06,-0.53,99831.0,0.2,0.8,1,,,
USDJPY,ema20_50,4h,1.0,1.0,True,fundingpips_1step,30,2.0,fixed,IS,400.0,527,1.5,0.0,1.3,4.6,92.6,25.4,2.2,3.5,-1.46,99294.0,5.9,3.5,1,,,
USDJPY,ema20_50,4h,2.0,2.0,True,fundingpips_1step,7,2.0,fixed,IS,400.0,527,0.0,0.0,0.6,0.0,99.4,,0.5,0.93,-0.49,99919.0,0.6,1.0,1,,,
USDJPY,ema20_50,4h,2.0,2.0,True,fundingpips_1step,30,2.0,fixed,IS,400.0,527,0.0,0.0,2.7,2.8,94.5,,2.2,3.03,-1.4,99524.0,5.5,4.0,1,,,
USDJPY,ema20_50,4h,4.0,4.0,True,fundingpips_1step,7,2.0,fixed,IS,400.0,527,0.0,0.0,0.8,0.0,99.2,,0.5,0.77,-0.46,99905.0,0.8,1.2,1,,,
USDJPY,ema20_50,4h,4.0,4.0,True,fundingpips_1step,30,2.0,fixed,IS,400.0,527,0.0,0.0,4.0,1.7,94.3,,2.2,2.66,-1.37,99535.0,5.7,5.4,1,,,
USDJPY,ema50_200,1h,1.0,1.0,True,fundingpips_1step,7,2.0,fixed,IS,400.0,527,0.0,0.0,0.0,0.0,100.0,,0.6,1.3,-0.68,99868.0,0.0,0.9,1,,,
USDJPY,ema50_200,1h,1.0,1.0,True,fundingpips_1step,30,2.0,fixed,IS,400.0,527,0.6,0.0,0.0,9.1,90.3,22.6,2.7,3.94,-1.63,99455.0,9.1,3.5,1,,,
USDJPY,ema20_50,1h,4.0,4.0,True,fundingpips_1step,7,2.0,fixed,IS,400.0,527,0.6,0.0,3.2,0.0,96.2,3.9,1.7,2.12,-1.19,100143.0,3.2,2.6,1,,,
USDJPY,ema20_50,1h,4.0,4.0,True,fundingpips_1step,30,2.0,fixed,IS,400.0,527,3.2,0.0,14.0,9.1,73.6,17.4,6.4,4.98,-2.2,100413.0,23.1,9.9,1,,,
USDJPY,ema50_200,1h,2.0,2.0,True,fundingpips_1step,7,2.0,fixed,IS,400.0,527,0.4,0.0,0.2,0.0,99.4,3.5,0.6,1.13,-0.61,99925.0,0.2,1.0,1,,,
USDJPY,ema50_200,1h,2.0,2.0,True,fundingpips_1step,30,2.0,fixed,IS,400.0,527,1.1,0.0,0.9,6.1,91.8,15.5,2.8,3.5,-1.51,99559.0,7.0,4.2,1,,,
USDJPY,ema50_200,4h,1.0,1.0,True,fundingpips_1step,7,2.0,fixed,IS,400.0,527,0.4,0.0,0.0,0.0,99.6,4.3,0.2,0.48,-0.2,100105.0,0.0,0.8,1,,,
USDJPY,ema50_200,4h,1.0,1.0,True,fundingpips_1step,30,2.0,fixed,IS,400.0,527,1.3,0.0,0.0,0.0,98.7,14.8,0.8,1.79,-0.72,100443.0,0.0,3.1,1,,,
USDJPY,ema50_200,4h,2.0,2.0,True,fundingpips_1step,7,2.0,fixed,IS,400.0,527,0.9,0.0,0.0,0.0,99.1,3.6,0.2,0.46,-0.19,100115.0,0.0,0.8,1,,,
USDJPY,ema50_200,4h,2.0,2.0,True,fundingpips_1step,30,2.0,fixed,IS,400.0,527,3.8,0.0,0.0,0.0,96.2,16.1,0.8,1.79,-0.7,100371.0,0.0,3.3,1,,,
USDJPY,ema50_200,1h,4.0,4.0,True,fundingpips_1step,7,2.0,fixed,IS,400.0,527,0.0,0.0,1.1,0.0,98.9,,0.6,0.93,-0.57,99918.0,1.1,1.3,1,,,
USDJPY,ema50_200,1h,4.0,4.0,True,fundingpips_1step,30,2.0,fixed,IS,400.0,527,0.0,0.0,5.9,3.2,90.9,,2.7,2.97,-1.52,99531.0,9.1,6.1,1,,,
USDJPY,ema50_200,4h,4.0,4.0,True,fundingpips_1step,7,2.0,fixed,IS,400.0,527,0.0,0.0,0.2,0.0,99.8,,0.2,0.37,-0.21,100048.0,0.2,0.9,1,,,
USDJPY,ema50_200,4h,4.0,4.0,True,fundingpips_1step,30,2.0,fixed,IS,400.0,527,0.0,0.0,1.3,0.0,98.7,,0.8,1.5,-0.81,100073.0,1.3,4.0,1,,,
USDJPY,don20,1h,1.0,1.0,True,fundingpips_1step,7,2.0,fixed,IS,400.0,527,3.8,0.0,2.8,21.6,71.7,4.0,4.1,6.1,-2.06,98965.0,24.4,1.6,1,,,
USDJPY,don20,1h,1.0,1.0,True,fundingpips_1step,30,2.0,fixed,IS,400.0,527,17.8,0.0,6.6,65.3,10.2,12.8,8.9,9.14,-2.21,98054.0,71.9,2.8,1,,,
USDJPY,don20,4h,1.0,1.0,True,fundingpips_1step,7,2.0,fixed,IS,400.0,527,1.5,0.0,1.3,1.7,95.4,5.4,2.0,3.68,-1.56,99911.0,3.0,1.2,1,,,
USDJPY,don20,4h,1.0,1.0,True,fundingpips_1step,30,2.0,fixed,IS,400.0,527,12.0,0.0,4.6,34.5,49.0,19.7,7.1,7.45,-2.13,99831.0,39.1,3.8,1,,,
USDJPY,don20,1h,2.0,2.0,True,fundingpips_1step,7,2.0,fixed,IS,400.0,527,3.2,0.0,13.9,9.5,73.4,3.6,3.9,5.18,-2.09,99793.0,23.4,2.4,1,,,
USDJPY,don20,1h,2.0,2.0,True,fundingpips_1step,30,2.0,fixed,IS,400.0,527,16.5,0.0,32.3,39.5,11.8,13.5,8.5,7.39,-2.51,99867.0,71.8,5.6,1,,,
USDJPY,don20,4h,2.0,2.0,True,fundingpips_1step,7,2.0,fixed,IS,400.0,527,1.5,0.0,2.7,0.9,94.9,3.9,1.8,3.05,-1.38,100162.0,3.6,1.8,1,,,
USDJPY,don20,4h,2.0,2.0,True,fundingpips_1step,30,2.0,fixed,IS,400.0,527,12.0,0.0,10.4,24.1,53.5,16.1,6.5,6.3,-2.08,100800.0,34.5,6.0,1,,,
USDJPY,don55,1h,1.0,1.0,True,fundingpips_1step,7,2.0,fixed,IS,400.0,527,3.2,0.0,2.5,7.4,86.9,4.0,2.9,5.0,-1.85,99463.0,9.9,1.4,1,,,
USDJPY,don55,1h,1.0,1.0,True,fundingpips_1step,30,2.0,fixed,IS,400.0,527,15.9,0.0,8.2,54.6,21.3,13.6,7.8,8.63,-2.17,98633.0,62.8,3.1,1,,,
USDJPY,don20,1h,4.0,4.0,True,fundingpips_1step,7,2.0,fixed,IS,400.0,527,0.9,0.0,12.9,1.9,84.3,5.2,3.3,4.01,-2.05,99904.0,14.8,4.4,1,,,
USDJPY,don20,1h,4.0,4.0,True,fundingpips_1step,30,2.0,fixed,IS,400.0,527,9.7,0.0,42.3,21.8,26.2,17.0,8.9,6.55,-2.71,99786.0,64.1,11.8,1,,,
USDJPY,don20,4h,4.0,4.0,True,fundingpips_1step,7,2.0,fixed,IS,400.0,527,0.6,0.0,0.9,0.0,98.5,5.2,1.6,2.32,-1.23,100124.0,0.9,2.4,1,,,
USDJPY,don20,4h,4.0,4.0,True,fundingpips_1step,30,2.0,fixed,IS,400.0,527,7.4,0.0,4.6,17.6,70.4,22.9,5.9,5.29,-1.94,100870.0,22.2,9.8,1,,,
USDJPY,don55,1h,2.0,2.0,True,fundingpips_1step,7,2.0,fixed,IS,400.0,527,2.7,0.0,5.5,2.5,89.4,3.1,2.6,4.08,-1.71,100227.0,8.0,2.0,1,,,
USDJPY,don55,1h,2.0,2.0,True,fundingpips_1step,30,2.0,fixed,IS,400.0,527,15.7,0.0,16.3,35.3,32.6,14.2,7.8,7.25,-2.27,100230.0,51.6,5.8,1,,,
USDJPY,don55,4h,1.0,1.0,True,fundingpips_1step,7,2.0,fixed,IS,400.0,527,1.1,0.0,0.8,0.4,97.7,5.4,1.2,2.25,-1.01,99936.0,1.2,0.9,1,,,
USDJPY,don55,4h,1.0,1.0,True,fundingpips_1step,30,2.0,fixed,IS,400.0,527,7.4,0.0,3.0,17.1,72.5,20.4,4.8,6.04,-1.99,100024.0,20.1,3.8,1,,,
USDJPY,don55,4h,2.0,2.0,True,fundingpips_1step,7,2.0,fixed,IS,400.0,527,1.3,0.0,0.8,0.4,97.5,4.1,1.1,1.9,-0.92,100142.0,1.2,1.3,1,,,
USDJPY,don55,4h,2.0,2.0,True,fundingpips_1step,30,2.0,fixed,IS,400.0,527,10.4,0.0,4.0,13.1,72.5,16.6,4.3,5.11,-1.83,100647.0,17.1,3.9,1,,,
USDJPY,don55,4h,4.0,4.0,True,fundingpips_1step,7,2.0,fixed,IS,400.0,527,0.6,0.0,0.4,0.0,99.1,5.2,0.9,1.47,-0.82,100098.0,0.4,1.7,1,,,
USDJPY,don55,4h,4.0,4.0,True,fundingpips_1step,30,2.0,fixed,IS,400.0,527,5.5,0.0,1.3,6.8,86.3,22.3,3.6,4.17,-1.68,100705.0,8.1,5.1,1,,,
USDJPY,don55,1h,4.0,4.0,True,fundingpips_1step,7,2.0,fixed,IS,400.0,527,0.9,0.0,3.6,0.2,95.3,5.2,2.2,3.09,-1.54,100114.0,3.8,3.2,1,,,
USDJPY,don55,1h,4.0,4.0,True,fundingpips_1step,30,2.0,fixed,IS,400.0,527,8.2,0.0,13.9,15.6,62.4,17.9,7.6,6.27,-2.24,100513.0,29.5,9.5,1,,,
BTCUSD,don20,1h,1.0,1.0,False,fundingpips_1step,7,0.5,fixed,IS,400.0,390,0.0,0.0,0.0,0.0,100.0,,5.7,2.04,-0.54,100014.0,0.0,1.2,2,,,
BTCUSD,don20,1h,1.0,1.0,False,fundingpips_1step,14,0.5,fixed,IS,400.0,390,0.8,0.0,0.0,0.0,99.2,13.1,11.4,3.0,-0.57,100033.0,0.0,2.3,2,,,
BTCUSD,don20,1h,1.0,1.0,False,fundingpips_1step,7,0.5,balance,IS,400.0,390,0.0,0.0,0.0,0.0,100.0,,5.7,2.04,-0.55,100015.0,0.0,1.1,2,,,
BTCUSD,don20,1h,1.0,1.0,False,fundingpips_1step,14,0.5,balance,IS,400.0,390,0.8,0.0,0.0,0.0,99.2,13.1,11.4,3.0,-0.57,100039.0,0.0,2.4,2,,,
BTCUSD,don20,1h,1.0,1.0,False,fundingpips_1step,7,1.0,fixed,IS,400.0,390,2.1,0.0,0.0,2.1,95.9,5.2,5.7,4.08,-1.09,100025.0,2.1,1.3,2,,,
BTCUSD,don20,1h,1.0,1.0,False,fundingpips_1step,14,1.0,fixed,IS,400.0,390,5.6,0.0,0.0,17.7,76.7,8.6,10.7,5.72,-1.14,100022.0,17.7,2.3,2,,,
BTCUSD,don20,1h,1.0,1.0,False,fundingpips_1step,7,1.0,balance,IS,400.0,390,2.3,0.0,0.0,1.3,96.4,5.7,5.7,4.08,-1.09,100031.0,1.3,1.4,2,,,
BTCUSD,don20,1h,1.0,1.0,False,fundingpips_1step,14,1.0,balance,IS,400.0,390,6.2,0.0,0.0,17.2,76.7,8.6,10.7,5.73,-1.15,100051.0,17.2,2.3,2,,,
BTCUSD,don20,1h,1.0,1.0,False,fundingpips_1step,7,1.0,ladder,IS,400.0,390,0.3,0.0,0.0,0.0,99.7,6.3,5.7,2.65,-0.88,100013.0,0.0,1.2,2,,,
BTCUSD,don20,1h,1.0,1.0,False,fundingpips_1step,14,1.0,ladder,IS,400.0,390,2.6,0.0,0.0,0.0,97.4,8.7,11.3,3.96,-1.01,100006.0,0.0,2.2,2,,,
BTCUSD,don20,1h,1.0,1.0,False,fundingpips_1step,7,1.0,ladder_balance,IS,400.0,390,0.3,0.0,0.0,0.0,99.7,6.3,5.7,2.66,-0.89,100014.0,0.0,1.1,2,,,
BTCUSD,don20,1h,1.0,1.0,False,fundingpips_1step,14,1.0,ladder_balance,IS,400.0,390,2.6,0.0,0.0,0.0,97.4,8.7,11.3,3.98,-1.02,100010.0,0.0,2.4,2,,,
BTCUSD,don20,1h,1.0,1.0,False,fundingpips_1step,7,1.5,fixed,IS,400.0,390,7.4,0.0,0.0,16.4,76.2,4.3,5.4,5.84,-1.61,100054.0,16.4,1.2,2,,,
BTCUSD,don20,1h,1.0,1.0,False,fundingpips_1step,14,1.5,fixed,IS,400.0,390,14.9,0.0,0.0,34.1,51.0,7.0,9.1,7.48,-1.66,100491.0,34.1,2.0,2,,,
BTCUSD,don20,1h,1.0,1.0,False,fundingpips_1step,7,1.5,balance,IS,400.0,390,7.7,0.0,0.0,15.4,76.9,4.3,5.5,5.88,-1.62,100044.0,15.4,1.2,2,,,
BTCUSD,don20,1h,1.0,1.0,False,fundingpips_1step,14,1.5,balance,IS,400.0,390,15.9,0.0,0.0,34.6,49.5,7.2,9.1,7.54,-1.69,100473.0,34.6,2.0,2,,,
BTCUSD,don20,1h,1.0,1.0,False,fundingpips_1step,7,1.5,ladder,IS,400.0,390,1.8,0.0,0.0,0.0,98.2,4.8,5.7,2.85,-0.99,100024.0,0.0,1.3,2,,,
BTCUSD,don20,1h,1.0,1.0,False,fundingpips_1step,14,1.5,ladder,IS,400.0,390,4.9,0.0,0.0,0.0,95.1,8.3,11.2,4.31,-1.23,100065.0,0.0,2.3,2,,,
BTCUSD,don20,1h,1.0,1.0,False,fundingpips_1step,7,1.5,ladder_balance,IS,400.0,390,1.8,0.0,0.0,0.0,98.2,4.8,5.7,2.86,-1.0,100026.0,0.0,1.2,2,,,
BTCUSD,don20,1h,1.0,1.0,False,fundingpips_1step,14,1.5,ladder_balance,IS,400.0,390,5.6,0.0,0.0,0.0,94.4,8.8,11.2,4.33,-1.25,100082.0,0.0,2.3,2,,,
BTCUSD,don20,1h,1.0,1.0,False,fundingpips_1step,7,2.0,fixed,IS,400.0,390,13.1,0.0,5.4,27.4,54.1,3.8,4.9,7.23,-2.08,100096.0,32.8,1.1,2,,,
BTCUSD,don20,1h,1.0,1.0,False,fundingpips_1step,14,2.0,fixed,IS,400.0,390,22.3,0.0,8.7,44.9,24.1,6.0,7.2,8.64,-2.14,100562.0,53.6,1.5,2,,,
BTCUSD,don20,1h,1.0,1.0,False,fundingpips_1step,7,2.0,balance,IS,400.0,390,13.3,0.0,4.9,26.4,55.4,3.9,4.9,7.27,-2.1,100138.0,31.3,1.1,2,,,
BTCUSD,don20,1h,1.0,1.0,False,fundingpips_1step,14,2.0,balance,IS,400.0,390,22.3,0.0,8.7,44.9,24.1,5.9,7.2,8.68,-2.16,100568.0,53.6,1.5,2,,,
BTCUSD,don20,1h,1.0,1.0,False,fundingpips_1step,7,2.0,ladder,IS,400.0,390,1.8,0.0,0.0,0.0,98.2,4.8,5.7,2.88,-1.02,100001.0,0.0,1.2,2,,,
BTCUSD,don20,1h,1.0,1.0,False,fundingpips_1step,14,2.0,ladder,IS,400.0,390,4.9,0.0,0.0,0.0,95.1,8.3,11.2,4.43,-1.32,100011.0,0.0,2.3,2,,,
BTCUSD,don20,1h,1.0,1.0,False,fundingpips_1step,7,2.0,ladder_balance,IS,400.0,390,1.8,0.0,0.0,0.0,98.2,4.8,5.7,2.9,-1.03,100002.0,0.0,1.2,2,,,
BTCUSD,don20,1h,1.0,1.0,False,fundingpips_1step,14,2.0,ladder_balance,IS,400.0,390,5.1,0.0,0.0,0.0,94.9,8.1,11.2,4.46,-1.34,100025.0,0.0,2.3,2,,,
BTCUSD,don20,1h,1.0,1.0,False,fundingpips_1step,7,2.8,fixed,IS,400.0,390,22.1,0.0,19.7,35.6,22.6,3.8,3.9,8.59,-2.74,100357.0,55.3,0.8,2,,,
BTCUSD,don20,1h,1.0,1.0,False,fundingpips_1step,14,2.8,fixed,IS,400.0,390,29.7,0.0,21.5,42.8,5.9,4.8,4.7,9.21,-2.76,100758.0,64.3,1.1,2,,,
BTCUSD,don20,1h,1.0,1.0,False,fundingpips_1step,7,2.8,balance,IS,400.0,390,17.7,0.0,29.0,38.2,15.1,3.0,3.7,8.27,-2.76,100076.0,67.2,0.8,2,,,
BTCUSD,don20,1h,1.0,1.0,False,fundingpips_1step,14,2.8,balance,IS,400.0,390,20.5,0.0,32.6,44.9,2.1,3.7,4.1,8.62,-2.77,100143.0,77.5,0.9,2,,,
BTCUSD,don20,1h,1.0,1.0,False,fundingpips_1step,7,2.8,ladder,IS,400.0,390,1.8,0.0,0.0,0.0,98.2,4.8,5.7,2.89,-1.03,99997.0,0.0,1.3,2,,,
BTCUSD,don20,1h,1.0,1.0,False,fundingpips_1step,14,2.8,ladder,IS,400.0,390,4.9,0.0,0.0,0.0,95.1,8.3,11.2,4.46,-1.34,99987.0,0.0,2.3,2,,,
BTCUSD,don20,1h,1.0,1.0,False,fundingpips_1step,7,2.8,ladder_balance,IS,400.0,390,1.8,0.0,0.0,0.0,98.2,4.8,5.7,2.91,-1.04,99998.0,0.0,1.2,2,,,
BTCUSD,don20,1h,1.0,1.0,False,fundingpips_1step,14,2.8,ladder_balance,IS,400.0,390,5.1,0.0,0.0,0.0,94.9,8.1,11.2,4.48,-1.36,100002.0,0.0,2.4,2,,,
BTCUSD,don20,1h,1.0,1.0,True,fundingpips_1step,7,0.5,fixed,IS,400.0,390,0.0,0.0,0.0,0.0,100.0,,5.7,2.02,-0.54,100028.0,0.0,1.3,2,,,
BTCUSD,don20,1h,1.0,1.0,True,fundingpips_1step,14,0.5,fixed,IS,400.0,390,0.8,0.0,0.0,0.0,99.2,13.1,11.4,2.98,-0.57,100061.0,0.0,2.4,2,,,
BTCUSD,don20,1h,1.0,1.0,True,fundingpips_1step,7,0.5,balance,IS,400.0,390,0.0,0.0,0.0,0.0,100.0,,5.7,2.02,-0.54,100029.0,0.0,1.2,2,,,
BTCUSD,don20,1h,1.0,1.0,True,fundingpips_1step,14,0.5,balance,IS,400.0,390,0.8,0.0,0.0,0.0,99.2,13.1,11.4,2.98,-0.57,100067.0,0.0,2.6,2,,,
BTCUSD,don20,1h,1.0,1.0,True,fundingpips_1step,7,1.0,fixed,IS,400.0,390,2.1,0.0,0.0,2.1,95.9,5.2,5.7,4.05,-1.08,100053.0,2.1,1.3,2,,,
BTCUSD,don20,1h,1.0,1.0,True,fundingpips_1step,14,1.0,fixed,IS,400.0,390,5.6,0.0,0.0,17.2,77.2,8.6,10.7,5.69,-1.14,100081.0,17.2,2.5,2,,,
BTCUSD,don20,1h,1.0,1.0,True,fundingpips_1step,7,1.0,balance,IS,400.0,390,2.3,0.0,0.0,1.3,96.4,5.7,5.7,4.05,-1.09,100059.0,1.3,1.3,2,,,
BTCUSD,don20,1h,1.0,1.0,True,fundingpips_1step,14,1.0,balance,IS,400.0,390,6.2,0.0,0.0,16.7,77.2,8.6,10.7,5.7,-1.15,100109.0,16.7,2.3,2,,,
BTCUSD,don20,1h,1.0,1.0,True,fundingpips_1step,7,1.0,ladder,IS,400.0,390,0.3,0.0,0.0,0.0,99.7,6.3,5.7,2.64,-0.88,100031.0,0.0,1.3,2,,,
BTCUSD,don20,1h,1.0,1.0,True,fundingpips_1step,14,1.0,ladder,IS,400.0,390,2.6,0.0,0.0,0.0,97.4,8.7,11.3,3.94,-1.01,100044.0,0.0,2.5,2,,,
BTCUSD,don20,1h,1.0,1.0,True,fundingpips_1step,7,1.0,ladder_balance,IS,400.0,390,0.3,0.0,0.0,0.0,99.7,6.3,5.7,2.65,-0.88,100032.0,0.0,1.3,2,,,
BTCUSD,don20,1h,1.0,1.0,True,fundingpips_1step,14,1.0,ladder_balance,IS,400.0,390,2.6,0.0,0.0,0.0,97.4,8.7,11.3,3.96,-1.02,100047.0,0.0,2.4,2,,,
BTCUSD,don20,1h,1.0,1.0,True,fundingpips_1step,7,1.5,fixed,IS,400.0,390,7.4,0.0,0.0,16.2,76.4,4.3,5.4,5.8,-1.6,100098.0,16.2,1.2,2,,,
BTCUSD,don20,1h,1.0,1.0,True,fundingpips_1step,14,1.5,fixed,IS,400.0,390,15.4,0.0,0.0,33.6,51.0,7.2,9.1,7.44,-1.66,100578.0,33.6,1.8,2,,,
BTCUSD,don20,1h,1.0,1.0,True,fundingpips_1step,7,1.5,balance,IS,400.0,390,7.7,0.0,0.0,15.1,77.2,4.3,5.5,5.84,-1.62,100086.0,15.1,1.1,2,,,
BTCUSD,don20,1h,1.0,1.0,True,fundingpips_1step,14,1.5,balance,IS,400.0,390,16.4,0.0,0.0,34.1,49.5,7.4,9.1,7.51,-1.68,100560.0,34.1,1.8,2,,,
BTCUSD,don20,1h,1.0,1.0,True,fundingpips_1step,7,1.5,ladder,IS,400.0,390,1.8,0.0,0.0,0.0,98.2,4.8,5.7,2.83,-0.99,100044.0,0.0,1.2,2,,,
BTCUSD,don20,1h,1.0,1.0,True,fundingpips_1step,14,1.5,ladder,IS,400.0,390,5.4,0.0,0.0,0.0,94.6,8.8,11.2,4.28,-1.23,100111.0,0.0,2.3,2,,,
BTCUSD,don20,1h,1.0,1.0,True,fundingpips_1step,7,1.5,ladder_balance,IS,400.0,390,1.8,0.0,0.0,0.0,98.2,4.8,5.7,2.85,-1.0,100045.0,0.0,1.2,2,,,
BTCUSD,don20,1h,1.0,1.0,True,fundingpips_1step,14,1.5,ladder_balance,IS,400.0,390,5.6,0.0,0.0,0.0,94.4,8.8,11.2,4.31,-1.24,100122.0,0.0,2.3,2,,,
BTCUSD,don20,1h,1.0,1.0,True,fundingpips_1step,7,2.0,fixed,IS,400.0,390,12.3,0.0,5.4,27.2,55.1,3.8,4.9,7.19,-2.08,100131.0,32.6,1.1,2,,,
BTCUSD,don20,1h,1.0,1.0,True,fundingpips_1step,14,2.0,fixed,IS,400.0,390,23.8,0.0,8.7,44.9,22.6,6.8,7.2,8.61,-2.14,100698.0,53.6,1.5,2,,,
BTCUSD,don20,1h,1.0,1.0,True,fundingpips_1step,7,2.0,balance,IS,400.0,390,12.6,0.0,4.9,26.2,56.4,3.8,4.9,7.24,-2.1,100167.0,31.1,1.1,2,,,
BTCUSD,don20,1h,1.0,1.0,True,fundingpips_1step,14,2.0,balance,IS,400.0,390,23.8,0.0,8.7,45.1,22.3,6.7,7.3,8.68,-2.16,100702.0,53.8,1.5,2,,,
BTCUSD,don20,1h,1.0,1.0,True,fundingpips_1step,7,2.0,ladder,IS,400.0,390,1.8,0.0,0.0,0.0,98.2,4.8,5.7,2.87,-1.02,100021.0,0.0,1.2,2,,,
BTCUSD,don20,1h,1.0,1.0,True,fundingpips_1step,14,2.0,ladder,IS,400.0,390,4.9,0.0,0.0,0.0,95.1,8.3,11.2,4.41,-1.31,100053.0,0.0,2.4,2,,,
BTCUSD,don20,1h,1.0,1.0,True,fundingpips_1step,7,2.0,ladder_balance,IS,400.0,390,1.8,0.0,0.0,0.0,98.2,4.8,5.7,2.88,-1.03,100021.0,0.0,1.3,2,,,
BTCUSD,don20,1h,1.0,1.0,True,fundingpips_1step,14,2.0,ladder_balance,IS,400.0,390,5.1,0.0,0.0,0.0,94.9,8.1,11.2,4.44,-1.33,100068.0,0.0,2.5,2,,,
BTCUSD,don20,1h,1.0,1.0,True,fundingpips_1step,7,2.8,fixed,IS,400.0,390,22.6,0.0,19.2,35.1,23.1,3.8,3.9,8.53,-2.73,100461.0,54.3,0.9,2,,,
BTCUSD,don20,1h,1.0,1.0,True,fundingpips_1step,14,2.8,fixed,IS,400.0,390,30.3,0.0,20.8,42.3,6.7,4.8,4.8,9.18,-2.75,100831.0,63.1,1.1,2,,,
BTCUSD,don20,1h,1.0,1.0,True,fundingpips_1step,7,2.8,balance,IS,400.0,390,17.9,0.0,29.2,37.7,15.1,3.0,3.7,8.18,-2.74,100191.0,66.9,0.8,2,,,
BTCUSD,don20,1h,1.0,1.0,True,fundingpips_1step,14,2.8,balance,IS,400.0,390,20.3,0.0,32.8,44.4,2.6,3.5,4.1,8.51,-2.76,100190.0,77.2,0.9,2,,,
BTCUSD,don20,1h,1.0,1.0,True,fundingpips_1step,7,2.8,ladder,IS,400.0,390,1.8,0.0,0.0,0.0,98.2,4.8,5.7,2.87,-1.02,100017.0,0.0,1.3,2,,,
BTCUSD,don20,1h,1.0,1.0,True,fundingpips_1step,14,2.8,ladder,IS,400.0,390,4.9,0.0,0.0,0.0,95.1,8.3,11.2,4.43,-1.33,100029.0,0.0,2.4,2,,,
BTCUSD,don20,1h,1.0,1.0,True,fundingpips_1step,7,2.8,ladder_balance,IS,400.0,390,1.8,0.0,0.0,0.0,98.2,4.8,5.7,2.89,-1.03,100017.0,0.0,1.3,2,,,
BTCUSD,don20,1h,1.0,1.0,True,fundingpips_1step,14,2.8,ladder_balance,IS,400.0,390,5.1,0.0,0.0,0.0,94.9,8.1,11.2,4.46,-1.35,100044.0,0.0,2.4,2,,,
GBPUSD,don20,1h,1.0,1.0,False,fundingpips_1step,7,0.5,fixed,IS,400.0,527,0.0,0.0,0.0,0.0,100.0,,4.4,1.67,-0.54,99857.0,0.0,1.4,2,,,
GBPUSD,don20,1h,1.0,1.0,False,fundingpips_1step,14,0.5,fixed,IS,400.0,527,0.2,0.0,0.0,0.0,99.8,8.4,8.7,2.5,-0.6,99757.0,0.0,2.5,2,,,
GBPUSD,don20,1h,1.0,1.0,False,fundingpips_1step,7,0.5,balance,IS,400.0,527,0.0,0.0,0.0,0.0,100.0,,4.4,1.67,-0.54,99856.0,0.0,1.3,2,,,
GBPUSD,don20,1h,1.0,1.0,False,fundingpips_1step,14,0.5,balance,IS,400.0,527,0.2,0.0,0.0,0.0,99.8,8.4,8.7,2.49,-0.6,99755.0,0.0,2.8,2,,,
GBPUSD,don20,1h,1.0,1.0,False,fundingpips_1step,7,1.0,fixed,IS,400.0,527,0.9,0.0,0.0,0.0,99.1,5.0,4.4,3.35,-1.08,99720.0,0.0,1.5,2,,,
GBPUSD,don20,1h,1.0,1.0,False,fundingpips_1step,14,1.0,fixed,IS,400.0,527,2.1,0.0,0.0,9.7,88.2,7.7,8.5,4.91,-1.19,99521.0,9.7,2.7,2,,,
GBPUSD,don20,1h,1.0,1.0,False,fundingpips_1step,7,1.0,balance,IS,400.0,527,0.9,0.0,0.0,0.0,99.1,5.0,4.4,3.34,-1.09,99717.0,0.0,1.4,2,,,
GBPUSD,don20,1h,1.0,1.0,False,fundingpips_1step,14,1.0,balance,IS,400.0,527,2.1,0.0,0.0,8.3,89.6,7.7,8.5,4.91,-1.19,99502.0,8.3,2.5,2,,,
GBPUSD,don20,1h,1.0,1.0,False,fundingpips_1step,7,1.0,ladder,IS,400.0,527,0.0,0.0,0.0,0.0,100.0,,4.4,2.15,-0.81,99761.0,0.0,1.4,2,,,
GBPUSD,don20,1h,1.0,1.0,False,fundingpips_1step,14,1.0,ladder,IS,400.0,527,0.4,0.0,0.0,0.0,99.6,10.9,8.7,3.33,-0.98,99565.0,0.0,2.6,2,,,
GBPUSD,don20,1h,1.0,1.0,False,fundingpips_1step,7,1.0,ladder_balance,IS,400.0,527,0.0,0.0,0.0,0.0,100.0,,4.4,2.16,-0.81,99759.0,0.0,1.4,2,,,
GBPUSD,don20,1h,1.0,1.0,False,fundingpips_1step,14,1.0,ladder_balance,IS,400.0,527,0.4,0.0,0.0,0.0,99.6,10.9,8.7,3.33,-0.99,99560.0,0.0,2.6,2,,,
GBPUSD,don20,1h,1.0,1.0,False,fundingpips_1step,7,1.5,fixed,IS,400.0,527,4.2,0.0,1.5,7.8,86.5,4.5,4.3,4.96,-1.61,99559.0,9.3,1.3,2,,,
GBPUSD,don20,1h,1.0,1.0,False,fundingpips_1step,14,1.5,fixed,IS,400.0,527,8.0,0.0,2.7,28.8,60.5,6.4,7.5,6.73,-1.75,99273.0,31.5,2.1,2,,,
GBPUSD,don20,1h,1.0,1.0,False,fundingpips_1step,7,1.5,balance,IS,400.0,527,4.4,0.0,1.5,6.6,87.5,4.4,4.3,4.95,-1.62,99567.0,8.1,1.4,2,,,
GBPUSD,don20,1h,1.0,1.0,False,fundingpips_1step,14,1.5,balance,IS,400.0,527,7.8,0.0,3.2,27.9,61.1,6.1,7.5,6.72,-1.76,99273.0,31.1,2.2,2,,,
GBPUSD,don20,1h,1.0,1.0,False,fundingpips_1step,7,1.5,ladder,IS,400.0,527,0.2,0.0,0.2,0.0,99.6,4.6,4.4,2.26,-0.87,99731.0,0.2,1.4,2,,,
GBPUSD,don20,1h,1.0,1.0,False,fundingpips_1step,14,1.5,ladder,IS,400.0,527,1.9,0.0,0.2,0.0,97.9,8.1,8.7,3.57,-1.13,99535.0,0.2,2.5,2,,,
GBPUSD,don20,1h,1.0,1.0,False,fundingpips_1step,7,1.5,ladder_balance,IS,400.0,527,0.2,0.0,0.2,0.0,99.6,4.6,4.4,2.26,-0.88,99728.0,0.2,1.3,2,,,
GBPUSD,don20,1h,1.0,1.0,False,fundingpips_1step,14,1.5,ladder_balance,IS,400.0,527,1.9,0.0,0.2,0.0,97.9,8.1,8.7,3.58,-1.13,99530.0,0.2,2.6,2,,,
GBPUSD,don20,1h,1.0,1.0,False,fundingpips_1step,7,2.0,fixed,IS,400.0,527,6.5,0.0,5.9,19.0,68.7,4.4,4.0,6.3,-2.1,99490.0,24.9,1.3,2,,,
GBPUSD,don20,1h,1.0,1.0,False,fundingpips_1step,14,2.0,fixed,IS,400.0,527,12.1,0.0,10.1,38.5,39.3,6.5,6.4,7.96,-2.24,99315.0,48.6,1.8,2,,,
GBPUSD,don20,1h,1.0,1.0,False,fundingpips_1step,7,2.0,balance,IS,400.0,527,6.5,0.0,6.1,17.8,69.6,4.4,4.0,6.29,-2.11,99467.0,23.9,1.4,2,,,
GBPUSD,don20,1h,1.0,1.0,False,fundingpips_1step,14,2.0,balance,IS,400.0,527,12.3,0.0,10.4,38.1,39.1,6.5,6.4,7.96,-2.25,99297.0,48.5,2.1,2,,,
GBPUSD,don20,1h,1.0,1.0,False,fundingpips_1step,7,2.0,ladder,IS,400.0,527,0.4,0.0,0.2,0.0,99.4,5.5,4.4,2.27,-0.88,99730.0,0.2,1.5,2,,,
GBPUSD,don20,1h,1.0,1.0,False,fundingpips_1step,14,2.0,ladder,IS,400.0,527,1.9,0.0,0.2,0.0,97.9,8.1,8.7,3.63,-1.16,99510.0,0.2,2.7,2,,,
GBPUSD,don20,1h,1.0,1.0,False,fundingpips_1step,7,2.0,ladder_balance,IS,400.0,527,0.4,0.0,0.2,0.0,99.4,5.5,4.4,2.28,-0.89,99726.0,0.2,1.4,2,,,
GBPUSD,don20,1h,1.0,1.0,False,fundingpips_1step,14,2.0,ladder_balance,IS,400.0,527,1.9,0.0,0.2,0.0,97.9,8.1,8.7,3.64,-1.17,99502.0,0.2,2.7,2,,,
GBPUSD,don20,1h,1.0,1.0,False,fundingpips_1step,7,2.8,fixed,IS,400.0,527,10.2,0.0,14.0,30.0,45.7,2.8,3.6,7.92,-2.82,99311.0,44.0,1.1,2,,,
GBPUSD,don20,1h,1.0,1.0,False,fundingpips_1step,14,2.8,fixed,IS,400.0,527,17.5,0.0,19.9,44.4,18.2,5.4,4.9,9.12,-2.93,99415.0,64.3,1.5,2,,,
GBPUSD,don20,1h,1.0,1.0,False,fundingpips_1step,7,2.8,balance,IS,400.0,527,9.9,0.0,19.0,30.6,40.6,2.8,3.5,7.81,-2.82,99302.0,49.6,1.1,2,,,
GBPUSD,don20,1h,1.0,1.0,False,fundingpips_1step,14,2.8,balance,IS,400.0,527,14.6,0.0,26.8,44.4,14.2,5.0,4.6,8.75,-2.92,99427.0,71.2,1.4,2,,,
GBPUSD,don20,1h,1.0,1.0,False,fundingpips_1step,7,2.8,ladder,IS,400.0,527,0.4,0.0,0.2,0.0,99.4,5.5,4.4,2.27,-0.88,99730.0,0.2,1.3,2,,,
GBPUSD,don20,1h,1.0,1.0,False,fundingpips_1step,14,2.8,ladder,IS,400.0,527,1.9,0.0,0.2,0.0,97.9,8.1,8.7,3.65,-1.17,99504.0,0.2,2.4,2,,,
GBPUSD,don20,1h,1.0,1.0,False,fundingpips_1step,7,2.8,ladder_balance,IS,400.0,527,0.4,0.0,0.2,0.0,99.4,5.5,4.4,2.28,-0.89,99726.0,0.2,0.9,2,,,
GBPUSD,don20,1h,1.0,1.0,False,fundingpips_1step,14,2.8,ladder_balance,IS,400.0,527,1.9,0.0,0.6,0.0,97.5,8.1,8.7,3.65,-1.18,99497.0,0.6,1.9,2,,,
GBPUSD,don20,1h,1.0,1.0,True,fundingpips_1step,7,0.5,fixed,IS,400.0,527,0.0,0.0,0.0,0.0,100.0,,4.4,1.66,-0.54,99865.0,0.0,1.4,2,,,
GBPUSD,don20,1h,1.0,1.0,True,fundingpips_1step,14,0.5,fixed,IS,400.0,527,0.2,0.0,0.0,0.0,99.8,8.4,8.7,2.48,-0.59,99769.0,0.0,2.6,2,,,
GBPUSD,don20,1h,1.0,1.0,True,fundingpips_1step,7,0.5,balance,IS,400.0,527,0.0,0.0,0.0,0.0,100.0,,4.4,1.66,-0.54,99864.0,0.0,1.3,2,,,
GBPUSD,don20,1h,1.0,1.0,True,fundingpips_1step,14,0.5,balance,IS,400.0,527,0.2,0.0,0.0,0.0,99.8,8.4,8.7,2.48,-0.59,99767.0,0.0,2.8,2,,,
GBPUSD,don20,1h,1.0,1.0,True,fundingpips_1step,7,1.0,fixed,IS,400.0,527,0.8,0.0,0.0,0.0,99.2,3.4,4.4,3.33,-1.07,99736.0,0.0,1.5,2,,,
GBPUSD,don20,1h,1.0,1.0,True,fundingpips_1step,14,1.0,fixed,IS,400.0,527,1.9,0.0,0.0,9.7,88.4,8.1,8.5,4.88,-1.17,99544.0,9.7,2.7,2,,,
GBPUSD,don20,1h,1.0,1.0,True,fundingpips_1step,7,1.0,balance,IS,400.0,527,0.8,0.0,0.0,0.0,99.2,3.4,4.4,3.32,-1.08,99732.0,0.0,1.4,2,,,
GBPUSD,don20,1h,1.0,1.0,True,fundingpips_1step,14,1.0,balance,IS,400.0,527,1.9,0.0,0.0,8.3,89.8,8.1,8.5,4.88,-1.17,99525.0,8.3,2.6,2,,,
GBPUSD,don20,1h,1.0,1.0,True,fundingpips_1step,7,1.0,ladder,IS,400.0,527,0.0,0.0,0.0,0.0,100.0,,4.4,2.14,-0.8,99772.0,0.0,1.4,2,,,
GBPUSD,don20,1h,1.0,1.0,True,fundingpips_1step,14,1.0,ladder,IS,400.0,527,0.4,0.0,0.0,0.0,99.6,10.9,8.7,3.31,-0.97,99576.0,0.0,2.6,2,,,
GBPUSD,don20,1h,1.0,1.0,True,fundingpips_1step,7,1.0,ladder_balance,IS,400.0,527,0.0,0.0,0.0,0.0,100.0,,4.4,2.15,-0.8,99769.0,0.0,1.4,2,,,
GBPUSD,don20,1h,1.0,1.0,True,fundingpips_1step,14,1.0,ladder_balance,IS,400.0,527,0.4,0.0,0.0,0.0,99.6,10.9,8.7,3.31,-0.98,99571.0,0.0,2.6,2,,,
GBPUSD,don20,1h,1.0,1.0,True,fundingpips_1step,7,1.5,fixed,IS,400.0,527,3.8,0.0,1.3,7.8,87.1,2.9,4.3,4.94,-1.6,99577.0,9.1,1.3,2,,,
GBPUSD,don20,1h,1.0,1.0,True,fundingpips_1step,14,1.5,fixed,IS,400.0,527,7.8,0.0,2.1,28.7,61.5,7.4,7.5,6.71,-1.72,99296.0,30.8,2.2,2,,,
GBPUSD,don20,1h,1.0,1.0,True,fundingpips_1step,7,1.5,balance,IS,400.0,527,4.0,0.0,1.3,6.6,88.0,2.9,4.3,4.93,-1.6,99585.0,7.9,1.4,2,,,
GBPUSD,don20,1h,1.0,1.0,True,fundingpips_1step,14,1.5,balance,IS,400.0,527,7.8,0.0,2.5,27.7,62.0,6.3,7.6,6.71,-1.73,99296.0,30.2,2.2,2,,,
GBPUSD,don20,1h,1.0,1.0,True,fundingpips_1step,7,1.5,ladder,IS,400.0,527,0.2,0.0,0.2,0.0,99.6,4.6,4.4,2.25,-0.86,99740.0,0.2,1.4,2,,,
GBPUSD,don20,1h,1.0,1.0,True,fundingpips_1step,14,1.5,ladder,IS,400.0,527,1.5,0.0,0.2,0.0,98.3,8.1,8.7,3.55,-1.12,99533.0,0.2,2.5,2,,,
GBPUSD,don20,1h,1.0,1.0,True,fundingpips_1step,7,1.5,ladder_balance,IS,400.0,527,0.2,0.0,0.2,0.0,99.6,4.6,4.4,2.25,-0.87,99737.0,0.2,1.3,2,,,
GBPUSD,don20,1h,1.0,1.0,True,fundingpips_1step,14,1.5,ladder_balance,IS,400.0,527,1.5,0.0,0.2,0.0,98.3,8.1,8.7,3.56,-1.12,99528.0,0.2,2.6,2,,,
GBPUSD,don20,1h,1.0,1.0,True,fundingpips_1step,7,2.0,fixed,IS,400.0,527,6.8,0.0,5.3,19.4,68.5,3.2,4.0,6.28,-2.09,99519.0,24.7,1.3,2,,,
GBPUSD,don20,1h,1.0,1.0,True,fundingpips_1step,14,2.0,fixed,IS,400.0,527,12.9,0.0,8.5,38.1,40.4,6.5,6.4,7.92,-2.21,99369.0,46.6,2.1,2,,,
GBPUSD,don20,1h,1.0,1.0,True,fundingpips_1step,7,2.0,balance,IS,400.0,527,6.8,0.0,5.5,18.0,69.6,3.2,4.1,6.27,-2.09,99496.0,23.5,1.3,2,,,
GBPUSD,don20,1h,1.0,1.0,True,fundingpips_1step,14,2.0,balance,IS,400.0,527,12.9,0.0,9.1,38.3,39.7,6.4,6.5,7.92,-2.22,99335.0,47.4,2.1,2,,,
GBPUSD,don20,1h,1.0,1.0,True,fundingpips_1step,7,2.0,ladder,IS,400.0,527,0.2,0.0,0.2,0.0,99.6,4.6,4.4,2.26,-0.87,99737.0,0.2,1.5,2,,,
GBPUSD,don20,1h,1.0,1.0,True,fundingpips_1step,14,2.0,ladder,IS,400.0,527,1.9,0.0,0.2,0.0,97.9,8.1,8.7,3.61,-1.15,99515.0,0.2,2.8,2,,,
GBPUSD,don20,1h,1.0,1.0,True,fundingpips_1step,7,2.0,ladder_balance,IS,400.0,527,0.2,0.0,0.2,0.0,99.6,4.6,4.4,2.27,-0.88,99734.0,0.2,1.4,2,,,
GBPUSD,don20,1h,1.0,1.0,True,fundingpips_1step,14,2.0,ladder_balance,IS,400.0,527,1.9,0.0,0.2,0.0,97.9,8.1,8.7,3.62,-1.16,99508.0,0.2,2.7,2,,,
GBPUSD,don20,1h,1.0,1.0,True,fundingpips_1step,7,2.8,fixed,IS,400.0,527,11.0,0.0,12.5,30.2,46.3,2.9,3.6,7.89,-2.8,99356.0,42.7,1.2,2,,,
GBPUSD,don20,1h,1.0,1.0,True,fundingpips_1step,14,2.8,fixed,IS,400.0,527,19.0,0.0,17.5,45.0,18.6,5.6,5.0,9.11,-2.91,99459.0,62.5,1.6,2,,,
GBPUSD,don20,1h,1.0,1.0,True,fundingpips_1step,7,2.8,balance,IS,400.0,527,10.4,0.0,17.5,30.7,41.4,2.8,3.5,7.79,-2.81,99339.0,48.2,1.1,2,,,
GBPUSD,don20,1h,1.0,1.0,True,fundingpips_1step,14,2.8,balance,IS,400.0,527,15.9,0.0,24.3,45.0,14.8,4.8,4.7,8.74,-2.9,99438.0,69.3,1.1,2,,,
GBPUSD,don20,1h,1.0,1.0,True,fundingpips_1step,7,2.8,ladder,IS,400.0,527,0.2,0.0,0.2,0.0,99.6,4.6,4.4,2.26,-0.88,99740.0,0.2,1.0,2,,,
GBPUSD,don20,1h,1.0,1.0,True,fundingpips_1step,14,2.8,ladder,IS,400.0,527,1.9,0.0,0.2,0.0,97.9,8.1,8.7,3.63,-1.17,99510.0,0.2,2.5,2,,,
GBPUSD,don20,1h,1.0,1.0,True,fundingpips_1step,7,2.8,ladder_balance,IS,400.0,527,0.4,0.0,0.2,0.0,99.4,5.5,4.4,2.27,-0.88,99737.0,0.2,1.3,2,,,
GBPUSD,don20,1h,1.0,1.0,True,fundingpips_1step,14,2.8,ladder_balance,IS,400.0,527,1.9,0.0,0.8,0.0,97.3,8.1,8.7,3.64,-1.18,99499.0,0.8,1.8,2,,,
XAUUSD,don20,1h,1.0,1.0,True,fundingpips_1step,7,0.5,fixed,IS,400.0,422,0.0,0.0,0.0,0.0,100.0,,4.1,1.6,-0.53,99807.0,0.0,1.1,2,,,
XAUUSD,don20,1h,1.0,1.0,True,fundingpips_1step,14,0.5,fixed,IS,400.0,422,0.0,0.0,0.0,0.0,100.0,,8.1,2.41,-0.58,99570.0,0.0,1.9,2,,,
XAUUSD,don20,1h,1.0,1.0,True,fundingpips_1step,7,0.5,balance,IS,400.0,422,0.0,0.0,0.0,0.0,100.0,,4.1,1.6,-0.53,99807.0,0.0,1.0,2,,,
XAUUSD,don20,1h,1.0,1.0,True,fundingpips_1step,14,0.5,balance,IS,400.0,422,0.0,0.0,0.0,0.0,100.0,,8.1,2.41,-0.58,99570.0,0.0,1.7,2,,,
XAUUSD,don20,1h,1.0,1.0,True,fundingpips_1step,7,1.0,fixed,IS,400.0,422,0.5,0.0,0.0,0.0,99.5,5.6,4.1,3.2,-1.05,99615.0,0.0,0.7,2,,,
XAUUSD,don20,1h,1.0,1.0,True,fundingpips_1step,14,1.0,fixed,IS,400.0,422,1.2,0.0,0.0,7.3,91.5,9.5,8.1,4.78,-1.17,99155.0,7.3,1.3,2,,,
XAUUSD,don20,1h,1.0,1.0,True,fundingpips_1step,7,1.0,balance,IS,400.0,422,0.5,0.0,0.0,0.0,99.5,5.6,4.1,3.19,-1.06,99616.0,0.0,0.7,2,,,
XAUUSD,don20,1h,1.0,1.0,True,fundingpips_1step,14,1.0,balance,IS,400.0,422,1.2,0.0,0.0,6.6,92.2,9.5,8.1,4.76,-1.17,99151.0,6.6,1.3,2,,,
XAUUSD,don20,1h,1.0,1.0,True,fundingpips_1step,7,1.0,ladder,IS,400.0,422,0.5,0.0,0.0,0.0,99.5,5.6,4.1,2.04,-0.77,99763.0,0.0,0.7,2,,,
XAUUSD,don20,1h,1.0,1.0,True,fundingpips_1step,14,1.0,ladder,IS,400.0,422,0.9,0.0,0.0,0.0,99.1,7.6,8.1,3.18,-0.97,99492.0,0.0,1.3,2,,,
XAUUSD,don20,1h,1.0,1.0,True,fundingpips_1step,7,1.0,ladder_balance,IS,400.0,422,0.5,0.0,0.0,0.0,99.5,5.6,4.1,2.04,-0.77,99762.0,0.0,0.7,2,,,
XAUUSD,don20,1h,1.0,1.0,True,fundingpips_1step,14,1.0,ladder_balance,IS,400.0,422,0.9,0.0,0.0,0.0,99.1,7.6,8.1,3.17,-0.97,99492.0,0.0,1.4,2,,,
XAUUSD,don20,1h,1.0,1.0,True,fundingpips_1step,7,1.5,fixed,IS,400.0,422,1.9,0.0,0.5,5.2,92.4,5.1,4.1,4.79,-1.57,99399.0,5.7,0.7,2,,,
XAUUSD,don20,1h,1.0,1.0,True,fundingpips_1step,14,1.5,fixed,IS,400.0,422,6.6,0.0,0.7,25.8,66.8,8.9,7.4,6.72,-1.72,98918.0,26.5,1.2,2,,,
XAUUSD,don20,1h,1.0,1.0,True,fundingpips_1step,7,1.5,balance,IS,400.0,422,2.1,0.0,0.7,5.0,92.2,5.5,4.1,4.77,-1.58,99400.0,5.7,0.7,2,,,
XAUUSD,don20,1h,1.0,1.0,True,fundingpips_1step,14,1.5,balance,IS,400.0,422,6.4,0.0,1.2,24.6,67.8,8.4,7.4,6.7,-1.73,98888.0,25.8,1.3,2,,,
XAUUSD,don20,1h,1.0,1.0,True,fundingpips_1step,7,1.5,ladder,IS,400.0,422,0.5,0.0,0.2,0.0,99.3,5.6,4.1,2.12,-0.83,99751.0,0.2,0.7,2,,,
XAUUSD,don20,1h,1.0,1.0,True,fundingpips_1step,14,1.5,ladder,IS,400.0,422,1.2,0.0,0.5,0.0,98.3,9.5,8.1,3.42,-1.11,99441.0,0.5,1.3,2,,,
XAUUSD,don20,1h,1.0,1.0,True,fundingpips_1step,7,1.5,ladder_balance,IS,400.0,422,0.5,0.0,0.2,0.0,99.3,5.6,4.1,2.13,-0.83,99750.0,0.2,0.6,2,,,
XAUUSD,don20,1h,1.0,1.0,True,fundingpips_1step,14,1.5,ladder_balance,IS,400.0,422,1.2,0.0,0.5,0.0,98.3,9.5,8.1,3.42,-1.12,99439.0,0.5,1.3,2,,,
XAUUSD,don20,1h,1.0,1.0,True,fundingpips_1step,7,2.0,fixed,IS,400.0,422,5.5,0.0,5.5,16.1,73.0,3.7,3.9,6.14,-2.06,99117.0,21.6,0.6,2,,,
XAUUSD,don20,1h,1.0,1.0,True,fundingpips_1step,14,2.0,fixed,IS,400.0,422,10.0,0.0,9.7,40.0,40.3,6.3,6.2,7.87,-2.21,98640.0,49.7,1.0,2,,,
XAUUSD,don20,1h,1.0,1.0,True,fundingpips_1step,7,2.0,balance,IS,400.0,422,5.2,0.0,5.2,14.9,74.6,3.7,3.9,6.13,-2.07,99110.0,20.1,0.7,2,,,
XAUUSD,don20,1h,1.0,1.0,True,fundingpips_1step,14,2.0,balance,IS,400.0,422,10.0,0.0,9.0,40.3,40.8,6.7,6.3,7.91,-2.23,98619.0,49.3,1.0,2,,,
XAUUSD,don20,1h,1.0,1.0,True,fundingpips_1step,7,2.0,ladder,IS,400.0,422,0.5,0.0,0.2,0.0,99.3,5.6,4.1,2.13,-0.84,99743.0,0.2,0.7,2,,,
XAUUSD,don20,1h,1.0,1.0,True,fundingpips_1step,14,2.0,ladder,IS,400.0,422,1.2,0.0,0.5,0.0,98.3,9.6,8.1,3.47,-1.15,99427.0,0.5,1.3,2,,,
XAUUSD,don20,1h,1.0,1.0,True,fundingpips_1step,7,2.0,ladder_balance,IS,400.0,422,0.5,0.0,0.2,0.0,99.3,5.6,4.1,2.14,-0.84,99741.0,0.2,0.7,2,,,
XAUUSD,don20,1h,1.0,1.0,True,fundingpips_1step,14,2.0,ladder_balance,IS,400.0,422,1.4,0.0,0.5,0.0,98.1,9.1,8.1,3.47,-1.16,99420.0,0.5,1.4,2,,,
XAUUSD,don20,1h,1.0,1.0,True,fundingpips_1step,7,2.8,fixed,IS,400.0,422,8.5,0.0,16.6,31.5,43.4,3.2,3.4,7.81,-2.79,98777.0,48.1,0.6,2,,,
XAUUSD,don20,1h,1.0,1.0,True,fundingpips_1step,14,2.8,fixed,IS,400.0,422,12.8,0.0,23.5,46.7,17.1,5.3,4.7,9.13,-2.91,98227.0,70.2,0.8,2,,,
XAUUSD,don20,1h,1.0,1.0,True,fundingpips_1step,7,2.8,balance,IS,400.0,422,7.8,0.0,22.3,31.5,38.4,3.4,3.4,7.69,-2.79,98767.0,53.8,0.7,2,,,
XAUUSD,don20,1h,1.0,1.0,True,fundingpips_1step,14,2.8,balance,IS,400.0,422,10.9,0.0,30.3,48.3,10.4,5.1,4.4,8.7,-2.91,98259.0,78.6,0.7,2,,,
XAUUSD,don20,1h,1.0,1.0,True,fundingpips_1step,7,2.8,ladder,IS,400.0,422,0.5,0.0,0.2,0.0,99.3,5.6,4.1,2.13,-0.84,99742.0,0.2,0.7,2,,,
XAUUSD,don20,1h,1.0,1.0,True,fundingpips_1step,14,2.8,ladder,IS,400.0,422,1.2,0.0,0.5,0.0,98.3,9.6,8.1,3.48,-1.16,99418.0,0.5,1.4,2,,,
XAUUSD,don20,1h,1.0,1.0,True,fundingpips_1step,7,2.8,ladder_balance,IS,400.0,422,0.5,0.0,0.2,0.0,99.3,5.6,4.1,2.14,-0.84,99740.0,0.2,0.7,2,,,
XAUUSD,don20,1h,1.0,1.0,True,fundingpips_1step,14,2.8,ladder_balance,IS,400.0,422,1.4,0.0,0.7,0.0,97.9,9.1,8.1,3.48,-1.16,99412.0,0.7,1.4,2,,,
XAUUSD,don20,1h,1.0,1.0,False,fundingpips_1step,7,0.5,fixed,IS,400.0,422,0.0,0.0,0.0,0.0,100.0,,4.1,1.61,-0.53,99805.0,0.0,1.0,2,,,
XAUUSD,don20,1h,1.0,1.0,False,fundingpips_1step,14,0.5,fixed,IS,400.0,422,0.0,0.0,0.0,0.0,100.0,,8.1,2.43,-0.59,99571.0,0.0,1.6,2,,,
XAUUSD,don20,1h,1.0,1.0,False,fundingpips_1step,7,0.5,balance,IS,400.0,422,0.0,0.0,0.0,0.0,100.0,,4.1,1.61,-0.53,99805.0,0.0,0.8,2,,,
XAUUSD,don20,1h,1.0,1.0,False,fundingpips_1step,14,0.5,balance,IS,400.0,422,0.0,0.0,0.0,0.0,100.0,,8.1,2.42,-0.6,99572.0,0.0,1.5,2,,,
XAUUSD,don20,1h,1.0,1.0,False,fundingpips_1step,7,1.0,fixed,IS,400.0,422,0.5,0.0,0.0,0.0,99.5,5.6,4.1,3.22,-1.06,99610.0,0.0,0.7,2,,,
XAUUSD,don20,1h,1.0,1.0,False,fundingpips_1step,14,1.0,fixed,IS,400.0,422,1.4,0.0,0.0,7.8,90.8,9.5,8.0,4.8,-1.19,99162.0,7.8,1.3,2,,,
XAUUSD,don20,1h,1.0,1.0,False,fundingpips_1step,7,1.0,balance,IS,400.0,422,0.5,0.0,0.0,0.0,99.5,5.6,4.1,3.21,-1.07,99611.0,0.0,0.7,2,,,
XAUUSD,don20,1h,1.0,1.0,False,fundingpips_1step,14,1.0,balance,IS,400.0,422,1.4,0.0,0.0,7.1,91.5,9.5,8.0,4.79,-1.19,99159.0,7.1,1.3,2,,,
XAUUSD,don20,1h,1.0,1.0,False,fundingpips_1step,7,1.0,ladder,IS,400.0,422,0.5,0.0,0.0,0.0,99.5,5.6,4.1,2.05,-0.78,99764.0,0.0,0.7,2,,,
XAUUSD,don20,1h,1.0,1.0,False,fundingpips_1step,14,1.0,ladder,IS,400.0,422,0.9,0.0,0.0,0.0,99.1,7.6,8.1,3.19,-0.98,99498.0,0.0,1.4,2,,,
XAUUSD,don20,1h,1.0,1.0,False,fundingpips_1step,7,1.0,ladder_balance,IS,400.0,422,0.5,0.0,0.0,0.0,99.5,5.6,4.1,2.05,-0.78,99764.0,0.0,0.6,2,,,
XAUUSD,don20,1h,1.0,1.0,False,fundingpips_1step,14,1.0,ladder_balance,IS,400.0,422,0.9,0.0,0.0,0.0,99.1,7.6,8.1,3.19,-0.98,99498.0,0.0,1.4,2,,,
XAUUSD,don20,1h,1.0,1.0,False,fundingpips_1step,7,1.5,fixed,IS,400.0,422,2.1,0.0,0.9,5.5,91.5,5.5,4.0,4.82,-1.59,99389.0,6.4,0.7,2,,,
XAUUSD,don20,1h,1.0,1.0,False,fundingpips_1step,14,1.5,fixed,IS,400.0,422,6.4,0.0,1.9,26.1,65.6,8.7,7.3,6.7,-1.75,98933.0,28.0,1.2,2,,,
XAUUSD,don20,1h,1.0,1.0,False,fundingpips_1step,7,1.5,balance,IS,400.0,422,2.1,0.0,0.9,5.2,91.7,5.5,4.0,4.8,-1.59,99388.0,6.1,0.8,2,,,
XAUUSD,don20,1h,1.0,1.0,False,fundingpips_1step,14,1.5,balance,IS,400.0,422,6.4,0.0,1.9,25.1,66.6,8.6,7.3,6.7,-1.75,98915.0,27.0,1.2,2,,,
XAUUSD,don20,1h,1.0,1.0,False,fundingpips_1step,7,1.5,ladder,IS,400.0,422,0.5,0.0,0.2,0.0,99.3,5.6,4.1,2.14,-0.84,99753.0,0.2,0.8,2,,,
XAUUSD,don20,1h,1.0,1.0,False,fundingpips_1step,14,1.5,ladder,IS,400.0,422,1.2,0.0,0.5,0.0,98.3,9.5,8.1,3.44,-1.12,99447.0,0.5,1.5,2,,,
XAUUSD,don20,1h,1.0,1.0,False,fundingpips_1step,7,1.5,ladder_balance,IS,400.0,422,0.5,0.0,0.2,0.0,99.3,5.6,4.1,2.14,-0.84,99751.0,0.2,0.6,2,,,
XAUUSD,don20,1h,1.0,1.0,False,fundingpips_1step,14,1.5,ladder_balance,IS,400.0,422,1.2,0.0,0.5,0.0,98.3,9.5,8.1,3.45,-1.13,99444.0,0.5,1.3,2,,,
XAUUSD,don20,1h,1.0,1.0,False,fundingpips_1step,7,2.0,fixed,IS,400.0,422,4.7,0.0,6.4,16.6,72.3,3.6,3.8,6.17,-2.08,99121.0,23.0,0.7,2,,,
XAUUSD,don20,1h,1.0,1.0,False,fundingpips_1step,14,2.0,fixed,IS,400.0,422,9.5,0.0,11.8,39.6,39.1,6.9,6.1,7.85,-2.24,98720.0,51.4,1.0,2,,,
XAUUSD,don20,1h,1.0,1.0,False,fundingpips_1step,7,2.0,balance,IS,400.0,422,4.5,0.0,6.2,15.9,73.5,3.7,3.8,6.15,-2.09,99100.0,22.1,0.6,2,,,
XAUUSD,don20,1h,1.0,1.0,False,fundingpips_1step,14,2.0,balance,IS,400.0,422,9.5,0.0,11.1,39.6,39.8,7.4,6.2,7.89,-2.26,98678.0,50.7,1.0,2,,,
XAUUSD,don20,1h,1.0,1.0,False,fundingpips_1step,7,2.0,ladder,IS,400.0,422,0.5,0.0,0.2,0.0,99.3,5.6,4.1,2.15,-0.85,99743.0,0.2,0.7,2,,,
XAUUSD,don20,1h,1.0,1.0,False,fundingpips_1step,14,2.0,ladder,IS,400.0,422,1.2,0.0,0.5,0.0,98.3,9.6,8.1,3.5,-1.16,99433.0,0.5,1.4,2,,,
XAUUSD,don20,1h,1.0,1.0,False,fundingpips_1step,7,2.0,ladder_balance,IS,400.0,422,0.5,0.0,0.2,0.0,99.3,5.6,4.1,2.16,-0.85,99741.0,0.2,0.7,2,,,
XAUUSD,don20,1h,1.0,1.0,False,fundingpips_1step,14,2.0,ladder_balance,IS,400.0,422,1.4,0.0,0.5,0.0,98.1,9.1,8.1,3.5,-1.17,99426.0,0.5,1.4,2,,,
XAUUSD,don20,1h,1.0,1.0,False,fundingpips_1step,7,2.8,fixed,IS,400.0,422,8.3,0.0,17.1,31.8,42.9,3.4,3.4,7.82,-2.8,98784.0,48.9,0.6,2,,,
XAUUSD,don20,1h,1.0,1.0,False,fundingpips_1step,14,2.8,fixed,IS,400.0,422,13.3,0.0,24.2,46.4,16.1,5.7,4.6,9.09,-2.93,98370.0,70.6,0.8,2,,,
XAUUSD,don20,1h,1.0,1.0,False,fundingpips_1step,7,2.8,balance,IS,400.0,422,7.6,0.0,22.7,31.8,37.9,3.4,3.3,7.7,-2.81,98789.0,54.5,0.6,2,,,
XAUUSD,don20,1h,1.0,1.0,False,fundingpips_1step,14,2.8,balance,IS,400.0,422,11.1,0.0,31.0,47.4,10.4,5.4,4.3,8.67,-2.93,98370.0,78.4,0.7,2,,,
XAUUSD,don20,1h,1.0,1.0,False,fundingpips_1step,7,2.8,ladder,IS,400.0,422,0.5,0.0,0.2,0.0,99.3,5.6,4.1,2.15,-0.85,99740.0,0.2,0.8,2,,,
XAUUSD,don20,1h,1.0,1.0,False,fundingpips_1step,14,2.8,ladder,IS,400.0,422,1.2,0.0,0.5,0.0,98.3,9.6,8.1,3.52,-1.18,99420.0,0.5,1.4,2,,,
XAUUSD,don20,1h,1.0,1.0,False,fundingpips_1step,7,2.8,ladder_balance,IS,400.0,422,0.5,0.0,0.2,0.0,99.3,5.6,4.1,2.16,-0.85,99739.0,0.2,0.7,2,,,
XAUUSD,don20,1h,1.0,1.0,False,fundingpips_1step,14,2.8,ladder_balance,IS,400.0,422,1.4,0.0,0.9,0.0,97.6,9.1,8.1,3.52,-1.18,99411.0,0.9,1.3,2,,,
BTCUSD,don55,1h,1.0,1.0,True,fundingpips_1step,7,0.5,fixed,IS,400.0,390,0.0,0.0,0.0,0.0,100.0,,3.5,1.45,-0.49,99992.0,0.0,0.7,2,,,
BTCUSD,don55,1h,1.0,1.0,True,fundingpips_1step,14,0.5,fixed,IS,400.0,390,0.0,0.0,0.0,0.0,100.0,,6.9,2.17,-0.53,99995.0,0.0,1.3,2,,,
BTCUSD,don55,1h,1.0,1.0,True,fundingpips_1step,7,0.5,balance,IS,400.0,390,0.0,0.0,0.0,0.0,100.0,,3.5,1.44,-0.49,99992.0,0.0,0.7,2,,,
BTCUSD,don55,1h,1.0,1.0,True,fundingpips_1step,14,0.5,balance,IS,400.0,390,0.0,0.0,0.0,0.0,100.0,,6.9,2.17,-0.53,99994.0,0.0,1.4,2,,,
BTCUSD,don55,1h,1.0,1.0,True,fundingpips_1step,7,1.0,fixed,IS,400.0,390,1.0,0.0,0.0,0.0,99.0,4.6,3.5,2.9,-0.98,99969.0,0.0,0.7,2,,,
BTCUSD,don55,1h,1.0,1.0,True,fundingpips_1step,14,1.0,fixed,IS,400.0,390,2.6,0.0,0.0,1.5,95.9,7.7,6.9,4.36,-1.05,99954.0,1.5,1.3,2,,,
BTCUSD,don55,1h,1.0,1.0,True,fundingpips_1step,7,1.0,balance,IS,400.0,390,1.0,0.0,0.0,0.0,99.0,4.6,3.5,2.89,-0.98,99967.0,0.0,0.7,2,,,
BTCUSD,don55,1h,1.0,1.0,True,fundingpips_1step,14,1.0,balance,IS,400.0,390,2.8,0.0,0.0,1.0,96.2,8.3,6.9,4.35,-1.05,99950.0,1.0,1.5,2,,,
BTCUSD,don55,1h,1.0,1.0,True,fundingpips_1step,7,1.0,ladder,IS,400.0,390,0.0,0.0,0.0,0.0,100.0,,3.5,1.84,-0.69,100019.0,0.0,0.7,2,,,
BTCUSD,don55,1h,1.0,1.0,True,fundingpips_1step,14,1.0,ladder,IS,400.0,390,0.3,0.0,0.0,0.0,99.7,7.1,6.9,2.89,-0.88,100038.0,0.0,1.4,2,,,
BTCUSD,don55,1h,1.0,1.0,True,fundingpips_1step,7,1.0,ladder_balance,IS,400.0,390,0.0,0.0,0.0,0.0,100.0,,3.5,1.85,-0.69,100019.0,0.0,0.7,2,,,
BTCUSD,don55,1h,1.0,1.0,True,fundingpips_1step,14,1.0,ladder_balance,IS,400.0,390,0.8,0.0,0.0,0.0,99.2,12.9,6.9,2.89,-0.89,100037.0,0.0,1.4,2,,,
BTCUSD,don55,1h,1.0,1.0,True,fundingpips_1step,7,1.5,fixed,IS,400.0,390,2.6,0.0,0.0,2.1,95.4,5.8,3.4,4.33,-1.46,99949.0,2.1,0.9,2,,,
BTCUSD,don55,1h,1.0,1.0,True,fundingpips_1step,14,1.5,fixed,IS,400.0,390,6.9,0.0,0.0,22.6,70.5,7.9,6.5,6.29,-1.55,99873.0,22.6,1.3,2,,,
BTCUSD,don55,1h,1.0,1.0,True,fundingpips_1step,7,1.5,balance,IS,400.0,390,2.6,0.0,0.0,1.8,95.6,5.8,3.4,4.33,-1.47,99941.0,1.8,0.7,2,,,
BTCUSD,don55,1h,1.0,1.0,True,fundingpips_1step,14,1.5,balance,IS,400.0,390,6.9,0.0,0.0,21.3,71.8,7.9,6.5,6.29,-1.56,99848.0,21.3,1.4,2,,,
BTCUSD,don55,1h,1.0,1.0,True,fundingpips_1step,7,1.5,ladder,IS,400.0,390,0.3,0.0,0.0,0.0,99.7,6.1,3.5,1.91,-0.73,100006.0,0.0,0.7,2,,,
BTCUSD,don55,1h,1.0,1.0,True,fundingpips_1step,14,1.5,ladder,IS,400.0,390,1.5,0.0,0.0,0.0,98.5,10.6,6.9,3.13,-1.03,100024.0,0.0,1.4,2,,,
BTCUSD,don55,1h,1.0,1.0,True,fundingpips_1step,7,1.5,ladder_balance,IS,400.0,390,0.3,0.0,0.0,0.0,99.7,6.1,3.5,1.92,-0.74,100006.0,0.0,0.8,2,,,
BTCUSD,don55,1h,1.0,1.0,True,fundingpips_1step,14,1.5,ladder_balance,IS,400.0,390,2.1,0.0,0.0,0.0,97.9,10.4,6.9,3.13,-1.04,100032.0,0.0,1.4,2,,,
BTCUSD,don55,1h,1.0,1.0,True,fundingpips_1step,7,2.0,fixed,IS,400.0,390,5.1,0.0,1.5,11.8,81.5,4.9,3.4,5.68,-1.94,99814.0,13.3,0.8,2,,,
BTCUSD,don55,1h,1.0,1.0,True,fundingpips_1step,14,2.0,fixed,IS,400.0,390,8.2,0.0,1.5,34.9,55.4,5.9,5.7,7.71,-2.03,99710.0,36.4,1.1,2,,,
BTCUSD,don55,1h,1.0,1.0,True,fundingpips_1step,7,2.0,balance,IS,400.0,390,6.2,0.0,1.0,10.3,82.6,4.9,3.4,5.69,-1.94,99803.0,11.3,0.7,2,,,
BTCUSD,don55,1h,1.0,1.0,True,fundingpips_1step,14,2.0,balance,IS,400.0,390,9.2,0.0,1.0,34.9,54.9,5.8,5.8,7.73,-2.03,99686.0,35.9,1.1,2,,,
BTCUSD,don55,1h,1.0,1.0,True,fundingpips_1step,7,2.0,ladder,IS,400.0,390,0.3,0.0,0.0,0.0,99.7,6.1,3.5,1.92,-0.74,100000.0,0.0,0.7,2,,,
BTCUSD,don55,1h,1.0,1.0,True,fundingpips_1step,14,2.0,ladder,IS,400.0,390,2.8,0.0,0.0,0.0,97.2,11.1,6.9,3.19,-1.07,100064.0,0.0,1.3,2,,,
BTCUSD,don55,1h,1.0,1.0,True,fundingpips_1step,7,2.0,ladder_balance,IS,400.0,390,0.3,0.0,0.0,0.0,99.7,6.1,3.5,1.92,-0.74,100000.0,0.0,0.7,2,,,
BTCUSD,don55,1h,1.0,1.0,True,fundingpips_1step,14,2.0,ladder_balance,IS,400.0,390,2.8,0.0,0.0,0.0,97.2,11.1,6.9,3.21,-1.08,100064.0,0.0,1.3,2,,,
BTCUSD,don55,1h,1.0,1.0,True,fundingpips_1step,7,2.8,fixed,IS,400.0,390,11.5,0.0,12.3,22.3,53.8,4.0,3.0,7.3,-2.61,100016.0,34.6,0.6,2,,,
BTCUSD,don55,1h,1.0,1.0,True,fundingpips_1step,14,2.8,fixed,IS,400.0,390,18.2,0.0,14.1,39.0,28.7,5.8,4.5,9.0,-2.7,100222.0,53.1,0.8,2,,,
BTCUSD,don55,1h,1.0,1.0,True,fundingpips_1step,7,2.8,balance,IS,400.0,390,10.5,0.0,19.7,23.1,46.7,4.0,2.9,7.14,-2.63,100065.0,42.8,0.6,2,,,
BTCUSD,don55,1h,1.0,1.0,True,fundingpips_1step,14,2.8,balance,IS,400.0,390,15.4,0.0,28.5,41.3,14.9,5.1,4.0,8.33,-2.74,100357.0,69.8,0.7,2,,,
BTCUSD,don55,1h,1.0,1.0,True,fundingpips_1step,7,2.8,ladder,IS,400.0,390,0.3,0.0,0.0,0.0,99.7,6.1,3.5,1.92,-0.74,100000.0,0.0,0.7,2,,,
BTCUSD,don55,1h,1.0,1.0,True,fundingpips_1step,14,2.8,ladder,IS,400.0,390,2.8,0.0,0.0,0.0,97.2,11.1,6.9,3.19,-1.07,100061.0,0.0,1.4,2,,,
BTCUSD,don55,1h,1.0,1.0,True,fundingpips_1step,7,2.8,ladder_balance,IS,400.0,390,0.3,0.0,0.0,0.0,99.7,6.1,3.5,1.92,-0.74,100000.0,0.0,0.7,2,,,
BTCUSD,don55,1h,1.0,1.0,True,fundingpips_1step,14,2.8,ladder_balance,IS,400.0,390,2.8,0.0,0.0,0.0,97.2,11.1,6.9,3.21,-1.08,100061.0,0.0,1.4,2,,,
BTCUSD,don55,1h,1.0,1.0,False,fundingpips_1step,7,0.5,fixed,IS,400.0,390,0.0,0.0,0.0,0.0,100.0,,3.5,1.46,-0.49,99973.0,0.0,0.7,2,,,
BTCUSD,don55,1h,1.0,1.0,False,fundingpips_1step,14,0.5,fixed,IS,400.0,390,0.0,0.0,0.0,0.0,100.0,,6.9,2.19,-0.53,99957.0,0.0,1.3,2,,,
BTCUSD,don55,1h,1.0,1.0,False,fundingpips_1step,7,0.5,balance,IS,400.0,390,0.0,0.0,0.0,0.0,100.0,,3.5,1.46,-0.49,99973.0,0.0,0.7,2,,,
BTCUSD,don55,1h,1.0,1.0,False,fundingpips_1step,14,0.5,balance,IS,400.0,390,0.0,0.0,0.0,0.0,100.0,,6.9,2.19,-0.53,99956.0,0.0,1.3,2,,,
BTCUSD,don55,1h,1.0,1.0,False,fundingpips_1step,7,1.0,fixed,IS,400.0,390,1.0,0.0,0.0,0.0,99.0,4.6,3.5,2.92,-0.98,99931.0,0.0,0.7,2,,,
BTCUSD,don55,1h,1.0,1.0,False,fundingpips_1step,14,1.0,fixed,IS,400.0,390,2.6,0.0,0.0,1.5,95.9,7.7,6.9,4.39,-1.05,99877.0,1.5,1.5,2,,,
BTCUSD,don55,1h,1.0,1.0,False,fundingpips_1step,7,1.0,balance,IS,400.0,390,1.0,0.0,0.0,0.0,99.0,4.6,3.5,2.92,-0.98,99928.0,0.0,0.6,2,,,
BTCUSD,don55,1h,1.0,1.0,False,fundingpips_1step,14,1.0,balance,IS,400.0,390,2.6,0.0,0.0,1.0,96.4,7.7,6.9,4.38,-1.06,99872.0,1.0,1.4,2,,,
BTCUSD,don55,1h,1.0,1.0,False,fundingpips_1step,7,1.0,ladder,IS,400.0,390,0.0,0.0,0.0,0.0,100.0,,3.5,1.84,-0.69,99962.0,0.0,0.8,2,,,
BTCUSD,don55,1h,1.0,1.0,False,fundingpips_1step,14,1.0,ladder,IS,400.0,390,0.0,0.0,0.0,0.0,100.0,,6.9,2.9,-0.89,99910.0,0.0,1.4,2,,,
BTCUSD,don55,1h,1.0,1.0,False,fundingpips_1step,7,1.0,ladder_balance,IS,400.0,390,0.0,0.0,0.0,0.0,100.0,,3.5,1.84,-0.69,99961.0,0.0,0.7,2,,,
BTCUSD,don55,1h,1.0,1.0,False,fundingpips_1step,14,1.0,ladder_balance,IS,400.0,390,0.0,0.0,0.0,0.0,100.0,,6.9,2.91,-0.9,99907.0,0.0,1.6,2,,,
BTCUSD,don55,1h,1.0,1.0,False,fundingpips_1step,7,1.5,fixed,IS,400.0,390,2.1,0.0,0.0,2.1,95.9,5.5,3.4,4.37,-1.46,99892.0,2.1,0.7,2,,,
BTCUSD,don55,1h,1.0,1.0,False,fundingpips_1step,14,1.5,fixed,IS,400.0,390,6.7,0.0,0.0,22.8,70.5,10.4,6.5,6.32,-1.56,99783.0,22.8,1.3,2,,,
BTCUSD,don55,1h,1.0,1.0,False,fundingpips_1step,7,1.5,balance,IS,400.0,390,2.1,0.0,0.0,1.8,96.2,5.5,3.4,4.37,-1.47,99883.0,1.8,0.7,2,,,
BTCUSD,don55,1h,1.0,1.0,False,fundingpips_1step,14,1.5,balance,IS,400.0,390,6.7,0.0,0.0,21.3,72.1,10.4,6.5,6.34,-1.57,99744.0,21.3,1.2,2,,,
BTCUSD,don55,1h,1.0,1.0,False,fundingpips_1step,7,1.5,ladder,IS,400.0,390,0.0,0.0,0.0,0.0,100.0,,3.5,1.9,-0.74,99937.0,0.0,0.7,2,,,
BTCUSD,don55,1h,1.0,1.0,False,fundingpips_1step,14,1.5,ladder,IS,400.0,390,0.0,0.0,0.0,0.0,100.0,,6.9,3.13,-1.05,99839.0,0.0,1.3,2,,,
BTCUSD,don55,1h,1.0,1.0,False,fundingpips_1step,7,1.5,ladder_balance,IS,400.0,390,0.0,0.0,0.0,0.0,100.0,,3.5,1.91,-0.74,99936.0,0.0,0.7,2,,,
BTCUSD,don55,1h,1.0,1.0,False,fundingpips_1step,14,1.5,ladder_balance,IS,400.0,390,0.5,0.0,0.0,0.0,99.5,9.3,6.9,3.13,-1.06,99843.0,0.0,1.4,2,,,
BTCUSD,don55,1h,1.0,1.0,False,fundingpips_1step,7,2.0,fixed,IS,400.0,390,5.9,0.0,1.5,11.8,80.8,4.8,3.3,5.72,-1.94,99753.0,13.3,0.8,2,,,
BTCUSD,don55,1h,1.0,1.0,False,fundingpips_1step,14,2.0,fixed,IS,400.0,390,9.2,0.0,1.5,34.9,54.4,5.8,5.7,7.73,-2.03,99656.0,36.4,1.2,2,,,
BTCUSD,don55,1h,1.0,1.0,False,fundingpips_1step,7,2.0,balance,IS,400.0,390,6.9,0.0,1.0,10.3,81.8,4.8,3.4,5.73,-1.94,99744.0,11.3,0.8,2,,,
BTCUSD,don55,1h,1.0,1.0,False,fundingpips_1step,14,2.0,balance,IS,400.0,390,10.3,0.0,1.0,34.9,53.8,5.8,5.8,7.74,-2.03,99628.0,35.9,1.2,2,,,
BTCUSD,don55,1h,1.0,1.0,False,fundingpips_1step,7,2.0,ladder,IS,400.0,390,0.0,0.0,0.0,0.0,100.0,,3.5,1.91,-0.74,99931.0,0.0,0.8,2,,,
BTCUSD,don55,1h,1.0,1.0,False,fundingpips_1step,14,2.0,ladder,IS,400.0,390,1.3,0.0,0.0,0.0,98.7,11.8,6.9,3.16,-1.08,99844.0,0.0,1.4,2,,,
BTCUSD,don55,1h,1.0,1.0,False,fundingpips_1step,7,2.0,ladder_balance,IS,400.0,390,0.0,0.0,0.0,0.0,100.0,,3.5,1.91,-0.75,99930.0,0.0,0.7,2,,,
BTCUSD,don55,1h,1.0,1.0,False,fundingpips_1step,14,2.0,ladder_balance,IS,400.0,390,1.3,0.0,0.0,0.0,98.7,11.8,6.9,3.17,-1.09,99839.0,0.0,1.4,2,,,
BTCUSD,don55,1h,1.0,1.0,False,fundingpips_1step,7,2.8,fixed,IS,400.0,390,11.8,0.0,12.6,23.1,52.6,3.9,3.0,7.33,-2.62,99908.0,35.7,0.6,2,,,
BTCUSD,don55,1h,1.0,1.0,False,fundingpips_1step,14,2.8,fixed,IS,400.0,390,17.9,0.0,14.4,41.3,26.4,5.8,4.4,8.99,-2.71,100074.0,55.7,0.8,2,,,
BTCUSD,don55,1h,1.0,1.0,False,fundingpips_1step,7,2.8,balance,IS,400.0,390,10.8,0.0,18.7,24.9,45.6,3.9,2.9,7.18,-2.63,99913.0,43.6,0.6,2,,,
BTCUSD,don55,1h,1.0,1.0,False,fundingpips_1step,14,2.8,balance,IS,400.0,390,16.2,0.0,26.9,44.6,12.3,5.7,4.0,8.34,-2.74,100152.0,71.5,0.8,2,,,
BTCUSD,don55,1h,1.0,1.0,False,fundingpips_1step,7,2.8,ladder,IS,400.0,390,0.0,0.0,0.0,0.0,100.0,,3.5,1.91,-0.74,99931.0,0.0,0.7,2,,,
BTCUSD,don55,1h,1.0,1.0,False,fundingpips_1step,14,2.8,ladder,IS,400.0,390,1.3,0.0,0.0,0.0,98.7,11.8,6.9,3.17,-1.08,99841.0,0.0,1.4,2,,,
BTCUSD,don55,1h,1.0,1.0,False,fundingpips_1step,7,2.8,ladder_balance,IS,400.0,390,0.0,0.0,0.0,0.0,100.0,,3.5,1.91,-0.75,99930.0,0.0,0.7,2,,,
BTCUSD,don55,1h,1.0,1.0,False,fundingpips_1step,14,2.8,ladder_balance,IS,400.0,390,1.3,0.0,0.0,0.0,98.7,11.8,6.9,3.18,-1.1,99836.0,0.0,1.4,2,,,
EURUSD,don20,1h,1.0,1.0,True,fundingpips_1step,7,0.5,fixed,IS,400.0,527,0.0,0.0,0.0,0.0,100.0,,4.4,1.66,-0.52,99677.0,0.0,0.9,2,,,
EURUSD,don20,1h,1.0,1.0,True,fundingpips_1step,14,0.5,fixed,IS,400.0,527,0.0,0.0,0.0,0.0,100.0,,8.8,2.53,-0.57,99357.0,0.0,1.7,2,,,
EURUSD,don20,1h,1.0,1.0,True,fundingpips_1step,7,0.5,balance,IS,400.0,527,0.0,0.0,0.0,0.0,100.0,,4.4,1.66,-0.52,99677.0,0.0,0.9,2,,,
EURUSD,don20,1h,1.0,1.0,True,fundingpips_1step,14,0.5,balance,IS,400.0,527,0.0,0.0,0.0,0.0,100.0,,8.8,2.52,-0.57,99358.0,0.0,1.7,2,,,
EURUSD,don20,1h,1.0,1.0,True,fundingpips_1step,7,1.0,fixed,IS,400.0,527,0.6,0.0,0.0,0.0,99.4,1.4,4.4,3.32,-1.03,99359.0,0.0,0.9,2,,,
EURUSD,don20,1h,1.0,1.0,True,fundingpips_1step,14,1.0,fixed,IS,400.0,527,1.7,0.0,0.0,11.6,86.7,7.9,8.6,4.98,-1.13,98705.0,11.6,1.8,2,,,
EURUSD,don20,1h,1.0,1.0,True,fundingpips_1step,7,1.0,balance,IS,400.0,527,0.6,0.0,0.0,0.0,99.4,1.4,4.4,3.31,-1.03,99361.0,0.0,0.9,2,,,
EURUSD,don20,1h,1.0,1.0,True,fundingpips_1step,14,1.0,balance,IS,400.0,527,1.7,0.0,0.0,9.5,88.8,7.9,8.6,4.96,-1.13,98721.0,9.5,1.7,2,,,
EURUSD,don20,1h,1.0,1.0,True,fundingpips_1step,7,1.0,ladder,IS,400.0,527,0.0,0.0,0.0,0.0,100.0,,4.4,2.09,-0.75,99601.0,0.0,0.9,2,,,
EURUSD,don20,1h,1.0,1.0,True,fundingpips_1step,14,1.0,ladder,IS,400.0,527,0.0,0.0,0.0,0.0,100.0,,8.8,3.28,-0.92,99193.0,0.0,1.7,2,,,
EURUSD,don20,1h,1.0,1.0,True,fundingpips_1step,7,1.0,ladder_balance,IS,400.0,527,0.0,0.0,0.0,0.0,100.0,,4.4,2.09,-0.75,99601.0,0.0,0.9,2,,,
EURUSD,don20,1h,1.0,1.0,True,fundingpips_1step,14,1.0,ladder_balance,IS,400.0,527,0.0,0.0,0.0,0.0,100.0,,8.8,3.28,-0.93,99193.0,0.0,1.6,2,,,
EURUSD,don20,1h,1.0,1.0,True,fundingpips_1step,7,1.5,fixed,IS,400.0,527,2.5,0.0,0.6,6.1,90.9,3.4,4.3,4.94,-1.54,99032.0,6.7,0.9,2,,,
EURUSD,don20,1h,1.0,1.0,True,fundingpips_1step,14,1.5,fixed,IS,400.0,527,5.3,0.0,1.3,32.4,60.9,7.5,7.7,6.84,-1.66,98226.0,33.7,2.0,2,,,
EURUSD,don20,1h,1.0,1.0,True,fundingpips_1step,7,1.5,balance,IS,400.0,527,2.8,0.0,0.6,4.7,91.8,3.6,4.3,4.92,-1.54,99042.0,5.3,1.5,2,,,
EURUSD,don20,1h,1.0,1.0,True,fundingpips_1step,14,1.5,balance,IS,400.0,527,5.5,0.0,1.3,31.7,61.5,6.5,7.7,6.83,-1.66,98224.0,33.0,2.5,2,,,
EURUSD,don20,1h,1.0,1.0,True,fundingpips_1step,7,1.5,ladder,IS,400.0,527,0.4,0.0,0.0,0.0,99.6,3.6,4.4,2.19,-0.81,99590.0,0.0,1.6,2,,,
EURUSD,don20,1h,1.0,1.0,True,fundingpips_1step,14,1.5,ladder,IS,400.0,527,1.1,0.0,0.0,0.0,98.9,8.6,8.7,3.53,-1.06,99181.0,0.0,2.5,2,,,
EURUSD,don20,1h,1.0,1.0,True,fundingpips_1step,7,1.5,ladder_balance,IS,400.0,527,0.4,0.0,0.0,0.0,99.6,3.6,4.4,2.19,-0.81,99590.0,0.0,1.3,2,,,
EURUSD,don20,1h,1.0,1.0,True,fundingpips_1step,14,1.5,ladder_balance,IS,400.0,527,1.3,0.0,0.0,0.0,98.7,8.8,8.7,3.53,-1.06,99181.0,0.0,2.5,2,,,
EURUSD,don20,1h,1.0,1.0,True,fundingpips_1step,7,2.0,fixed,IS,400.0,527,4.7,0.0,2.5,21.1,71.7,3.8,4.1,6.34,-2.04,98771.0,23.6,1.2,2,,,
EURUSD,don20,1h,1.0,1.0,True,fundingpips_1step,14,2.0,fixed,IS,400.0,527,9.9,0.0,4.7,47.2,38.1,7.2,6.6,8.1,-2.16,98145.0,51.9,1.8,2,,,
EURUSD,don20,1h,1.0,1.0,True,fundingpips_1step,7,2.0,balance,IS,400.0,527,4.6,0.0,2.3,19.9,73.2,3.8,4.2,6.35,-2.04,98761.0,22.2,1.3,2,,,
EURUSD,don20,1h,1.0,1.0,True,fundingpips_1step,14,2.0,balance,IS,400.0,527,9.7,0.0,4.6,46.9,38.9,7.2,6.7,8.16,-2.16,98105.0,51.5,1.9,2,,,
EURUSD,don20,1h,1.0,1.0,True,fundingpips_1step,7,2.0,ladder,IS,400.0,527,0.4,0.0,0.0,0.0,99.6,3.6,4.4,2.21,-0.82,99590.0,0.0,1.4,2,,,
EURUSD,don20,1h,1.0,1.0,True,fundingpips_1step,14,2.0,ladder,IS,400.0,527,1.1,0.0,0.0,0.0,98.9,8.6,8.7,3.59,-1.1,99163.0,0.0,2.6,2,,,
EURUSD,don20,1h,1.0,1.0,True,fundingpips_1step,7,2.0,ladder_balance,IS,400.0,527,0.4,0.0,0.0,0.0,99.6,3.6,4.4,2.21,-0.82,99590.0,0.0,1.5,2,,,
EURUSD,don20,1h,1.0,1.0,True,fundingpips_1step,14,2.0,ladder_balance,IS,400.0,527,1.1,0.0,0.0,0.0,98.9,8.6,8.7,3.6,-1.11,99163.0,0.0,2.6,2,,,
EURUSD,don20,1h,1.0,1.0,True,fundingpips_1step,7,2.8,fixed,IS,400.0,527,8.3,0.0,11.2,36.8,43.6,3.6,3.6,8.05,-2.77,98443.0,48.0,1.1,2,,,
EURUSD,don20,1h,1.0,1.0,True,fundingpips_1step,14,2.8,fixed,IS,400.0,527,13.3,0.0,17.5,53.9,15.4,5.8,4.9,9.43,-2.88,97898.0,71.4,1.4,2,,,
EURUSD,don20,1h,1.0,1.0,True,fundingpips_1step,7,2.8,balance,IS,400.0,527,8.7,0.0,13.3,38.7,39.3,3.6,3.6,7.95,-2.77,98481.0,52.0,1.1,2,,,
EURUSD,don20,1h,1.0,1.0,True,fundingpips_1step,14,2.8,balance,IS,400.0,527,12.7,0.0,20.7,56.2,10.4,5.5,4.7,9.08,-2.87,97879.0,76.9,1.4,2,,,
EURUSD,don20,1h,1.0,1.0,True,fundingpips_1step,7,2.8,ladder,IS,400.0,527,0.4,0.0,0.0,0.0,99.6,3.6,4.4,2.21,-0.82,99591.0,0.0,1.4,2,,,
EURUSD,don20,1h,1.0,1.0,True,fundingpips_1step,14,2.8,ladder,IS,400.0,527,1.1,0.0,0.0,0.0,98.9,8.6,8.7,3.62,-1.11,99155.0,0.0,2.6,2,,,
EURUSD,don20,1h,1.0,1.0,True,fundingpips_1step,7,2.8,ladder_balance,IS,400.0,527,0.4,0.0,0.0,0.0,99.6,3.6,4.4,2.21,-0.82,99591.0,0.0,1.4,2,,,
EURUSD,don20,1h,1.0,1.0,True,fundingpips_1step,14,2.8,ladder_balance,IS,400.0,527,1.3,0.0,0.4,0.0,98.3,8.4,8.7,3.62,-1.12,99162.0,0.4,2.7,2,,,
EURUSD,don20,1h,1.0,1.0,False,fundingpips_1step,7,0.5,fixed,IS,400.0,527,0.0,0.0,0.0,0.0,100.0,,4.4,1.67,-0.53,99669.0,0.0,1.0,2,,,
EURUSD,don20,1h,1.0,1.0,False,fundingpips_1step,14,0.5,fixed,IS,400.0,527,0.0,0.0,0.0,0.0,100.0,,8.7,2.54,-0.58,99351.0,0.0,1.7,2,,,
EURUSD,don20,1h,1.0,1.0,False,fundingpips_1step,7,0.5,balance,IS,400.0,527,0.0,0.0,0.0,0.0,100.0,,4.4,1.67,-0.53,99670.0,0.0,0.9,2,,,
EURUSD,don20,1h,1.0,1.0,False,fundingpips_1step,14,0.5,balance,IS,400.0,527,0.0,0.0,0.0,0.0,100.0,,8.7,2.53,-0.58,99353.0,0.0,1.8,2,,,
EURUSD,don20,1h,1.0,1.0,False,fundingpips_1step,7,1.0,fixed,IS,400.0,527,0.6,0.0,0.0,0.0,99.4,1.4,4.4,3.34,-1.05,99345.0,0.0,1.0,2,,,
EURUSD,don20,1h,1.0,1.0,False,fundingpips_1step,14,1.0,fixed,IS,400.0,527,1.7,0.0,0.0,11.6,86.7,8.4,8.6,5.0,-1.15,98692.0,11.6,1.7,2,,,
EURUSD,don20,1h,1.0,1.0,False,fundingpips_1step,7,1.0,balance,IS,400.0,527,0.6,0.0,0.0,0.0,99.4,1.4,4.4,3.33,-1.05,99346.0,0.0,0.9,2,,,
EURUSD,don20,1h,1.0,1.0,False,fundingpips_1step,14,1.0,balance,IS,400.0,527,1.7,0.0,0.0,9.9,88.4,8.4,8.6,4.99,-1.15,98708.0,9.9,1.7,2,,,
EURUSD,don20,1h,1.0,1.0,False,fundingpips_1step,7,1.0,ladder,IS,400.0,527,0.0,0.0,0.0,0.0,100.0,,4.4,2.1,-0.76,99594.0,0.0,0.9,2,,,
EURUSD,don20,1h,1.0,1.0,False,fundingpips_1step,14,1.0,ladder,IS,400.0,527,0.0,0.0,0.0,0.0,100.0,,8.7,3.31,-0.94,99187.0,0.0,1.7,2,,,
EURUSD,don20,1h,1.0,1.0,False,fundingpips_1step,7,1.0,ladder_balance,IS,400.0,527,0.0,0.0,0.0,0.0,100.0,,4.4,2.11,-0.76,99593.0,0.0,0.9,2,,,
EURUSD,don20,1h,1.0,1.0,False,fundingpips_1step,14,1.0,ladder_balance,IS,400.0,527,0.0,0.0,0.0,0.0,100.0,,8.7,3.31,-0.94,99187.0,0.0,1.8,2,,,
EURUSD,don20,1h,1.0,1.0,False,fundingpips_1step,7,1.5,fixed,IS,400.0,527,2.5,0.0,0.8,6.1,90.7,3.4,4.3,4.96,-1.57,99015.0,6.9,1.2,2,,,
EURUSD,don20,1h,1.0,1.0,False,fundingpips_1step,14,1.5,fixed,IS,400.0,527,4.9,0.0,1.7,33.6,59.8,7.0,7.6,6.88,-1.69,98195.0,35.3,2.2,2,,,
EURUSD,don20,1h,1.0,1.0,False,fundingpips_1step,7,1.5,balance,IS,400.0,527,2.8,0.0,0.8,4.9,91.5,3.6,4.3,4.94,-1.57,99021.0,5.7,1.4,2,,,
EURUSD,don20,1h,1.0,1.0,False,fundingpips_1step,14,1.5,balance,IS,400.0,527,5.1,0.0,1.7,32.6,60.5,5.9,7.7,6.86,-1.69,98197.0,34.3,2.3,2,,,
EURUSD,don20,1h,1.0,1.0,False,fundingpips_1step,7,1.5,ladder,IS,400.0,527,0.4,0.0,0.0,0.0,99.6,3.6,4.4,2.2,-0.81,99584.0,0.0,1.3,2,,,
EURUSD,don20,1h,1.0,1.0,False,fundingpips_1step,14,1.5,ladder,IS,400.0,527,1.1,0.0,0.0,0.0,98.9,8.6,8.7,3.56,-1.07,99175.0,0.0,2.5,2,,,
EURUSD,don20,1h,1.0,1.0,False,fundingpips_1step,7,1.5,ladder_balance,IS,400.0,527,0.4,0.0,0.0,0.0,99.6,3.6,4.4,2.2,-0.82,99584.0,0.0,1.3,2,,,
EURUSD,don20,1h,1.0,1.0,False,fundingpips_1step,14,1.5,ladder_balance,IS,400.0,527,1.3,0.0,0.0,0.0,98.7,8.8,8.7,3.56,-1.07,99175.0,0.0,2.5,2,,,
EURUSD,don20,1h,1.0,1.0,False,fundingpips_1step,7,2.0,fixed,IS,400.0,527,4.9,0.0,3.4,20.7,71.0,4.0,4.1,6.35,-2.07,98760.0,24.1,1.2,2,,,
EURUSD,don20,1h,1.0,1.0,False,fundingpips_1step,14,2.0,fixed,IS,400.0,527,9.9,0.0,5.9,46.5,37.8,6.8,6.5,8.1,-2.18,98140.0,52.4,1.9,2,,,
EURUSD,don20,1h,1.0,1.0,False,fundingpips_1step,7,2.0,balance,IS,400.0,527,4.7,0.0,3.0,19.9,72.3,3.8,4.1,6.35,-2.07,98755.0,22.9,1.3,2,,,
EURUSD,don20,1h,1.0,1.0,False,fundingpips_1step,14,2.0,balance,IS,400.0,527,9.7,0.0,5.9,46.1,38.3,7.1,6.6,8.16,-2.19,98103.0,52.0,2.0,2,,,
EURUSD,don20,1h,1.0,1.0,False,fundingpips_1step,7,2.0,ladder,IS,400.0,527,0.4,0.0,0.0,0.0,99.6,3.6,4.4,2.22,-0.82,99584.0,0.0,1.4,2,,,
EURUSD,don20,1h,1.0,1.0,False,fundingpips_1step,14,2.0,ladder,IS,400.0,527,1.1,0.0,0.0,0.0,98.9,8.6,8.7,3.63,-1.11,99154.0,0.0,2.6,2,,,
EURUSD,don20,1h,1.0,1.0,False,fundingpips_1step,7,2.0,ladder_balance,IS,400.0,527,0.4,0.0,0.0,0.0,99.6,3.6,4.4,2.22,-0.83,99584.0,0.0,1.4,2,,,
EURUSD,don20,1h,1.0,1.0,False,fundingpips_1step,14,2.0,ladder_balance,IS,400.0,527,1.1,0.0,0.0,0.0,98.9,8.6,8.7,3.64,-1.12,99154.0,0.0,2.5,2,,,
EURUSD,don20,1h,1.0,1.0,False,fundingpips_1step,7,2.8,fixed,IS,400.0,527,8.2,0.0,13.1,36.6,42.1,3.5,3.6,8.05,-2.8,98383.0,49.7,1.1,2,,,
EURUSD,don20,1h,1.0,1.0,False,fundingpips_1step,14,2.8,fixed,IS,400.0,527,12.7,0.0,19.5,52.6,15.2,5.5,4.9,9.4,-2.91,97842.0,72.1,1.4,2,,,
EURUSD,don20,1h,1.0,1.0,False,fundingpips_1step,7,2.8,balance,IS,400.0,527,8.5,0.0,15.0,38.5,38.0,3.5,3.6,7.95,-2.8,98422.0,53.5,1.1,2,,,
EURUSD,don20,1h,1.0,1.0,False,fundingpips_1step,14,2.8,balance,IS,400.0,527,12.1,0.0,22.6,54.8,10.4,5.2,4.6,9.05,-2.89,97819.0,77.4,1.4,2,,,
EURUSD,don20,1h,1.0,1.0,False,fundingpips_1step,7,2.8,ladder,IS,400.0,527,0.4,0.0,0.0,0.0,99.6,3.6,4.4,2.22,-0.82,99584.0,0.0,1.4,2,,,
EURUSD,don20,1h,1.0,1.0,False,fundingpips_1step,14,2.8,ladder,IS,400.0,527,1.1,0.0,0.0,0.0,98.9,8.6,8.7,3.65,-1.12,99148.0,0.0,2.6,2,,,
EURUSD,don20,1h,1.0,1.0,False,fundingpips_1step,7,2.8,ladder_balance,IS,400.0,527,0.4,0.0,0.0,0.0,99.6,3.6,4.4,2.22,-0.83,99584.0,0.0,1.4,2,,,
EURUSD,don20,1h,1.0,1.0,False,fundingpips_1step,14,2.8,ladder_balance,IS,400.0,527,1.3,0.0,0.4,0.0,98.3,8.4,8.7,3.65,-1.13,99154.0,0.4,2.7,2,,,
BTCUSD,don20,1h,2.0,2.0,True,fundingpips_1step,7,0.5,fixed,IS,400.0,390,0.0,0.0,0.0,0.0,100.0,,5.5,1.67,-0.63,100074.0,0.0,1.4,2,,,
BTCUSD,don20,1h,2.0,2.0,True,fundingpips_1step,14,0.5,fixed,IS,400.0,390,0.0,0.0,0.0,0.0,100.0,,11.0,2.38,-0.76,100169.0,0.0,2.9,2,,,
BTCUSD,don20,1h,2.0,2.0,True,fundingpips_1step,7,0.5,balance,IS,400.0,390,0.0,0.0,0.0,0.0,100.0,,5.5,1.67,-0.63,100075.0,0.0,1.5,2,,,
BTCUSD,don20,1h,2.0,2.0,True,fundingpips_1step,14,0.5,balance,IS,400.0,390,0.0,0.0,0.0,0.0,100.0,,11.0,2.38,-0.76,100171.0,0.0,2.9,2,,,
BTCUSD,don20,1h,2.0,2.0,True,fundingpips_1step,7,1.0,fixed,IS,400.0,390,0.3,0.0,0.0,0.5,99.2,6.6,5.5,3.34,-1.26,100147.0,0.5,1.5,2,,,
BTCUSD,don20,1h,2.0,2.0,True,fundingpips_1step,14,1.0,fixed,IS,400.0,390,3.1,0.0,0.0,7.2,89.7,10.7,10.8,4.72,-1.5,100259.0,7.2,2.8,2,,,
BTCUSD,don20,1h,2.0,2.0,True,fundingpips_1step,7,1.0,balance,IS,400.0,390,0.3,0.0,0.0,0.3,99.5,6.6,5.5,3.34,-1.27,100150.0,0.3,1.6,2,,,
BTCUSD,don20,1h,2.0,2.0,True,fundingpips_1step,14,1.0,balance,IS,400.0,390,3.1,0.0,0.0,6.7,90.3,9.5,10.8,4.73,-1.51,100233.0,6.7,2.8,2,,,
BTCUSD,don20,1h,2.0,2.0,True,fundingpips_1step,7,1.0,ladder,IS,400.0,390,0.3,0.0,0.0,0.0,99.7,6.6,5.5,2.31,-0.96,100181.0,0.0,1.4,2,,,
BTCUSD,don20,1h,2.0,2.0,True,fundingpips_1step,14,1.0,ladder,IS,400.0,390,2.6,0.0,0.0,0.0,97.4,10.7,10.9,3.39,-1.2,100391.0,0.0,2.7,2,,,
BTCUSD,don20,1h,2.0,2.0,True,fundingpips_1step,7,1.0,ladder_balance,IS,400.0,390,0.3,0.0,0.0,0.0,99.7,6.6,5.5,2.31,-0.97,100183.0,0.0,1.4,2,,,
BTCUSD,don20,1h,2.0,2.0,True,fundingpips_1step,14,1.0,ladder_balance,IS,400.0,390,2.6,0.0,0.0,0.0,97.4,10.7,10.9,3.4,-1.21,100398.0,0.0,3.3,2,,,
BTCUSD,don20,1h,2.0,2.0,True,fundingpips_1step,7,1.5,fixed,IS,400.0,390,3.3,0.0,7.4,5.4,83.8,5.9,5.3,4.91,-1.88,100204.0,12.8,1.9,2,,,
BTCUSD,don20,1h,2.0,2.0,True,fundingpips_1step,14,1.5,fixed,IS,400.0,390,8.2,0.0,13.6,23.8,54.4,7.6,9.2,6.34,-2.18,100306.0,37.4,3.4,2,,,
BTCUSD,don20,1h,2.0,2.0,True,fundingpips_1step,7,1.5,balance,IS,400.0,390,3.6,0.0,6.9,4.9,84.6,5.7,5.4,4.91,-1.88,100184.0,11.8,2.0,2,,,
BTCUSD,don20,1h,2.0,2.0,True,fundingpips_1step,14,1.5,balance,IS,400.0,390,8.2,0.0,14.4,23.3,54.1,7.6,9.2,6.36,-2.19,100356.0,37.7,3.4,2,,,
BTCUSD,don20,1h,2.0,2.0,True,fundingpips_1step,7,1.5,ladder,IS,400.0,390,0.8,0.0,1.0,0.0,98.2,6.6,5.5,2.54,-1.11,100191.0,1.0,2.1,2,,,
BTCUSD,don20,1h,2.0,2.0,True,fundingpips_1step,14,1.5,ladder,IS,400.0,390,3.8,0.0,3.6,0.0,92.6,8.6,10.8,3.83,-1.47,100350.0,3.6,4.1,2,,,
BTCUSD,don20,1h,2.0,2.0,True,fundingpips_1step,7,1.5,ladder_balance,IS,400.0,390,1.0,0.0,1.0,0.0,97.9,6.4,5.5,2.55,-1.12,100192.0,1.0,2.2,2,,,
BTCUSD,don20,1h,2.0,2.0,True,fundingpips_1step,14,1.5,ladder_balance,IS,400.0,390,3.8,0.0,3.6,0.0,92.6,8.6,10.7,3.86,-1.49,100354.0,3.6,4.3,2,,,
BTCUSD,don20,1h,2.0,2.0,True,fundingpips_1step,7,2.0,fixed,IS,400.0,390,5.1,0.0,23.3,13.3,58.2,3.9,4.8,5.94,-2.35,100047.0,36.6,1.8,2,,,
BTCUSD,don20,1h,2.0,2.0,True,fundingpips_1step,14,2.0,fixed,IS,400.0,390,10.5,0.0,36.2,27.2,26.2,7.1,7.1,6.99,-2.6,100208.0,63.4,2.7,2,,,
BTCUSD,don20,1h,2.0,2.0,True,fundingpips_1step,7,2.0,balance,IS,400.0,390,6.2,0.0,22.8,12.6,58.5,4.9,4.8,5.94,-2.35,100085.0,35.4,1.9,2,,,
BTCUSD,don20,1h,2.0,2.0,True,fundingpips_1step,14,2.0,balance,IS,400.0,390,11.8,0.0,35.4,26.9,25.9,6.9,7.1,6.98,-2.61,100276.0,62.3,2.8,2,,,
BTCUSD,don20,1h,2.0,2.0,True,fundingpips_1step,7,2.0,ladder,IS,400.0,390,0.8,0.0,2.1,0.0,97.2,6.2,5.5,2.61,-1.15,100162.0,2.1,2.2,2,,,
BTCUSD,don20,1h,2.0,2.0,True,fundingpips_1step,14,2.0,ladder,IS,400.0,390,2.3,0.0,7.2,0.0,90.5,7.6,10.7,3.98,-1.58,100231.0,7.2,4.0,2,,,
BTCUSD,don20,1h,2.0,2.0,True,fundingpips_1step,7,2.0,ladder_balance,IS,400.0,390,0.8,0.0,2.8,0.0,96.4,6.2,5.5,2.61,-1.16,100128.0,2.8,2.1,2,,,
BTCUSD,don20,1h,2.0,2.0,True,fundingpips_1step,14,2.0,ladder_balance,IS,400.0,390,2.6,0.0,7.7,0.0,89.7,8.1,10.6,3.98,-1.6,100193.0,7.7,4.0,2,,,
BTCUSD,don20,1h,2.0,2.0,True,fundingpips_1step,7,2.8,fixed,IS,400.0,390,9.0,0.0,42.3,19.2,29.5,3.6,4.0,7.19,-2.95,99866.0,61.5,1.4,2,,,
BTCUSD,don20,1h,2.0,2.0,True,fundingpips_1step,14,2.8,fixed,IS,400.0,390,14.4,0.0,51.8,27.2,6.7,5.3,4.9,7.81,-3.07,99824.0,79.0,1.8,2,,,
BTCUSD,don20,1h,2.0,2.0,True,fundingpips_1step,7,2.8,balance,IS,400.0,390,8.5,0.0,44.9,19.5,27.2,3.5,3.9,7.11,-2.93,99811.0,64.4,1.5,2,,,
BTCUSD,don20,1h,2.0,2.0,True,fundingpips_1step,14,2.8,balance,IS,400.0,390,12.6,0.0,55.1,27.2,5.1,4.6,4.7,7.69,-3.04,99822.0,82.3,1.8,2,,,
BTCUSD,don20,1h,2.0,2.0,True,fundingpips_1step,7,2.8,ladder,IS,400.0,390,0.8,0.0,2.1,0.0,97.2,6.2,5.5,2.62,-1.16,100154.0,2.1,2.1,2,,,
BTCUSD,don20,1h,2.0,2.0,True,fundingpips_1step,14,2.8,ladder,IS,400.0,390,3.1,0.0,6.4,0.0,90.5,8.8,10.7,4.03,-1.62,100228.0,6.4,4.2,2,,,
BTCUSD,don20,1h,2.0,2.0,True,fundingpips_1step,7,2.8,ladder_balance,IS,400.0,390,0.8,0.0,2.8,0.0,96.4,6.2,5.5,2.62,-1.17,100121.0,2.8,2.2,2,,,
BTCUSD,don20,1h,2.0,2.0,True,fundingpips_1step,14,2.8,ladder_balance,IS,400.0,390,3.1,0.0,7.2,0.0,89.7,8.8,10.6,4.03,-1.65,100189.0,7.2,4.1,2,,,
BTCUSD,don20,1h,2.0,2.0,False,fundingpips_1step,7,0.5,fixed,IS,400.0,390,0.0,0.0,0.0,0.0,100.0,,5.5,1.68,-0.64,100050.0,0.0,1.4,2,,,
BTCUSD,don20,1h,2.0,2.0,False,fundingpips_1step,14,0.5,fixed,IS,400.0,390,0.0,0.0,0.0,0.0,100.0,,10.9,2.38,-0.76,100121.0,0.0,2.9,2,,,
BTCUSD,don20,1h,2.0,2.0,False,fundingpips_1step,7,0.5,balance,IS,400.0,390,0.0,0.0,0.0,0.0,100.0,,5.5,1.68,-0.64,100050.0,0.0,1.5,2,,,
BTCUSD,don20,1h,2.0,2.0,False,fundingpips_1step,14,0.5,balance,IS,400.0,390,0.0,0.0,0.0,0.0,100.0,,10.9,2.38,-0.76,100121.0,0.0,2.9,2,,,
BTCUSD,don20,1h,2.0,2.0,False,fundingpips_1step,7,1.0,fixed,IS,400.0,390,0.3,0.0,0.0,0.5,99.2,6.6,5.5,3.37,-1.28,100098.0,0.5,1.5,2,,,
BTCUSD,don20,1h,2.0,2.0,False,fundingpips_1step,14,1.0,fixed,IS,400.0,390,3.1,0.0,0.0,7.4,89.5,11.6,10.7,4.73,-1.51,100183.0,7.4,2.8,2,,,
BTCUSD,don20,1h,2.0,2.0,False,fundingpips_1step,7,1.0,balance,IS,400.0,390,0.3,0.0,0.0,0.3,99.5,6.6,5.5,3.37,-1.28,100099.0,0.3,1.6,2,,,
BTCUSD,don20,1h,2.0,2.0,False,fundingpips_1step,14,1.0,balance,IS,400.0,390,3.1,0.0,0.0,7.2,89.7,10.7,10.7,4.73,-1.52,100168.0,7.2,2.8,2,,,
BTCUSD,don20,1h,2.0,2.0,False,fundingpips_1step,7,1.0,ladder,IS,400.0,390,0.3,0.0,0.0,0.0,99.7,6.6,5.5,2.33,-0.97,100145.0,0.0,1.4,2,,,
BTCUSD,don20,1h,2.0,2.0,False,fundingpips_1step,14,1.0,ladder,IS,400.0,390,2.1,0.0,0.0,0.0,97.9,10.9,10.8,3.41,-1.21,100316.0,0.0,2.8,2,,,
BTCUSD,don20,1h,2.0,2.0,False,fundingpips_1step,7,1.0,ladder_balance,IS,400.0,390,0.3,0.0,0.0,0.0,99.7,6.6,5.5,2.34,-0.98,100146.0,0.0,1.5,2,,,
BTCUSD,don20,1h,2.0,2.0,False,fundingpips_1step,14,1.0,ladder_balance,IS,400.0,390,2.1,0.0,0.0,0.0,97.9,10.1,10.8,3.41,-1.22,100317.0,0.0,3.3,2,,,
BTCUSD,don20,1h,2.0,2.0,False,fundingpips_1step,7,1.5,fixed,IS,400.0,390,2.6,0.0,7.4,5.9,84.1,5.5,5.3,4.95,-1.91,100133.0,13.3,2.1,2,,,
BTCUSD,don20,1h,2.0,2.0,False,fundingpips_1step,14,1.5,fixed,IS,400.0,390,7.4,0.0,14.1,22.3,56.2,8.4,9.1,6.38,-2.2,100204.0,36.4,3.6,2,,,
BTCUSD,don20,1h,2.0,2.0,False,fundingpips_1step,7,1.5,balance,IS,400.0,390,2.8,0.0,7.9,5.4,83.8,5.2,5.3,4.94,-1.91,100074.0,13.3,2.1,2,,,
BTCUSD,don20,1h,2.0,2.0,False,fundingpips_1step,14,1.5,balance,IS,400.0,390,7.2,0.0,14.6,22.1,56.2,8.1,9.1,6.39,-2.21,100170.0,36.7,3.5,2,,,
BTCUSD,don20,1h,2.0,2.0,False,fundingpips_1step,7,1.5,ladder,IS,400.0,390,0.8,0.0,1.0,0.0,98.2,6.6,5.5,2.58,-1.13,100150.0,1.0,2.1,2,,,
BTCUSD,don20,1h,2.0,2.0,False,fundingpips_1step,14,1.5,ladder,IS,400.0,390,3.8,0.0,3.6,0.0,92.6,8.6,10.6,3.86,-1.48,100281.0,3.6,4.1,2,,,
BTCUSD,don20,1h,2.0,2.0,False,fundingpips_1step,7,1.5,ladder_balance,IS,400.0,390,1.0,0.0,1.0,0.0,97.9,6.4,5.5,2.59,-1.14,100150.0,1.0,2.3,2,,,
BTCUSD,don20,1h,2.0,2.0,False,fundingpips_1step,14,1.5,ladder_balance,IS,400.0,390,3.8,0.0,3.6,0.0,92.6,8.6,10.6,3.88,-1.5,100282.0,3.6,4.3,2,,,
BTCUSD,don20,1h,2.0,2.0,False,fundingpips_1step,7,2.0,fixed,IS,400.0,390,3.6,0.0,26.2,13.1,57.2,3.6,4.7,5.94,-2.39,99836.0,39.3,1.8,2,,,
BTCUSD,don20,1h,2.0,2.0,False,fundingpips_1step,14,2.0,fixed,IS,400.0,390,8.2,0.0,39.2,26.2,26.4,7.9,6.9,6.98,-2.63,99824.0,65.4,2.8,2,,,
BTCUSD,don20,1h,2.0,2.0,False,fundingpips_1step,7,2.0,balance,IS,400.0,390,4.1,0.0,26.2,12.3,57.4,3.7,4.7,5.95,-2.4,99840.0,38.5,1.8,2,,,
BTCUSD,don20,1h,2.0,2.0,False,fundingpips_1step,14,2.0,balance,IS,400.0,390,9.0,0.0,39.0,25.9,26.2,7.8,6.9,6.97,-2.66,99840.0,64.9,2.8,2,,,
BTCUSD,don20,1h,2.0,2.0,False,fundingpips_1step,7,2.0,ladder,IS,400.0,390,0.8,0.0,2.1,0.0,97.2,6.2,5.5,2.65,-1.17,100119.0,2.1,2.2,2,,,
BTCUSD,don20,1h,2.0,2.0,False,fundingpips_1step,14,2.0,ladder,IS,400.0,390,2.3,0.0,7.2,0.0,90.5,7.6,10.6,4.01,-1.6,100156.0,7.2,4.1,2,,,
BTCUSD,don20,1h,2.0,2.0,False,fundingpips_1step,7,2.0,ladder_balance,IS,400.0,390,0.8,0.0,2.8,0.0,96.4,6.2,5.5,2.65,-1.18,100083.0,2.8,2.2,2,,,
BTCUSD,don20,1h,2.0,2.0,False,fundingpips_1step,14,2.0,ladder_balance,IS,400.0,390,2.6,0.0,7.7,0.0,89.7,8.1,10.5,4.01,-1.61,100115.0,7.7,4.1,2,,,
BTCUSD,don20,1h,2.0,2.0,False,fundingpips_1step,7,2.8,fixed,IS,400.0,390,6.7,0.0,43.8,19.0,30.5,3.3,3.8,7.14,-2.95,99726.0,62.8,1.4,2,,,
BTCUSD,don20,1h,2.0,2.0,False,fundingpips_1step,14,2.8,fixed,IS,400.0,390,13.1,0.0,54.4,25.4,7.2,6.1,4.8,7.8,-3.07,99827.0,79.8,1.8,2,,,
BTCUSD,don20,1h,2.0,2.0,False,fundingpips_1step,7,2.8,balance,IS,400.0,390,5.9,0.0,45.9,19.7,28.5,2.7,3.8,7.08,-2.93,99730.0,65.6,1.5,2,,,
BTCUSD,don20,1h,2.0,2.0,False,fundingpips_1step,14,2.8,balance,IS,400.0,390,11.0,0.0,57.2,25.9,5.9,5.3,4.6,7.66,-3.04,99916.0,83.1,1.7,2,,,
BTCUSD,don20,1h,2.0,2.0,False,fundingpips_1step,7,2.8,ladder,IS,400.0,390,0.8,0.0,2.1,0.0,97.2,6.2,5.5,2.66,-1.18,100111.0,2.1,2.2,2,,,
BTCUSD,don20,1h,2.0,2.0,False,fundingpips_1step,14,2.8,ladder,IS,400.0,390,3.1,0.0,6.4,0.0,90.5,8.8,10.6,4.07,-1.64,100153.0,6.4,4.3,2,,,
BTCUSD,don20,1h,2.0,2.0,False,fundingpips_1step,7,2.8,ladder_balance,IS,400.0,390,0.8,0.0,2.8,0.0,96.4,6.2,5.5,2.66,-1.19,100077.0,2.8,2.2,2,,,
BTCUSD,don20,1h,2.0,2.0,False,fundingpips_1step,14,2.8,ladder_balance,IS,400.0,390,3.1,0.0,7.2,0.0,89.7,8.8,10.5,4.06,-1.66,100112.0,7.2,4.1,2,,,
USDJPY,don55,4h,2.0,2.0,True,fundingpips_1step,7,0.5,fixed,IS,400.0,527,0.0,0.0,0.0,0.0,100.0,,1.1,0.48,-0.23,100035.0,0.0,1.2,2,,,
USDJPY,don55,4h,2.0,2.0,True,fundingpips_1step,14,0.5,fixed,IS,400.0,527,0.0,0.0,0.0,0.0,100.0,,2.2,0.81,-0.35,100097.0,0.0,2.3,2,,,
USDJPY,don55,4h,2.0,2.0,True,fundingpips_1step,7,0.5,balance,IS,400.0,527,0.0,0.0,0.0,0.0,100.0,,1.1,0.48,-0.23,100035.0,0.0,1.2,2,,,
USDJPY,don55,4h,2.0,2.0,True,fundingpips_1step,14,0.5,balance,IS,400.0,527,0.0,0.0,0.0,0.0,100.0,,2.2,0.81,-0.35,100097.0,0.0,2.3,2,,,
USDJPY,don55,4h,2.0,2.0,True,fundingpips_1step,7,1.0,fixed,IS,400.0,527,0.0,0.0,0.0,0.0,100.0,,1.1,0.96,-0.46,100070.0,0.0,1.1,2,,,
USDJPY,don55,4h,2.0,2.0,True,fundingpips_1step,14,1.0,fixed,IS,400.0,527,0.0,0.0,0.0,0.0,100.0,,2.2,1.63,-0.7,100194.0,0.0,2.3,2,,,
USDJPY,don55,4h,2.0,2.0,True,fundingpips_1step,7,1.0,balance,IS,400.0,527,0.0,0.0,0.0,0.0,100.0,,1.1,0.96,-0.46,100069.0,0.0,1.2,2,,,
USDJPY,don55,4h,2.0,2.0,True,fundingpips_1step,14,1.0,balance,IS,400.0,527,0.0,0.0,0.0,0.0,100.0,,2.2,1.63,-0.7,100195.0,0.0,2.4,2,,,
USDJPY,don55,4h,2.0,2.0,True,fundingpips_1step,7,1.0,ladder,IS,400.0,527,0.0,0.0,0.0,0.0,100.0,,1.1,0.54,-0.27,100033.0,0.0,1.3,2,,,
USDJPY,don55,4h,2.0,2.0,True,fundingpips_1step,14,1.0,ladder,IS,400.0,527,0.0,0.0,0.0,0.0,100.0,,2.2,1.01,-0.45,100140.0,0.0,2.4,2,,,
USDJPY,don55,4h,2.0,2.0,True,fundingpips_1step,7,1.0,ladder_balance,IS,400.0,527,0.0,0.0,0.0,0.0,100.0,,1.1,0.54,-0.27,100033.0,0.0,1.2,2,,,
USDJPY,don55,4h,2.0,2.0,True,fundingpips_1step,14,1.0,ladder_balance,IS,400.0,527,0.0,0.0,0.0,0.0,100.0,,2.2,1.01,-0.45,100140.0,0.0,2.4,2,,,
USDJPY,don55,4h,2.0,2.0,True,fundingpips_1step,7,1.5,fixed,IS,400.0,527,0.6,0.0,0.0,0.0,99.4,6.2,1.1,1.43,-0.69,100104.0,0.0,1.2,2,,,
USDJPY,don55,4h,2.0,2.0,True,fundingpips_1step,14,1.5,fixed,IS,400.0,527,1.3,0.0,0.0,0.0,98.7,9.1,2.2,2.44,-1.05,100292.0,0.0,2.3,2,,,
USDJPY,don55,4h,2.0,2.0,True,fundingpips_1step,7,1.5,balance,IS,400.0,527,0.6,0.0,0.0,0.0,99.4,6.2,1.1,1.43,-0.69,100104.0,0.0,1.2,2,,,
USDJPY,don55,4h,2.0,2.0,True,fundingpips_1step,14,1.5,balance,IS,400.0,527,1.5,0.0,0.0,0.0,98.5,9.2,2.2,2.44,-1.05,100294.0,0.0,2.3,2,,,
USDJPY,don55,4h,2.0,2.0,True,fundingpips_1step,7,1.5,ladder,IS,400.0,527,0.0,0.0,0.0,0.0,100.0,,1.1,0.55,-0.27,100033.0,0.0,1.1,2,,,
USDJPY,don55,4h,2.0,2.0,True,fundingpips_1step,14,1.5,ladder,IS,400.0,527,0.2,0.0,0.0,0.0,99.8,9.1,2.2,1.03,-0.46,100152.0,0.0,2.4,2,,,
USDJPY,don55,4h,2.0,2.0,True,fundingpips_1step,7,1.5,ladder_balance,IS,400.0,527,0.0,0.0,0.0,0.0,100.0,,1.1,0.55,-0.27,100033.0,0.0,1.2,2,,,
USDJPY,don55,4h,2.0,2.0,True,fundingpips_1step,14,1.5,ladder_balance,IS,400.0,527,0.2,0.0,0.0,0.0,99.8,9.1,2.2,1.03,-0.46,100152.0,0.0,2.4,2,,,
USDJPY,don55,4h,2.0,2.0,True,fundingpips_1step,7,2.0,fixed,IS,400.0,527,1.3,0.0,0.8,0.4,97.5,4.1,1.1,1.9,-0.92,100142.0,1.2,1.2,2,,,
USDJPY,don55,4h,2.0,2.0,True,fundingpips_1step,14,2.0,fixed,IS,400.0,527,3.6,0.0,1.7,2.1,92.6,8.5,2.1,3.21,-1.4,100382.0,3.8,2.5,2,,,
USDJPY,don55,4h,2.0,2.0,True,fundingpips_1step,7,2.0,balance,IS,400.0,527,1.3,0.0,0.4,0.4,97.9,4.1,1.1,1.9,-0.92,100140.0,0.8,1.2,2,,,
USDJPY,don55,4h,2.0,2.0,True,fundingpips_1step,14,2.0,balance,IS,400.0,527,3.6,0.0,1.1,1.9,93.4,8.5,2.1,3.22,-1.4,100382.0,3.0,2.2,2,,,
USDJPY,don55,4h,2.0,2.0,True,fundingpips_1step,7,2.0,ladder,IS,400.0,527,0.0,0.0,0.0,0.0,100.0,,1.1,0.55,-0.27,100033.0,0.0,1.2,2,,,
USDJPY,don55,4h,2.0,2.0,True,fundingpips_1step,14,2.0,ladder,IS,400.0,527,0.2,0.0,0.0,0.0,99.8,9.1,2.2,1.03,-0.46,100153.0,0.0,2.3,2,,,
USDJPY,don55,4h,2.0,2.0,True,fundingpips_1step,7,2.0,ladder_balance,IS,400.0,527,0.0,0.0,0.0,0.0,100.0,,1.1,0.55,-0.27,100033.0,0.0,1.2,2,,,
USDJPY,don55,4h,2.0,2.0,True,fundingpips_1step,14,2.0,ladder_balance,IS,400.0,527,0.2,0.0,0.0,0.0,99.8,9.1,2.2,1.03,-0.47,100153.0,0.0,2.3,2,,,
USDJPY,don55,4h,2.0,2.0,True,fundingpips_1step,7,2.8,fixed,IS,400.0,527,2.8,0.0,1.9,0.8,94.5,4.1,1.1,2.62,-1.27,100225.0,2.7,1.2,2,,,
USDJPY,don55,4h,2.0,2.0,True,fundingpips_1step,14,2.8,fixed,IS,400.0,527,6.3,0.0,4.4,4.7,84.6,8.3,2.0,4.36,-1.91,100593.0,9.1,2.2,2,,,
USDJPY,don55,4h,2.0,2.0,True,fundingpips_1step,7,2.8,balance,IS,400.0,527,2.8,0.0,1.9,0.8,94.5,4.1,1.1,2.62,-1.27,100225.0,2.7,1.2,2,,,
USDJPY,don55,4h,2.0,2.0,True,fundingpips_1step,14,2.8,balance,IS,400.0,527,6.3,0.0,4.4,4.7,84.6,8.3,2.0,4.35,-1.91,100611.0,9.1,2.2,2,,,
USDJPY,don55,4h,2.0,2.0,True,fundingpips_1step,7,2.8,ladder,IS,400.0,527,0.0,0.0,0.0,0.0,100.0,,1.1,0.55,-0.27,100033.0,0.0,1.1,2,,,
USDJPY,don55,4h,2.0,2.0,True,fundingpips_1step,14,2.8,ladder,IS,400.0,527,0.2,0.0,0.0,0.0,99.8,9.1,2.2,1.03,-0.46,100153.0,0.0,1.6,2,,,
USDJPY,don55,4h,2.0,2.0,True,fundingpips_1step,7,2.8,ladder_balance,IS,400.0,527,0.0,0.0,0.0,0.0,100.0,,1.1,0.55,-0.27,100033.0,0.0,0.8,2,,,
USDJPY,don55,4h,2.0,2.0,True,fundingpips_1step,14,2.8,ladder_balance,IS,400.0,527,0.2,0.0,0.0,0.0,99.8,9.1,2.2,1.03,-0.47,100153.0,0.0,1.6,2,,,
USDJPY,don55,4h,2.0,2.0,False,fundingpips_1step,7,0.5,fixed,IS,400.0,527,0.0,0.0,0.0,0.0,100.0,,1.1,0.48,-0.24,100034.0,0.0,1.2,2,,,
USDJPY,don55,4h,2.0,2.0,False,fundingpips_1step,14,0.5,fixed,IS,400.0,527,0.0,0.0,0.0,0.0,100.0,,2.1,0.82,-0.36,100098.0,0.0,2.4,2,,,
USDJPY,don55,4h,2.0,2.0,False,fundingpips_1step,7,0.5,balance,IS,400.0,527,0.0,0.0,0.0,0.0,100.0,,1.1,0.48,-0.24,100034.0,0.0,1.2,2,,,
USDJPY,don55,4h,2.0,2.0,False,fundingpips_1step,14,0.5,balance,IS,400.0,527,0.0,0.0,0.0,0.0,100.0,,2.1,0.82,-0.36,100099.0,0.0,2.5,2,,,
USDJPY,don55,4h,2.0,2.0,False,fundingpips_1step,7,1.0,fixed,IS,400.0,527,0.0,0.0,0.0,0.0,100.0,,1.1,0.97,-0.47,100068.0,0.0,1.3,2,,,
USDJPY,don55,4h,2.0,2.0,False,fundingpips_1step,14,1.0,fixed,IS,400.0,527,0.0,0.0,0.0,0.0,100.0,,2.1,1.65,-0.71,100197.0,0.0,2.3,2,,,
USDJPY,don55,4h,2.0,2.0,False,fundingpips_1step,7,1.0,balance,IS,400.0,527,0.0,0.0,0.0,0.0,100.0,,1.1,0.97,-0.47,100068.0,0.0,1.2,2,,,
USDJPY,don55,4h,2.0,2.0,False,fundingpips_1step,14,1.0,balance,IS,400.0,527,0.0,0.0,0.0,0.0,100.0,,2.1,1.65,-0.71,100198.0,0.0,2.4,2,,,
USDJPY,don55,4h,2.0,2.0,False,fundingpips_1step,7,1.0,ladder,IS,400.0,527,0.0,0.0,0.0,0.0,100.0,,1.1,0.55,-0.27,100044.0,0.0,1.2,2,,,
USDJPY,don55,4h,2.0,2.0,False,fundingpips_1step,14,1.0,ladder,IS,400.0,527,0.0,0.0,0.0,0.0,100.0,,2.1,1.01,-0.45,100156.0,0.0,2.5,2,,,
USDJPY,don55,4h,2.0,2.0,False,fundingpips_1step,7,1.0,ladder_balance,IS,400.0,527,0.0,0.0,0.0,0.0,100.0,,1.1,0.55,-0.27,100044.0,0.0,1.2,2,,,
USDJPY,don55,4h,2.0,2.0,False,fundingpips_1step,14,1.0,ladder_balance,IS,400.0,527,0.0,0.0,0.0,0.0,100.0,,2.1,1.02,-0.45,100156.0,0.0,2.4,2,,,
USDJPY,don55,4h,2.0,2.0,False,fundingpips_1step,7,1.5,fixed,IS,400.0,527,0.6,0.0,0.0,0.0,99.4,6.2,1.1,1.46,-0.71,100102.0,0.0,1.3,2,,,
USDJPY,don55,4h,2.0,2.0,False,fundingpips_1step,14,1.5,fixed,IS,400.0,527,1.3,0.0,0.0,0.0,98.7,9.1,2.1,2.47,-1.07,100296.0,0.0,2.5,2,,,
USDJPY,don55,4h,2.0,2.0,False,fundingpips_1step,7,1.5,balance,IS,400.0,527,0.6,0.0,0.0,0.0,99.4,6.2,1.1,1.46,-0.71,100102.0,0.0,1.2,2,,,
USDJPY,don55,4h,2.0,2.0,False,fundingpips_1step,14,1.5,balance,IS,400.0,527,1.3,0.0,0.0,0.0,98.7,9.1,2.1,2.47,-1.07,100298.0,0.0,2.5,2,,,
USDJPY,don55,4h,2.0,2.0,False,fundingpips_1step,7,1.5,ladder,IS,400.0,527,0.0,0.0,0.0,0.0,100.0,,1.1,0.55,-0.27,100044.0,0.0,1.2,2,,,
USDJPY,don55,4h,2.0,2.0,False,fundingpips_1step,14,1.5,ladder,IS,400.0,527,0.0,0.0,0.0,0.0,100.0,,2.1,1.03,-0.46,100157.0,0.0,2.4,2,,,
USDJPY,don55,4h,2.0,2.0,False,fundingpips_1step,7,1.5,ladder_balance,IS,400.0,527,0.0,0.0,0.0,0.0,100.0,,1.1,0.55,-0.27,100045.0,0.0,1.2,2,,,
USDJPY,don55,4h,2.0,2.0,False,fundingpips_1step,14,1.5,ladder_balance,IS,400.0,527,0.0,0.0,0.0,0.0,100.0,,2.1,1.04,-0.46,100157.0,0.0,2.5,2,,,
USDJPY,don55,4h,2.0,2.0,False,fundingpips_1step,7,2.0,fixed,IS,400.0,527,1.3,0.0,0.8,0.4,97.5,4.1,1.1,1.93,-0.94,100141.0,1.2,1.3,2,,,
USDJPY,don55,4h,2.0,2.0,False,fundingpips_1step,14,2.0,fixed,IS,400.0,527,3.6,0.0,1.7,1.5,93.2,8.5,2.1,3.25,-1.42,100400.0,3.2,2.4,2,,,
USDJPY,don55,4h,2.0,2.0,False,fundingpips_1step,7,2.0,balance,IS,400.0,527,1.3,0.0,0.4,0.4,97.9,4.1,1.1,1.93,-0.94,100140.0,0.8,1.3,2,,,
USDJPY,don55,4h,2.0,2.0,False,fundingpips_1step,14,2.0,balance,IS,400.0,527,3.8,0.0,1.1,1.3,93.7,8.8,2.1,3.25,-1.42,100401.0,2.4,2.3,2,,,
USDJPY,don55,4h,2.0,2.0,False,fundingpips_1step,7,2.0,ladder,IS,400.0,527,0.0,0.0,0.0,0.0,100.0,,1.1,0.55,-0.27,100044.0,0.0,1.2,2,,,
USDJPY,don55,4h,2.0,2.0,False,fundingpips_1step,14,2.0,ladder,IS,400.0,527,0.0,0.0,0.0,0.0,100.0,,2.1,1.04,-0.46,100157.0,0.0,2.3,2,,,
USDJPY,don55,4h,2.0,2.0,False,fundingpips_1step,7,2.0,ladder_balance,IS,400.0,527,0.0,0.0,0.0,0.0,100.0,,1.1,0.55,-0.27,100045.0,0.0,1.2,2,,,
USDJPY,don55,4h,2.0,2.0,False,fundingpips_1step,14,2.0,ladder_balance,IS,400.0,527,0.0,0.0,0.0,0.0,100.0,,2.1,1.04,-0.46,100157.0,0.0,2.4,2,,,
USDJPY,don55,4h,2.0,2.0,False,fundingpips_1step,7,2.8,fixed,IS,400.0,527,3.0,0.0,2.5,0.6,93.9,4.4,1.0,2.65,-1.3,100222.0,3.1,1.2,2,,,
USDJPY,don55,4h,2.0,2.0,False,fundingpips_1step,14,2.8,fixed,IS,400.0,527,6.5,0.0,5.7,4.6,83.3,8.0,2.0,4.4,-1.92,100602.0,10.3,2.3,2,,,
USDJPY,don55,4h,2.0,2.0,False,fundingpips_1step,7,2.8,balance,IS,400.0,527,3.0,0.0,2.5,0.6,93.9,4.4,1.0,2.65,-1.3,100224.0,3.1,1.2,2,,,
USDJPY,don55,4h,2.0,2.0,False,fundingpips_1step,14,2.8,balance,IS,400.0,527,6.5,0.0,5.7,4.6,83.3,8.0,2.0,4.39,-1.92,100618.0,10.3,1.5,2,,,
USDJPY,don55,4h,2.0,2.0,False,fundingpips_1step,7,2.8,ladder,IS,400.0,527,0.0,0.0,0.0,0.0,100.0,,1.1,0.55,-0.27,100044.0,0.0,0.8,2,,,
USDJPY,don55,4h,2.0,2.0,False,fundingpips_1step,14,2.8,ladder,IS,400.0,527,0.0,0.0,0.0,0.0,100.0,,2.1,1.04,-0.46,100157.0,0.0,1.6,2,,,
USDJPY,don55,4h,2.0,2.0,False,fundingpips_1step,7,2.8,ladder_balance,IS,400.0,527,0.0,0.0,0.0,0.0,100.0,,1.1,0.55,-0.27,100045.0,0.0,0.8,2,,,
USDJPY,don55,4h,2.0,2.0,False,fundingpips_1step,14,2.8,ladder_balance,IS,400.0,527,0.0,0.0,0.0,0.0,100.0,,2.1,1.04,-0.46,100157.0,0.0,1.6,2,,,
BTCUSD,don20,4h,1.0,1.0,True,fundingpips_1step,7,0.5,fixed,IS,400.0,390,0.0,0.0,0.0,0.0,100.0,,2.4,1.12,-0.39,100076.0,0.0,1.0,2,,,
BTCUSD,don20,4h,1.0,1.0,True,fundingpips_1step,14,0.5,fixed,IS,400.0,390,0.0,0.0,0.0,0.0,100.0,,4.7,1.69,-0.49,100190.0,0.0,1.9,2,,,
BTCUSD,don20,4h,1.0,1.0,True,fundingpips_1step,7,0.5,balance,IS,400.0,390,0.0,0.0,0.0,0.0,100.0,,2.4,1.12,-0.39,100076.0,0.0,1.0,2,,,
BTCUSD,don20,4h,1.0,1.0,True,fundingpips_1step,14,0.5,balance,IS,400.0,390,0.0,0.0,0.0,0.0,100.0,,4.7,1.69,-0.49,100191.0,0.0,1.9,2,,,
BTCUSD,don20,4h,1.0,1.0,True,fundingpips_1step,7,1.0,fixed,IS,400.0,390,1.0,0.0,0.0,0.0,99.0,4.6,2.3,2.24,-0.78,100121.0,0.0,0.9,2,,,
BTCUSD,don20,4h,1.0,1.0,True,fundingpips_1step,14,1.0,fixed,IS,400.0,390,2.3,0.0,0.0,0.5,97.2,7.1,4.6,3.38,-0.98,100278.0,0.5,2.0,2,,,
BTCUSD,don20,4h,1.0,1.0,True,fundingpips_1step,7,1.0,balance,IS,400.0,390,1.0,0.0,0.0,0.0,99.0,4.6,2.3,2.24,-0.78,100119.0,0.0,1.1,2,,,
BTCUSD,don20,4h,1.0,1.0,True,fundingpips_1step,14,1.0,balance,IS,400.0,390,2.3,0.0,0.0,0.3,97.4,7.1,4.6,3.38,-0.98,100274.0,0.3,1.9,2,,,
BTCUSD,don20,4h,1.0,1.0,True,fundingpips_1step,7,1.0,ladder,IS,400.0,390,0.0,0.0,0.0,0.0,100.0,,2.4,1.33,-0.52,100035.0,0.0,1.0,2,,,
BTCUSD,don20,4h,1.0,1.0,True,fundingpips_1step,14,1.0,ladder,IS,400.0,390,1.3,0.0,0.0,0.0,98.7,11.3,4.7,2.19,-0.77,100117.0,0.0,2.0,2,,,
BTCUSD,don20,4h,1.0,1.0,True,fundingpips_1step,7,1.0,ladder_balance,IS,400.0,390,0.0,0.0,0.0,0.0,100.0,,2.4,1.33,-0.52,100036.0,0.0,1.1,2,,,
BTCUSD,don20,4h,1.0,1.0,True,fundingpips_1step,14,1.0,ladder_balance,IS,400.0,390,1.3,0.0,0.0,0.0,98.7,11.3,4.7,2.2,-0.78,100122.0,0.0,1.9,2,,,
BTCUSD,don20,4h,1.0,1.0,True,fundingpips_1step,7,1.5,fixed,IS,400.0,390,2.1,0.0,0.0,0.0,97.9,4.3,2.3,3.35,-1.17,100205.0,0.0,0.9,2,,,
BTCUSD,don20,4h,1.0,1.0,True,fundingpips_1step,14,1.5,fixed,IS,400.0,390,7.9,0.0,0.0,4.6,87.4,9.0,4.5,4.99,-1.44,100480.0,4.6,1.9,2,,,
BTCUSD,don20,4h,1.0,1.0,True,fundingpips_1step,7,1.5,balance,IS,400.0,390,2.1,0.0,0.3,0.0,97.7,4.3,2.3,3.34,-1.17,100208.0,0.3,1.0,2,,,
BTCUSD,don20,4h,1.0,1.0,True,fundingpips_1step,14,1.5,balance,IS,400.0,390,8.2,0.0,0.3,4.6,86.9,9.2,4.5,4.97,-1.45,100490.0,4.9,1.8,2,,,
BTCUSD,don20,4h,1.0,1.0,True,fundingpips_1step,7,1.5,ladder,IS,400.0,390,0.0,0.0,0.0,0.0,100.0,,2.4,1.35,-0.53,100040.0,0.0,1.0,2,,,
BTCUSD,don20,4h,1.0,1.0,True,fundingpips_1step,14,1.5,ladder,IS,400.0,390,1.3,0.0,0.0,0.0,98.7,11.3,4.7,2.27,-0.84,100117.0,0.0,1.9,2,,,
BTCUSD,don20,4h,1.0,1.0,True,fundingpips_1step,7,1.5,ladder_balance,IS,400.0,390,0.0,0.0,0.0,0.0,100.0,,2.4,1.35,-0.53,100042.0,0.0,1.0,2,,,
BTCUSD,don20,4h,1.0,1.0,True,fundingpips_1step,14,1.5,ladder_balance,IS,400.0,390,1.3,0.0,0.0,0.0,98.7,11.3,4.7,2.28,-0.85,100124.0,0.0,1.9,2,,,
BTCUSD,don20,4h,1.0,1.0,True,fundingpips_1step,7,2.0,fixed,IS,400.0,390,4.4,0.0,0.3,3.1,92.3,5.1,2.3,4.45,-1.55,100208.0,3.4,1.0,2,,,
BTCUSD,don20,4h,1.0,1.0,True,fundingpips_1step,14,2.0,fixed,IS,400.0,390,12.1,0.0,0.3,19.7,67.9,8.6,4.2,6.46,-1.91,100410.0,20.0,1.7,2,,,
BTCUSD,don20,4h,1.0,1.0,True,fundingpips_1step,7,2.0,balance,IS,400.0,390,4.4,0.0,0.3,2.3,93.1,5.1,2.3,4.45,-1.56,100220.0,2.6,1.1,2,,,
BTCUSD,don20,4h,1.0,1.0,True,fundingpips_1step,14,2.0,balance,IS,400.0,390,12.3,0.0,0.3,18.2,69.2,9.1,4.2,6.46,-1.93,100444.0,18.5,1.9,2,,,
BTCUSD,don20,4h,1.0,1.0,True,fundingpips_1step,7,2.0,ladder,IS,400.0,390,0.0,0.0,0.0,0.0,100.0,,2.4,1.35,-0.53,100039.0,0.0,0.7,2,,,
BTCUSD,don20,4h,1.0,1.0,True,fundingpips_1step,14,2.0,ladder,IS,400.0,390,1.3,0.0,0.0,0.0,98.7,11.3,4.7,2.29,-0.85,100127.0,0.0,1.3,2,,,
BTCUSD,don20,4h,1.0,1.0,True,fundingpips_1step,7,2.0,ladder_balance,IS,400.0,390,0.0,0.0,0.0,0.0,100.0,,2.4,1.35,-0.53,100041.0,0.0,0.7,2,,,
BTCUSD,don20,4h,1.0,1.0,True,fundingpips_1step,14,2.0,ladder_balance,IS,400.0,390,1.3,0.0,0.0,0.0,98.7,11.3,4.7,2.3,-0.86,100135.0,0.0,1.3,2,,,
BTCUSD,don20,4h,1.0,1.0,True,fundingpips_1step,7,2.8,fixed,IS,400.0,390,9.5,0.0,7.7,9.7,73.1,4.3,2.1,5.94,-2.11,100227.0,17.4,0.6,2,,,
BTCUSD,don20,4h,1.0,1.0,True,fundingpips_1step,14,2.8,fixed,IS,400.0,390,18.2,0.0,10.8,35.6,35.4,6.5,3.4,7.82,-2.53,100535.0,46.4,0.9,2,,,
BTCUSD,don20,4h,1.0,1.0,True,fundingpips_1step,7,2.8,balance,IS,400.0,390,10.0,0.0,9.0,11.5,69.5,4.3,2.1,5.9,-2.11,100269.0,20.5,0.6,2,,,
BTCUSD,don20,4h,1.0,1.0,True,fundingpips_1step,14,2.8,balance,IS,400.0,390,17.9,0.0,15.6,37.2,29.2,6.4,3.4,7.66,-2.52,100607.0,52.8,0.9,2,,,
BTCUSD,don20,4h,1.0,1.0,True,fundingpips_1step,7,2.8,ladder,IS,400.0,390,0.0,0.0,0.0,0.0,100.0,,2.4,1.35,-0.53,100039.0,0.0,0.7,2,,,
BTCUSD,don20,4h,1.0,1.0,True,fundingpips_1step,14,2.8,ladder,IS,400.0,390,1.3,0.0,0.0,0.0,98.7,11.3,4.7,2.29,-0.85,100127.0,0.0,1.3,2,,,
BTCUSD,don20,4h,1.0,1.0,True,fundingpips_1step,7,2.8,ladder_balance,IS,400.0,390,0.0,0.0,0.0,0.0,100.0,,2.4,1.35,-0.53,100041.0,0.0,0.7,2,,,
BTCUSD,don20,4h,1.0,1.0,True,fundingpips_1step,14,2.8,ladder_balance,IS,400.0,390,1.3,0.0,0.0,0.0,98.7,11.3,4.7,2.3,-0.86,100135.0,0.0,1.5,2,,,
BTCUSD,don20,4h,1.0,1.0,False,fundingpips_1step,7,0.5,fixed,IS,400.0,390,0.0,0.0,0.0,0.0,100.0,,2.3,1.12,-0.39,100068.0,0.0,1.0,2,,,
BTCUSD,don20,4h,1.0,1.0,False,fundingpips_1step,14,0.5,fixed,IS,400.0,390,0.0,0.0,0.0,0.0,100.0,,4.7,1.71,-0.49,100174.0,0.0,1.9,2,,,
BTCUSD,don20,4h,1.0,1.0,False,fundingpips_1step,7,0.5,balance,IS,400.0,390,0.0,0.0,0.0,0.0,100.0,,2.3,1.12,-0.39,100068.0,0.0,1.0,2,,,
BTCUSD,don20,4h,1.0,1.0,False,fundingpips_1step,14,0.5,balance,IS,400.0,390,0.0,0.0,0.0,0.0,100.0,,4.7,1.71,-0.49,100176.0,0.0,2.1,2,,,
BTCUSD,don20,4h,1.0,1.0,False,fundingpips_1step,7,1.0,fixed,IS,400.0,390,1.0,0.0,0.0,0.0,99.0,4.6,2.3,2.25,-0.79,100106.0,0.0,1.0,2,,,
BTCUSD,don20,4h,1.0,1.0,False,fundingpips_1step,14,1.0,fixed,IS,400.0,390,2.3,0.0,0.0,0.5,97.2,7.1,4.6,3.42,-0.98,100247.0,0.5,2.0,2,,,
BTCUSD,don20,4h,1.0,1.0,False,fundingpips_1step,7,1.0,balance,IS,400.0,390,1.0,0.0,0.0,0.0,99.0,4.6,2.3,2.25,-0.79,100104.0,0.0,1.1,2,,,
BTCUSD,don20,4h,1.0,1.0,False,fundingpips_1step,14,1.0,balance,IS,400.0,390,2.3,0.0,0.0,0.3,97.4,7.1,4.6,3.42,-0.99,100244.0,0.3,2.1,2,,,
BTCUSD,don20,4h,1.0,1.0,False,fundingpips_1step,7,1.0,ladder,IS,400.0,390,0.0,0.0,0.0,0.0,100.0,,2.3,1.34,-0.52,100048.0,0.0,1.1,2,,,
BTCUSD,don20,4h,1.0,1.0,False,fundingpips_1step,14,1.0,ladder,IS,400.0,390,1.3,0.0,0.0,0.0,98.7,11.3,4.7,2.23,-0.78,100143.0,0.0,2.0,2,,,
BTCUSD,don20,4h,1.0,1.0,False,fundingpips_1step,7,1.0,ladder_balance,IS,400.0,390,0.0,0.0,0.0,0.0,100.0,,2.3,1.35,-0.52,100049.0,0.0,1.0,2,,,
BTCUSD,don20,4h,1.0,1.0,False,fundingpips_1step,14,1.0,ladder_balance,IS,400.0,390,1.3,0.0,0.0,0.0,98.7,11.3,4.7,2.23,-0.78,100148.0,0.0,2.0,2,,,
BTCUSD,don20,4h,1.0,1.0,False,fundingpips_1step,7,1.5,fixed,IS,400.0,390,2.1,0.0,0.0,0.0,97.9,4.3,2.3,3.38,-1.17,100182.0,0.0,1.0,2,,,
BTCUSD,don20,4h,1.0,1.0,False,fundingpips_1step,14,1.5,fixed,IS,400.0,390,8.2,0.0,0.0,5.1,86.7,9.2,4.4,5.04,-1.45,100436.0,5.1,1.8,2,,,
BTCUSD,don20,4h,1.0,1.0,False,fundingpips_1step,7,1.5,balance,IS,400.0,390,2.1,0.0,0.3,0.0,97.7,4.3,2.3,3.37,-1.18,100188.0,0.3,1.0,2,,,
BTCUSD,don20,4h,1.0,1.0,False,fundingpips_1step,14,1.5,balance,IS,400.0,390,8.5,0.0,0.3,5.1,86.2,9.5,4.4,5.02,-1.46,100449.0,5.4,1.8,2,,,
BTCUSD,don20,4h,1.0,1.0,False,fundingpips_1step,7,1.5,ladder,IS,400.0,390,0.0,0.0,0.0,0.0,100.0,,2.3,1.37,-0.53,100054.0,0.0,1.0,2,,,
BTCUSD,don20,4h,1.0,1.0,False,fundingpips_1step,14,1.5,ladder,IS,400.0,390,1.3,0.0,0.0,0.0,98.7,11.3,4.7,2.32,-0.85,100156.0,0.0,2.0,2,,,
BTCUSD,don20,4h,1.0,1.0,False,fundingpips_1step,7,1.5,ladder_balance,IS,400.0,390,0.0,0.0,0.0,0.0,100.0,,2.3,1.37,-0.54,100055.0,0.0,1.0,2,,,
BTCUSD,don20,4h,1.0,1.0,False,fundingpips_1step,14,1.5,ladder_balance,IS,400.0,390,1.3,0.0,0.0,0.0,98.7,11.3,4.7,2.34,-0.86,100164.0,0.0,2.0,2,,,
BTCUSD,don20,4h,1.0,1.0,False,fundingpips_1step,7,2.0,fixed,IS,400.0,390,4.6,0.0,0.3,4.1,91.0,5.2,2.3,4.48,-1.56,100157.0,4.4,1.0,2,,,
BTCUSD,don20,4h,1.0,1.0,False,fundingpips_1step,14,2.0,fixed,IS,400.0,390,13.1,0.0,0.3,21.0,65.6,8.8,4.1,6.51,-1.92,100354.0,21.3,1.7,2,,,
BTCUSD,don20,4h,1.0,1.0,False,fundingpips_1step,7,2.0,balance,IS,400.0,390,4.6,0.0,0.3,3.3,91.8,5.2,2.3,4.47,-1.57,100171.0,3.6,0.9,2,,,
BTCUSD,don20,4h,1.0,1.0,False,fundingpips_1step,14,2.0,balance,IS,400.0,390,13.3,0.0,0.3,19.2,67.2,9.2,4.2,6.5,-1.93,100396.0,19.5,1.2,2,,,
BTCUSD,don20,4h,1.0,1.0,False,fundingpips_1step,7,2.0,ladder,IS,400.0,390,0.0,0.0,0.0,0.0,100.0,,2.3,1.37,-0.54,100053.0,0.0,0.7,2,,,
BTCUSD,don20,4h,1.0,1.0,False,fundingpips_1step,14,2.0,ladder,IS,400.0,390,1.3,0.0,0.0,0.0,98.7,11.3,4.7,2.35,-0.86,100170.0,0.0,1.3,2,,,
BTCUSD,don20,4h,1.0,1.0,False,fundingpips_1step,7,2.0,ladder_balance,IS,400.0,390,0.0,0.0,0.0,0.0,100.0,,2.3,1.37,-0.54,100055.0,0.0,0.7,2,,,
BTCUSD,don20,4h,1.0,1.0,False,fundingpips_1step,14,2.0,ladder_balance,IS,400.0,390,1.3,0.0,0.0,0.0,98.7,11.3,4.7,2.37,-0.87,100178.0,0.0,1.3,2,,,
BTCUSD,don20,4h,1.0,1.0,False,fundingpips_1step,7,2.8,fixed,IS,400.0,390,9.2,0.0,7.7,10.0,73.1,4.3,2.1,5.96,-2.13,100211.0,17.7,0.6,2,,,
BTCUSD,don20,4h,1.0,1.0,False,fundingpips_1step,14,2.8,fixed,IS,400.0,390,18.2,0.0,10.8,35.6,35.4,6.5,3.4,7.84,-2.54,100536.0,46.4,0.9,2,,,
BTCUSD,don20,4h,1.0,1.0,False,fundingpips_1step,7,2.8,balance,IS,400.0,390,9.7,0.0,9.0,11.8,69.5,4.3,2.1,5.91,-2.13,100255.0,20.8,0.6,2,,,
BTCUSD,don20,4h,1.0,1.0,False,fundingpips_1step,14,2.8,balance,IS,400.0,390,17.9,0.0,15.6,37.2,29.2,6.4,3.3,7.66,-2.53,100639.0,52.8,0.9,2,,,
BTCUSD,don20,4h,1.0,1.0,False,fundingpips_1step,7,2.8,ladder,IS,400.0,390,0.0,0.0,0.0,0.0,100.0,,2.3,1.37,-0.54,100053.0,0.0,0.7,2,,,
BTCUSD,don20,4h,1.0,1.0,False,fundingpips_1step,14,2.8,ladder,IS,400.0,390,1.3,0.0,0.0,0.0,98.7,11.3,4.7,2.35,-0.86,100170.0,0.0,1.4,2,,,
BTCUSD,don20,4h,1.0,1.0,False,fundingpips_1step,7,2.8,ladder_balance,IS,400.0,390,0.0,0.0,0.0,0.0,100.0,,2.3,1.37,-0.54,100055.0,0.0,0.7,2,,,
BTCUSD,don20,4h,1.0,1.0,False,fundingpips_1step,14,2.8,ladder_balance,IS,400.0,390,1.3,0.0,0.0,0.0,98.7,11.3,4.7,2.37,-0.87,100178.0,0.0,1.3,2,,,
GBPUSD,don20,4h,1.0,1.0,False,fundingpips_1step,7,0.5,fixed,IS,400.0,527,0.0,0.0,0.0,0.0,100.0,,2.0,0.96,-0.39,100031.0,0.0,0.8,2,,,
GBPUSD,don20,4h,1.0,1.0,False,fundingpips_1step,14,0.5,fixed,IS,400.0,527,0.0,0.0,0.0,0.0,100.0,,4.0,1.55,-0.51,100080.0,0.0,1.4,2,,,
GBPUSD,don20,4h,1.0,1.0,False,fundingpips_1step,7,0.5,balance,IS,400.0,527,0.0,0.0,0.0,0.0,100.0,,2.0,0.96,-0.39,100031.0,0.0,0.7,2,,,
GBPUSD,don20,4h,1.0,1.0,False,fundingpips_1step,14,0.5,balance,IS,400.0,527,0.0,0.0,0.0,0.0,100.0,,4.0,1.55,-0.51,100080.0,0.0,1.4,2,,,
GBPUSD,don20,4h,1.0,1.0,False,fundingpips_1step,7,1.0,fixed,IS,400.0,527,0.4,0.0,0.0,0.0,99.6,4.2,2.0,1.93,-0.79,100063.0,0.0,0.7,2,,,
GBPUSD,don20,4h,1.0,1.0,False,fundingpips_1step,14,1.0,fixed,IS,400.0,527,1.3,0.0,0.0,0.2,98.5,8.7,4.0,3.1,-1.01,100163.0,0.2,1.4,2,,,
GBPUSD,don20,4h,1.0,1.0,False,fundingpips_1step,7,1.0,balance,IS,400.0,527,0.4,0.0,0.0,0.0,99.6,4.2,2.0,1.92,-0.79,100063.0,0.0,0.8,2,,,
GBPUSD,don20,4h,1.0,1.0,False,fundingpips_1step,14,1.0,balance,IS,400.0,527,1.3,0.0,0.0,0.2,98.5,8.7,4.0,3.1,-1.02,100163.0,0.2,1.4,2,,,
GBPUSD,don20,4h,1.0,1.0,False,fundingpips_1step,7,1.0,ladder,IS,400.0,527,0.0,0.0,0.0,0.0,100.0,,2.0,1.13,-0.47,100045.0,0.0,0.7,2,,,
GBPUSD,don20,4h,1.0,1.0,False,fundingpips_1step,14,1.0,ladder,IS,400.0,527,0.6,0.0,0.0,0.0,99.4,8.7,4.0,1.97,-0.7,100119.0,0.0,1.5,2,,,
GBPUSD,don20,4h,1.0,1.0,False,fundingpips_1step,7,1.0,ladder_balance,IS,400.0,527,0.2,0.0,0.0,0.0,99.8,6.4,2.0,1.13,-0.47,100046.0,0.0,0.8,2,,,
GBPUSD,don20,4h,1.0,1.0,False,fundingpips_1step,14,1.0,ladder_balance,IS,400.0,527,0.6,0.0,0.0,0.0,99.4,8.7,4.0,1.97,-0.7,100119.0,0.0,1.4,2,,,
GBPUSD,don20,4h,1.0,1.0,False,fundingpips_1step,7,1.5,fixed,IS,400.0,527,1.5,0.0,0.2,0.0,98.3,3.2,2.0,2.89,-1.18,100093.0,0.2,0.7,2,,,
GBPUSD,don20,4h,1.0,1.0,False,fundingpips_1step,14,1.5,fixed,IS,400.0,527,3.6,0.0,0.6,3.8,92.0,8.1,3.9,4.61,-1.51,100250.0,4.4,1.5,2,,,
GBPUSD,don20,4h,1.0,1.0,False,fundingpips_1step,7,1.5,balance,IS,400.0,527,1.3,0.0,0.2,0.0,98.5,3.1,2.0,2.88,-1.18,100091.0,0.2,0.8,2,,,
GBPUSD,don20,4h,1.0,1.0,False,fundingpips_1step,14,1.5,balance,IS,400.0,527,3.6,0.0,0.6,3.0,92.8,8.3,3.9,4.61,-1.52,100252.0,3.6,1.5,2,,,
GBPUSD,don20,4h,1.0,1.0,False,fundingpips_1step,7,1.5,ladder,IS,400.0,527,0.2,0.0,0.0,0.0,99.8,6.4,2.0,1.15,-0.48,100048.0,0.0,0.8,2,,,
GBPUSD,don20,4h,1.0,1.0,False,fundingpips_1step,14,1.5,ladder,IS,400.0,527,0.8,0.0,0.0,0.0,99.2,10.1,4.0,2.08,-0.77,100123.0,0.0,1.3,2,,,
GBPUSD,don20,4h,1.0,1.0,False,fundingpips_1step,7,1.5,ladder_balance,IS,400.0,527,0.2,0.0,0.0,0.0,99.8,6.4,2.0,1.15,-0.48,100049.0,0.0,0.8,2,,,
GBPUSD,don20,4h,1.0,1.0,False,fundingpips_1step,14,1.5,ladder_balance,IS,400.0,527,0.8,0.0,0.0,0.0,99.2,10.1,4.0,2.09,-0.78,100123.0,0.0,1.1,2,,,
GBPUSD,don20,4h,1.0,1.0,False,fundingpips_1step,7,2.0,fixed,IS,400.0,527,2.3,0.0,2.8,0.9,93.9,3.2,2.0,3.81,-1.57,100140.0,3.7,0.8,2,,,
GBPUSD,don20,4h,1.0,1.0,False,fundingpips_1step,14,2.0,fixed,IS,400.0,527,6.1,0.0,6.1,10.6,77.2,8.5,3.7,5.95,-2.0,100354.0,16.7,1.6,2,,,
GBPUSD,don20,4h,1.0,1.0,False,fundingpips_1step,7,2.0,balance,IS,400.0,527,2.3,0.0,2.8,0.9,93.9,2.9,2.0,3.81,-1.58,100125.0,3.7,1.0,2,,,
GBPUSD,don20,4h,1.0,1.0,False,fundingpips_1step,14,2.0,balance,IS,400.0,527,6.3,0.0,5.7,9.9,78.2,8.7,3.7,5.95,-2.0,100340.0,15.6,1.6,2,,,
GBPUSD,don20,4h,1.0,1.0,False,fundingpips_1step,7,2.0,ladder,IS,400.0,527,0.2,0.0,0.0,0.0,99.8,6.4,2.0,1.15,-0.48,100048.0,0.0,0.8,2,,,
GBPUSD,don20,4h,1.0,1.0,False,fundingpips_1step,14,2.0,ladder,IS,400.0,527,0.8,0.0,0.0,0.0,99.2,10.1,4.0,2.1,-0.78,100123.0,0.0,1.4,2,,,
GBPUSD,don20,4h,1.0,1.0,False,fundingpips_1step,7,2.0,ladder_balance,IS,400.0,527,0.2,0.0,0.0,0.0,99.8,6.4,2.0,1.15,-0.48,100049.0,0.0,0.7,2,,,
GBPUSD,don20,4h,1.0,1.0,False,fundingpips_1step,14,2.0,ladder_balance,IS,400.0,527,0.8,0.0,0.0,0.0,99.2,10.1,4.0,2.1,-0.79,100124.0,0.0,1.4,2,,,
GBPUSD,don20,4h,1.0,1.0,False,fundingpips_1step,7,2.8,fixed,IS,400.0,527,5.1,0.0,4.6,5.9,84.4,3.3,1.9,5.25,-2.17,100206.0,10.5,0.8,2,,,
GBPUSD,don20,4h,1.0,1.0,False,fundingpips_1step,14,2.8,fixed,IS,400.0,527,11.4,0.0,8.0,23.9,56.7,7.6,3.4,7.85,-2.7,100504.0,31.9,1.2,2,,,
GBPUSD,don20,4h,1.0,1.0,False,fundingpips_1step,7,2.8,balance,IS,400.0,527,5.1,0.0,5.1,5.7,84.1,3.3,1.9,5.23,-2.17,100202.0,10.8,0.7,2,,,
GBPUSD,don20,4h,1.0,1.0,False,fundingpips_1step,14,2.8,balance,IS,400.0,527,11.4,0.0,11.0,23.3,54.3,7.6,3.4,7.8,-2.7,100515.0,34.3,1.3,2,,,
GBPUSD,don20,4h,1.0,1.0,False,fundingpips_1step,7,2.8,ladder,IS,400.0,527,0.2,0.0,0.0,0.0,99.8,6.4,2.0,1.15,-0.48,100048.0,0.0,0.8,2,,,
GBPUSD,don20,4h,1.0,1.0,False,fundingpips_1step,14,2.8,ladder,IS,400.0,527,0.8,0.0,0.2,0.0,99.1,10.1,4.0,2.1,-0.79,100127.0,0.2,1.5,2,,,
GBPUSD,don20,4h,1.0,1.0,False,fundingpips_1step,7,2.8,ladder_balance,IS,400.0,527,0.2,0.0,0.0,0.0,99.8,6.4,2.0,1.15,-0.48,100049.0,0.0,0.8,2,,,
GBPUSD,don20,4h,1.0,1.0,False,fundingpips_1step,14,2.8,ladder_balance,IS,400.0,527,0.8,0.0,0.2,0.0,99.1,10.1,4.0,2.11,-0.79,100128.0,0.2,2.2,2,,,
GBPUSD,don20,4h,1.0,1.0,True,fundingpips_1step,7,0.5,fixed,IS,400.0,527,0.0,0.0,0.0,0.0,100.0,,2.0,0.95,-0.39,100030.0,0.0,0.8,2,,,
GBPUSD,don20,4h,1.0,1.0,True,fundingpips_1step,14,0.5,fixed,IS,400.0,527,0.0,0.0,0.0,0.0,100.0,,4.0,1.53,-0.5,100084.0,0.0,1.6,2,,,
GBPUSD,don20,4h,1.0,1.0,True,fundingpips_1step,7,0.5,balance,IS,400.0,527,0.0,0.0,0.0,0.0,100.0,,2.0,0.95,-0.39,100030.0,0.0,0.8,2,,,
GBPUSD,don20,4h,1.0,1.0,True,fundingpips_1step,14,0.5,balance,IS,400.0,527,0.0,0.0,0.0,0.0,100.0,,4.0,1.53,-0.5,100084.0,0.0,1.6,2,,,
GBPUSD,don20,4h,1.0,1.0,True,fundingpips_1step,7,1.0,fixed,IS,400.0,527,0.4,0.0,0.0,0.0,99.6,4.2,2.0,1.9,-0.78,100060.0,0.0,0.9,2,,,
GBPUSD,don20,4h,1.0,1.0,True,fundingpips_1step,14,1.0,fixed,IS,400.0,527,1.3,0.0,0.0,0.2,98.5,8.7,4.0,3.06,-1.0,100171.0,0.2,1.5,2,,,
GBPUSD,don20,4h,1.0,1.0,True,fundingpips_1step,7,1.0,balance,IS,400.0,527,0.4,0.0,0.0,0.0,99.6,4.2,2.0,1.9,-0.78,100060.0,0.0,0.8,2,,,
GBPUSD,don20,4h,1.0,1.0,True,fundingpips_1step,14,1.0,balance,IS,400.0,527,1.3,0.0,0.0,0.2,98.5,8.7,4.0,3.06,-1.0,100171.0,0.2,1.5,2,,,
GBPUSD,don20,4h,1.0,1.0,True,fundingpips_1step,7,1.0,ladder,IS,400.0,527,0.0,0.0,0.0,0.0,100.0,,2.0,1.12,-0.47,100044.0,0.0,0.6,2,,,
GBPUSD,don20,4h,1.0,1.0,True,fundingpips_1step,14,1.0,ladder,IS,400.0,527,0.6,0.0,0.0,0.0,99.4,8.7,4.0,1.95,-0.69,100127.0,0.0,1.4,2,,,
GBPUSD,don20,4h,1.0,1.0,True,fundingpips_1step,7,1.0,ladder_balance,IS,400.0,527,0.2,0.0,0.0,0.0,99.8,6.4,2.0,1.12,-0.47,100044.0,0.0,0.8,2,,,
GBPUSD,don20,4h,1.0,1.0,True,fundingpips_1step,14,1.0,ladder_balance,IS,400.0,527,0.6,0.0,0.0,0.0,99.4,8.7,4.0,1.96,-0.69,100127.0,0.0,1.6,2,,,
GBPUSD,don20,4h,1.0,1.0,True,fundingpips_1step,7,1.5,fixed,IS,400.0,527,1.5,0.0,0.2,0.0,98.3,3.2,2.0,2.85,-1.16,100090.0,0.2,0.8,2,,,
GBPUSD,don20,4h,1.0,1.0,True,fundingpips_1step,14,1.5,fixed,IS,400.0,527,4.0,0.0,0.6,3.6,91.8,8.1,3.9,4.56,-1.49,100266.0,4.2,1.4,2,,,
GBPUSD,don20,4h,1.0,1.0,True,fundingpips_1step,7,1.5,balance,IS,400.0,527,1.3,0.0,0.2,0.0,98.5,3.1,2.0,2.85,-1.17,100088.0,0.2,0.9,2,,,
GBPUSD,don20,4h,1.0,1.0,True,fundingpips_1step,14,1.5,balance,IS,400.0,527,4.0,0.0,0.6,3.0,92.4,8.3,3.9,4.55,-1.49,100266.0,3.6,1.4,2,,,
GBPUSD,don20,4h,1.0,1.0,True,fundingpips_1step,7,1.5,ladder,IS,400.0,527,0.2,0.0,0.0,0.0,99.8,6.4,2.0,1.14,-0.48,100047.0,0.0,0.8,2,,,
GBPUSD,don20,4h,1.0,1.0,True,fundingpips_1step,14,1.5,ladder,IS,400.0,527,0.8,0.0,0.0,0.0,99.2,10.1,4.0,2.07,-0.76,100130.0,0.0,1.5,2,,,
GBPUSD,don20,4h,1.0,1.0,True,fundingpips_1step,7,1.5,ladder_balance,IS,400.0,527,0.2,0.0,0.0,0.0,99.8,6.4,2.0,1.14,-0.48,100047.0,0.0,0.8,2,,,
GBPUSD,don20,4h,1.0,1.0,True,fundingpips_1step,14,1.5,ladder_balance,IS,400.0,527,0.8,0.0,0.0,0.0,99.2,10.1,4.0,2.07,-0.77,100131.0,0.0,1.6,2,,,
GBPUSD,don20,4h,1.0,1.0,True,fundingpips_1step,7,2.0,fixed,IS,400.0,527,2.3,0.0,2.1,0.9,94.7,3.0,2.0,3.78,-1.55,100137.0,3.0,0.9,2,,,
GBPUSD,don20,4h,1.0,1.0,True,fundingpips_1step,14,2.0,fixed,IS,400.0,527,5.5,0.0,4.9,10.1,79.5,7.9,3.8,5.91,-1.97,100347.0,15.0,1.8,2,,,
GBPUSD,don20,4h,1.0,1.0,True,fundingpips_1step,7,2.0,balance,IS,400.0,527,2.3,0.0,2.1,0.9,94.7,2.8,2.0,3.77,-1.55,100121.0,3.0,0.9,2,,,
GBPUSD,don20,4h,1.0,1.0,True,fundingpips_1step,14,2.0,balance,IS,400.0,527,5.7,0.0,4.6,9.5,80.3,8.0,3.8,5.92,-1.98,100331.0,14.1,1.6,2,,,
GBPUSD,don20,4h,1.0,1.0,True,fundingpips_1step,7,2.0,ladder,IS,400.0,527,0.2,0.0,0.0,0.0,99.8,6.4,2.0,1.14,-0.48,100047.0,0.0,0.7,2,,,
GBPUSD,don20,4h,1.0,1.0,True,fundingpips_1step,14,2.0,ladder,IS,400.0,527,0.8,0.0,0.0,0.0,99.2,10.1,4.0,2.08,-0.78,100130.0,0.0,1.4,2,,,
GBPUSD,don20,4h,1.0,1.0,True,fundingpips_1step,7,2.0,ladder_balance,IS,400.0,527,0.2,0.0,0.0,0.0,99.8,6.4,2.0,1.14,-0.48,100047.0,0.0,0.7,2,,,
GBPUSD,don20,4h,1.0,1.0,True,fundingpips_1step,14,2.0,ladder_balance,IS,400.0,527,0.8,0.0,0.0,0.0,99.2,10.1,4.0,2.09,-0.78,100131.0,0.0,1.4,2,,,
GBPUSD,don20,4h,1.0,1.0,True,fundingpips_1step,7,2.8,fixed,IS,400.0,527,5.5,0.0,3.0,5.7,85.8,3.1,1.9,5.21,-2.14,100181.0,8.7,0.7,2,,,
GBPUSD,don20,4h,1.0,1.0,True,fundingpips_1step,14,2.8,fixed,IS,400.0,527,12.5,0.0,5.5,23.9,58.1,7.7,3.4,7.84,-2.66,100485.0,29.4,1.2,2,,,
GBPUSD,don20,4h,1.0,1.0,True,fundingpips_1step,7,2.8,balance,IS,400.0,527,5.5,0.0,3.6,5.5,85.4,3.1,1.9,5.2,-2.15,100179.0,9.1,0.7,2,,,
GBPUSD,don20,4h,1.0,1.0,True,fundingpips_1step,14,2.8,balance,IS,400.0,527,12.5,0.0,8.9,23.3,55.2,7.7,3.4,7.8,-2.67,100498.0,32.2,1.3,2,,,
GBPUSD,don20,4h,1.0,1.0,True,fundingpips_1step,7,2.8,ladder,IS,400.0,527,0.2,0.0,0.0,0.0,99.8,6.4,2.0,1.14,-0.48,100047.0,0.0,0.8,2,,,
GBPUSD,don20,4h,1.0,1.0,True,fundingpips_1step,14,2.8,ladder,IS,400.0,527,0.8,0.0,0.2,0.0,99.1,10.1,4.0,2.09,-0.78,100134.0,0.2,1.5,2,,,
GBPUSD,don20,4h,1.0,1.0,True,fundingpips_1step,7,2.8,ladder_balance,IS,400.0,527,0.2,0.0,0.0,0.0,99.8,6.4,2.0,1.14,-0.48,100047.0,0.0,0.9,2,,,
GBPUSD,don20,4h,1.0,1.0,True,fundingpips_1step,14,2.8,ladder_balance,IS,400.0,527,0.8,0.0,0.2,0.0,99.1,10.1,4.0,2.09,-0.79,100136.0,0.2,2.2,2,,,
BTCUSD,don20,4h,4.0,4.0,True,fundingpips_1step,7,0.5,fixed,IS,400.0,390,0.0,0.0,0.0,0.0,100.0,,1.9,0.74,-0.36,100134.0,0.0,1.4,2,,,
BTCUSD,don20,4h,4.0,4.0,True,fundingpips_1step,14,0.5,fixed,IS,400.0,390,0.0,0.0,0.0,0.0,100.0,,3.6,1.14,-0.48,100283.0,0.0,2.7,2,,,
BTCUSD,don20,4h,4.0,4.0,True,fundingpips_1step,7,0.5,balance,IS,400.0,390,0.0,0.0,0.0,0.0,100.0,,1.9,0.74,-0.36,100135.0,0.0,1.4,2,,,
BTCUSD,don20,4h,4.0,4.0,True,fundingpips_1step,14,0.5,balance,IS,400.0,390,0.0,0.0,0.0,0.0,100.0,,3.6,1.14,-0.48,100283.0,0.0,2.9,2,,,
BTCUSD,don20,4h,4.0,4.0,True,fundingpips_1step,7,1.0,fixed,IS,400.0,390,0.0,0.0,0.0,0.0,100.0,,1.9,1.49,-0.72,100270.0,0.0,1.4,2,,,
BTCUSD,don20,4h,4.0,4.0,True,fundingpips_1step,14,1.0,fixed,IS,400.0,390,0.0,0.0,0.0,0.0,100.0,,3.6,2.29,-0.97,100569.0,0.0,2.7,2,,,
BTCUSD,don20,4h,4.0,4.0,True,fundingpips_1step,7,1.0,balance,IS,400.0,390,0.0,0.0,0.0,0.0,100.0,,1.9,1.49,-0.72,100271.0,0.0,1.3,2,,,
BTCUSD,don20,4h,4.0,4.0,True,fundingpips_1step,14,1.0,balance,IS,400.0,390,0.0,0.0,0.0,0.0,100.0,,3.6,2.3,-0.97,100570.0,0.0,2.7,2,,,
BTCUSD,don20,4h,4.0,4.0,True,fundingpips_1step,7,1.0,ladder,IS,400.0,390,0.0,0.0,0.0,0.0,100.0,,1.9,0.87,-0.43,100192.0,0.0,1.3,2,,,
BTCUSD,don20,4h,4.0,4.0,True,fundingpips_1step,14,1.0,ladder,IS,400.0,390,0.0,0.0,0.0,0.0,100.0,,3.6,1.5,-0.7,100395.0,0.0,2.8,2,,,
BTCUSD,don20,4h,4.0,4.0,True,fundingpips_1step,7,1.0,ladder_balance,IS,400.0,390,0.0,0.0,0.0,0.0,100.0,,1.9,0.87,-0.43,100192.0,0.0,1.5,2,,,
BTCUSD,don20,4h,4.0,4.0,True,fundingpips_1step,14,1.0,ladder_balance,IS,400.0,390,0.0,0.0,0.0,0.0,100.0,,3.6,1.5,-0.7,100397.0,0.0,2.8,2,,,
BTCUSD,don20,4h,4.0,4.0,True,fundingpips_1step,7,1.5,fixed,IS,400.0,390,0.3,0.0,0.8,0.0,99.0,6.3,1.9,2.25,-1.08,100405.0,0.8,1.3,2,,,
BTCUSD,don20,4h,4.0,4.0,True,fundingpips_1step,14,1.5,fixed,IS,400.0,390,2.3,0.0,2.1,0.3,95.4,9.3,3.5,3.44,-1.46,100844.0,2.4,2.7,2,,,
BTCUSD,don20,4h,4.0,4.0,True,fundingpips_1step,7,1.5,balance,IS,400.0,390,0.3,0.0,0.8,0.0,99.0,6.3,1.9,2.25,-1.08,100406.0,0.8,1.4,2,,,
BTCUSD,don20,4h,4.0,4.0,True,fundingpips_1step,14,1.5,balance,IS,400.0,390,3.3,0.0,2.1,0.3,94.4,10.9,3.5,3.44,-1.46,100845.0,2.4,3.1,2,,,
BTCUSD,don20,4h,4.0,4.0,True,fundingpips_1step,7,1.5,ladder,IS,400.0,390,0.0,0.0,0.0,0.0,100.0,,1.9,0.88,-0.44,100187.0,0.0,1.7,2,,,
BTCUSD,don20,4h,4.0,4.0,True,fundingpips_1step,14,1.5,ladder,IS,400.0,390,0.0,0.0,0.0,0.0,100.0,,3.6,1.59,-0.74,100381.0,0.0,2.8,2,,,
BTCUSD,don20,4h,4.0,4.0,True,fundingpips_1step,7,1.5,ladder_balance,IS,400.0,390,0.0,0.0,0.0,0.0,100.0,,1.9,0.88,-0.44,100187.0,0.0,1.4,2,,,
BTCUSD,don20,4h,4.0,4.0,True,fundingpips_1step,14,1.5,ladder_balance,IS,400.0,390,0.0,0.0,0.0,0.0,100.0,,3.6,1.59,-0.74,100382.0,0.0,2.8,2,,,
BTCUSD,don20,4h,4.0,4.0,True,fundingpips_1step,7,2.0,fixed,IS,400.0,390,1.0,0.0,5.1,0.0,93.8,6.0,1.9,2.98,-1.43,100552.0,5.1,1.4,2,,,
BTCUSD,don20,4h,4.0,4.0,True,fundingpips_1step,14,2.0,fixed,IS,400.0,390,5.6,0.0,12.6,2.3,79.5,10.0,3.4,4.41,-1.9,101176.0,14.9,3.0,2,,,
BTCUSD,don20,4h,4.0,4.0,True,fundingpips_1step,7,2.0,balance,IS,400.0,390,1.0,0.0,5.1,0.0,93.8,6.0,1.9,2.98,-1.44,100554.0,5.1,1.6,2,,,
BTCUSD,don20,4h,4.0,4.0,True,fundingpips_1step,14,2.0,balance,IS,400.0,390,5.6,0.0,11.8,2.1,80.5,10.0,3.4,4.42,-1.9,101182.0,13.9,3.9,2,,,
BTCUSD,don20,4h,4.0,4.0,True,fundingpips_1step,7,2.0,ladder,IS,400.0,390,0.0,0.0,0.0,0.0,100.0,,1.9,0.88,-0.44,100187.0,0.0,2.0,2,,,
BTCUSD,don20,4h,4.0,4.0,True,fundingpips_1step,14,2.0,ladder,IS,400.0,390,0.0,0.0,0.0,0.0,100.0,,3.6,1.59,-0.75,100374.0,0.0,3.6,2,,,
BTCUSD,don20,4h,4.0,4.0,True,fundingpips_1step,7,2.0,ladder_balance,IS,400.0,390,0.0,0.0,0.0,0.0,100.0,,1.9,0.88,-0.44,100187.0,0.0,1.8,2,,,
BTCUSD,don20,4h,4.0,4.0,True,fundingpips_1step,14,2.0,ladder_balance,IS,400.0,390,0.0,0.0,0.0,0.0,100.0,,3.6,1.6,-0.75,100375.0,0.0,3.9,2,,,
BTCUSD,don20,4h,4.0,4.0,True,fundingpips_1step,7,2.8,fixed,IS,400.0,390,1.5,0.0,12.3,0.3,85.9,4.4,1.8,4.06,-1.93,100757.0,12.6,2.0,2,,,
BTCUSD,don20,4h,4.0,4.0,True,fundingpips_1step,14,2.8,fixed,IS,400.0,390,5.6,0.0,24.6,6.7,63.1,8.8,3.1,5.79,-2.44,101358.0,31.3,3.0,2,,,
BTCUSD,don20,4h,4.0,4.0,True,fundingpips_1step,7,2.8,balance,IS,400.0,390,1.5,0.0,12.8,0.3,85.4,4.4,1.8,4.06,-1.93,100760.0,13.1,1.9,2,,,
BTCUSD,don20,4h,4.0,4.0,True,fundingpips_1step,14,2.8,balance,IS,400.0,390,5.6,0.0,26.4,5.9,62.1,8.8,3.0,5.73,-2.45,101402.0,32.3,3.4,2,,,
BTCUSD,don20,4h,4.0,4.0,True,fundingpips_1step,7,2.8,ladder,IS,400.0,390,0.0,0.0,0.0,0.0,100.0,,1.9,0.88,-0.44,100187.0,0.0,2.0,2,,,
BTCUSD,don20,4h,4.0,4.0,True,fundingpips_1step,14,2.8,ladder,IS,400.0,390,0.0,0.0,0.0,0.0,100.0,,3.6,1.59,-0.75,100374.0,0.0,2.9,2,,,
BTCUSD,don20,4h,4.0,4.0,True,fundingpips_1step,7,2.8,ladder_balance,IS,400.0,390,0.0,0.0,0.0,0.0,100.0,,1.9,0.88,-0.44,100187.0,0.0,1.3,2,,,
BTCUSD,don20,4h,4.0,4.0,True,fundingpips_1step,14,2.8,ladder_balance,IS,400.0,390,0.0,0.0,0.0,0.0,100.0,,3.6,1.6,-0.75,100375.0,0.0,2.7,2,,,
XAUUSD,don55,4h,1.0,1.0,False,fundingpips_1step,7,0.5,fixed,IS,400.0,422,0.0,0.0,0.0,0.0,100.0,,1.1,0.59,-0.26,99997.0,0.0,0.6,2,,,
XAUUSD,don55,4h,1.0,1.0,False,fundingpips_1step,14,0.5,fixed,IS,400.0,422,0.0,0.0,0.0,0.0,100.0,,2.2,1.03,-0.41,99998.0,0.0,1.2,2,,,
XAUUSD,don55,4h,1.0,1.0,False,fundingpips_1step,7,0.5,balance,IS,400.0,422,0.0,0.0,0.0,0.0,100.0,,1.1,0.59,-0.26,99998.0,0.0,0.7,2,,,
XAUUSD,don55,4h,1.0,1.0,False,fundingpips_1step,14,0.5,balance,IS,400.0,422,0.0,0.0,0.0,0.0,100.0,,2.2,1.03,-0.41,99998.0,0.0,1.4,2,,,
XAUUSD,don55,4h,1.0,1.0,False,fundingpips_1step,7,1.0,fixed,IS,400.0,422,0.2,0.0,0.0,0.0,99.8,2.9,1.1,1.18,-0.51,99995.0,0.0,0.5,2,,,
XAUUSD,don55,4h,1.0,1.0,False,fundingpips_1step,14,1.0,fixed,IS,400.0,422,0.5,0.0,0.0,0.0,99.5,5.9,2.2,2.07,-0.81,99997.0,0.0,1.3,2,,,
XAUUSD,don55,4h,1.0,1.0,False,fundingpips_1step,7,1.0,balance,IS,400.0,422,0.2,0.0,0.0,0.0,99.8,2.9,1.1,1.17,-0.51,99995.0,0.0,0.6,2,,,
XAUUSD,don55,4h,1.0,1.0,False,fundingpips_1step,14,1.0,balance,IS,400.0,422,0.5,0.0,0.0,0.0,99.5,5.9,2.2,2.07,-0.81,99999.0,0.0,1.1,2,,,
XAUUSD,don55,4h,1.0,1.0,False,fundingpips_1step,7,1.0,ladder,IS,400.0,422,0.0,0.0,0.0,0.0,100.0,,1.1,0.66,-0.3,99984.0,0.0,0.6,2,,,
XAUUSD,don55,4h,1.0,1.0,False,fundingpips_1step,14,1.0,ladder,IS,400.0,422,0.2,0.0,0.0,0.0,99.8,8.9,2.2,1.26,-0.54,99971.0,0.0,1.1,2,,,
XAUUSD,don55,4h,1.0,1.0,False,fundingpips_1step,7,1.0,ladder_balance,IS,400.0,422,0.0,0.0,0.0,0.0,100.0,,1.1,0.66,-0.3,99984.0,0.0,0.7,2,,,
XAUUSD,don55,4h,1.0,1.0,False,fundingpips_1step,14,1.0,ladder_balance,IS,400.0,422,0.2,0.0,0.0,0.0,99.8,8.9,2.2,1.26,-0.54,99972.0,0.0,1.3,2,,,
XAUUSD,don55,4h,1.0,1.0,False,fundingpips_1step,7,1.5,fixed,IS,400.0,422,0.7,0.0,0.0,0.0,99.3,2.9,1.0,1.76,-0.77,99984.0,0.0,0.7,2,,,
XAUUSD,don55,4h,1.0,1.0,False,fundingpips_1step,14,1.5,fixed,IS,400.0,422,2.1,0.0,0.0,0.7,97.2,8.9,2.2,3.1,-1.21,99995.0,0.7,1.3,2,,,
XAUUSD,don55,4h,1.0,1.0,False,fundingpips_1step,7,1.5,balance,IS,400.0,422,0.7,0.0,0.0,0.0,99.3,2.9,1.0,1.76,-0.77,99984.0,0.0,0.7,2,,,
XAUUSD,don55,4h,1.0,1.0,False,fundingpips_1step,14,1.5,balance,IS,400.0,422,2.1,0.0,0.0,0.7,97.2,8.9,2.2,3.1,-1.22,100000.0,0.7,1.3,2,,,
XAUUSD,don55,4h,1.0,1.0,False,fundingpips_1step,7,1.5,ladder,IS,400.0,422,0.0,0.0,0.0,0.0,100.0,,1.1,0.66,-0.3,99986.0,0.0,0.7,2,,,
XAUUSD,don55,4h,1.0,1.0,False,fundingpips_1step,14,1.5,ladder,IS,400.0,422,0.7,0.0,0.0,0.0,99.3,8.9,2.2,1.29,-0.56,99999.0,0.0,1.3,2,,,
XAUUSD,don55,4h,1.0,1.0,False,fundingpips_1step,7,1.5,ladder_balance,IS,400.0,422,0.0,0.0,0.0,0.0,100.0,,1.1,0.67,-0.3,99986.0,0.0,0.7,2,,,
XAUUSD,don55,4h,1.0,1.0,False,fundingpips_1step,14,1.5,ladder_balance,IS,400.0,422,0.7,0.0,0.0,0.0,99.3,8.9,2.2,1.29,-0.56,100002.0,0.0,1.4,2,,,
XAUUSD,don55,4h,1.0,1.0,False,fundingpips_1step,7,2.0,fixed,IS,400.0,422,1.7,0.0,1.2,0.9,96.2,5.6,1.0,2.35,-1.02,99969.0,2.1,0.7,2,,,
XAUUSD,don55,4h,1.0,1.0,False,fundingpips_1step,14,2.0,fixed,IS,400.0,422,3.3,0.0,2.4,3.6,90.8,7.5,2.1,4.08,-1.6,99926.0,6.0,1.3,2,,,
XAUUSD,don55,4h,1.0,1.0,False,fundingpips_1step,7,2.0,balance,IS,400.0,422,1.9,0.0,1.2,0.5,96.4,5.2,1.0,2.35,-1.02,99982.0,1.7,0.7,2,,,
XAUUSD,don55,4h,1.0,1.0,False,fundingpips_1step,14,2.0,balance,IS,400.0,422,3.6,0.0,2.4,2.4,91.7,6.2,2.1,4.08,-1.61,99975.0,4.8,1.3,2,,,
XAUUSD,don55,4h,1.0,1.0,False,fundingpips_1step,7,2.0,ladder,IS,400.0,422,0.0,0.0,0.0,0.0,100.0,,1.1,0.66,-0.3,99986.0,0.0,0.7,2,,,
XAUUSD,don55,4h,1.0,1.0,False,fundingpips_1step,14,2.0,ladder,IS,400.0,422,0.7,0.0,0.0,0.0,99.3,8.9,2.2,1.29,-0.56,100011.0,0.0,1.3,2,,,
XAUUSD,don55,4h,1.0,1.0,False,fundingpips_1step,7,2.0,ladder_balance,IS,400.0,422,0.0,0.0,0.0,0.0,100.0,,1.1,0.67,-0.3,99986.0,0.0,0.7,2,,,
XAUUSD,don55,4h,1.0,1.0,False,fundingpips_1step,14,2.0,ladder_balance,IS,400.0,422,0.7,0.0,0.0,0.0,99.3,8.9,2.2,1.3,-0.56,100015.0,0.0,0.9,2,,,
XAUUSD,don55,4h,1.0,1.0,False,fundingpips_1step,7,2.8,fixed,IS,400.0,422,4.7,0.0,4.5,1.9,88.9,4.5,1.0,3.2,-1.41,99947.0,6.4,0.5,2,,,
XAUUSD,don55,4h,1.0,1.0,False,fundingpips_1step,14,2.8,fixed,IS,400.0,422,9.2,0.0,9.5,6.2,75.1,6.2,1.9,5.42,-2.17,99901.0,15.7,0.8,2,,,
XAUUSD,don55,4h,1.0,1.0,False,fundingpips_1step,7,2.8,balance,IS,400.0,422,4.7,0.0,5.7,1.7,87.9,4.5,1.0,3.2,-1.41,99956.0,7.4,0.5,2,,,
XAUUSD,don55,4h,1.0,1.0,False,fundingpips_1step,14,2.8,balance,IS,400.0,422,9.2,0.0,12.6,6.9,71.3,6.2,1.9,5.39,-2.17,99916.0,19.5,0.8,2,,,
XAUUSD,don55,4h,1.0,1.0,False,fundingpips_1step,7,2.8,ladder,IS,400.0,422,0.0,0.0,0.0,0.0,100.0,,1.1,0.66,-0.3,99986.0,0.0,0.5,2,,,
XAUUSD,don55,4h,1.0,1.0,False,fundingpips_1step,14,2.8,ladder,IS,400.0,422,0.7,0.0,0.0,0.0,99.3,8.9,2.2,1.3,-0.56,100016.0,0.0,1.0,2,,,
XAUUSD,don55,4h,1.0,1.0,False,fundingpips_1step,7,2.8,ladder_balance,IS,400.0,422,0.0,0.0,0.0,0.0,100.0,,1.1,0.67,-0.3,99986.0,0.0,0.5,2,,,
XAUUSD,don55,4h,1.0,1.0,False,fundingpips_1step,14,2.8,ladder_balance,IS,400.0,422,0.7,0.0,0.0,0.0,99.3,8.9,2.2,1.3,-0.56,100021.0,0.0,0.9,2,,,
XAUUSD,don55,4h,1.0,1.0,True,fundingpips_1step,7,0.5,fixed,IS,400.0,422,0.0,0.0,0.0,0.0,100.0,,1.1,0.58,-0.25,100008.0,0.0,0.7,2,,,
XAUUSD,don55,4h,1.0,1.0,True,fundingpips_1step,14,0.5,fixed,IS,400.0,422,0.0,0.0,0.0,0.0,100.0,,2.2,1.02,-0.4,100016.0,0.0,1.3,2,,,
XAUUSD,don55,4h,1.0,1.0,True,fundingpips_1step,7,0.5,balance,IS,400.0,422,0.0,0.0,0.0,0.0,100.0,,1.1,0.58,-0.25,100008.0,0.0,0.6,2,,,
XAUUSD,don55,4h,1.0,1.0,True,fundingpips_1step,14,0.5,balance,IS,400.0,422,0.0,0.0,0.0,0.0,100.0,,2.2,1.02,-0.4,100017.0,0.0,1.1,2,,,
XAUUSD,don55,4h,1.0,1.0,True,fundingpips_1step,7,1.0,fixed,IS,400.0,422,0.2,0.0,0.0,0.0,99.8,2.9,1.1,1.16,-0.5,100017.0,0.0,0.5,2,,,
XAUUSD,don55,4h,1.0,1.0,True,fundingpips_1step,14,1.0,fixed,IS,400.0,422,0.5,0.0,0.0,0.0,99.5,5.9,2.2,2.04,-0.8,100034.0,0.0,1.4,2,,,
XAUUSD,don55,4h,1.0,1.0,True,fundingpips_1step,7,1.0,balance,IS,400.0,422,0.2,0.0,0.0,0.0,99.8,2.9,1.1,1.16,-0.5,100017.0,0.0,0.7,2,,,
XAUUSD,don55,4h,1.0,1.0,True,fundingpips_1step,14,1.0,balance,IS,400.0,422,0.5,0.0,0.0,0.0,99.5,5.9,2.2,2.04,-0.8,100036.0,0.0,1.3,2,,,
XAUUSD,don55,4h,1.0,1.0,True,fundingpips_1step,7,1.0,ladder,IS,400.0,422,0.0,0.0,0.0,0.0,100.0,,1.1,0.66,-0.3,99995.0,0.0,0.7,2,,,
XAUUSD,don55,4h,1.0,1.0,True,fundingpips_1step,14,1.0,ladder,IS,400.0,422,0.2,0.0,0.0,0.0,99.8,8.9,2.2,1.25,-0.53,99993.0,0.0,1.3,2,,,
XAUUSD,don55,4h,1.0,1.0,True,fundingpips_1step,7,1.0,ladder_balance,IS,400.0,422,0.0,0.0,0.0,0.0,100.0,,1.1,0.66,-0.3,99995.0,0.0,0.5,2,,,
XAUUSD,don55,4h,1.0,1.0,True,fundingpips_1step,14,1.0,ladder_balance,IS,400.0,422,0.2,0.0,0.0,0.0,99.8,8.9,2.2,1.25,-0.54,99995.0,0.0,1.4,2,,,
XAUUSD,don55,4h,1.0,1.0,True,fundingpips_1step,7,1.5,fixed,IS,400.0,422,0.7,0.0,0.0,0.0,99.3,2.9,1.0,1.74,-0.75,100017.0,0.0,0.7,2,,,
XAUUSD,don55,4h,1.0,1.0,True,fundingpips_1step,14,1.5,fixed,IS,400.0,422,2.1,0.0,0.0,0.7,97.2,8.9,2.2,3.07,-1.19,100049.0,0.7,1.5,2,,,
XAUUSD,don55,4h,1.0,1.0,True,fundingpips_1step,7,1.5,balance,IS,400.0,422,0.7,0.0,0.0,0.0,99.3,2.9,1.0,1.74,-0.75,100016.0,0.0,0.7,2,,,
XAUUSD,don55,4h,1.0,1.0,True,fundingpips_1step,14,1.5,balance,IS,400.0,422,2.1,0.0,0.0,0.7,97.2,8.9,2.2,3.06,-1.2,100053.0,0.7,1.3,2,,,
XAUUSD,don55,4h,1.0,1.0,True,fundingpips_1step,7,1.5,ladder,IS,400.0,422,0.0,0.0,0.0,0.0,100.0,,1.1,0.66,-0.3,99997.0,0.0,0.7,2,,,
XAUUSD,don55,4h,1.0,1.0,True,fundingpips_1step,14,1.5,ladder,IS,400.0,422,0.7,0.0,0.0,0.0,99.3,8.9,2.2,1.28,-0.55,100022.0,0.0,1.3,2,,,
XAUUSD,don55,4h,1.0,1.0,True,fundingpips_1step,7,1.5,ladder_balance,IS,400.0,422,0.0,0.0,0.0,0.0,100.0,,1.1,0.66,-0.3,99997.0,0.0,0.6,2,,,
XAUUSD,don55,4h,1.0,1.0,True,fundingpips_1step,14,1.5,ladder_balance,IS,400.0,422,0.7,0.0,0.0,0.0,99.3,8.9,2.2,1.28,-0.55,100025.0,0.0,1.4,2,,,
XAUUSD,don55,4h,1.0,1.0,True,fundingpips_1step,7,2.0,fixed,IS,400.0,422,1.9,0.0,0.9,0.7,96.4,5.7,1.0,2.32,-1.0,100018.0,1.6,0.7,2,,,
XAUUSD,don55,4h,1.0,1.0,True,fundingpips_1step,14,2.0,fixed,IS,400.0,422,3.8,0.0,1.9,2.8,91.5,7.6,2.1,4.03,-1.56,100005.0,4.7,1.3,2,,,
XAUUSD,don55,4h,1.0,1.0,True,fundingpips_1step,7,2.0,balance,IS,400.0,422,1.9,0.0,0.9,0.2,96.9,5.7,1.0,2.32,-1.0,100030.0,1.1,0.7,2,,,
XAUUSD,don55,4h,1.0,1.0,True,fundingpips_1step,14,2.0,balance,IS,400.0,422,3.8,0.0,1.9,1.7,92.7,7.6,2.1,4.02,-1.57,100055.0,3.6,1.3,2,,,
XAUUSD,don55,4h,1.0,1.0,True,fundingpips_1step,7,2.0,ladder,IS,400.0,422,0.0,0.0,0.0,0.0,100.0,,1.1,0.66,-0.3,99997.0,0.0,0.7,2,,,
XAUUSD,don55,4h,1.0,1.0,True,fundingpips_1step,14,2.0,ladder,IS,400.0,422,0.7,0.0,0.0,0.0,99.3,8.9,2.2,1.28,-0.55,100034.0,0.0,1.3,2,,,
XAUUSD,don55,4h,1.0,1.0,True,fundingpips_1step,7,2.0,ladder_balance,IS,400.0,422,0.0,0.0,0.0,0.0,100.0,,1.1,0.66,-0.3,99997.0,0.0,0.6,2,,,
XAUUSD,don55,4h,1.0,1.0,True,fundingpips_1step,14,2.0,ladder_balance,IS,400.0,422,0.7,0.0,0.0,0.0,99.3,8.9,2.2,1.29,-0.55,100038.0,0.0,1.1,2,,,
XAUUSD,don55,4h,1.0,1.0,True,fundingpips_1step,7,2.8,fixed,IS,400.0,422,4.7,0.0,3.8,1.9,89.6,4.0,1.0,3.17,-1.38,100013.0,5.7,0.4,2,,,
XAUUSD,don55,4h,1.0,1.0,True,fundingpips_1step,14,2.8,fixed,IS,400.0,422,9.0,0.0,8.5,5.7,76.8,6.0,1.9,5.38,-2.13,99983.0,14.2,0.8,2,,,
XAUUSD,don55,4h,1.0,1.0,True,fundingpips_1step,7,2.8,balance,IS,400.0,422,4.7,0.0,5.0,1.7,88.6,4.0,1.0,3.16,-1.38,100021.0,6.7,0.4,2,,,
XAUUSD,don55,4h,1.0,1.0,True,fundingpips_1step,14,2.8,balance,IS,400.0,422,9.0,0.0,11.6,6.4,73.0,6.0,1.9,5.35,-2.14,99996.0,18.0,0.8,2,,,
XAUUSD,don55,4h,1.0,1.0,True,fundingpips_1step,7,2.8,ladder,IS,400.0,422,0.0,0.0,0.0,0.0,100.0,,1.1,0.66,-0.3,99997.0,0.0,0.5,2,,,
XAUUSD,don55,4h,1.0,1.0,True,fundingpips_1step,14,2.8,ladder,IS,400.0,422,0.7,0.0,0.0,0.0,99.3,8.9,2.2,1.29,-0.55,100039.0,0.0,0.9,2,,,
XAUUSD,don55,4h,1.0,1.0,True,fundingpips_1step,7,2.8,ladder_balance,IS,400.0,422,0.0,0.0,0.0,0.0,100.0,,1.1,0.66,-0.3,99997.0,0.0,0.5,2,,,
XAUUSD,don55,4h,1.0,1.0,True,fundingpips_1step,14,2.8,ladder_balance,IS,400.0,422,0.7,0.0,0.0,0.0,99.3,8.9,2.2,1.29,-0.55,100044.0,0.0,0.9,2,,,
BTCUSD,don20,4h,4.0,4.0,False,fundingpips_1step,7,0.5,fixed,IS,400.0,390,0.0,0.0,0.0,0.0,100.0,,1.8,0.73,-0.35,100145.0,0.0,1.5,2,,,
BTCUSD,don20,4h,4.0,4.0,False,fundingpips_1step,14,0.5,fixed,IS,400.0,390,0.0,0.0,0.0,0.0,100.0,,3.4,1.12,-0.46,100299.0,0.0,3.2,2,,,
BTCUSD,don20,4h,4.0,4.0,False,fundingpips_1step,7,0.5,balance,IS,400.0,390,0.0,0.0,0.0,0.0,100.0,,1.8,0.73,-0.35,100145.0,0.0,1.7,2,,,
BTCUSD,don20,4h,4.0,4.0,False,fundingpips_1step,14,0.5,balance,IS,400.0,390,0.0,0.0,0.0,0.0,100.0,,3.4,1.12,-0.46,100299.0,0.0,3.0,2,,,
BTCUSD,don20,4h,4.0,4.0,False,fundingpips_1step,7,1.0,fixed,IS,400.0,390,0.0,0.0,0.0,0.0,100.0,,1.8,1.48,-0.71,100293.0,0.0,1.4,2,,,
BTCUSD,don20,4h,4.0,4.0,False,fundingpips_1step,14,1.0,fixed,IS,400.0,390,0.0,0.0,0.0,0.0,100.0,,3.4,2.25,-0.93,100602.0,0.0,3.1,2,,,
BTCUSD,don20,4h,4.0,4.0,False,fundingpips_1step,7,1.0,balance,IS,400.0,390,0.0,0.0,0.0,0.0,100.0,,1.8,1.48,-0.71,100295.0,0.0,1.5,2,,,
BTCUSD,don20,4h,4.0,4.0,False,fundingpips_1step,14,1.0,balance,IS,400.0,390,0.0,0.0,0.0,0.0,100.0,,3.4,2.25,-0.93,100605.0,0.0,3.1,2,,,
BTCUSD,don20,4h,4.0,4.0,False,fundingpips_1step,7,1.0,ladder,IS,400.0,390,0.0,0.0,0.0,0.0,100.0,,1.8,0.85,-0.41,100203.0,0.0,1.6,2,,,
BTCUSD,don20,4h,4.0,4.0,False,fundingpips_1step,14,1.0,ladder,IS,400.0,390,0.0,0.0,0.0,0.0,100.0,,3.4,1.46,-0.66,100388.0,0.0,3.2,2,,,
BTCUSD,don20,4h,4.0,4.0,False,fundingpips_1step,7,1.0,ladder_balance,IS,400.0,390,0.0,0.0,0.0,0.0,100.0,,1.8,0.85,-0.41,100204.0,0.0,1.6,2,,,
BTCUSD,don20,4h,4.0,4.0,False,fundingpips_1step,14,1.0,ladder_balance,IS,400.0,390,0.0,0.0,0.0,0.0,100.0,,3.4,1.46,-0.66,100390.0,0.0,3.3,2,,,
BTCUSD,don20,4h,4.0,4.0,False,fundingpips_1step,7,1.5,fixed,IS,400.0,390,0.3,0.0,0.0,0.0,99.7,6.3,1.8,2.22,-1.06,100441.0,0.0,1.5,2,,,
BTCUSD,don20,4h,4.0,4.0,False,fundingpips_1step,14,1.5,fixed,IS,400.0,390,2.3,0.0,0.0,0.3,97.4,9.3,3.3,3.38,-1.4,100903.0,0.3,4.0,2,,,
BTCUSD,don20,4h,4.0,4.0,False,fundingpips_1step,7,1.5,balance,IS,400.0,390,0.3,0.0,0.0,0.0,99.7,6.3,1.8,2.22,-1.06,100442.0,0.0,1.7,2,,,
BTCUSD,don20,4h,4.0,4.0,False,fundingpips_1step,14,1.5,balance,IS,400.0,390,3.3,0.0,0.0,0.3,96.4,10.9,3.4,3.38,-1.4,100904.0,0.3,3.1,2,,,
BTCUSD,don20,4h,4.0,4.0,False,fundingpips_1step,7,1.5,ladder,IS,400.0,390,0.0,0.0,0.0,0.0,100.0,,1.8,0.85,-0.42,100201.0,0.0,1.5,2,,,
BTCUSD,don20,4h,4.0,4.0,False,fundingpips_1step,14,1.5,ladder,IS,400.0,390,0.0,0.0,0.0,0.0,100.0,,3.4,1.53,-0.69,100394.0,0.0,3.1,2,,,
BTCUSD,don20,4h,4.0,4.0,False,fundingpips_1step,7,1.5,ladder_balance,IS,400.0,390,0.0,0.0,0.0,0.0,100.0,,1.8,0.85,-0.42,100201.0,0.0,1.6,2,,,
BTCUSD,don20,4h,4.0,4.0,False,fundingpips_1step,14,1.5,ladder_balance,IS,400.0,390,0.0,0.0,0.0,0.0,100.0,,3.4,1.54,-0.69,100396.0,0.0,4.2,2,,,
BTCUSD,don20,4h,4.0,4.0,False,fundingpips_1step,7,2.0,fixed,IS,400.0,390,1.0,0.0,4.1,0.0,94.9,6.0,1.7,2.95,-1.42,100594.0,4.1,2.2,2,,,
BTCUSD,don20,4h,4.0,4.0,False,fundingpips_1step,14,2.0,fixed,IS,400.0,390,5.6,0.0,9.0,2.6,82.8,10.0,3.2,4.38,-1.84,101210.0,11.6,3.6,2,,,
BTCUSD,don20,4h,4.0,4.0,False,fundingpips_1step,7,2.0,balance,IS,400.0,390,1.0,0.0,4.1,0.0,94.9,6.0,1.7,2.95,-1.42,100597.0,4.1,1.8,2,,,
BTCUSD,don20,4h,4.0,4.0,False,fundingpips_1step,14,2.0,balance,IS,400.0,390,5.6,0.0,8.2,2.3,83.8,10.0,3.2,4.38,-1.84,101203.0,10.5,4.3,2,,,
BTCUSD,don20,4h,4.0,4.0,False,fundingpips_1step,7,2.0,ladder,IS,400.0,390,0.0,0.0,0.0,0.0,100.0,,1.8,0.85,-0.42,100201.0,0.0,2.3,2,,,
BTCUSD,don20,4h,4.0,4.0,False,fundingpips_1step,14,2.0,ladder,IS,400.0,390,0.0,0.0,0.0,0.0,100.0,,3.4,1.54,-0.69,100390.0,0.0,4.6,2,,,
BTCUSD,don20,4h,4.0,4.0,False,fundingpips_1step,7,2.0,ladder_balance,IS,400.0,390,0.0,0.0,0.0,0.0,100.0,,1.8,0.85,-0.42,100201.0,0.0,2.3,2,,,
BTCUSD,don20,4h,4.0,4.0,False,fundingpips_1step,14,2.0,ladder_balance,IS,400.0,390,0.0,0.0,0.0,0.0,100.0,,3.4,1.55,-0.7,100392.0,0.0,4.7,2,,,
BTCUSD,don20,4h,4.0,4.0,False,fundingpips_1step,7,2.8,fixed,IS,400.0,390,1.3,0.0,11.5,0.5,86.7,5.7,1.7,4.04,-1.92,100807.0,12.0,1.6,2,,,
BTCUSD,don20,4h,4.0,4.0,False,fundingpips_1step,14,2.8,fixed,IS,400.0,390,5.4,0.0,22.6,7.7,64.4,9.7,2.9,5.74,-2.41,101361.0,30.3,2.6,2,,,
BTCUSD,don20,4h,4.0,4.0,False,fundingpips_1step,7,2.8,balance,IS,400.0,390,1.3,0.0,12.1,0.5,86.2,5.7,1.7,4.03,-1.92,100813.0,12.6,1.4,2,,,
BTCUSD,don20,4h,4.0,4.0,False,fundingpips_1step,14,2.8,balance,IS,400.0,390,5.4,0.0,24.4,6.9,63.3,9.7,2.8,5.68,-2.42,101404.0,31.3,1.8,2,,,
BTCUSD,don20,4h,4.0,4.0,False,fundingpips_1step,7,2.8,ladder,IS,400.0,390,0.0,0.0,0.0,0.0,100.0,,1.8,0.85,-0.42,100201.0,0.0,0.7,2,,,
BTCUSD,don20,4h,4.0,4.0,False,fundingpips_1step,14,2.8,ladder,IS,400.0,390,0.0,0.0,0.0,0.0,100.0,,3.4,1.54,-0.7,100390.0,0.0,1.5,2,,,
BTCUSD,don20,4h,4.0,4.0,False,fundingpips_1step,7,2.8,ladder_balance,IS,400.0,390,0.0,0.0,0.0,0.0,100.0,,1.8,0.85,-0.42,100201.0,0.0,0.7,2,,,
BTCUSD,don20,4h,4.0,4.0,False,fundingpips_1step,14,2.8,ladder_balance,IS,400.0,390,0.0,0.0,0.0,0.0,100.0,,3.4,1.55,-0.7,100392.0,0.0,1.5,2,,,
BTCUSD,don20,1h,1.0,1.0,True,e8_one_8,7,2.8,fixed,IS,,390,12.3,0.0,0.0,77.4,10.3,3.4,3.8,8.61,-2.75,99597.0,77.4,0.5,3,,,
BTCUSD,don20,1h,1.0,1.0,True,e8_one_8,7,2.8,fixed,OOS,,395,9.9,0.0,0.0,74.9,15.2,3.6,4.2,8.27,-2.7,99419.0,74.9,0.6,3,,,
BTCUSD,don20,1h,1.0,1.0,True,e8_one_8,14,2.8,fixed,IS,,390,13.3,0.0,0.0,86.7,0.0,3.6,4.0,8.74,-2.76,99639.0,86.7,0.6,3,,,
BTCUSD,don20,1h,1.0,1.0,True,e8_one_8,14,2.8,fixed,OOS,,395,11.1,0.0,0.0,87.8,1.0,3.9,4.5,8.5,-2.72,99145.0,87.8,0.6,3,,,
BTCUSD,don20,1h,1.0,1.0,True,e8_one_8,30,2.8,fixed,IS,,390,13.3,0.0,0.0,86.7,0.0,3.6,4.0,8.74,-2.76,99639.0,86.7,0.5,3,,,
BTCUSD,don20,1h,1.0,1.0,True,e8_one_8,30,2.8,fixed,OOS,,395,11.1,0.0,0.0,88.1,0.8,3.9,4.5,8.5,-2.72,99141.0,88.1,0.6,3,,,
BTCUSD,don20,1h,1.0,1.0,True,e8_one_8,60,2.8,fixed,IS,,390,13.3,0.0,0.0,86.7,0.0,3.6,4.0,8.74,-2.76,99639.0,86.7,0.6,3,,,
BTCUSD,don20,1h,1.0,1.0,True,e8_one_8,60,2.8,fixed,OOS,,395,11.1,0.0,0.0,88.1,0.8,3.9,4.5,8.5,-2.72,99141.0,88.1,0.7,3,,,
BTCUSD,don20,1h,1.0,1.0,True,fundingpips_1step,7,2.8,fixed,IS,,390,22.6,0.0,19.2,35.1,23.1,3.8,3.9,8.53,-2.73,100461.0,54.3,0.6,3,,,
BTCUSD,don20,1h,1.0,1.0,True,fundingpips_1step,7,2.8,fixed,OOS,,395,16.2,0.0,10.4,41.8,31.6,3.4,4.5,8.99,-2.7,99760.0,52.2,0.6,3,,,
BTCUSD,don20,1h,1.0,1.0,True,fundingpips_1step,14,2.8,fixed,IS,,390,30.3,0.0,20.8,42.3,6.7,4.8,4.8,9.18,-2.75,100831.0,63.1,0.7,3,,,
BTCUSD,don20,1h,1.0,1.0,True,fundingpips_1step,14,2.8,fixed,OOS,,395,23.5,0.0,13.4,54.7,8.4,4.4,5.6,9.98,-2.75,99660.0,68.1,0.8,3,,,
BTCUSD,don20,1h,1.0,1.0,True,fundingpips_1step,30,2.8,fixed,IS,,390,33.8,0.0,21.3,44.9,0.0,5.1,5.0,9.3,-2.75,101069.0,66.2,0.7,3,,,
BTCUSD,don20,1h,1.0,1.0,True,fundingpips_1step,30,2.8,fixed,OOS,,395,26.6,0.0,14.2,58.0,1.3,5.1,5.8,10.22,-2.75,99716.0,72.2,0.8,3,,,
BTCUSD,don20,1h,1.0,1.0,True,fundingpips_1step,60,2.8,fixed,IS,,390,33.8,0.0,21.3,44.9,0.0,5.1,5.0,9.3,-2.75,101069.0,66.2,0.7,3,,,
BTCUSD,don20,1h,1.0,1.0,True,fundingpips_1step,60,2.8,fixed,OOS,,395,26.6,0.0,14.2,58.0,1.3,5.1,5.8,10.22,-2.75,99716.0,72.2,0.8,3,,,
BTCUSD,don20,1h,1.0,1.0,True,ftmo_1step,7,2.8,fixed,IS,,390,3.3,16.2,21.0,36.4,23.1,5.8,4.1,8.84,-2.73,100098.0,57.4,0.7,3,,,
BTCUSD,don20,1h,1.0,1.0,True,ftmo_1step,7,2.8,fixed,OOS,,395,3.8,11.6,10.1,42.5,31.9,5.4,4.7,8.91,-2.68,99793.0,52.6,0.8,3,,,
BTCUSD,don20,1h,1.0,1.0,True,ftmo_1step,14,2.8,fixed,IS,,390,5.4,17.9,21.5,54.6,0.5,6.3,4.7,9.27,-2.74,100154.0,76.1,0.8,3,,,
BTCUSD,don20,1h,1.0,1.0,True,ftmo_1step,14,2.8,fixed,OOS,,395,7.6,14.4,12.9,62.5,2.5,7.1,5.5,9.43,-2.72,99846.0,75.4,0.9,3,,,
BTCUSD,don20,1h,1.0,1.0,True,ftmo_1step,30,2.8,fixed,IS,,390,5.4,17.9,21.5,55.1,0.0,6.3,4.7,9.27,-2.74,100143.0,76.6,0.7,3,,,
BTCUSD,don20,1h,1.0,1.0,True,ftmo_1step,30,2.8,fixed,OOS,,395,8.4,14.7,12.9,62.8,1.3,7.6,5.5,9.43,-2.72,99931.0,75.7,0.9,3,,,
BTCUSD,don20,1h,1.0,1.0,True,ftmo_1step,60,2.8,fixed,IS,,390,5.4,17.9,21.5,55.1,0.0,6.3,4.7,9.27,-2.74,100143.0,76.6,0.8,3,,,
BTCUSD,don20,1h,1.0,1.0,True,ftmo_1step,60,2.8,fixed,OOS,,395,8.4,14.7,12.9,62.8,1.3,7.6,5.5,9.43,-2.72,99931.0,75.7,0.9,3,,,
BTCUSD,don20,1h,1.0,1.0,True,the5ers_hyper,7,2.8,fixed,IS,,390,22.6,0.0,19.2,35.1,23.1,4.2,3.9,8.53,-2.73,100461.0,54.3,0.6,3,,,
BTCUSD,don20,1h,1.0,1.0,True,the5ers_hyper,7,2.8,fixed,OOS,,395,16.2,0.0,9.9,42.0,31.9,4.2,4.5,8.99,-2.69,99765.0,51.9,0.6,3,,,
BTCUSD,don20,1h,1.0,1.0,True,the5ers_hyper,14,2.8,fixed,IS,,390,30.3,0.0,20.8,42.3,6.7,4.8,4.8,9.18,-2.75,100831.0,63.1,0.7,3,,,
BTCUSD,don20,1h,1.0,1.0,True,the5ers_hyper,14,2.8,fixed,OOS,,395,23.8,0.0,12.9,54.9,8.4,4.4,5.6,10.06,-2.75,99775.0,67.8,0.8,3,,,
BTCUSD,don20,1h,1.0,1.0,True,the5ers_hyper,30,2.8,fixed,IS,,390,33.8,0.0,21.3,44.9,0.0,5.1,5.0,9.3,-2.75,101069.0,66.2,0.9,3,,,
BTCUSD,don20,1h,1.0,1.0,True,the5ers_hyper,30,2.8,fixed,OOS,,395,26.8,0.0,13.7,58.2,1.3,5.3,5.8,10.3,-2.75,99832.0,71.9,0.8,3,,,
BTCUSD,don20,1h,1.0,1.0,True,the5ers_hyper,60,2.8,fixed,IS,,390,33.8,0.0,21.3,44.9,0.0,5.1,5.0,9.3,-2.75,101069.0,66.2,0.7,3,,,
BTCUSD,don20,1h,1.0,1.0,True,the5ers_hyper,60,2.8,fixed,OOS,,395,26.8,0.0,13.7,58.2,1.3,5.3,5.8,10.3,-2.75,99832.0,71.9,0.8,3,,,
BTCUSD,don20,1h,1.0,1.0,True,e8_one_14,7,2.8,fixed,IS,,390,4.9,0.0,0.0,17.4,77.7,4.8,5.5,11.0,-3.02,100244.0,17.4,0.9,3,,,
BTCUSD,don20,1h,1.0,1.0,True,e8_one_14,7,2.8,fixed,OOS,,395,1.3,0.0,0.0,15.7,83.0,5.4,5.9,11.02,-2.89,99650.0,15.7,1.0,3,,,
BTCUSD,don20,1h,1.0,1.0,True,e8_one_14,14,2.8,fixed,IS,,390,10.8,0.0,0.0,55.9,33.3,7.4,8.7,13.41,-3.13,100795.0,55.9,1.3,3,,,
BTCUSD,don20,1h,1.0,1.0,True,e8_one_14,14,2.8,fixed,OOS,,395,4.8,0.0,0.0,58.2,37.0,8.7,9.7,13.75,-3.01,99040.0,58.2,1.6,3,,,
BTCUSD,don20,1h,1.0,1.0,True,e8_one_14,30,2.8,fixed,IS,,390,18.2,0.0,0.0,79.7,2.1,11.8,10.7,14.24,-3.21,101299.0,79.7,1.6,3,,,
BTCUSD,don20,1h,1.0,1.0,True,e8_one_14,30,2.8,fixed,OOS,,395,12.2,0.0,0.0,85.1,2.8,15.5,11.4,14.46,-3.02,98908.0,85.1,1.9,3,,,
BTCUSD,don20,1h,1.0,1.0,True,e8_one_14,60,2.8,fixed,IS,,390,18.2,0.0,0.0,81.8,0.0,11.8,10.8,14.27,-3.21,101269.0,81.8,1.6,3,,,
BTCUSD,don20,1h,1.0,1.0,True,e8_one_14,60,2.8,fixed,OOS,,395,13.4,0.0,0.0,85.3,1.3,15.6,11.4,14.46,-3.02,99116.0,85.3,1.8,3,,,
BTCUSD,don20,1h,1.0,1.0,True,ftmo_p2,7,2.8,fixed,IS,,390,19.0,0.0,0.0,0.3,80.8,5.6,5.2,4.67,-1.5,100127.0,0.3,0.8,3,,,
BTCUSD,don20,1h,1.0,1.0,True,ftmo_p2,7,2.8,fixed,OOS,,395,14.2,0.0,0.0,0.0,85.8,5.6,5.7,4.12,-1.26,100078.0,0.0,1.1,3,,,
BTCUSD,don20,1h,1.0,1.0,True,ftmo_p2,14,2.8,fixed,IS,,390,34.4,0.0,0.0,3.6,62.1,6.0,9.3,6.44,-1.67,100220.0,3.6,1.5,3,,,
BTCUSD,don20,1h,1.0,1.0,True,ftmo_p2,14,2.8,fixed,OOS,,395,29.1,0.0,0.0,2.3,68.6,7.4,10.5,5.64,-1.4,100331.0,2.3,1.7,3,,,
BTCUSD,don20,1h,1.0,1.0,True,ftmo_p2,30,2.8,fixed,IS,,390,52.3,0.0,0.0,17.7,30.0,9.9,15.2,8.03,-1.87,100584.0,17.7,2.4,3,,,
BTCUSD,don20,1h,1.0,1.0,True,ftmo_p2,30,2.8,fixed,OOS,,395,44.6,0.0,0.0,7.8,47.6,10.6,18.4,7.35,-1.56,100613.0,7.8,2.9,3,,,
BTCUSD,don20,1h,1.0,1.0,True,ftmo_p2,60,2.8,fixed,IS,,390,59.7,0.0,0.0,29.2,11.0,11.8,19.8,8.75,-1.94,100545.0,29.2,3.2,3,,,
BTCUSD,don20,1h,1.0,1.0,True,ftmo_p2,60,2.8,fixed,OOS,,395,59.5,0.0,0.0,23.3,17.2,14.4,25.7,8.45,-1.66,100932.0,23.3,3.7,3,,,
BTCUSD,don20,1h,1.0,1.0,True,ftmo_p1,7,2.8,fixed,IS,,390,3.1,0.0,0.0,0.3,96.7,5.6,5.7,5.02,-1.62,99964.0,0.3,0.8,3,,,
BTCUSD,don20,1h,1.0,1.0,True,ftmo_p1,7,2.8,fixed,OOS,,395,2.3,0.0,0.0,0.0,97.7,5.6,6.0,4.31,-1.35,100042.0,0.0,1.0,3,,,
BTCUSD,don20,1h,1.0,1.0,True,ftmo_p1,14,2.8,fixed,IS,,390,8.7,0.0,0.0,3.6,87.7,8.3,11.0,7.36,-1.89,99909.0,3.6,1.3,3,,,
BTCUSD,don20,1h,1.0,1.0,True,ftmo_p1,14,2.8,fixed,OOS,,395,7.3,0.0,0.0,2.3,90.4,9.4,11.7,6.19,-1.56,100206.0,2.3,1.9,3,,,
BTCUSD,don20,1h,1.0,1.0,True,ftmo_p1,30,2.8,fixed,IS,,390,19.7,0.0,0.0,18.2,62.1,15.7,21.1,10.3,-2.18,99793.0,18.2,2.8,3,,,
BTCUSD,don20,1h,1.0,1.0,True,ftmo_p1,30,2.8,fixed,OOS,,395,17.5,0.0,0.0,7.8,74.7,15.6,22.9,8.54,-1.79,100737.0,7.8,3.3,3,,,
BTCUSD,don20,1h,1.0,1.0,True,ftmo_p1,60,2.8,fixed,IS,,390,32.6,0.0,0.0,36.7,30.8,25.1,32.2,12.48,-2.35,99239.0,36.7,5.0,3,,,
BTCUSD,don20,1h,1.0,1.0,True,ftmo_p1,60,2.8,fixed,OOS,,395,30.9,0.0,0.0,24.3,44.8,27.5,36.2,10.29,-1.96,101064.0,24.3,4.9,3,,,
BTCUSD,don20,1h,1.0,1.0,True,ftmo_1step,7,1.5,ladder_balance,IS,,390,0.5,1.3,0.0,0.0,98.2,5.0,5.7,2.85,-1.0,100045.0,0.0,0.8,3,,,
BTCUSD,don20,1h,1.0,1.0,True,ftmo_1step,7,1.5,ladder_balance,OOS,,395,0.0,0.0,0.0,0.0,100.0,,6.1,2.82,-0.96,99971.0,0.0,0.9,3,,,
BTCUSD,don20,1h,1.0,1.0,True,ftmo_1step,14,1.5,ladder_balance,IS,,390,2.6,3.1,0.0,0.0,94.4,9.3,11.2,4.31,-1.24,100122.0,0.0,1.6,3,,,
BTCUSD,don20,1h,1.0,1.0,True,ftmo_1step,14,1.5,ladder_balance,OOS,,395,1.8,0.0,0.0,0.0,98.2,12.4,12.0,4.28,-1.23,99974.0,0.0,1.6,3,,,
BTCUSD,don20,1h,1.0,1.0,True,ftmo_1step,30,1.5,ladder_balance,IS,,390,7.2,3.8,0.0,2.1,86.9,19.3,23.2,6.41,-1.48,100264.0,2.1,3.2,3,,,
BTCUSD,don20,1h,1.0,1.0,True,ftmo_1step,30,1.5,ladder_balance,OOS,,395,2.0,0.0,0.0,1.0,97.0,12.5,25.1,6.5,-1.46,99967.0,1.0,3.6,3,,,
BTCUSD,don20,1h,1.0,1.0,True,ftmo_1step,60,1.5,ladder_balance,IS,,390,11.5,3.8,0.0,30.8,53.8,26.5,40.9,8.22,-1.56,100037.0,30.8,5.8,3,,,
BTCUSD,don20,1h,1.0,1.0,True,ftmo_1step,60,1.5,ladder_balance,OOS,,395,5.3,0.0,0.0,31.4,63.3,37.6,44.1,8.36,-1.55,99669.0,31.4,6.1,3,,,
BTCUSD,don20,1h,1.0,1.0,True,fundingpips_1step,7,1.5,ladder_balance,IS,,390,1.8,0.0,0.0,0.0,98.2,4.8,5.7,2.85,-1.0,100045.0,0.0,0.9,3,,,
BTCUSD,don20,1h,1.0,1.0,True,fundingpips_1step,7,1.5,ladder_balance,OOS,,395,0.0,0.0,0.0,0.0,100.0,,6.1,2.82,-0.96,99971.0,0.0,1.1,3,,,
BTCUSD,don20,1h,1.0,1.0,True,fundingpips_1step,14,1.5,ladder_balance,IS,,390,5.6,0.0,0.0,0.0,94.4,8.8,11.2,4.31,-1.24,100122.0,0.0,1.7,3,,,
BTCUSD,don20,1h,1.0,1.0,True,fundingpips_1step,14,1.5,ladder_balance,OOS,,395,1.8,0.0,0.0,0.0,98.2,12.4,12.0,4.28,-1.23,99974.0,0.0,1.7,3,,,
BTCUSD,don20,1h,1.0,1.0,True,fundingpips_1step,30,1.5,ladder_balance,IS,,390,11.0,0.0,0.0,16.7,72.3,12.8,22.5,6.24,-1.46,100360.0,16.7,3.3,3,,,
BTCUSD,don20,1h,1.0,1.0,True,fundingpips_1step,30,1.5,ladder_balance,OOS,,395,2.0,0.0,0.0,13.9,84.1,12.5,24.2,6.31,-1.45,99962.0,13.9,3.4,3,,,
BTCUSD,don20,1h,1.0,1.0,True,fundingpips_1step,60,1.5,ladder_balance,IS,,390,12.6,0.0,0.0,38.2,49.2,15.8,37.4,7.78,-1.51,99565.0,38.2,5.3,3,,,
BTCUSD,don20,1h,1.0,1.0,True,fundingpips_1step,60,1.5,ladder_balance,OOS,,395,5.3,0.0,0.0,31.6,63.0,37.6,41.0,8.12,-1.51,99512.0,31.6,5.8,3,,,
BTCUSD,don20,1h,1.0,1.0,True,e8_one_8,7,1.5,ladder_balance,IS,,390,0.5,0.0,0.0,0.0,99.5,3.3,5.7,2.86,-1.01,100031.0,0.0,0.9,3,,,
BTCUSD,don20,1h,1.0,1.0,True,e8_one_8,7,1.5,ladder_balance,OOS,,395,0.0,0.0,0.0,1.3,98.7,,6.0,2.82,-0.96,99928.0,1.3,1.0,3,,,
BTCUSD,don20,1h,1.0,1.0,True,e8_one_8,14,1.5,ladder_balance,IS,,390,3.3,0.0,0.0,0.0,96.7,8.8,11.3,4.35,-1.26,100096.0,0.0,1.8,3,,,
BTCUSD,don20,1h,1.0,1.0,True,e8_one_8,14,1.5,ladder_balance,OOS,,395,0.0,0.0,0.0,2.5,97.5,,11.9,4.29,-1.22,99889.0,2.5,1.7,3,,,
BTCUSD,don20,1h,1.0,1.0,True,e8_one_8,30,1.5,ladder_balance,IS,,390,7.9,0.0,0.0,19.0,73.1,16.8,23.2,6.43,-1.49,100159.0,19.0,3.2,3,,,
BTCUSD,don20,1h,1.0,1.0,True,e8_one_8,30,1.5,ladder_balance,OOS,,395,0.0,0.0,0.0,19.7,80.3,,24.4,6.48,-1.44,99735.0,19.7,3.5,3,,,
BTCUSD,don20,1h,1.0,1.0,True,e8_one_8,60,1.5,ladder_balance,IS,,390,10.3,0.0,0.0,58.7,31.0,23.1,35.6,7.56,-1.54,99736.0,58.7,4.7,3,,,
BTCUSD,don20,1h,1.0,1.0,True,e8_one_8,60,1.5,ladder_balance,OOS,,395,1.3,0.0,0.0,60.3,38.5,54.6,38.4,7.62,-1.48,99448.0,60.3,5.7,3,,,
BTCUSD,don20,1h,1.0,1.0,True,e8_one_14,7,1.5,ladder_balance,IS,,390,0.0,0.0,0.0,0.0,100.0,,5.7,2.87,-1.02,100017.0,0.0,0.8,3,,,
BTCUSD,don20,1h,1.0,1.0,True,e8_one_14,7,1.5,ladder_balance,OOS,,395,0.0,0.0,0.0,0.0,100.0,,6.1,2.82,-0.96,99971.0,0.0,1.0,3,,,
BTCUSD,don20,1h,1.0,1.0,True,e8_one_14,14,1.5,ladder_balance,IS,,390,0.3,0.0,0.0,0.0,99.7,13.3,11.4,4.4,-1.29,100089.0,0.0,1.8,3,,,
BTCUSD,don20,1h,1.0,1.0,True,e8_one_14,14,1.5,ladder_balance,OOS,,395,0.0,0.0,0.0,0.0,100.0,,12.0,4.29,-1.24,99948.0,0.0,1.9,3,,,
BTCUSD,don20,1h,1.0,1.0,True,e8_one_14,30,1.5,ladder_balance,IS,,390,2.8,0.0,0.0,0.0,97.2,22.6,24.4,6.64,-1.53,100384.0,0.0,3.8,3,,,
BTCUSD,don20,1h,1.0,1.0,True,e8_one_14,30,1.5,ladder_balance,OOS,,395,0.0,0.0,0.0,0.0,100.0,,25.4,6.58,-1.47,99859.0,0.0,3.9,3,,,
BTCUSD,don20,1h,1.0,1.0,True,e8_one_14,60,1.5,ladder_balance,IS,,390,5.9,0.0,0.0,5.1,89.0,30.9,47.7,9.07,-1.67,100826.0,5.1,8.3,3,,,
BTCUSD,don20,1h,1.0,1.0,True,e8_one_14,60,1.5,ladder_balance,OOS,,395,0.0,0.0,0.0,4.6,95.4,,48.8,9.07,-1.59,99508.0,4.6,10.5,3,,,
BTCUSD,don20,1h,1.0,1.0,True,the5ers_hyper,7,1.5,ladder_balance,IS,,390,1.8,0.0,0.0,0.0,98.2,4.8,5.7,2.85,-1.0,100045.0,0.0,0.8,3,,,
BTCUSD,don20,1h,1.0,1.0,True,the5ers_hyper,7,1.5,ladder_balance,OOS,,395,0.0,0.0,0.0,0.0,100.0,,6.1,2.82,-0.96,99971.0,0.0,0.9,3,,,
BTCUSD,don20,1h,1.0,1.0,True,the5ers_hyper,14,1.5,ladder_balance,IS,,390,5.6,0.0,0.0,0.0,94.4,8.8,11.2,4.31,-1.24,100122.0,0.0,1.6,3,,,
BTCUSD,don20,1h,1.0,1.0,True,the5ers_hyper,14,1.5,ladder_balance,OOS,,395,1.8,0.0,0.0,0.0,98.2,12.4,12.0,4.28,-1.23,99974.0,0.0,1.7,3,,,
BTCUSD,don20,1h,1.0,1.0,True,the5ers_hyper,30,1.5,ladder_balance,IS,,390,11.0,0.0,0.0,16.7,72.3,12.8,22.5,6.24,-1.46,100360.0,16.7,3.1,3,,,
BTCUSD,don20,1h,1.0,1.0,True,the5ers_hyper,30,1.5,ladder_balance,OOS,,395,2.0,0.0,0.0,13.9,84.1,12.5,24.2,6.31,-1.45,99962.0,13.9,3.8,3,,,
BTCUSD,don20,1h,1.0,1.0,True,the5ers_hyper,60,1.5,ladder_balance,IS,,390,12.6,0.0,0.0,38.2,49.2,15.8,37.4,7.78,-1.51,99565.0,38.2,8.5,3,,,
BTCUSD,don20,1h,1.0,1.0,True,the5ers_hyper,60,1.5,ladder_balance,OOS,,395,5.3,0.0,0.0,31.6,63.0,37.6,41.0,8.12,-1.51,99512.0,31.6,9.4,3,,,
BTCUSD,don20,1h,1.0,1.0,True,ftmo_p1,7,1.5,ladder_balance,IS,,390,0.3,0.0,0.0,0.0,99.7,5.6,5.7,2.59,-0.86,100048.0,0.0,0.8,3,,,
BTCUSD,don20,1h,1.0,1.0,True,ftmo_p1,7,1.5,ladder_balance,OOS,,395,0.0,0.0,0.0,0.0,100.0,,6.1,2.5,-0.81,100023.0,0.0,0.9,3,,,
BTCUSD,don20,1h,1.0,1.0,True,ftmo_p1,14,1.5,ladder_balance,IS,,390,2.1,0.0,0.0,0.0,97.9,12.2,11.4,3.88,-1.04,100099.0,0.0,1.6,3,,,
BTCUSD,don20,1h,1.0,1.0,True,ftmo_p1,14,1.5,ladder_balance,OOS,,395,0.8,0.0,0.0,0.0,99.2,12.4,12.0,3.78,-1.01,100072.0,0.0,1.7,3,,,
BTCUSD,don20,1h,1.0,1.0,True,ftmo_p1,30,1.5,ladder_balance,IS,,390,7.9,0.0,0.0,0.0,92.1,21.4,24.0,5.79,-1.25,100147.0,0.0,3.2,3,,,
BTCUSD,don20,1h,1.0,1.0,True,ftmo_p1,30,1.5,ladder_balance,OOS,,395,2.0,0.0,0.0,0.0,98.0,21.1,25.2,5.72,-1.19,100239.0,0.0,4.8,3,,,
BTCUSD,don20,1h,1.0,1.0,True,ftmo_p1,60,1.5,ladder_balance,IS,,390,13.1,0.0,0.0,3.1,83.8,27.5,46.2,7.85,-1.38,99981.0,3.1,9.4,3,,,
BTCUSD,don20,1h,1.0,1.0,True,ftmo_p1,60,1.5,ladder_balance,OOS,,395,4.1,0.0,0.0,4.3,91.6,41.1,48.0,7.87,-1.33,100186.0,4.3,10.3,3,,,
BTCUSD,don20,1h,1.0,1.0,True,ftmo_p2,7,1.5,ladder_balance,IS,,390,5.4,0.0,0.0,0.0,94.6,5.6,5.6,2.55,-0.84,100074.0,0.0,1.1,3,,,
BTCUSD,don20,1h,1.0,1.0,True,ftmo_p2,7,1.5,ladder_balance,OOS,,395,5.6,0.0,0.0,0.0,94.4,5.6,6.0,2.48,-0.79,100052.0,0.0,1.3,3,,,
BTCUSD,don20,1h,1.0,1.0,True,ftmo_p2,14,1.5,ladder_balance,IS,,390,12.8,0.0,0.0,0.0,87.2,7.8,10.9,3.7,-1.01,100126.0,0.0,2.3,3,,,
BTCUSD,don20,1h,1.0,1.0,True,ftmo_p2,14,1.5,ladder_balance,OOS,,395,13.4,0.0,0.0,0.0,86.6,7.7,11.5,3.7,-0.96,100156.0,0.0,2.5,3,,,
BTCUSD,don20,1h,1.0,1.0,True,ftmo_p2,30,1.5,ladder_balance,IS,,390,21.5,0.0,0.0,0.0,78.5,11.8,21.6,5.31,-1.17,100087.0,0.0,4.4,3,,,
BTCUSD,don20,1h,1.0,1.0,True,ftmo_p2,30,1.5,ladder_balance,OOS,,395,27.1,0.0,0.0,0.0,72.9,14.4,22.2,5.37,-1.1,100605.0,0.0,5.2,3,,,
BTCUSD,don20,1h,1.0,1.0,True,ftmo_p2,60,1.5,ladder_balance,IS,,390,33.3,0.0,0.0,3.1,63.6,17.8,39.4,6.99,-1.29,100288.0,3.1,8.1,3,,,
BTCUSD,don20,1h,1.0,1.0,True,ftmo_p2,60,1.5,ladder_balance,OOS,,395,44.6,0.0,0.0,4.3,51.1,23.1,37.5,6.96,-1.22,100945.0,4.3,7.8,3,,,
XAUUSD,don55,4h,1.0,1.0,True,ftmo_1step,7,2.8,fixed,IS,,1688,0.0,4.0,4.2,1.6,90.2,,1.0,3.28,-1.41,100050.0,5.8,2.7,3,,,
XAUUSD,don55,4h,1.0,1.0,True,ftmo_1step,7,2.8,fixed,OOS,,816,0.0,2.8,2.7,0.0,94.5,,1.0,2.9,-1.33,99780.0,2.7,1.2,3,,,
XAUUSD,don55,4h,1.0,1.0,True,ftmo_1step,14,2.8,fixed,IS,,1688,0.0,7.8,8.9,5.3,78.0,,2.0,5.46,-2.15,100012.0,14.2,5.2,3,,,
XAUUSD,don55,4h,1.0,1.0,True,ftmo_1step,14,2.8,fixed,OOS,,816,0.0,4.8,5.6,2.1,87.5,,2.0,4.98,-2.08,99538.0,7.7,2.4,3,,,
XAUUSD,don55,4h,1.0,1.0,True,ftmo_1step,30,2.8,fixed,IS,,1688,0.5,12.4,16.9,21.6,48.7,27.5,3.6,7.84,-2.7,99866.0,38.5,8.7,3,,,
XAUUSD,don55,4h,1.0,1.0,True,ftmo_1step,30,2.8,fixed,OOS,,816,0.0,7.2,11.0,19.1,62.6,,3.8,7.72,-2.69,98731.0,30.1,4.5,3,,,
XAUUSD,don55,4h,1.0,1.0,True,ftmo_1step,60,2.8,fixed,IS,,1688,2.4,14.0,23.4,48.0,12.2,39.0,4.9,9.12,-2.85,99210.0,71.4,11.8,3,,,
XAUUSD,don55,4h,1.0,1.0,True,ftmo_1step,60,2.8,fixed,OOS,,816,0.0,8.6,17.3,52.5,21.7,,5.6,9.49,-2.87,97586.0,69.8,6.6,3,,,
XAUUSD,don55,4h,1.0,1.0,True,fundingpips_1step,7,2.8,fixed,IS,,1688,4.9,0.0,4.2,1.6,89.3,3.6,1.0,3.26,-1.41,100188.0,5.8,2.7,3,,,
XAUUSD,don55,4h,1.0,1.0,True,fundingpips_1step,7,2.8,fixed,OOS,,816,2.8,0.0,2.7,1.3,93.1,3.8,1.0,2.89,-1.33,99775.0,4.0,1.3,3,,,
XAUUSD,don55,4h,1.0,1.0,True,fundingpips_1step,14,2.8,fixed,IS,,1688,9.0,0.0,8.6,5.7,76.7,6.7,1.9,5.4,-2.14,100189.0,14.3,4.7,3,,,
XAUUSD,don55,4h,1.0,1.0,True,fundingpips_1step,14,2.8,fixed,OOS,,816,4.8,0.0,5.6,9.2,80.4,6.5,2.0,4.9,-2.07,99492.0,14.8,2.4,3,,,
XAUUSD,don55,4h,1.0,1.0,True,fundingpips_1step,30,2.8,fixed,IS,,1688,14.5,0.0,16.5,24.4,44.6,10.5,3.4,7.69,-2.7,99838.0,40.9,8.2,3,,,
XAUUSD,don55,4h,1.0,1.0,True,fundingpips_1step,30,2.8,fixed,OOS,,816,7.4,0.0,9.4,30.9,52.3,9.3,3.6,7.46,-2.66,98640.0,40.3,4.2,3,,,
XAUUSD,don55,4h,1.0,1.0,True,fundingpips_1step,60,2.8,fixed,IS,,1688,20.3,0.0,23.8,37.2,18.7,16.6,4.8,9.05,-2.84,99511.0,61.0,11.5,3,,,
XAUUSD,don55,4h,1.0,1.0,True,fundingpips_1step,60,2.8,fixed,OOS,,816,8.5,0.0,15.1,51.3,25.1,12.6,5.3,9.3,-2.84,97515.0,66.4,5.9,3,,,
XAUUSD,don55,4h,1.0,1.0,True,e8_one_8,7,2.8,fixed,IS,,1688,1.4,0.0,0.0,4.4,94.1,4.4,1.1,3.31,-1.42,99945.0,4.4,3.0,3,,,
XAUUSD,don55,4h,1.0,1.0,True,e8_one_8,7,2.8,fixed,OOS,,816,1.1,0.0,0.0,1.7,97.2,3.8,1.0,2.91,-1.34,99747.0,1.7,1.5,3,,,
XAUUSD,don55,4h,1.0,1.0,True,e8_one_8,14,2.8,fixed,IS,,1688,2.9,0.0,0.0,16.5,80.6,7.3,2.0,5.53,-2.17,99798.0,16.5,5.2,3,,,
XAUUSD,don55,4h,1.0,1.0,True,e8_one_8,14,2.8,fixed,OOS,,816,2.3,0.0,0.0,12.5,85.2,7.6,2.0,4.97,-2.07,99501.0,12.5,2.5,3,,,
XAUUSD,don55,4h,1.0,1.0,True,e8_one_8,30,2.8,fixed,IS,,1688,6.0,0.0,0.0,55.7,38.2,14.5,3.6,7.83,-2.72,99415.0,55.7,8.9,3,,,
XAUUSD,don55,4h,1.0,1.0,True,e8_one_8,30,2.8,fixed,OOS,,816,4.5,0.0,0.0,49.9,45.6,13.8,3.6,7.4,-2.64,99061.0,49.9,4.1,3,,,
XAUUSD,don55,4h,1.0,1.0,True,e8_one_8,60,2.8,fixed,IS,,1688,8.6,0.0,0.0,85.2,6.2,21.3,4.5,8.62,-2.83,99119.0,85.2,10.1,3,,,
XAUUSD,don55,4h,1.0,1.0,True,e8_one_8,60,2.8,fixed,OOS,,816,5.6,0.0,0.0,80.6,13.7,16.3,4.8,8.33,-2.76,98527.0,80.6,5.7,3,,,
XAUUSD,don55,4h,1.0,1.0,True,e8_one_14,7,2.8,fixed,IS,,1688,0.2,0.0,0.0,0.9,98.9,5.0,1.1,3.36,-1.44,100056.0,0.9,2.6,3,,,
XAUUSD,don55,4h,1.0,1.0,True,e8_one_14,7,2.8,fixed,OOS,,816,0.0,0.0,0.0,0.0,100.0,,1.0,2.93,-1.35,99775.0,0.0,1.3,3,,,
XAUUSD,don55,4h,1.0,1.0,True,e8_one_14,14,2.8,fixed,IS,,1688,0.9,0.0,0.0,2.4,96.7,10.1,2.2,5.77,-2.24,100109.0,2.4,5.2,3,,,
XAUUSD,don55,4h,1.0,1.0,True,e8_one_14,14,2.8,fixed,OOS,,816,0.0,0.0,0.0,0.0,100.0,,2.1,5.14,-2.12,99580.0,0.0,2.6,3,,,
XAUUSD,don55,4h,1.0,1.0,True,e8_one_14,30,2.8,fixed,IS,,1688,3.1,0.0,0.0,9.4,87.5,18.7,4.6,9.17,-2.86,100251.0,9.4,10.6,3,,,
XAUUSD,don55,4h,1.0,1.0,True,e8_one_14,30,2.8,fixed,OOS,,816,1.2,0.0,0.0,4.5,94.2,20.5,4.5,8.66,-2.81,99163.0,4.5,5.3,3,,,
XAUUSD,don55,4h,1.0,1.0,True,e8_one_14,60,2.8,fixed,IS,,1688,7.6,0.0,0.0,37.6,54.7,35.7,7.9,12.31,-3.07,100012.0,37.6,19.0,3,,,
XAUUSD,don55,4h,1.0,1.0,True,e8_one_14,60,2.8,fixed,OOS,,816,3.3,0.0,0.0,26.7,70.0,48.9,8.1,11.67,-3.04,98296.0,26.7,9.5,3,,,
XAUUSD,don55,4h,1.0,1.0,True,the5ers_hyper,7,2.8,fixed,IS,,1688,3.6,0.0,4.1,1.7,90.6,4.2,1.0,3.27,-1.41,100186.0,5.8,2.5,3,,,
XAUUSD,don55,4h,1.0,1.0,True,the5ers_hyper,7,2.8,fixed,OOS,,816,2.1,0.0,2.7,1.3,93.9,4.2,1.0,2.89,-1.33,99775.0,4.0,1.2,3,,,
XAUUSD,don55,4h,1.0,1.0,True,the5ers_hyper,14,2.8,fixed,IS,,1688,8.2,0.0,8.5,5.8,77.5,6.0,1.9,5.41,-2.14,100187.0,14.3,4.9,3,,,
XAUUSD,don55,4h,1.0,1.0,True,the5ers_hyper,14,2.8,fixed,OOS,,816,4.2,0.0,5.6,9.2,81.0,5.5,2.0,4.9,-2.07,99492.0,14.8,2.3,3,,,
XAUUSD,don55,4h,1.0,1.0,True,the5ers_hyper,30,2.8,fixed,IS,,1688,14.5,0.0,16.5,24.5,44.6,10.5,3.4,7.69,-2.7,99836.0,41.0,8.4,3,,,
XAUUSD,don55,4h,1.0,1.0,True,the5ers_hyper,30,2.8,fixed,OOS,,816,7.4,0.0,9.4,30.9,52.3,9.3,3.6,7.46,-2.66,98640.0,40.3,4.5,3,,,
XAUUSD,don55,4h,1.0,1.0,True,the5ers_hyper,60,2.8,fixed,IS,,1688,20.3,0.0,23.8,37.3,18.7,16.6,4.8,9.05,-2.84,99509.0,61.1,11.6,3,,,
XAUUSD,don55,4h,1.0,1.0,True,the5ers_hyper,60,2.8,fixed,OOS,,816,8.5,0.0,15.1,51.3,25.1,12.6,5.3,9.3,-2.84,97515.0,66.4,6.4,3,,,
XAUUSD,don55,4h,1.0,1.0,True,ftmo_p2,7,2.8,fixed,IS,,1688,5.5,0.0,0.4,0.2,94.0,5.6,1.0,3.29,-1.38,100148.0,0.6,2.6,3,,,
XAUUSD,don55,4h,1.0,1.0,True,ftmo_p2,7,2.8,fixed,OOS,,816,4.7,0.0,0.5,0.0,94.9,5.6,1.0,2.88,-1.31,99834.0,0.5,1.2,3,,,
XAUUSD,don55,4h,1.0,1.0,True,ftmo_p2,14,2.8,fixed,IS,,1688,14.1,0.0,1.0,0.8,84.1,5.6,2.0,5.55,-2.09,100173.0,1.8,4.8,3,,,
XAUUSD,don55,4h,1.0,1.0,True,ftmo_p2,14,2.8,fixed,OOS,,816,10.9,0.0,1.1,0.4,87.6,5.6,1.9,4.98,-2.03,99693.0,1.5,2.4,3,,,
XAUUSD,don55,4h,1.0,1.0,True,ftmo_p2,30,2.8,fixed,IS,,1688,30.6,0.0,1.6,7.9,60.0,12.9,3.9,8.34,-2.61,100296.0,9.5,9.6,3,,,
XAUUSD,don55,4h,1.0,1.0,True,ftmo_p2,30,2.8,fixed,OOS,,816,22.4,0.0,1.6,8.7,67.3,12.5,3.8,7.93,-2.61,99468.0,10.3,4.5,3,,,
XAUUSD,don55,4h,1.0,1.0,True,ftmo_p2,60,2.8,fixed,IS,,1688,40.4,0.0,2.8,23.3,33.5,17.6,5.8,10.28,-2.72,100139.0,26.1,14.8,3,,,
XAUUSD,don55,4h,1.0,1.0,True,ftmo_p2,60,2.8,fixed,OOS,,816,37.5,0.0,2.8,24.3,35.4,22.7,6.0,10.01,-2.77,99370.0,27.1,7.2,3,,,
XAUUSD,don55,4h,1.0,1.0,True,ftmo_p1,7,2.8,fixed,IS,,1688,2.6,0.0,0.4,0.2,96.8,5.6,1.1,3.33,-1.41,100171.0,0.6,2.5,3,,,
XAUUSD,don55,4h,1.0,1.0,True,ftmo_p1,7,2.8,fixed,OOS,,816,1.8,0.0,0.5,0.0,97.7,5.6,1.0,2.91,-1.34,99800.0,0.5,1.4,3,,,
XAUUSD,don55,4h,1.0,1.0,True,ftmo_p1,14,2.8,fixed,IS,,1688,7.6,0.0,1.0,0.8,90.6,5.6,2.1,5.66,-2.16,100179.0,1.8,4.9,3,,,
XAUUSD,don55,4h,1.0,1.0,True,ftmo_p1,14,2.8,fixed,OOS,,816,3.9,0.0,1.1,0.4,94.6,5.6,2.0,5.06,-2.09,99602.0,1.5,2.5,3,,,
XAUUSD,don55,4h,1.0,1.0,True,ftmo_p1,30,2.8,fixed,IS,,1688,16.1,0.0,1.6,7.9,74.4,11.7,4.2,8.74,-2.75,100258.0,9.5,10.4,3,,,
XAUUSD,don55,4h,1.0,1.0,True,ftmo_p1,30,2.8,fixed,OOS,,816,8.2,0.0,1.6,8.7,81.5,11.6,4.1,8.27,-2.73,99138.0,10.3,4.9,3,,,
XAUUSD,don55,4h,1.0,1.0,True,ftmo_p1,60,2.8,fixed,IS,,1688,26.6,0.0,2.8,24.1,46.5,24.0,6.9,11.38,-2.93,100140.0,26.9,17.1,3,,,
XAUUSD,don55,4h,1.0,1.0,True,ftmo_p1,60,2.8,fixed,OOS,,816,13.0,0.0,2.8,24.9,59.3,20.7,7.0,11.11,-2.97,98408.0,27.7,8.7,3,,,
XAUUSD,don55,4h,1.0,1.0,False,ftmo_1step,7,2.0,ladder,IS,,1688,0.0,0.1,0.0,0.0,99.9,,1.1,0.7,-0.32,100011.0,0.0,2.7,3,,,
XAUUSD,don55,4h,1.0,1.0,False,ftmo_1step,7,2.0,ladder,OOS,,816,0.0,0.0,0.0,0.0,100.0,,1.0,0.6,-0.28,99955.0,0.0,1.4,3,,,
XAUUSD,don55,4h,1.0,1.0,False,ftmo_1step,14,2.0,ladder,IS,,1688,0.2,0.5,0.0,0.0,99.2,10.1,2.2,1.32,-0.56,100064.0,0.0,5.5,3,,,
XAUUSD,don55,4h,1.0,1.0,False,ftmo_1step,14,2.0,ladder,OOS,,816,0.0,0.0,0.0,0.0,100.0,,2.1,1.1,-0.47,99899.0,0.0,2.6,3,,,
XAUUSD,don55,4h,1.0,1.0,False,ftmo_1step,30,2.0,ladder,IS,,1688,0.4,2.0,0.0,0.0,97.7,12.1,4.7,2.42,-0.91,100117.0,0.0,11.3,3,,,
XAUUSD,don55,4h,1.0,1.0,False,ftmo_1step,30,2.0,ladder,OOS,,816,0.0,0.0,0.0,0.0,100.0,,4.5,2.11,-0.79,99719.0,0.0,5.6,3,,,
XAUUSD,don55,4h,1.0,1.0,False,ftmo_1step,60,2.0,ladder,IS,,1688,1.0,4.4,0.0,0.0,94.6,34.0,9.2,3.8,-1.19,100173.0,0.0,22.3,3,,,
XAUUSD,don55,4h,1.0,1.0,False,ftmo_1step,60,2.0,ladder,OOS,,816,0.0,0.0,0.0,0.0,100.0,,8.8,3.27,-1.02,99382.0,0.0,11.3,3,,,
XAUUSD,don55,4h,1.0,1.0,False,fundingpips_1step,7,2.0,ladder,IS,,1688,0.1,0.0,0.0,0.0,99.9,5.4,1.1,0.7,-0.32,100011.0,0.0,2.7,3,,,
XAUUSD,don55,4h,1.0,1.0,False,fundingpips_1step,7,2.0,ladder,OOS,,816,0.0,0.0,0.0,0.0,100.0,,1.0,0.6,-0.28,99955.0,0.0,1.3,3,,,
XAUUSD,don55,4h,1.0,1.0,False,fundingpips_1step,14,2.0,ladder,IS,,1688,0.8,0.0,0.0,0.0,99.2,9.6,2.2,1.32,-0.56,100064.0,0.0,5.9,3,,,
XAUUSD,don55,4h,1.0,1.0,False,fundingpips_1step,14,2.0,ladder,OOS,,816,0.0,0.0,0.0,0.0,100.0,,2.1,1.1,-0.47,99899.0,0.0,2.9,3,,,
XAUUSD,don55,4h,1.0,1.0,False,fundingpips_1step,30,2.0,ladder,IS,,1688,2.3,0.0,0.0,0.0,97.7,17.7,4.7,2.42,-0.91,100117.0,0.0,11.4,3,,,
XAUUSD,don55,4h,1.0,1.0,False,fundingpips_1step,30,2.0,ladder,OOS,,816,0.0,0.0,0.0,0.0,100.0,,4.5,2.11,-0.79,99719.0,0.0,5.5,3,,,
XAUUSD,don55,4h,1.0,1.0,False,fundingpips_1step,60,2.0,ladder,IS,,1688,5.4,0.0,0.0,0.0,94.6,33.7,9.2,3.8,-1.19,100173.0,0.0,21.9,3,,,
XAUUSD,don55,4h,1.0,1.0,False,fundingpips_1step,60,2.0,ladder,OOS,,816,0.0,0.0,0.0,0.0,100.0,,8.8,3.27,-1.02,99382.0,0.0,11.1,3,,,
XAUUSD,don55,4h,1.0,1.0,False,e8_one_8,7,2.0,ladder,IS,,1688,0.1,0.0,0.0,0.0,99.9,5.4,1.1,0.7,-0.32,100011.0,0.0,2.7,3,,,
XAUUSD,don55,4h,1.0,1.0,False,e8_one_8,7,2.0,ladder,OOS,,816,0.0,0.0,0.0,0.0,100.0,,1.0,0.6,-0.28,99955.0,0.0,1.3,3,,,
XAUUSD,don55,4h,1.0,1.0,False,e8_one_8,14,2.0,ladder,IS,,1688,0.4,0.0,0.0,0.3,99.3,8.6,2.2,1.32,-0.56,100039.0,0.3,5.7,3,,,
XAUUSD,don55,4h,1.0,1.0,False,e8_one_8,14,2.0,ladder,OOS,,816,0.0,0.0,0.0,0.0,100.0,,2.1,1.1,-0.47,99899.0,0.0,2.5,3,,,
XAUUSD,don55,4h,1.0,1.0,False,e8_one_8,30,2.0,ladder,IS,,1688,1.1,0.0,0.0,1.0,97.9,16.6,4.7,2.43,-0.91,100084.0,1.0,11.1,3,,,
XAUUSD,don55,4h,1.0,1.0,False,e8_one_8,30,2.0,ladder,OOS,,816,0.0,0.0,0.0,0.0,100.0,,4.5,2.11,-0.79,99719.0,0.0,5.5,3,,,
XAUUSD,don55,4h,1.0,1.0,False,e8_one_8,60,2.0,ladder,IS,,1688,2.3,0.0,0.0,2.3,95.4,30.6,9.3,3.82,-1.2,100127.0,2.3,22.8,3,,,
XAUUSD,don55,4h,1.0,1.0,False,e8_one_8,60,2.0,ladder,OOS,,816,0.0,0.0,0.0,0.0,100.0,,8.8,3.27,-1.02,99382.0,0.0,11.2,3,,,
XAUUSD,don55,4h,1.0,1.0,False,e8_one_14,7,2.0,ladder,IS,,1688,0.0,0.0,0.0,0.0,100.0,,1.1,0.7,-0.32,100011.0,0.0,2.7,3,,,
XAUUSD,don55,4h,1.0,1.0,False,e8_one_14,7,2.0,ladder,OOS,,816,0.0,0.0,0.0,0.0,100.0,,1.0,0.6,-0.28,99955.0,0.0,1.3,3,,,
XAUUSD,don55,4h,1.0,1.0,False,e8_one_14,14,2.0,ladder,IS,,1688,0.3,0.0,0.0,0.0,99.7,9.9,2.2,1.32,-0.56,100063.0,0.0,5.4,3,,,
XAUUSD,don55,4h,1.0,1.0,False,e8_one_14,14,2.0,ladder,OOS,,816,0.0,0.0,0.0,0.0,100.0,,2.1,1.1,-0.47,99899.0,0.0,2.6,3,,,
XAUUSD,don55,4h,1.0,1.0,False,e8_one_14,30,2.0,ladder,IS,,1688,0.7,0.0,0.0,0.0,99.3,15.4,4.7,2.43,-0.91,100166.0,0.0,11.4,3,,,
XAUUSD,don55,4h,1.0,1.0,False,e8_one_14,30,2.0,ladder,OOS,,816,0.0,0.0,0.0,0.0,100.0,,4.5,2.11,-0.79,99719.0,0.0,5.3,3,,,
XAUUSD,don55,4h,1.0,1.0,False,e8_one_14,60,2.0,ladder,IS,,1688,0.7,0.0,0.0,0.0,99.3,15.4,9.3,3.83,-1.22,100297.0,0.0,23.4,3,,,
XAUUSD,don55,4h,1.0,1.0,False,e8_one_14,60,2.0,ladder,OOS,,816,0.0,0.0,0.0,0.0,100.0,,8.8,3.27,-1.02,99382.0,0.0,11.2,3,,,
XAUUSD,don55,4h,1.0,1.0,False,the5ers_hyper,7,2.0,ladder,IS,,1688,0.1,0.0,0.0,0.0,99.9,4.2,1.1,0.7,-0.32,100011.0,0.0,3.2,3,,,
XAUUSD,don55,4h,1.0,1.0,False,the5ers_hyper,7,2.0,ladder,OOS,,816,0.0,0.0,0.0,0.0,100.0,,1.0,0.6,-0.28,99955.0,0.0,1.6,3,,,
XAUUSD,don55,4h,1.0,1.0,False,the5ers_hyper,14,2.0,ladder,IS,,1688,0.8,0.0,0.0,0.0,99.2,9.6,2.2,1.32,-0.56,100064.0,0.0,6.1,3,,,
XAUUSD,don55,4h,1.0,1.0,False,the5ers_hyper,14,2.0,ladder,OOS,,816,0.0,0.0,0.0,0.0,100.0,,2.1,1.1,-0.47,99899.0,0.0,2.8,3,,,
XAUUSD,don55,4h,1.0,1.0,False,the5ers_hyper,30,2.0,ladder,IS,,1688,2.3,0.0,0.0,0.0,97.7,17.7,4.7,2.42,-0.91,100117.0,0.0,11.4,3,,,
XAUUSD,don55,4h,1.0,1.0,False,the5ers_hyper,30,2.0,ladder,OOS,,816,0.0,0.0,0.0,0.0,100.0,,4.5,2.11,-0.79,99719.0,0.0,4.2,3,,,
XAUUSD,don55,4h,1.0,1.0,False,the5ers_hyper,60,2.0,ladder,IS,,1688,5.4,0.0,0.0,0.0,94.6,33.7,9.2,3.8,-1.19,100173.0,0.0,17.2,3,,,
XAUUSD,don55,4h,1.0,1.0,False,the5ers_hyper,60,2.0,ladder,OOS,,816,0.0,0.0,0.0,0.0,100.0,,8.8,3.27,-1.02,99382.0,0.0,8.0,3,,,
XAUUSD,don55,4h,1.0,1.0,False,ftmo_p1,7,2.0,ladder,IS,,1688,0.1,0.0,0.0,0.0,99.9,5.6,1.1,0.7,-0.32,100011.0,0.0,2.9,3,,,
XAUUSD,don55,4h,1.0,1.0,False,ftmo_p1,7,2.0,ladder,OOS,,816,0.0,0.0,0.0,0.0,100.0,,1.0,0.6,-0.28,99955.0,0.0,1.4,3,,,
XAUUSD,don55,4h,1.0,1.0,False,ftmo_p1,14,2.0,ladder,IS,,1688,0.7,0.0,0.0,0.0,99.3,9.2,2.2,1.32,-0.56,100064.0,0.0,5.9,3,,,
XAUUSD,don55,4h,1.0,1.0,False,ftmo_p1,14,2.0,ladder,OOS,,816,0.0,0.0,0.0,0.0,100.0,,2.1,1.1,-0.47,99899.0,0.0,2.7,3,,,
XAUUSD,don55,4h,1.0,1.0,False,ftmo_p1,30,2.0,ladder,IS,,1688,2.3,0.0,0.0,0.0,97.7,17.7,4.7,2.42,-0.91,100117.0,0.0,9.5,3,,,
XAUUSD,don55,4h,1.0,1.0,False,ftmo_p1,30,2.0,ladder,OOS,,816,0.0,0.0,0.0,0.0,100.0,,4.5,2.11,-0.79,99719.0,0.0,4.3,3,,,
XAUUSD,don55,4h,1.0,1.0,False,ftmo_p1,60,2.0,ladder,IS,,1688,5.4,0.0,0.0,0.0,94.6,33.7,9.2,3.8,-1.19,100173.0,0.0,16.9,3,,,
XAUUSD,don55,4h,1.0,1.0,False,ftmo_p1,60,2.0,ladder,OOS,,816,0.0,0.0,0.0,0.0,100.0,,8.8,3.27,-1.02,99382.0,0.0,6.3,3,,,
XAUUSD,don55,4h,1.0,1.0,False,ftmo_p2,7,2.0,ladder,IS,,1688,0.5,0.0,0.0,0.0,99.5,5.6,1.1,0.7,-0.32,100012.0,0.0,2.6,3,,,
XAUUSD,don55,4h,1.0,1.0,False,ftmo_p2,7,2.0,ladder,OOS,,816,0.0,0.0,0.0,0.0,100.0,,1.0,0.6,-0.28,99955.0,0.0,0.9,3,,,
XAUUSD,don55,4h,1.0,1.0,False,ftmo_p2,14,2.0,ladder,IS,,1688,2.1,0.0,0.0,0.0,97.9,7.6,2.2,1.31,-0.56,100046.0,0.0,4.1,3,,,
XAUUSD,don55,4h,1.0,1.0,False,ftmo_p2,14,2.0,ladder,OOS,,816,0.0,0.0,0.0,0.0,100.0,,2.1,1.1,-0.47,99899.0,0.0,1.9,3,,,
XAUUSD,don55,4h,1.0,1.0,False,ftmo_p2,30,2.0,ladder,IS,,1688,6.5,0.0,0.0,0.0,93.5,16.7,4.7,2.4,-0.88,100102.0,0.0,8.5,3,,,
XAUUSD,don55,4h,1.0,1.0,False,ftmo_p2,30,2.0,ladder,OOS,,816,2.1,0.0,0.0,0.0,97.9,21.9,4.5,2.1,-0.78,99730.0,0.0,4.2,3,,,
XAUUSD,don55,4h,1.0,1.0,False,ftmo_p2,60,2.0,ladder,IS,,1688,13.8,0.0,0.0,0.0,86.2,31.7,8.9,3.72,-1.12,100171.0,0.0,14.3,3,,,
XAUUSD,don55,4h,1.0,1.0,False,ftmo_p2,60,2.0,ladder,OOS,,816,5.1,0.0,0.0,0.0,94.9,34.7,8.6,3.25,-1.01,99395.0,0.0,4.0,3,,,
BTCUSD,don20,1h,1.0,1.0,True,ftmo_1step,30,2.8,fixed,IS,,390,2.6,38.7,17.9,40.8,0.0,5.5,4.0,8.47,-2.54,100249.0,58.7,0.8,3_funded,0.05,0.0,
BTCUSD,don20,1h,1.0,1.0,True,ftmo_1step,30,2.8,fixed,OOS,,395,4.1,34.2,10.9,49.6,1.3,7.3,4.7,8.65,-2.46,99778.0,60.5,1.0,3_funded,0.05,0.0,
BTCUSD,don20,1h,1.0,1.0,True,fundingpips_1step,30,2.8,fixed,IS,,390,44.4,0.0,14.9,40.8,0.0,2.9,3.7,8.06,-2.53,100676.0,55.7,0.8,3_funded,0.05,0.0,
BTCUSD,don20,1h,1.0,1.0,True,fundingpips_1step,30,2.8,fixed,OOS,,395,39.2,0.0,10.1,49.4,1.3,2.9,4.3,8.61,-2.47,99999.0,59.5,0.9,3_funded,0.05,0.0,
BTCUSD,don20,1h,1.0,1.0,True,e8_one_8,30,2.8,fixed,IS,,390,33.3,0.0,0.0,66.7,0.0,2.0,3.4,8.02,-2.51,99591.0,66.7,0.7,3_funded,0.05,0.0,
BTCUSD,don20,1h,1.0,1.0,True,e8_one_8,30,2.8,fixed,OOS,,395,29.9,0.0,0.0,69.4,0.8,2.4,3.9,7.83,-2.43,99460.0,69.4,0.4,3_funded,0.05,0.0,
BTCUSD,don20,1h,1.0,1.0,True,e8_one_14,30,2.8,fixed,IS,,390,58.7,0.0,0.0,41.0,0.3,4.1,6.2,10.9,-2.62,100612.0,41.0,1.0,3_funded,0.05,0.0,
BTCUSD,don20,1h,1.0,1.0,True,e8_one_14,30,2.8,fixed,OOS,,395,51.9,0.0,0.0,46.8,1.3,4.4,7.1,11.41,-2.53,99847.0,46.8,1.1,3_funded,0.05,0.0,
BTCUSD,don20,1h,1.0,1.0,True,the5ers_hyper,30,2.8,fixed,IS,,390,44.4,0.0,14.9,40.8,0.0,2.9,3.7,8.06,-2.53,100676.0,55.7,0.6,3_funded,0.05,0.0,
BTCUSD,don20,1h,1.0,1.0,True,the5ers_hyper,30,2.8,fixed,OOS,,395,39.5,0.0,9.6,49.6,1.3,2.9,4.3,8.7,-2.47,100115.0,59.2,0.7,3_funded,0.05,0.0,
BTCUSD,don20,1h,1.0,1.0,True,ftmo_p1,30,2.8,fixed,IS,,390,52.3,0.0,0.0,17.7,30.0,9.9,15.2,8.03,-1.87,100584.0,17.7,2.1,3_funded,0.05,0.0,
BTCUSD,don20,1h,1.0,1.0,True,ftmo_p1,30,2.8,fixed,OOS,,395,44.6,0.0,0.0,7.8,47.6,10.6,18.4,7.35,-1.56,100613.0,7.8,2.6,3_funded,0.05,0.0,
BTCUSD,don20,1h,1.0,1.0,True,ftmo_1step,30,1.5,ladder_balance,IS,,390,11.8,16.7,0.0,2.1,69.5,16.9,21.0,5.78,-1.4,100213.0,2.1,4.2,3_funded,0.05,0.0,
BTCUSD,don20,1h,1.0,1.0,True,ftmo_1step,30,1.5,ladder_balance,OOS,,395,16.7,14.2,0.0,1.0,68.1,19.0,21.4,5.92,-1.33,100562.0,1.0,3.0,3_funded,0.05,0.0,
BTCUSD,don20,1h,1.0,1.0,True,fundingpips_1step,30,1.5,ladder_balance,IS,,390,28.5,0.0,0.0,16.7,54.9,13.5,20.3,5.61,-1.38,100309.0,16.7,2.8,3_funded,0.05,0.0,
BTCUSD,don20,1h,1.0,1.0,True,fundingpips_1step,30,1.5,ladder_balance,OOS,,395,30.9,0.0,0.0,13.9,55.2,12.6,20.5,5.72,-1.32,100558.0,13.9,2.8,3_funded,0.05,0.0,
BTCUSD,don20,1h,1.0,1.0,True,e8_one_8,30,1.5,ladder_balance,IS,,390,28.5,0.0,0.0,13.3,58.2,13.5,20.7,5.68,-1.39,100256.0,13.3,3.1,3_funded,0.05,0.0,
BTCUSD,don20,1h,1.0,1.0,True,e8_one_8,30,1.5,ladder_balance,OOS,,395,28.6,0.0,0.0,17.5,53.9,13.1,20.8,5.84,-1.32,100373.0,17.5,3.4,3_funded,0.05,0.0,
BTCUSD,don20,1h,1.0,1.0,True,e8_one_14,30,1.5,ladder_balance,IS,,390,28.5,0.0,0.0,0.0,71.5,13.5,21.0,5.8,-1.4,100205.0,0.0,3.3,3_funded,0.05,0.0,
BTCUSD,don20,1h,1.0,1.0,True,e8_one_14,30,1.5,ladder_balance,OOS,,395,30.9,0.0,0.0,0.0,69.1,12.6,21.4,5.92,-1.33,100563.0,0.0,3.8,3_funded,0.05,0.0,
BTCUSD,don20,1h,1.0,1.0,True,the5ers_hyper,30,1.5,ladder_balance,IS,,390,28.5,0.0,0.0,16.7,54.9,13.5,20.3,5.61,-1.38,100309.0,16.7,3.6,3_funded,0.05,0.0,
BTCUSD,don20,1h,1.0,1.0,True,the5ers_hyper,30,1.5,ladder_balance,OOS,,395,30.9,0.0,0.0,13.9,55.2,12.6,20.5,5.72,-1.32,100558.0,13.9,3.5,3_funded,0.05,0.0,
BTCUSD,don20,1h,1.0,1.0,True,ftmo_p1,30,1.5,ladder_balance,IS,,390,21.5,0.0,0.0,0.0,78.5,11.8,21.6,5.31,-1.17,100087.0,0.0,3.7,3_funded,0.05,0.0,
BTCUSD,don20,1h,1.0,1.0,True,ftmo_p1,30,1.5,ladder_balance,OOS,,395,27.1,0.0,0.0,0.0,72.9,14.4,22.2,5.37,-1.1,100605.0,0.0,4.1,3_funded,0.05,0.0,
XAUUSD,don55,4h,1.0,1.0,True,ftmo_1step,30,2.8,fixed,IS,,1688,1.1,24.5,16.2,18.3,39.9,23.3,3.3,7.51,-2.57,100014.0,34.5,6.6,3_funded,0.05,0.0,
XAUUSD,don55,4h,1.0,1.0,True,ftmo_1step,30,2.8,fixed,OOS,,816,1.6,18.9,10.7,17.5,51.3,19.5,3.5,7.41,-2.57,99110.0,28.2,2.9,3_funded,0.05,0.0,
XAUUSD,don55,4h,1.0,1.0,True,fundingpips_1step,30,2.8,fixed,IS,,1688,25.9,0.0,15.8,24.3,33.9,10.7,3.1,7.32,-2.56,99931.0,40.1,5.0,3_funded,0.05,0.0,
XAUUSD,don55,4h,1.0,1.0,True,fundingpips_1step,30,2.8,fixed,OOS,,816,20.8,0.0,9.1,30.9,39.2,11.5,3.3,7.13,-2.54,99001.0,40.0,2.7,3_funded,0.05,0.0,
XAUUSD,don55,4h,1.0,1.0,True,e8_one_8,30,2.8,fixed,IS,,1688,20.9,0.0,0.0,49.1,30.0,11.8,3.3,7.48,-2.57,99489.0,49.1,5.8,3_funded,0.05,0.0,
XAUUSD,don55,4h,1.0,1.0,True,e8_one_8,30,2.8,fixed,OOS,,816,18.1,0.0,0.0,45.3,36.5,11.5,3.4,7.1,-2.52,99457.0,45.3,3.1,3_funded,0.05,0.0,
XAUUSD,don55,4h,1.0,1.0,True,e8_one_14,30,2.8,fixed,IS,,1688,29.0,0.0,0.0,7.8,63.2,13.7,3.9,8.45,-2.61,100058.0,7.8,7.0,3_funded,0.05,0.0,
XAUUSD,don55,4h,1.0,1.0,True,e8_one_14,30,2.8,fixed,OOS,,816,22.7,0.0,0.0,4.0,73.3,12.5,3.9,8.01,-2.61,99659.0,4.0,3.5,3_funded,0.05,0.0,
XAUUSD,don55,4h,1.0,1.0,True,the5ers_hyper,30,2.8,fixed,IS,,1688,25.9,0.0,15.8,24.4,33.9,10.7,3.1,7.32,-2.56,99929.0,40.2,5.6,3_funded,0.05,0.0,
XAUUSD,don55,4h,1.0,1.0,True,the5ers_hyper,30,2.8,fixed,OOS,,816,20.8,0.0,9.1,30.9,39.2,11.5,3.3,7.13,-2.54,99001.0,40.0,1.9,3_funded,0.05,0.0,
XAUUSD,don55,4h,1.0,1.0,True,ftmo_p1,30,2.8,fixed,IS,,1688,30.8,0.0,1.6,7.9,59.7,13.0,3.9,8.34,-2.61,100296.0,9.5,4.6,3_funded,0.05,0.0,
XAUUSD,don55,4h,1.0,1.0,True,ftmo_p1,30,2.8,fixed,OOS,,816,22.7,0.0,1.6,8.7,67.0,12.5,3.8,7.93,-2.61,99468.0,10.3,2.6,3_funded,0.05,0.0,
XAUUSD,don55,4h,1.0,1.0,False,ftmo_1step,30,2.0,ladder,IS,,1688,0.9,5.6,0.0,0.0,93.4,23.2,4.7,2.4,-0.88,100102.0,0.0,9.0,3_funded,0.05,0.0,
XAUUSD,don55,4h,1.0,1.0,False,ftmo_1step,30,2.0,ladder,OOS,,816,1.1,1.0,0.0,0.0,97.9,20.9,4.5,2.1,-0.78,99730.0,0.0,3.5,3_funded,0.05,0.0,
XAUUSD,don55,4h,1.0,1.0,False,fundingpips_1step,30,2.0,ladder,IS,,1688,6.6,0.0,0.0,0.0,93.4,16.9,4.7,2.4,-0.88,100102.0,0.0,7.4,3_funded,0.05,0.0,
XAUUSD,don55,4h,1.0,1.0,False,fundingpips_1step,30,2.0,ladder,OOS,,816,2.1,0.0,0.0,0.0,97.9,21.9,4.5,2.1,-0.78,99730.0,0.0,4.1,3_funded,0.05,0.0,
XAUUSD,don55,4h,1.0,1.0,False,e8_one_8,30,2.0,ladder,IS,,1688,5.6,0.0,0.0,1.0,93.4,16.7,4.7,2.4,-0.88,100019.0,1.0,8.7,3_funded,0.05,0.0,
XAUUSD,don55,4h,1.0,1.0,False,e8_one_8,30,2.0,ladder,OOS,,816,2.1,0.0,0.0,0.0,97.9,21.9,4.5,2.1,-0.78,99730.0,0.0,4.0,3_funded,0.05,0.0,
XAUUSD,don55,4h,1.0,1.0,False,e8_one_14,30,2.0,ladder,IS,,1688,6.6,0.0,0.0,0.0,93.4,16.9,4.7,2.4,-0.88,100102.0,0.0,7.5,3_funded,0.05,0.0,
XAUUSD,don55,4h,1.0,1.0,False,e8_one_14,30,2.0,ladder,OOS,,816,2.1,0.0,0.0,0.0,97.9,21.9,4.5,2.1,-0.78,99730.0,0.0,2.9,3_funded,0.05,0.0,
XAUUSD,don55,4h,1.0,1.0,False,the5ers_hyper,30,2.0,ladder,IS,,1688,6.6,0.0,0.0,0.0,93.4,16.9,4.7,2.4,-0.88,100102.0,0.0,5.1,3_funded,0.05,0.0,
XAUUSD,don55,4h,1.0,1.0,False,the5ers_hyper,30,2.0,ladder,OOS,,816,2.1,0.0,0.0,0.0,97.9,21.9,4.5,2.1,-0.78,99730.0,0.0,1.8,3_funded,0.05,0.0,
XAUUSD,don55,4h,1.0,1.0,False,ftmo_p1,30,2.0,ladder,IS,,1688,6.6,0.0,0.0,0.0,93.4,16.9,4.7,2.4,-0.88,100102.0,0.0,3.6,3_funded,0.05,0.0,
XAUUSD,don55,4h,1.0,1.0,False,ftmo_p1,30,2.0,ladder,OOS,,816,2.1,0.0,0.0,0.0,97.9,21.9,4.5,2.1,-0.78,99730.0,0.0,1.7,3_funded,0.05,0.0,
BTCUSD,coin,,,,,ftmo_1step,7,2.8,fixed,IS,,390,12.3,4.6,7.2,53.3,22.6,4.7,4.9,8.93,-2.8,98636.0,60.5,1.2,3_coin,,,1.0
BTCUSD,coin,,,,,ftmo_1step,7,2.8,fixed,OOS,,395,15.9,7.1,0.3,57.0,19.7,4.5,4.9,9.1,-2.74,99106.0,57.3,1.2,3_coin,,,1.0
BTCUSD,coin,,,,,ftmo_1step,30,2.8,fixed,IS,,390,17.9,4.6,7.2,70.3,0.0,5.7,5.6,9.27,-2.8,98444.0,77.5,1.4,3_coin,,,1.0
BTCUSD,coin,,,,,ftmo_1step,30,2.8,fixed,OOS,,395,20.0,7.1,0.3,71.4,1.3,4.7,5.3,9.36,-2.74,98916.0,71.7,1.3,3_coin,,,1.0
BTCUSD,coin,,,,,fundingpips_1step,7,2.8,fixed,IS,,390,16.4,0.0,6.7,54.4,22.6,3.8,4.5,8.39,-2.8,98620.0,61.1,1.1,3_coin,,,1.0
BTCUSD,coin,,,,,fundingpips_1step,7,2.8,fixed,OOS,,395,23.3,0.0,0.3,55.2,21.3,3.7,4.5,8.48,-2.74,99355.0,55.5,1.0,3_coin,,,1.0
BTCUSD,coin,,,,,fundingpips_1step,30,2.8,fixed,IS,,390,23.8,0.0,6.7,69.5,0.0,4.9,5.6,9.28,-2.8,98166.0,76.2,1.3,3_coin,,,1.0
BTCUSD,coin,,,,,fundingpips_1step,30,2.8,fixed,OOS,,395,31.1,0.0,0.3,67.3,1.3,4.6,5.4,9.12,-2.74,99292.0,67.6,1.3,3_coin,,,1.0
BTCUSD,coin,,,,,e8_one_8,7,2.8,fixed,IS,,390,10.5,0.0,0.0,80.0,9.5,3.8,4.3,8.07,-2.85,98461.0,80.0,1.0,3_coin,,,1.0
BTCUSD,coin,,,,,e8_one_8,7,2.8,fixed,OOS,,395,14.7,0.0,0.0,75.9,9.4,3.8,4.2,7.97,-2.79,99281.0,75.9,1.2,3_coin,,,1.0
BTCUSD,coin,,,,,e8_one_8,30,2.8,fixed,IS,,390,13.6,0.0,0.0,86.4,0.0,4.8,4.5,8.15,-2.85,98538.0,86.4,1.2,3_coin,,,1.0
BTCUSD,coin,,,,,e8_one_8,30,2.8,fixed,OOS,,395,15.4,0.0,0.0,83.3,1.3,3.9,4.4,8.07,-2.79,99173.0,83.3,1.1,3_coin,,,1.0
BTCUSD,coin,,,,,e8_one_14,7,2.8,fixed,IS,,390,1.3,0.0,0.0,32.3,66.4,4.6,6.6,11.27,-2.91,98005.0,32.3,1.9,3_coin,,,1.0
BTCUSD,coin,,,,,e8_one_14,7,2.8,fixed,OOS,,395,2.8,0.0,0.0,27.3,69.9,5.9,6.5,11.18,-2.86,99198.0,27.3,2.0,3_coin,,,1.0
BTCUSD,coin,,,,,e8_one_14,30,2.8,fixed,IS,,390,12.3,0.0,0.0,87.7,0.0,16.0,11.4,13.98,-2.92,97162.0,87.7,3.1,3_coin,,,1.0
BTCUSD,coin,,,,,e8_one_14,30,2.8,fixed,OOS,,395,14.9,0.0,0.0,83.0,2.0,10.9,11.2,13.8,-2.86,98051.0,83.0,3.1,3_coin,,,1.0
BTCUSD,coin,,,,,the5ers_hyper,7,2.8,fixed,IS,,390,16.4,0.0,6.7,54.4,22.6,4.2,4.5,8.39,-2.8,98620.0,61.1,1.3,3_coin,,,1.0
BTCUSD,coin,,,,,the5ers_hyper,7,2.8,fixed,OOS,,395,23.3,0.0,0.3,55.2,21.3,4.2,4.5,8.48,-2.74,99355.0,55.5,1.4,3_coin,,,1.0
BTCUSD,coin,,,,,the5ers_hyper,30,2.8,fixed,IS,,390,23.8,0.0,6.7,69.5,0.0,4.9,5.6,9.28,-2.8,98166.0,76.2,1.6,3_coin,,,1.0
BTCUSD,coin,,,,,the5ers_hyper,30,2.8,fixed,OOS,,395,31.1,0.0,0.3,67.3,1.3,4.6,5.4,9.12,-2.74,99292.0,67.6,1.3,3_coin,,,1.0
BTCUSD,coin,,,,,ftmo_p1,7,2.8,fixed,IS,,390,7.7,0.0,0.0,7.9,84.4,5.6,6.7,7.25,-2.25,98808.0,7.9,1.7,3_coin,,,1.0
BTCUSD,coin,,,,,ftmo_p1,7,2.8,fixed,OOS,,395,7.6,0.0,0.0,2.8,89.6,5.6,6.7,6.35,-2.0,99809.0,2.8,1.7,3_coin,,,1.0
BTCUSD,coin,,,,,ftmo_p1,30,2.8,fixed,IS,,390,25.9,0.0,0.0,58.5,15.6,11.8,17.0,11.77,-2.53,96929.0,58.5,4.2,3_coin,,,1.0
BTCUSD,coin,,,,,ftmo_p1,30,2.8,fixed,OOS,,395,27.1,0.0,0.0,36.5,36.5,11.7,20.1,10.52,-2.3,98768.0,36.5,4.9,3_coin,,,1.0
BTCUSD,coin,,,,,ftmo_1step,7,2.8,fixed,IS,,390,12.3,5.1,6.9,50.8,24.9,4.6,5.0,8.86,-2.79,99210.0,57.7,1.2,3_coin,,,4.0
BTCUSD,coin,,,,,ftmo_1step,7,2.8,fixed,OOS,,395,15.4,7.6,0.3,57.5,19.2,4.5,4.9,9.21,-2.74,99180.0,57.8,1.3,3_coin,,,4.0
BTCUSD,coin,,,,,ftmo_1step,30,2.8,fixed,IS,,390,17.7,5.1,8.2,69.0,0.0,5.5,5.9,9.29,-2.79,98833.0,77.2,1.5,3_coin,,,4.0
BTCUSD,coin,,,,,ftmo_1step,30,2.8,fixed,OOS,,395,19.0,7.6,0.3,72.2,1.0,4.8,5.4,9.47,-2.74,98892.0,72.5,1.4,3_coin,,,4.0
BTCUSD,coin,,,,,fundingpips_1step,7,2.8,fixed,IS,,390,17.9,0.0,5.9,50.8,25.4,3.6,4.7,8.53,-2.79,99184.0,56.7,1.2,3_coin,,,4.0
BTCUSD,coin,,,,,fundingpips_1step,7,2.8,fixed,OOS,,395,22.8,0.0,0.0,55.9,21.3,3.6,4.5,8.58,-2.74,99310.0,55.9,1.2,3_coin,,,4.0
BTCUSD,coin,,,,,fundingpips_1step,30,2.8,fixed,IS,,390,27.4,0.0,6.9,64.4,1.3,4.9,6.4,9.45,-2.8,98976.0,71.3,1.7,3_coin,,,4.0
BTCUSD,coin,,,,,fundingpips_1step,30,2.8,fixed,OOS,,395,30.9,0.0,0.0,67.8,1.3,4.6,5.5,9.23,-2.74,99284.0,67.8,1.4,3_coin,,,4.0
BTCUSD,coin,,,,,e8_one_8,7,2.8,fixed,IS,,390,9.5,0.0,0.0,77.7,12.8,3.6,4.4,8.07,-2.84,98974.0,77.7,1.3,3_coin,,,4.0
BTCUSD,coin,,,,,e8_one_8,7,2.8,fixed,OOS,,395,13.9,0.0,0.0,78.2,7.8,4.5,4.2,7.95,-2.79,99344.0,78.2,1.3,3_coin,,,4.0
BTCUSD,coin,,,,,e8_one_8,30,2.8,fixed,IS,,390,11.0,0.0,0.0,89.0,0.0,3.9,4.8,8.24,-2.84,98729.0,89.0,1.4,3_coin,,,4.0
BTCUSD,coin,,,,,e8_one_8,30,2.8,fixed,OOS,,395,15.4,0.0,0.0,83.8,0.8,4.5,4.4,8.02,-2.79,99238.0,83.8,1.2,3_coin,,,4.0
BTCUSD,coin,,,,,e8_one_14,7,2.8,fixed,IS,,390,1.8,0.0,0.0,25.4,72.8,5.5,6.7,11.11,-2.91,98627.0,25.4,1.9,3_coin,,,4.0
BTCUSD,coin,,,,,e8_one_14,7,2.8,fixed,OOS,,395,3.8,0.0,0.0,29.9,66.3,5.5,6.5,11.19,-2.85,99153.0,29.9,1.7,3_coin,,,4.0
BTCUSD,coin,,,,,e8_one_14,30,2.8,fixed,IS,,390,12.6,0.0,0.0,81.8,5.6,14.7,12.8,13.77,-2.92,97488.0,81.8,3.1,3_coin,,,4.0
BTCUSD,coin,,,,,e8_one_14,30,2.8,fixed,OOS,,395,14.4,0.0,0.0,78.5,7.1,9.7,11.6,13.78,-2.87,98699.0,78.5,2.9,3_coin,,,4.0
BTCUSD,coin,,,,,the5ers_hyper,7,2.8,fixed,IS,,390,17.9,0.0,5.9,50.8,25.4,4.2,4.7,8.53,-2.79,99184.0,56.7,1.3,3_coin,,,4.0
BTCUSD,coin,,,,,the5ers_hyper,7,2.8,fixed,OOS,,395,22.8,0.0,0.0,55.9,21.3,4.2,4.5,8.58,-2.74,99310.0,55.9,1.2,3_coin,,,4.0
BTCUSD,coin,,,,,the5ers_hyper,30,2.8,fixed,IS,,390,27.4,0.0,6.9,64.4,1.3,4.9,6.4,9.45,-2.8,98976.0,71.3,1.6,3_coin,,,4.0
BTCUSD,coin,,,,,the5ers_hyper,30,2.8,fixed,OOS,,395,30.9,0.0,0.0,67.8,1.3,4.6,5.5,9.23,-2.74,99284.0,67.8,1.4,3_coin,,,4.0
BTCUSD,coin,,,,,ftmo_p1,7,2.8,fixed,IS,,390,6.9,0.0,0.0,4.4,88.7,5.6,6.8,7.07,-2.24,99440.0,4.4,1.8,3_coin,,,4.0
BTCUSD,coin,,,,,ftmo_p1,7,2.8,fixed,OOS,,395,5.6,0.0,0.0,6.6,87.8,5.6,6.8,6.45,-1.97,99625.0,6.6,1.7,3_coin,,,4.0
BTCUSD,coin,,,,,ftmo_p1,30,2.8,fixed,IS,,390,28.2,0.0,0.0,47.2,24.6,13.6,19.1,11.41,-2.54,98236.0,47.2,4.7,3_coin,,,4.0
BTCUSD,coin,,,,,ftmo_p1,30,2.8,fixed,OOS,,395,28.6,0.0,0.0,32.4,39.0,14.7,20.3,10.31,-2.23,99606.0,32.4,5.2,3_coin,,,4.0
BTCUSD,coin,,,,,ftmo_1step,7,2.8,fixed,IS,,390,10.0,5.1,8.5,56.4,20.0,4.5,4.8,9.09,-2.8,98368.0,64.9,1.2,3_coin,,,3.0
BTCUSD,coin,,,,,ftmo_1step,7,2.8,fixed,OOS,,395,13.7,5.8,1.0,48.6,30.9,4.5,5.2,8.88,-2.76,99856.0,49.6,1.4,3_coin,,,3.0
BTCUSD,coin,,,,,ftmo_1step,30,2.8,fixed,IS,,390,15.1,5.1,8.5,71.3,0.0,5.6,5.4,9.35,-2.8,98228.0,79.8,1.4,3_coin,,,3.0
BTCUSD,coin,,,,,ftmo_1step,30,2.8,fixed,OOS,,395,21.5,5.8,1.0,70.4,1.3,5.7,6.4,9.31,-2.76,99631.0,71.4,1.6,3_coin,,,3.0
BTCUSD,coin,,,,,fundingpips_1step,7,2.8,fixed,IS,,390,15.1,0.0,8.2,54.9,21.8,3.6,4.5,8.68,-2.8,98381.0,63.1,1.1,3_coin,,,3.0
BTCUSD,coin,,,,,fundingpips_1step,7,2.8,fixed,OOS,,395,19.7,0.0,1.8,45.3,33.2,3.6,4.9,8.56,-2.76,99895.0,47.1,1.2,3_coin,,,3.0
BTCUSD,coin,,,,,fundingpips_1step,30,2.8,fixed,IS,,390,22.3,0.0,8.2,68.7,0.8,4.6,5.8,9.5,-2.8,98130.0,76.9,1.4,3_coin,,,3.0
BTCUSD,coin,,,,,fundingpips_1step,30,2.8,fixed,OOS,,395,31.1,0.0,2.3,64.3,2.3,5.5,6.9,9.64,-2.76,99556.0,66.6,1.7,3_coin,,,3.0
BTCUSD,coin,,,,,e8_one_8,7,2.8,fixed,IS,,390,10.8,0.0,0.0,81.5,7.7,4.1,4.3,8.29,-2.86,98620.0,81.5,1.0,3_coin,,,3.0
BTCUSD,coin,,,,,e8_one_8,7,2.8,fixed,OOS,,395,9.4,0.0,0.0,78.7,11.9,3.5,4.4,7.94,-2.81,99278.0,78.7,1.2,3_coin,,,3.0
BTCUSD,coin,,,,,e8_one_8,30,2.8,fixed,IS,,390,12.1,0.0,0.0,87.9,0.0,4.5,4.4,8.37,-2.86,98541.0,87.9,1.2,3_coin,,,3.0
BTCUSD,coin,,,,,e8_one_8,30,2.8,fixed,OOS,,395,13.2,0.0,0.0,86.8,0.0,4.5,4.7,8.05,-2.81,99315.0,86.8,1.3,3_coin,,,3.0
BTCUSD,coin,,,,,e8_one_14,7,2.8,fixed,IS,,390,0.8,0.0,0.0,28.5,70.8,5.6,6.6,11.38,-2.91,98165.0,28.5,1.9,3_coin,,,3.0
BTCUSD,coin,,,,,e8_one_14,7,2.8,fixed,OOS,,395,3.3,0.0,0.0,19.2,77.5,4.8,6.6,10.54,-2.86,100396.0,19.2,1.7,3_coin,,,3.0
BTCUSD,coin,,,,,e8_one_14,30,2.8,fixed,IS,,390,6.9,0.0,0.0,91.8,1.3,14.7,11.9,14.22,-2.93,96204.0,91.8,2.9,3_coin,,,3.0
BTCUSD,coin,,,,,e8_one_14,30,2.8,fixed,OOS,,395,11.6,0.0,0.0,81.0,7.3,12.2,13.9,13.54,-2.87,98777.0,81.0,3.4,3_coin,,,3.0
BTCUSD,coin,,,,,the5ers_hyper,7,2.8,fixed,IS,,390,15.1,0.0,8.2,54.9,21.8,4.2,4.5,8.68,-2.8,98381.0,63.1,1.3,3_coin,,,3.0
BTCUSD,coin,,,,,the5ers_hyper,7,2.8,fixed,OOS,,395,19.7,0.0,1.8,45.3,33.2,4.2,4.9,8.56,-2.76,99895.0,47.1,1.2,3_coin,,,3.0
BTCUSD,coin,,,,,the5ers_hyper,30,2.8,fixed,IS,,390,22.3,0.0,8.2,68.7,0.8,4.6,5.8,9.5,-2.8,98130.0,76.9,1.4,3_coin,,,3.0
BTCUSD,coin,,,,,the5ers_hyper,30,2.8,fixed,OOS,,395,31.1,0.0,2.3,64.3,2.3,5.5,6.9,9.64,-2.76,99556.0,66.6,1.7,3_coin,,,3.0
BTCUSD,coin,,,,,ftmo_p1,7,2.8,fixed,IS,,390,6.7,0.0,0.0,7.9,85.4,5.6,6.7,7.34,-2.24,98953.0,7.9,1.7,3_coin,,,3.0
BTCUSD,coin,,,,,ftmo_p1,7,2.8,fixed,OOS,,395,5.6,0.0,0.0,1.5,92.9,5.6,6.8,6.08,-2.01,100434.0,1.5,1.7,3_coin,,,3.0
BTCUSD,coin,,,,,ftmo_p1,30,2.8,fixed,IS,,390,25.6,0.0,0.0,51.0,23.3,13.6,18.1,12.2,-2.59,97908.0,51.0,4.5,3_coin,,,3.0
BTCUSD,coin,,,,,ftmo_p1,30,2.8,fixed,OOS,,395,28.6,0.0,0.0,14.7,56.7,11.9,22.6,9.84,-2.32,101616.0,14.7,5.6,3_coin,,,3.0
BTCUSD,coin,,,,,ftmo_1step,7,2.8,fixed,IS,,390,15.1,5.4,8.7,50.0,20.8,4.8,4.9,8.77,-2.79,99439.0,58.7,1.2,3_coin,,,2.0
BTCUSD,coin,,,,,ftmo_1step,7,2.8,fixed,OOS,,395,17.7,6.3,0.0,46.1,29.9,4.6,5.2,8.79,-2.76,100772.0,46.1,1.4,3_coin,,,2.0
BTCUSD,coin,,,,,ftmo_1step,30,2.8,fixed,IS,,390,24.6,5.4,8.7,61.3,0.0,6.6,5.6,8.98,-2.8,99808.0,70.0,1.7,3_coin,,,2.0
BTCUSD,coin,,,,,ftmo_1step,30,2.8,fixed,OOS,,395,28.6,6.3,0.0,64.1,1.0,5.6,6.3,9.24,-2.76,100980.0,64.1,1.8,3_coin,,,2.0
BTCUSD,coin,,,,,fundingpips_1step,7,2.8,fixed,IS,,390,19.5,0.0,7.2,49.5,23.8,3.9,4.7,8.41,-2.8,99557.0,56.7,1.4,3_coin,,,2.0
BTCUSD,coin,,,,,fundingpips_1step,7,2.8,fixed,OOS,,395,24.6,0.0,0.0,46.3,29.1,3.6,4.8,8.46,-2.75,100622.0,46.3,1.5,3_coin,,,2.0
BTCUSD,coin,,,,,fundingpips_1step,30,2.8,fixed,IS,,390,31.5,0.0,7.2,61.3,0.0,5.8,5.9,9.08,-2.8,99691.0,68.5,1.7,3_coin,,,2.0
BTCUSD,coin,,,,,fundingpips_1step,30,2.8,fixed,OOS,,395,40.0,0.0,0.0,58.5,1.5,5.6,6.4,9.37,-2.76,101088.0,58.5,1.9,3_coin,,,2.0
BTCUSD,coin,,,,,e8_one_8,7,2.8,fixed,IS,,390,13.6,0.0,0.0,77.9,8.5,4.7,4.2,8.01,-2.84,99223.0,77.9,1.2,3_coin,,,2.0
BTCUSD,coin,,,,,e8_one_8,7,2.8,fixed,OOS,,395,13.2,0.0,0.0,74.4,12.4,4.4,4.5,7.92,-2.81,100113.0,74.4,1.3,3_coin,,,2.0
BTCUSD,coin,,,,,e8_one_8,30,2.8,fixed,IS,,390,17.7,0.0,0.0,82.3,0.0,5.6,4.4,8.07,-2.84,99422.0,82.3,1.2,3_coin,,,2.0
BTCUSD,coin,,,,,e8_one_8,30,2.8,fixed,OOS,,395,15.2,0.0,0.0,84.8,0.0,4.6,4.8,8.07,-2.81,99940.0,84.8,1.4,3_coin,,,2.0
BTCUSD,coin,,,,,e8_one_14,7,2.8,fixed,IS,,390,1.0,0.0,0.0,26.9,72.1,6.2,6.7,11.04,-2.92,98950.0,26.9,1.9,3_coin,,,2.0
BTCUSD,coin,,,,,e8_one_14,7,2.8,fixed,OOS,,395,1.0,0.0,0.0,15.9,83.0,5.8,6.7,10.33,-2.86,101523.0,15.9,2.0,3_coin,,,2.0
BTCUSD,coin,,,,,e8_one_14,30,2.8,fixed,IS,,390,20.5,0.0,0.0,76.9,2.6,15.7,12.8,13.44,-2.94,99828.0,76.9,3.6,3_coin,,,2.0
BTCUSD,coin,,,,,e8_one_14,30,2.8,fixed,OOS,,395,18.2,0.0,0.0,75.7,6.1,16.6,14.2,13.48,-2.87,102173.0,75.7,4.1,3_coin,,,2.0
BTCUSD,coin,,,,,the5ers_hyper,7,2.8,fixed,IS,,390,19.5,0.0,7.2,49.5,23.8,4.2,4.7,8.41,-2.8,99557.0,56.7,1.4,3_coin,,,2.0
BTCUSD,coin,,,,,the5ers_hyper,7,2.8,fixed,OOS,,395,24.6,0.0,0.0,46.3,29.1,4.2,4.8,8.46,-2.75,100622.0,46.3,1.4,3_coin,,,2.0
BTCUSD,coin,,,,,the5ers_hyper,30,2.8,fixed,IS,,390,31.5,0.0,7.2,61.3,0.0,5.8,5.9,9.08,-2.8,99691.0,68.5,1.6,3_coin,,,2.0
BTCUSD,coin,,,,,the5ers_hyper,30,2.8,fixed,OOS,,395,40.0,0.0,0.0,58.5,1.5,5.6,6.4,9.37,-2.76,101088.0,58.5,1.8,3_coin,,,2.0
BTCUSD,coin,,,,,ftmo_p1,7,2.8,fixed,IS,,390,8.5,0.0,0.0,5.9,85.6,5.6,6.8,7.1,-2.25,99556.0,5.9,2.0,3_coin,,,2.0
BTCUSD,coin,,,,,ftmo_p1,7,2.8,fixed,OOS,,395,5.6,0.0,0.0,2.3,92.2,5.6,6.8,5.94,-1.97,100776.0,2.3,2.1,3_coin,,,2.0
BTCUSD,coin,,,,,ftmo_p1,30,2.8,fixed,IS,,390,35.4,0.0,0.0,52.8,11.8,13.8,16.9,11.26,-2.54,98692.0,52.8,4.9,3_coin,,,2.0
BTCUSD,coin,,,,,ftmo_p1,30,2.8,fixed,OOS,,395,39.7,0.0,0.0,15.7,44.6,15.5,21.2,9.24,-2.26,103679.0,15.7,6.3,3_coin,,,2.0
BTCUSD,coin,,,,,ftmo_1step,7,2.8,fixed,IS,,390,9.2,6.4,7.4,50.0,26.9,4.7,5.1,8.85,-2.81,98698.0,57.4,1.3,3_coin,,,5.0
BTCUSD,coin,,,,,ftmo_1step,7,2.8,fixed,OOS,,395,15.2,7.1,0.0,57.7,20.0,4.5,4.9,8.98,-2.75,99674.0,57.7,1.3,3_coin,,,5.0
BTCUSD,coin,,,,,ftmo_1step,30,2.8,fixed,IS,,390,13.8,6.4,7.4,72.3,0.0,5.9,6.3,9.31,-2.82,98268.0,79.7,1.5,3_coin,,,5.0
BTCUSD,coin,,,,,ftmo_1step,30,2.8,fixed,OOS,,395,21.3,7.1,0.0,70.4,1.3,5.5,5.4,9.26,-2.75,99671.0,70.4,1.5,3_coin,,,5.0
BTCUSD,coin,,,,,fundingpips_1step,7,2.8,fixed,IS,,390,14.6,0.0,7.4,51.5,26.4,3.6,4.7,8.47,-2.81,98544.0,58.9,1.3,3_coin,,,5.0
BTCUSD,coin,,,,,fundingpips_1step,7,2.8,fixed,OOS,,395,22.0,0.0,0.0,50.9,27.1,3.5,4.7,8.79,-2.75,99740.0,50.9,1.2,3_coin,,,5.0
BTCUSD,coin,,,,,fundingpips_1step,30,2.8,fixed,IS,,390,20.5,0.0,8.2,70.8,0.5,4.7,6.5,9.63,-2.82,97650.0,79.0,1.7,3_coin,,,5.0
BTCUSD,coin,,,,,fundingpips_1step,30,2.8,fixed,OOS,,395,30.6,0.0,0.0,67.8,1.5,4.6,6.1,9.68,-2.75,99269.0,67.8,1.5,3_coin,,,5.0
BTCUSD,coin,,,,,e8_one_8,7,2.8,fixed,IS,,390,7.9,0.0,0.0,80.8,11.3,3.6,4.4,8.02,-2.85,98423.0,80.8,1.1,3_coin,,,5.0
BTCUSD,coin,,,,,e8_one_8,7,2.8,fixed,OOS,,395,12.4,0.0,0.0,77.2,10.4,3.6,4.2,7.94,-2.79,99541.0,77.2,1.1,3_coin,,,5.0
BTCUSD,coin,,,,,e8_one_8,30,2.8,fixed,IS,,390,8.7,0.0,0.0,91.3,0.0,3.6,4.7,8.16,-2.85,98145.0,91.3,1.2,3_coin,,,5.0
BTCUSD,coin,,,,,e8_one_8,30,2.8,fixed,OOS,,395,13.2,0.0,0.0,85.8,1.0,3.6,4.3,8.04,-2.79,99359.0,85.8,1.1,3_coin,,,5.0
BTCUSD,coin,,,,,e8_one_14,7,2.8,fixed,IS,,390,1.5,0.0,0.0,22.3,76.2,6.3,6.7,10.88,-2.92,98197.0,22.3,1.7,3_coin,,,5.0
BTCUSD,coin,,,,,e8_one_14,7,2.8,fixed,OOS,,395,2.8,0.0,0.0,25.1,72.2,6.5,6.6,10.99,-2.86,99899.0,25.1,1.8,3_coin,,,5.0
BTCUSD,coin,,,,,e8_one_14,30,2.8,fixed,IS,,390,7.4,0.0,0.0,89.7,2.8,13.6,12.3,14.15,-2.93,95628.0,89.7,3.2,3_coin,,,5.0
BTCUSD,coin,,,,,e8_one_14,30,2.8,fixed,OOS,,395,14.7,0.0,0.0,82.0,3.3,13.8,11.8,13.68,-2.87,99224.0,82.0,3.0,3_coin,,,5.0
BTCUSD,coin,,,,,the5ers_hyper,7,2.8,fixed,IS,,390,14.6,0.0,7.4,51.5,26.4,4.2,4.7,8.47,-2.81,98544.0,58.9,1.2,3_coin,,,5.0
BTCUSD,coin,,,,,the5ers_hyper,7,2.8,fixed,OOS,,395,22.0,0.0,0.0,50.9,27.1,4.2,4.7,8.79,-2.75,99740.0,50.9,1.3,3_coin,,,5.0
BTCUSD,coin,,,,,the5ers_hyper,30,2.8,fixed,IS,,390,20.5,0.0,8.2,70.8,0.5,4.7,6.5,9.63,-2.82,97650.0,79.0,1.6,3_coin,,,5.0
BTCUSD,coin,,,,,the5ers_hyper,30,2.8,fixed,OOS,,395,30.6,0.0,0.0,67.8,1.5,4.6,6.1,9.68,-2.75,99269.0,67.8,1.5,3_coin,,,5.0
BTCUSD,coin,,,,,ftmo_p1,7,2.8,fixed,IS,,390,6.9,0.0,0.0,3.8,89.2,5.6,6.8,6.93,-2.27,99060.0,3.8,1.9,3_coin,,,5.0
BTCUSD,coin,,,,,ftmo_p1,7,2.8,fixed,OOS,,395,8.1,0.0,0.0,3.8,88.1,5.6,6.7,6.22,-2.0,100145.0,3.8,1.9,3_coin,,,5.0
BTCUSD,coin,,,,,ftmo_p1,30,2.8,fixed,IS,,390,20.3,0.0,0.0,51.8,27.9,10.5,19.9,12.05,-2.6,96126.0,51.8,4.7,3_coin,,,5.0
BTCUSD,coin,,,,,ftmo_p1,30,2.8,fixed,OOS,,395,30.6,0.0,0.0,26.6,42.8,12.8,20.8,10.34,-2.28,100490.0,26.6,5.3,3_coin,,,5.0
BTCUSD,coin,,,,,ftmo_1step,7,1.5,ladder_balance,IS,,390,0.8,0.0,0.0,0.0,99.2,5.5,7.0,3.16,-1.2,99494.0,0.0,1.9,3_coin,,,1.0
BTCUSD,coin,,,,,ftmo_1step,7,1.5,ladder_balance,OOS,,395,0.8,0.0,0.0,0.0,99.2,5.5,6.9,3.09,-1.2,100018.0,0.0,2.0,3_coin,,,1.0
BTCUSD,coin,,,,,ftmo_1step,30,1.5,ladder_balance,IS,,390,6.7,0.0,0.0,16.7,76.7,19.0,28.6,7.5,-1.56,97868.0,16.7,7.4,3_coin,,,1.0
BTCUSD,coin,,,,,ftmo_1step,30,1.5,ladder_balance,OOS,,395,10.4,0.0,0.0,10.4,79.2,22.5,27.8,6.71,-1.54,100129.0,10.4,7.0,3_coin,,,1.0
BTCUSD,coin,,,,,fundingpips_1step,7,1.5,ladder_balance,IS,,390,0.8,0.0,0.0,0.0,99.2,5.5,7.0,3.16,-1.2,99494.0,0.0,1.9,3_coin,,,1.0
BTCUSD,coin,,,,,fundingpips_1step,7,1.5,ladder_balance,OOS,,395,0.8,0.0,0.0,0.0,99.2,5.5,6.9,3.09,-1.2,100018.0,0.0,1.9,3_coin,,,1.0
BTCUSD,coin,,,,,fundingpips_1step,30,1.5,ladder_balance,IS,,390,6.7,0.0,0.0,38.7,54.6,19.0,25.8,6.99,-1.52,97950.0,38.7,6.3,3_coin,,,1.0
BTCUSD,coin,,,,,fundingpips_1step,30,1.5,ladder_balance,OOS,,395,10.4,0.0,0.0,18.7,70.9,22.5,26.5,6.47,-1.51,100239.0,18.7,6.8,3_coin,,,1.0
BTCUSD,coin,,,,,e8_one_8,7,1.5,ladder_balance,IS,,390,0.3,0.0,0.0,0.0,99.7,6.5,7.0,3.16,-1.2,99484.0,0.0,1.7,3_coin,,,1.0
BTCUSD,coin,,,,,e8_one_8,7,1.5,ladder_balance,OOS,,395,0.0,0.0,0.0,1.3,98.7,,6.9,3.09,-1.19,100002.0,1.3,1.8,3_coin,,,1.0
BTCUSD,coin,,,,,e8_one_8,30,1.5,ladder_balance,IS,,390,2.3,0.0,0.0,42.6,55.1,12.5,26.7,7.02,-1.55,97943.0,42.6,6.6,3_coin,,,1.0
BTCUSD,coin,,,,,e8_one_8,30,1.5,ladder_balance,OOS,,395,4.3,0.0,0.0,28.1,67.6,23.5,26.6,6.53,-1.52,100085.0,28.1,6.6,3_coin,,,1.0
BTCUSD,coin,,,,,e8_one_14,7,1.5,ladder_balance,IS,,390,0.0,0.0,0.0,0.0,100.0,,7.0,3.16,-1.2,99484.0,0.0,1.9,3_coin,,,1.0
BTCUSD,coin,,,,,e8_one_14,7,1.5,ladder_balance,OOS,,395,0.0,0.0,0.0,0.0,100.0,,6.9,3.09,-1.2,100010.0,0.0,1.8,3_coin,,,1.0
BTCUSD,coin,,,,,e8_one_14,30,1.5,ladder_balance,IS,,390,0.0,0.0,0.0,0.0,100.0,,30.0,7.77,-1.57,97664.0,0.0,7.5,3_coin,,,1.0
BTCUSD,coin,,,,,e8_one_14,30,1.5,ladder_balance,OOS,,395,0.0,0.0,0.0,0.0,100.0,,29.2,6.99,-1.56,99917.0,0.0,7.5,3_coin,,,1.0
BTCUSD,coin,,,,,the5ers_hyper,7,1.5,ladder_balance,IS,,390,0.8,0.0,0.0,0.0,99.2,5.5,7.0,3.16,-1.2,99494.0,0.0,2.0,3_coin,,,1.0
BTCUSD,coin,,,,,the5ers_hyper,7,1.5,ladder_balance,OOS,,395,0.8,0.0,0.0,0.0,99.2,5.5,6.9,3.09,-1.2,100018.0,0.0,1.9,3_coin,,,1.0
BTCUSD,coin,,,,,the5ers_hyper,30,1.5,ladder_balance,IS,,390,6.7,0.0,0.0,38.7,54.6,19.0,25.8,6.99,-1.52,97950.0,38.7,6.7,3_coin,,,1.0
BTCUSD,coin,,,,,the5ers_hyper,30,1.5,ladder_balance,OOS,,395,10.4,0.0,0.0,18.7,70.9,22.5,26.5,6.47,-1.51,100239.0,18.7,6.8,3_coin,,,1.0
BTCUSD,coin,,,,,ftmo_p1,7,1.5,ladder_balance,IS,,390,0.0,0.0,0.0,0.0,100.0,,7.0,3.01,-1.11,99494.0,0.0,1.7,3_coin,,,1.0
BTCUSD,coin,,,,,ftmo_p1,7,1.5,ladder_balance,OOS,,395,0.3,0.0,0.0,0.0,99.7,6.7,6.9,2.91,-1.09,99943.0,0.0,1.8,3_coin,,,1.0
BTCUSD,coin,,,,,ftmo_p1,30,1.5,ladder_balance,IS,,390,3.6,0.0,0.0,1.3,95.1,19.4,29.7,7.35,-1.48,97793.0,1.3,7.4,3_coin,,,1.0
BTCUSD,coin,,,,,ftmo_p1,30,1.5,ladder_balance,OOS,,395,9.6,0.0,0.0,2.3,88.1,23.6,28.3,6.38,-1.44,99927.0,2.3,7.9,3_coin,,,1.0
BTCUSD,coin,,,,,ftmo_1step,7,1.5,ladder_balance,IS,,390,0.5,0.0,0.0,0.0,99.5,6.1,7.0,3.06,-1.16,99631.0,0.0,1.8,3_coin,,,2.0
BTCUSD,coin,,,,,ftmo_1step,7,1.5,ladder_balance,OOS,,395,0.3,0.0,0.0,0.0,99.7,6.5,6.9,2.96,-1.24,100380.0,0.0,2.0,3_coin,,,2.0
BTCUSD,coin,,,,,ftmo_1step,30,1.5,ladder_balance,IS,,390,2.3,0.0,0.0,13.3,84.4,9.6,29.1,7.2,-1.53,98184.0,13.3,7.5,3_coin,,,2.0
BTCUSD,coin,,,,,ftmo_1step,30,1.5,ladder_balance,OOS,,395,8.4,0.0,0.0,1.5,90.1,23.6,28.5,5.93,-1.57,101477.0,1.5,7.2,3_coin,,,2.0
BTCUSD,coin,,,,,fundingpips_1step,7,1.5,ladder_balance,IS,,390,0.5,0.0,0.0,0.0,99.5,6.1,7.0,3.06,-1.16,99631.0,0.0,2.0,3_coin,,,2.0
BTCUSD,coin,,,,,fundingpips_1step,7,1.5,ladder_balance,OOS,,395,0.3,0.0,0.0,0.0,99.7,6.5,6.9,2.96,-1.24,100380.0,0.0,1.9,3_coin,,,2.0
BTCUSD,coin,,,,,fundingpips_1step,30,1.5,ladder_balance,IS,,390,2.3,0.0,0.0,34.4,63.3,9.6,26.7,6.72,-1.49,98266.0,34.4,6.7,3_coin,,,2.0
BTCUSD,coin,,,,,fundingpips_1step,30,1.5,ladder_balance,OOS,,395,8.4,0.0,0.0,6.3,85.3,23.6,28.0,5.88,-1.56,101391.0,6.3,7.3,3_coin,,,2.0
BTCUSD,coin,,,,,e8_one_8,7,1.5,ladder_balance,IS,,390,0.3,0.0,0.0,0.0,99.7,5.6,7.0,3.06,-1.16,99631.0,0.0,1.7,3_coin,,,2.0
BTCUSD,coin,,,,,e8_one_8,7,1.5,ladder_balance,OOS,,395,0.0,0.0,0.0,0.0,100.0,,6.9,2.96,-1.24,100380.0,0.0,1.8,3_coin,,,2.0
BTCUSD,coin,,,,,e8_one_8,30,1.5,ladder_balance,IS,,390,1.3,0.0,0.0,37.2,61.5,14.5,27.4,6.74,-1.52,98375.0,37.2,6.9,3_coin,,,2.0
BTCUSD,coin,,,,,e8_one_8,30,1.5,ladder_balance,OOS,,395,4.6,0.0,0.0,8.4,87.1,24.5,28.5,5.91,-1.57,101428.0,8.4,7.1,3_coin,,,2.0
BTCUSD,coin,,,,,e8_one_14,7,1.5,ladder_balance,IS,,390,0.0,0.0,0.0,0.0,100.0,,7.0,3.06,-1.16,99626.0,0.0,2.0,3_coin,,,2.0
BTCUSD,coin,,,,,e8_one_14,7,1.5,ladder_balance,OOS,,395,0.0,0.0,0.0,0.0,100.0,,6.9,2.96,-1.24,100380.0,0.0,1.8,3_coin,,,2.0
BTCUSD,coin,,,,,e8_one_14,30,1.5,ladder_balance,IS,,390,0.0,0.0,0.0,0.0,100.0,,30.0,7.38,-1.54,98155.0,0.0,7.8,3_coin,,,2.0
BTCUSD,coin,,,,,e8_one_14,30,1.5,ladder_balance,OOS,,395,0.0,0.0,0.0,0.0,100.0,,29.2,6.01,-1.58,101347.0,0.0,7.6,3_coin,,,2.0
BTCUSD,coin,,,,,the5ers_hyper,7,1.5,ladder_balance,IS,,390,0.5,0.0,0.0,0.0,99.5,6.1,7.0,3.06,-1.16,99631.0,0.0,2.0,3_coin,,,2.0
BTCUSD,coin,,,,,the5ers_hyper,7,1.5,ladder_balance,OOS,,395,0.3,0.0,0.0,0.0,99.7,6.5,6.9,2.96,-1.24,100380.0,0.0,1.9,3_coin,,,2.0
BTCUSD,coin,,,,,the5ers_hyper,30,1.5,ladder_balance,IS,,390,2.3,0.0,0.0,34.4,63.3,9.6,26.7,6.72,-1.49,98266.0,34.4,6.4,3_coin,,,2.0
BTCUSD,coin,,,,,the5ers_hyper,30,1.5,ladder_balance,OOS,,395,8.4,0.0,0.0,6.3,85.3,23.6,28.0,5.88,-1.56,101391.0,6.3,6.7,3_coin,,,2.0
BTCUSD,coin,,,,,ftmo_p1,7,1.5,ladder_balance,IS,,390,0.5,0.0,0.0,0.0,99.5,6.1,7.0,2.97,-1.12,99621.0,0.0,1.8,3_coin,,,2.0
BTCUSD,coin,,,,,ftmo_p1,7,1.5,ladder_balance,OOS,,395,0.0,0.0,0.0,0.0,100.0,,6.9,2.76,-1.11,100297.0,0.0,1.8,3_coin,,,2.0
BTCUSD,coin,,,,,ftmo_p1,30,1.5,ladder_balance,IS,,390,1.8,0.0,0.0,2.1,96.2,8.6,29.7,7.12,-1.51,98058.0,2.1,7.0,3_coin,,,2.0
BTCUSD,coin,,,,,ftmo_p1,30,1.5,ladder_balance,OOS,,395,6.3,0.0,0.0,0.0,93.7,24.6,28.7,5.49,-1.48,101148.0,0.0,6.9,3_coin,,,2.0
BTCUSD,coin,,,,,ftmo_1step,7,1.5,ladder_balance,IS,,390,0.5,0.0,0.0,0.0,99.5,6.1,7.0,3.07,-1.18,99498.0,0.0,2.2,3_coin,,,3.0
BTCUSD,coin,,,,,ftmo_1step,7,1.5,ladder_balance,OOS,,395,2.0,0.0,0.0,0.0,98.0,5.3,6.9,2.94,-1.18,100089.0,0.0,2.2,3_coin,,,3.0
BTCUSD,coin,,,,,ftmo_1step,30,1.5,ladder_balance,IS,,390,1.3,0.0,0.0,9.7,89.0,7.6,29.5,7.14,-1.54,97575.0,9.7,8.4,3_coin,,,3.0
BTCUSD,coin,,,,,ftmo_1step,30,1.5,ladder_balance,OOS,,395,13.9,0.0,0.0,1.8,84.3,14.7,27.2,6.03,-1.51,100339.0,1.8,7.7,3_coin,,,3.0
BTCUSD,coin,,,,,fundingpips_1step,7,1.5,ladder_balance,IS,,390,0.5,0.0,0.0,0.0,99.5,6.1,7.0,3.07,-1.18,99498.0,0.0,1.9,3_coin,,,3.0
BTCUSD,coin,,,,,fundingpips_1step,7,1.5,ladder_balance,OOS,,395,2.0,0.0,0.0,0.0,98.0,5.3,6.9,2.94,-1.18,100089.0,0.0,1.9,3_coin,,,3.0
BTCUSD,coin,,,,,fundingpips_1step,30,1.5,ladder_balance,IS,,390,1.3,0.0,0.0,34.4,64.4,7.6,27.2,6.67,-1.5,97666.0,34.4,6.8,3_coin,,,3.0
BTCUSD,coin,,,,,fundingpips_1step,30,1.5,ladder_balance,OOS,,395,13.9,0.0,0.0,12.4,73.7,14.7,26.6,5.97,-1.5,100153.0,12.4,6.4,3_coin,,,3.0
BTCUSD,coin,,,,,e8_one_8,7,1.5,ladder_balance,IS,,390,0.3,0.0,0.0,0.0,99.7,5.6,7.0,3.07,-1.18,99498.0,0.0,1.8,3_coin,,,3.0
BTCUSD,coin,,,,,e8_one_8,7,1.5,ladder_balance,OOS,,395,1.0,0.0,0.0,0.0,99.0,5.7,6.9,2.95,-1.18,100086.0,0.0,1.8,3_coin,,,3.0
BTCUSD,coin,,,,,e8_one_8,30,1.5,ladder_balance,IS,,390,0.3,0.0,0.0,37.4,62.3,5.6,27.9,6.77,-1.53,97710.0,37.4,6.6,3_coin,,,3.0
BTCUSD,coin,,,,,e8_one_8,30,1.5,ladder_balance,OOS,,395,9.9,0.0,0.0,17.0,73.2,17.5,26.9,6.07,-1.52,100125.0,17.0,6.6,3_coin,,,3.0
BTCUSD,coin,,,,,e8_one_14,7,1.5,ladder_balance,IS,,390,0.0,0.0,0.0,0.0,100.0,,7.0,3.07,-1.19,99493.0,0.0,1.8,3_coin,,,3.0
BTCUSD,coin,,,,,e8_one_14,7,1.5,ladder_balance,OOS,,395,0.0,0.0,0.0,0.0,100.0,,6.9,2.96,-1.19,100072.0,0.0,1.9,3_coin,,,3.0
BTCUSD,coin,,,,,e8_one_14,30,1.5,ladder_balance,IS,,390,0.0,0.0,0.0,0.0,100.0,,30.0,7.29,-1.55,97459.0,0.0,7.8,3_coin,,,3.0
BTCUSD,coin,,,,,e8_one_14,30,1.5,ladder_balance,OOS,,395,0.3,0.0,0.0,0.0,99.7,25.5,29.2,6.46,-1.55,100298.0,0.0,7.7,3_coin,,,3.0
BTCUSD,coin,,,,,the5ers_hyper,7,1.5,ladder_balance,IS,,390,0.5,0.0,0.0,0.0,99.5,6.1,7.0,3.07,-1.18,99498.0,0.0,1.9,3_coin,,,3.0
BTCUSD,coin,,,,,the5ers_hyper,7,1.5,ladder_balance,OOS,,395,2.0,0.0,0.0,0.0,98.0,5.3,6.9,2.94,-1.18,100089.0,0.0,2.0,3_coin,,,3.0
BTCUSD,coin,,,,,the5ers_hyper,30,1.5,ladder_balance,IS,,390,1.3,0.0,0.0,34.4,64.4,7.6,27.2,6.67,-1.5,97666.0,34.4,6.8,3_coin,,,3.0
BTCUSD,coin,,,,,the5ers_hyper,30,1.5,ladder_balance,OOS,,395,13.9,0.0,0.0,12.4,73.7,14.7,26.6,5.97,-1.5,100153.0,12.4,6.4,3_coin,,,3.0
BTCUSD,coin,,,,,ftmo_p1,7,1.5,ladder_balance,IS,,390,0.0,0.0,0.0,0.0,100.0,,7.0,2.97,-1.11,99508.0,0.0,1.8,3_coin,,,3.0
BTCUSD,coin,,,,,ftmo_p1,7,1.5,ladder_balance,OOS,,395,0.5,0.0,0.0,0.0,99.5,5.6,6.9,2.82,-1.11,100014.0,0.0,1.7,3_coin,,,3.0
BTCUSD,coin,,,,,ftmo_p1,30,1.5,ladder_balance,IS,,390,0.0,0.0,0.0,0.0,100.0,,30.0,7.03,-1.46,97517.0,0.0,7.5,3_coin,,,3.0
BTCUSD,coin,,,,,ftmo_p1,30,1.5,ladder_balance,OOS,,395,10.4,0.0,0.0,0.0,89.6,16.5,27.9,5.81,-1.45,100120.0,0.0,6.9,3_coin,,,3.0
BTCUSD,coin,,,,,ftmo_1step,7,1.5,ladder_balance,IS,,390,1.0,0.0,0.0,0.0,99.0,5.5,7.0,3.18,-1.2,99698.0,0.0,1.8,3_coin,,,4.0
BTCUSD,coin,,,,,ftmo_1step,7,1.5,ladder_balance,OOS,,395,1.8,0.0,0.0,0.0,98.2,4.7,6.9,3.07,-1.14,99973.0,0.0,1.8,3_coin,,,4.0
BTCUSD,coin,,,,,ftmo_1step,30,1.5,ladder_balance,IS,,390,6.4,0.0,0.0,11.5,82.1,15.5,28.7,7.15,-1.53,98346.0,11.5,7.2,3_coin,,,4.0
BTCUSD,coin,,,,,ftmo_1step,30,1.5,ladder_balance,OOS,,395,14.2,0.0,0.0,11.6,74.2,17.7,26.9,6.78,-1.49,99888.0,11.6,6.8,3_coin,,,4.0
BTCUSD,coin,,,,,fundingpips_1step,7,1.5,ladder_balance,IS,,390,1.0,0.0,0.0,0.0,99.0,5.5,7.0,3.18,-1.2,99698.0,0.0,1.8,3_coin,,,4.0
BTCUSD,coin,,,,,fundingpips_1step,7,1.5,ladder_balance,OOS,,395,1.8,0.0,0.0,0.0,98.2,4.7,6.9,3.07,-1.14,99973.0,0.0,1.8,3_coin,,,4.0
BTCUSD,coin,,,,,fundingpips_1step,30,1.5,ladder_balance,IS,,390,6.4,0.0,0.0,32.1,61.5,15.5,26.5,6.59,-1.5,98759.0,32.1,6.9,3_coin,,,4.0
BTCUSD,coin,,,,,fundingpips_1step,30,1.5,ladder_balance,OOS,,395,14.2,0.0,0.0,30.1,55.7,17.7,24.8,6.32,-1.45,100014.0,30.1,6.3,3_coin,,,4.0
BTCUSD,coin,,,,,e8_one_8,7,1.5,ladder_balance,IS,,390,0.3,0.0,0.0,0.0,99.7,6.5,7.0,3.19,-1.21,99696.0,0.0,1.8,3_coin,,,4.0
BTCUSD,coin,,,,,e8_one_8,7,1.5,ladder_balance,OOS,,395,0.8,0.0,0.0,0.0,99.2,5.5,6.9,3.08,-1.14,99980.0,0.0,1.8,3_coin,,,4.0
BTCUSD,coin,,,,,e8_one_8,30,1.5,ladder_balance,IS,,390,3.3,0.0,0.0,35.1,61.5,15.5,27.5,6.76,-1.54,98633.0,35.1,6.5,3_coin,,,4.0
BTCUSD,coin,,,,,e8_one_8,30,1.5,ladder_balance,OOS,,395,10.9,0.0,0.0,30.4,58.7,17.6,26.2,6.47,-1.49,100110.0,30.4,6.4,3_coin,,,4.0
BTCUSD,coin,,,,,e8_one_14,7,1.5,ladder_balance,IS,,390,0.0,0.0,0.0,0.0,100.0,,7.0,3.19,-1.21,99696.0,0.0,1.8,3_coin,,,4.0
BTCUSD,coin,,,,,e8_one_14,7,1.5,ladder_balance,OOS,,395,0.0,0.0,0.0,0.0,100.0,,6.9,3.08,-1.15,99984.0,0.0,1.4,3_coin,,,4.0
BTCUSD,coin,,,,,e8_one_14,30,1.5,ladder_balance,IS,,390,0.0,0.0,0.0,0.0,100.0,,30.0,7.38,-1.56,98282.0,0.0,7.7,3_coin,,,4.0
BTCUSD,coin,,,,,e8_one_14,30,1.5,ladder_balance,OOS,,395,1.3,0.0,0.0,0.0,98.7,27.6,29.1,7.09,-1.55,100139.0,0.0,7.9,3_coin,,,4.0
BTCUSD,coin,,,,,the5ers_hyper,7,1.5,ladder_balance,IS,,390,1.0,0.0,0.0,0.0,99.0,5.5,7.0,3.18,-1.2,99698.0,0.0,2.1,3_coin,,,4.0
BTCUSD,coin,,,,,the5ers_hyper,7,1.5,ladder_balance,OOS,,395,1.8,0.0,0.0,0.0,98.2,4.7,6.9,3.07,-1.14,99973.0,0.0,2.0,3_coin,,,4.0
BTCUSD,coin,,,,,the5ers_hyper,30,1.5,ladder_balance,IS,,390,6.4,0.0,0.0,32.1,61.5,15.5,26.5,6.59,-1.5,98759.0,32.1,7.0,3_coin,,,4.0
BTCUSD,coin,,,,,the5ers_hyper,30,1.5,ladder_balance,OOS,,395,14.2,0.0,0.0,30.1,55.7,17.7,24.8,6.32,-1.45,100014.0,30.1,6.7,3_coin,,,4.0
BTCUSD,coin,,,,,ftmo_p1,7,1.5,ladder_balance,IS,,390,0.3,0.0,0.0,0.0,99.7,6.5,7.0,3.06,-1.13,99700.0,0.0,2.0,3_coin,,,4.0
BTCUSD,coin,,,,,ftmo_p1,7,1.5,ladder_balance,OOS,,395,1.3,0.0,0.0,0.0,98.7,5.6,6.9,2.87,-1.0,99990.0,0.0,1.9,3_coin,,,4.0
BTCUSD,coin,,,,,ftmo_p1,30,1.5,ladder_balance,IS,,390,6.2,0.0,0.0,1.5,92.3,21.7,29.4,7.01,-1.47,98446.0,1.5,7.8,3_coin,,,4.0
BTCUSD,coin,,,,,ftmo_p1,30,1.5,ladder_balance,OOS,,395,12.2,0.0,0.0,3.0,84.8,17.6,27.6,6.41,-1.31,99899.0,3.0,7.0,3_coin,,,4.0
XAUUSD,coin,,,,,ftmo_1step,7,2.8,fixed,IS,,1688,7.1,7.5,3.6,46.1,35.7,5.5,4.0,8.95,-2.83,98700.0,49.7,3.9,3_coin,,,1.0
XAUUSD,coin,,,,,ftmo_1step,7,2.8,fixed,OOS,,816,10.2,7.8,5.5,45.8,30.6,5.6,4.0,8.92,-2.83,99070.0,51.3,1.9,3_coin,,,1.0
XAUUSD,coin,,,,,ftmo_1step,30,2.8,fixed,IS,,1688,15.2,7.5,5.0,72.3,0.0,7.5,5.1,9.71,-2.84,98445.0,77.3,4.9,3_coin,,,1.0
XAUUSD,coin,,,,,ftmo_1step,30,2.8,fixed,OOS,,816,18.3,7.8,6.6,66.8,0.5,6.7,4.7,9.5,-2.84,98954.0,73.4,2.2,3_coin,,,1.0
XAUUSD,coin,,,,,fundingpips_1step,7,2.8,fixed,IS,,1688,15.7,0.0,3.3,49.2,31.8,3.6,3.8,8.54,-2.84,98837.0,52.5,3.5,3_coin,,,1.0
XAUUSD,coin,,,,,fundingpips_1step,7,2.8,fixed,OOS,,816,17.8,0.0,4.9,46.8,30.5,3.7,3.8,8.52,-2.83,99123.0,51.7,1.7,3_coin,,,1.0
XAUUSD,coin,,,,,fundingpips_1step,30,2.8,fixed,IS,,1688,26.6,0.0,5.5,66.7,1.2,5.8,5.4,9.74,-2.86,98544.0,72.2,5.0,3_coin,,,1.0
XAUUSD,coin,,,,,fundingpips_1step,30,2.8,fixed,OOS,,816,28.8,0.0,8.5,61.9,0.9,6.5,5.1,9.58,-2.85,99031.0,70.4,2.1,3_coin,,,1.0
XAUUSD,coin,,,,,e8_one_8,7,2.8,fixed,IS,,1688,7.1,0.0,0.0,72.1,20.8,4.6,3.6,8.25,-2.92,98579.0,72.1,3.5,3_coin,,,1.0
XAUUSD,coin,,,,,e8_one_8,7,2.8,fixed,OOS,,816,8.0,0.0,0.0,73.7,18.4,4.7,3.6,8.22,-2.9,98804.0,73.7,1.7,3_coin,,,1.0
XAUUSD,coin,,,,,e8_one_8,30,2.8,fixed,IS,,1688,9.9,0.0,0.0,90.1,0.0,5.6,4.1,8.59,-2.94,98226.0,90.1,3.8,3_coin,,,1.0
XAUUSD,coin,,,,,e8_one_8,30,2.8,fixed,OOS,,816,12.7,0.0,0.0,86.9,0.4,5.6,4.0,8.48,-2.9,98771.0,86.9,1.8,3_coin,,,1.0
XAUUSD,coin,,,,,e8_one_14,7,2.8,fixed,IS,,1688,0.8,0.0,0.0,19.8,79.3,6.0,4.8,10.33,-2.99,98680.0,19.8,5.0,3_coin,,,1.0
XAUUSD,coin,,,,,e8_one_14,7,2.8,fixed,OOS,,816,0.4,0.0,0.0,17.8,81.9,4.5,4.8,10.31,-2.99,99207.0,17.8,2.7,3_coin,,,1.0
XAUUSD,coin,,,,,e8_one_14,30,2.8,fixed,IS,,1688,9.4,0.0,0.0,84.1,6.5,14.6,10.1,13.97,-3.1,97068.0,84.1,10.0,3_coin,,,1.0
XAUUSD,coin,,,,,e8_one_14,30,2.8,fixed,OOS,,816,17.5,0.0,0.0,73.4,9.1,17.9,10.6,13.68,-3.07,100141.0,73.4,4.7,3_coin,,,1.0
XAUUSD,coin,,,,,the5ers_hyper,7,2.8,fixed,IS,,1688,15.7,0.0,3.3,49.2,31.8,4.2,3.8,8.54,-2.84,98837.0,52.5,3.7,3_coin,,,1.0
XAUUSD,coin,,,,,the5ers_hyper,7,2.8,fixed,OOS,,816,17.8,0.0,4.9,46.8,30.5,4.2,3.8,8.52,-2.83,99123.0,51.7,1.8,3_coin,,,1.0
XAUUSD,coin,,,,,the5ers_hyper,30,2.8,fixed,IS,,1688,26.6,0.0,5.5,66.7,1.2,5.8,5.4,9.74,-2.86,98544.0,72.2,5.0,3_coin,,,1.0
XAUUSD,coin,,,,,the5ers_hyper,30,2.8,fixed,OOS,,816,28.8,0.0,8.5,61.9,0.9,6.5,5.1,9.58,-2.85,99031.0,70.4,2.3,3_coin,,,1.0
XAUUSD,coin,,,,,ftmo_p1,7,2.8,fixed,IS,,1688,16.4,0.0,1.5,23.2,58.9,5.6,4.5,9.74,-2.88,98778.0,24.7,4.5,3_coin,,,1.0
XAUUSD,coin,,,,,ftmo_p1,7,2.8,fixed,OOS,,816,19.0,0.0,1.3,21.7,58.0,5.6,4.4,9.73,-2.88,99343.0,23.0,2.4,3_coin,,,1.0
XAUUSD,coin,,,,,ftmo_p1,30,2.8,fixed,IS,,1688,35.5,0.0,2.6,56.3,5.6,7.6,8.5,12.69,-2.94,98106.0,58.9,8.3,3_coin,,,1.0
XAUUSD,coin,,,,,ftmo_p1,30,2.8,fixed,OOS,,816,42.2,0.0,2.8,50.7,4.3,7.6,7.9,12.29,-2.96,99466.0,53.5,4.3,3_coin,,,1.0
XAUUSD,coin,,,,,ftmo_1step,7,2.8,fixed,IS,,1688,9.4,7.4,2.8,47.1,33.3,5.6,4.0,8.86,-2.83,98929.0,49.9,4.1,3_coin,,,2.0
XAUUSD,coin,,,,,ftmo_1step,7,2.8,fixed,OOS,,816,8.3,7.0,2.8,42.6,39.2,4.7,4.1,8.83,-2.82,99247.0,45.4,2.0,3_coin,,,2.0
XAUUSD,coin,,,,,ftmo_1step,30,2.8,fixed,IS,,1688,16.8,7.4,3.0,72.8,0.0,6.7,5.0,9.57,-2.84,98593.0,75.8,4.8,3_coin,,,2.0
XAUUSD,coin,,,,,ftmo_1step,30,2.8,fixed,OOS,,816,17.6,7.0,4.0,70.2,1.1,7.5,5.5,9.62,-2.83,98979.0,74.2,2.6,3_coin,,,2.0
XAUUSD,coin,,,,,fundingpips_1step,7,2.8,fixed,IS,,1688,17.1,0.0,2.5,49.6,30.7,3.7,3.8,8.46,-2.83,99056.0,52.1,3.8,3_coin,,,2.0
XAUUSD,coin,,,,,fundingpips_1step,7,2.8,fixed,OOS,,816,15.8,0.0,2.5,44.0,37.7,3.7,3.9,8.46,-2.82,99439.0,46.5,1.8,3_coin,,,2.0
XAUUSD,coin,,,,,fundingpips_1step,30,2.8,fixed,IS,,1688,28.3,0.0,2.8,68.1,0.8,6.5,5.4,9.7,-2.84,98715.0,70.9,5.1,3_coin,,,2.0
XAUUSD,coin,,,,,fundingpips_1step,30,2.8,fixed,OOS,,816,29.0,0.0,3.7,65.0,2.3,6.6,5.9,9.85,-2.83,99064.0,68.7,2.7,3_coin,,,2.0
XAUUSD,coin,,,,,e8_one_8,7,2.8,fixed,IS,,1688,7.5,0.0,0.0,72.3,20.2,4.5,3.6,8.14,-2.92,98764.0,72.3,3.4,3_coin,,,2.0
XAUUSD,coin,,,,,e8_one_8,7,2.8,fixed,OOS,,816,7.1,0.0,0.0,69.2,23.7,4.6,3.7,8.12,-2.89,99042.0,69.2,1.7,3_coin,,,2.0
XAUUSD,coin,,,,,e8_one_8,30,2.8,fixed,IS,,1688,11.3,0.0,0.0,88.7,0.0,5.7,4.1,8.45,-2.93,98614.0,88.7,3.8,3_coin,,,2.0
XAUUSD,coin,,,,,e8_one_8,30,2.8,fixed,OOS,,816,11.6,0.0,0.0,87.5,0.9,5.7,4.2,8.43,-2.89,98881.0,87.5,1.9,3_coin,,,2.0
XAUUSD,coin,,,,,e8_one_14,7,2.8,fixed,IS,,1688,0.7,0.0,0.0,19.0,80.4,5.5,4.9,10.3,-3.01,98892.0,19.0,4.7,3_coin,,,2.0
XAUUSD,coin,,,,,e8_one_14,7,2.8,fixed,OOS,,816,0.6,0.0,0.0,15.3,84.1,6.5,4.9,10.08,-2.96,99471.0,15.3,2.4,3_coin,,,2.0
XAUUSD,coin,,,,,e8_one_14,30,2.8,fixed,IS,,1688,10.4,0.0,0.0,82.9,6.6,15.6,10.4,14.01,-3.09,97635.0,82.9,9.7,3_coin,,,2.0
XAUUSD,coin,,,,,e8_one_14,30,2.8,fixed,OOS,,816,13.4,0.0,0.0,76.1,10.5,15.7,11.1,13.69,-3.05,98971.0,76.1,5.1,3_coin,,,2.0
XAUUSD,coin,,,,,the5ers_hyper,7,2.8,fixed,IS,,1688,17.1,0.0,2.5,49.6,30.7,4.2,3.8,8.46,-2.83,99056.0,52.1,3.6,3_coin,,,2.0
XAUUSD,coin,,,,,the5ers_hyper,7,2.8,fixed,OOS,,816,15.8,0.0,2.5,44.0,37.7,4.2,3.9,8.46,-2.82,99439.0,46.5,1.8,3_coin,,,2.0
XAUUSD,coin,,,,,the5ers_hyper,30,2.8,fixed,IS,,1688,28.3,0.0,2.8,68.1,0.8,6.5,5.4,9.7,-2.84,98715.0,70.9,5.0,3_coin,,,2.0
XAUUSD,coin,,,,,the5ers_hyper,30,2.8,fixed,OOS,,816,29.0,0.0,3.7,65.0,2.3,6.6,5.9,9.85,-2.83,99064.0,68.7,2.9,3_coin,,,2.0
XAUUSD,coin,,,,,ftmo_p1,7,2.8,fixed,IS,,1688,17.7,0.0,1.6,23.5,57.3,5.6,4.4,9.63,-2.87,99002.0,25.1,4.9,3_coin,,,2.0
XAUUSD,coin,,,,,ftmo_p1,7,2.8,fixed,OOS,,816,16.3,0.0,0.9,20.0,62.9,5.6,4.5,9.56,-2.85,99516.0,20.9,2.5,3_coin,,,2.0
XAUUSD,coin,,,,,ftmo_p1,30,2.8,fixed,IS,,1688,36.4,0.0,2.5,57.2,3.9,7.5,8.1,12.61,-2.91,98076.0,59.7,7.5,3_coin,,,2.0
XAUUSD,coin,,,,,ftmo_p1,30,2.8,fixed,OOS,,816,37.4,0.0,2.1,51.6,8.9,8.5,9.3,12.71,-2.9,98820.0,53.7,4.2,3_coin,,,2.0
BTCUSD,coin,,,,,ftmo_1step,7,1.5,ladder_balance,IS,,390,0.0,0.0,0.0,0.0,100.0,,7.0,2.98,-1.2,99418.0,0.0,1.9,3_coin,,,5.0
BTCUSD,coin,,,,,ftmo_1step,7,1.5,ladder_balance,OOS,,395,1.3,0.0,0.0,0.0,98.7,6.5,6.9,3.08,-1.21,100114.0,0.0,1.9,3_coin,,,5.0
BTCUSD,coin,,,,,ftmo_1step,30,1.5,ladder_balance,IS,,390,1.5,0.0,0.0,4.9,93.6,15.1,29.7,7.06,-1.54,97596.0,4.9,7.6,3_coin,,,5.0
BTCUSD,coin,,,,,ftmo_1step,30,1.5,ladder_balance,OOS,,395,13.7,0.0,0.0,6.6,79.7,16.7,27.2,6.41,-1.52,100959.0,6.6,6.9,3_coin,,,5.0
BTCUSD,coin,,,,,fundingpips_1step,7,1.5,ladder_balance,IS,,390,0.0,0.0,0.0,0.0,100.0,,7.0,2.98,-1.2,99418.0,0.0,1.8,3_coin,,,5.0
BTCUSD,coin,,,,,fundingpips_1step,7,1.5,ladder_balance,OOS,,395,1.3,0.0,0.0,0.0,98.7,6.5,6.9,3.08,-1.21,100114.0,0.0,1.8,3_coin,,,5.0
BTCUSD,coin,,,,,fundingpips_1step,30,1.5,ladder_balance,IS,,390,1.5,0.0,0.0,33.3,65.1,15.1,27.7,6.65,-1.51,97561.0,33.3,6.9,3_coin,,,5.0
BTCUSD,coin,,,,,fundingpips_1step,30,1.5,ladder_balance,OOS,,395,13.7,0.0,0.0,21.8,64.6,16.7,25.7,6.08,-1.49,100897.0,21.8,6.3,3_coin,,,5.0
BTCUSD,coin,,,,,e8_one_8,7,1.5,ladder_balance,IS,,390,0.0,0.0,0.0,0.0,100.0,,7.0,2.98,-1.2,99418.0,0.0,1.7,3_coin,,,5.0
BTCUSD,coin,,,,,e8_one_8,7,1.5,ladder_balance,OOS,,395,0.3,0.0,0.0,0.0,99.7,6.7,6.9,3.08,-1.21,100105.0,0.0,1.7,3_coin,,,5.0
BTCUSD,coin,,,,,e8_one_8,30,1.5,ladder_balance,IS,,390,1.3,0.0,0.0,29.2,69.5,25.6,28.6,6.77,-1.54,97627.0,29.2,7.4,3_coin,,,5.0
BTCUSD,coin,,,,,e8_one_8,30,1.5,ladder_balance,OOS,,395,8.1,0.0,0.0,24.6,67.3,24.6,27.1,6.23,-1.52,100772.0,24.6,6.8,3_coin,,,5.0
BTCUSD,coin,,,,,e8_one_14,7,1.5,ladder_balance,IS,,390,0.0,0.0,0.0,0.0,100.0,,7.0,2.98,-1.2,99418.0,0.0,2.0,3_coin,,,5.0
BTCUSD,coin,,,,,e8_one_14,7,1.5,ladder_balance,OOS,,395,0.0,0.0,0.0,0.0,100.0,,6.9,3.08,-1.21,100105.0,0.0,2.0,3_coin,,,5.0
BTCUSD,coin,,,,,e8_one_14,30,1.5,ladder_balance,IS,,390,0.0,0.0,0.0,0.0,100.0,,30.0,7.08,-1.55,97615.0,0.0,8.2,3_coin,,,5.0
BTCUSD,coin,,,,,e8_one_14,30,1.5,ladder_balance,OOS,,395,0.0,0.0,0.0,0.0,100.0,,29.2,6.71,-1.55,100618.0,0.0,7.7,3_coin,,,5.0
BTCUSD,coin,,,,,the5ers_hyper,7,1.5,ladder_balance,IS,,390,0.0,0.0,0.0,0.0,100.0,,7.0,2.98,-1.2,99418.0,0.0,2.0,3_coin,,,5.0
BTCUSD,coin,,,,,the5ers_hyper,7,1.5,ladder_balance,OOS,,395,1.3,0.0,0.0,0.0,98.7,6.5,6.9,3.08,-1.21,100114.0,0.0,1.8,3_coin,,,5.0
BTCUSD,coin,,,,,the5ers_hyper,30,1.5,ladder_balance,IS,,390,1.5,0.0,0.0,33.3,65.1,15.1,27.7,6.65,-1.51,97561.0,33.3,6.6,3_coin,,,5.0
BTCUSD,coin,,,,,the5ers_hyper,30,1.5,ladder_balance,OOS,,395,13.7,0.0,0.0,21.8,64.6,16.7,25.7,6.08,-1.49,100897.0,21.8,6.5,3_coin,,,5.0
BTCUSD,coin,,,,,ftmo_p1,7,1.5,ladder_balance,IS,,390,0.0,0.0,0.0,0.0,100.0,,7.0,2.82,-1.09,99531.0,0.0,1.8,3_coin,,,5.0
BTCUSD,coin,,,,,ftmo_p1,7,1.5,ladder_balance,OOS,,395,0.8,0.0,0.0,0.0,99.2,6.6,6.9,2.89,-1.1,100114.0,0.0,1.8,3_coin,,,5.0
BTCUSD,coin,,,,,ftmo_p1,30,1.5,ladder_balance,IS,,390,1.5,0.0,0.0,0.0,98.5,15.1,29.8,6.63,-1.47,98055.0,0.0,7.8,3_coin,,,5.0
BTCUSD,coin,,,,,ftmo_p1,30,1.5,ladder_balance,OOS,,395,12.2,0.0,0.0,0.8,87.1,20.2,27.9,6.14,-1.44,100972.0,0.8,7.9,3_coin,,,5.0
XAUUSD,coin,,,,,ftmo_1step,7,2.8,fixed,IS,,1688,8.2,7.6,3.6,46.1,34.4,5.6,4.1,8.95,-2.82,98748.0,49.7,3.9,3_coin,,,3.0
XAUUSD,coin,,,,,ftmo_1step,7,2.8,fixed,OOS,,816,6.4,7.1,6.2,52.1,28.2,5.5,3.9,9.11,-2.85,97752.0,58.3,1.8,3_coin,,,3.0
XAUUSD,coin,,,,,ftmo_1step,30,2.8,fixed,IS,,1688,13.2,7.6,5.3,73.9,0.0,6.6,5.2,9.78,-2.84,98167.0,79.2,4.7,3_coin,,,3.0
XAUUSD,coin,,,,,ftmo_1step,30,2.8,fixed,OOS,,816,11.0,7.1,7.6,73.7,0.6,6.7,4.6,9.72,-2.86,97216.0,81.3,2.3,3_coin,,,3.0
XAUUSD,coin,,,,,fundingpips_1step,7,2.8,fixed,IS,,1688,16.1,0.0,3.3,51.6,29.0,3.6,3.8,8.42,-2.83,98698.0,54.9,3.5,3_coin,,,3.0
XAUUSD,coin,,,,,fundingpips_1step,7,2.8,fixed,OOS,,816,14.7,0.0,5.3,53.9,26.1,3.6,3.7,8.51,-2.85,98056.0,59.2,1.7,3_coin,,,3.0
XAUUSD,coin,,,,,fundingpips_1step,30,2.8,fixed,IS,,1688,25.2,0.0,4.9,69.1,0.8,5.7,5.2,9.74,-2.85,98230.0,74.0,4.9,3_coin,,,3.0
XAUUSD,coin,,,,,fundingpips_1step,30,2.8,fixed,OOS,,816,20.5,0.0,7.7,71.0,0.9,5.4,4.8,9.6,-2.87,97332.0,78.7,2.1,3_coin,,,3.0
XAUUSD,coin,,,,,e8_one_8,7,2.8,fixed,IS,,1688,7.5,0.0,0.0,72.6,19.9,5.5,3.6,8.18,-2.9,98511.0,72.6,3.4,3_coin,,,3.0
XAUUSD,coin,,,,,e8_one_8,7,2.8,fixed,OOS,,816,5.4,0.0,0.0,77.5,17.2,3.6,3.5,8.29,-2.95,97839.0,77.5,1.6,3_coin,,,3.0
XAUUSD,coin,,,,,e8_one_8,30,2.8,fixed,IS,,1688,10.4,0.0,0.0,89.6,0.0,5.6,4.1,8.49,-2.91,98235.0,89.6,3.6,3_coin,,,3.0
XAUUSD,coin,,,,,e8_one_8,30,2.8,fixed,OOS,,816,8.7,0.0,0.0,91.1,0.2,5.5,3.9,8.57,-2.95,97644.0,91.1,1.8,3_coin,,,3.0
XAUUSD,coin,,,,,e8_one_14,7,2.8,fixed,IS,,1688,0.6,0.0,0.0,19.3,80.1,5.0,4.9,10.36,-2.99,98542.0,19.3,4.0,3_coin,,,3.0
XAUUSD,coin,,,,,e8_one_14,7,2.8,fixed,OOS,,816,0.5,0.0,0.0,22.8,76.7,4.5,4.8,10.75,-3.03,97623.0,22.8,2.5,3_coin,,,3.0
XAUUSD,coin,,,,,e8_one_14,30,2.8,fixed,IS,,1688,6.6,0.0,0.0,89.3,4.0,13.6,10.0,14.35,-3.05,95952.0,89.3,9.4,3_coin,,,3.0
XAUUSD,coin,,,,,e8_one_14,30,2.8,fixed,OOS,,816,6.0,0.0,0.0,88.5,5.5,15.5,9.6,14.29,-3.17,94755.0,88.5,4.6,3_coin,,,3.0
XAUUSD,coin,,,,,the5ers_hyper,7,2.8,fixed,IS,,1688,16.1,0.0,3.3,51.6,29.0,4.2,3.8,8.42,-2.83,98698.0,54.9,4.0,3_coin,,,3.0
XAUUSD,coin,,,,,the5ers_hyper,7,2.8,fixed,OOS,,816,14.7,0.0,5.3,53.9,26.1,4.2,3.7,8.51,-2.85,98056.0,59.2,1.9,3_coin,,,3.0
XAUUSD,coin,,,,,the5ers_hyper,30,2.8,fixed,IS,,1688,25.2,0.0,4.9,69.1,0.8,5.7,5.2,9.74,-2.85,98230.0,74.0,5.1,3_coin,,,3.0
XAUUSD,coin,,,,,the5ers_hyper,30,2.8,fixed,OOS,,816,20.5,0.0,7.7,71.0,0.9,5.4,4.8,9.6,-2.87,97332.0,78.7,2.2,3_coin,,,3.0
XAUUSD,coin,,,,,ftmo_p1,7,2.8,fixed,IS,,1688,17.2,0.0,0.9,23.8,58.2,5.6,4.4,9.69,-2.86,98793.0,24.7,4.7,3_coin,,,3.0
XAUUSD,coin,,,,,ftmo_p1,7,2.8,fixed,OOS,,816,15.4,0.0,2.3,29.3,52.9,5.6,4.4,9.97,-2.91,98008.0,31.6,2.4,3_coin,,,3.0
XAUUSD,coin,,,,,ftmo_p1,30,2.8,fixed,IS,,1688,34.8,0.0,1.6,59.1,4.4,7.4,8.3,12.87,-2.91,97723.0,60.7,8.4,3_coin,,,3.0
XAUUSD,coin,,,,,ftmo_p1,30,2.8,fixed,OOS,,816,26.2,0.0,5.4,63.4,5.0,6.5,7.8,12.93,-3.03,95932.0,68.8,3.8,3_coin,,,3.0
XAUUSD,coin,,,,,ftmo_1step,7,2.8,fixed,IS,,1688,8.1,7.5,3.3,45.4,35.7,5.5,4.1,8.88,-2.84,98679.0,48.7,4.5,3_coin,,,4.0
XAUUSD,coin,,,,,ftmo_1step,7,2.8,fixed,OOS,,816,6.1,6.4,4.3,48.9,34.3,5.6,4.1,9.12,-2.84,98125.0,53.2,2.0,3_coin,,,4.0
XAUUSD,coin,,,,,ftmo_1step,30,2.8,fixed,IS,,1688,14.2,7.6,4.4,73.8,0.0,6.6,5.1,9.69,-2.85,98019.0,78.2,5.1,3_coin,,,4.0
XAUUSD,coin,,,,,ftmo_1step,30,2.8,fixed,OOS,,816,9.7,6.5,5.0,77.8,1.0,6.5,5.2,9.89,-2.85,97308.0,82.8,2.9,3_coin,,,4.0
XAUUSD,coin,,,,,fundingpips_1step,7,2.8,fixed,IS,,1688,15.9,0.0,3.3,50.1,30.7,3.6,3.8,8.4,-2.84,98790.0,53.4,3.9,3_coin,,,4.0
XAUUSD,coin,,,,,fundingpips_1step,7,2.8,fixed,OOS,,816,13.5,0.0,3.7,49.0,33.8,3.7,3.8,8.65,-2.85,98326.0,52.7,1.9,3_coin,,,4.0
XAUUSD,coin,,,,,fundingpips_1step,30,2.8,fixed,IS,,1688,25.2,0.0,4.9,69.5,0.4,5.6,5.2,9.66,-2.85,98204.0,74.4,5.4,3_coin,,,4.0
XAUUSD,coin,,,,,fundingpips_1step,30,2.8,fixed,OOS,,816,19.9,0.0,5.3,73.2,1.7,5.6,5.5,10.13,-2.86,97284.0,78.5,2.7,3_coin,,,4.0
XAUUSD,coin,,,,,e8_one_8,7,2.8,fixed,IS,,1688,7.6,0.0,0.0,71.3,21.1,4.6,3.6,8.12,-2.92,98589.0,71.3,3.9,3_coin,,,4.0
XAUUSD,coin,,,,,e8_one_8,7,2.8,fixed,OOS,,816,5.1,0.0,0.0,74.9,20.0,4.7,3.6,8.28,-2.89,98146.0,74.9,1.7,3_coin,,,4.0
XAUUSD,coin,,,,,e8_one_8,30,2.8,fixed,IS,,1688,11.1,0.0,0.0,88.9,0.0,5.6,4.1,8.46,-2.93,98317.0,88.9,4.2,3_coin,,,4.0
XAUUSD,coin,,,,,e8_one_8,30,2.8,fixed,OOS,,816,7.2,0.0,0.0,92.6,0.1,5.6,4.1,8.62,-2.9,97758.0,92.6,2.0,3_coin,,,4.0
XAUUSD,coin,,,,,e8_one_14,7,2.8,fixed,IS,,1688,0.7,0.0,0.0,18.1,81.2,5.6,4.9,10.22,-3.01,98704.0,18.1,5.0,3_coin,,,4.0
XAUUSD,coin,,,,,e8_one_14,7,2.8,fixed,OOS,,816,0.1,0.0,0.0,19.1,80.8,3.5,4.9,10.46,-2.97,98327.0,19.1,2.4,3_coin,,,4.0
XAUUSD,coin,,,,,e8_one_14,30,2.8,fixed,IS,,1688,10.4,0.0,0.0,85.0,4.7,14.9,10.2,14.08,-3.11,96636.0,85.0,10.0,3_coin,,,4.0
XAUUSD,coin,,,,,e8_one_14,30,2.8,fixed,OOS,,816,4.4,0.0,0.0,89.7,5.9,13.1,10.1,14.22,-3.0,95146.0,89.7,4.5,3_coin,,,4.0
XAUUSD,coin,,,,,the5ers_hyper,7,2.8,fixed,IS,,1688,15.9,0.0,3.3,50.1,30.7,4.2,3.8,8.4,-2.84,98790.0,53.4,4.0,3_coin,,,4.0
XAUUSD,coin,,,,,the5ers_hyper,7,2.8,fixed,OOS,,816,13.5,0.0,3.7,49.0,33.8,4.2,3.8,8.65,-2.85,98326.0,52.7,1.8,3_coin,,,4.0
XAUUSD,coin,,,,,the5ers_hyper,30,2.8,fixed,IS,,1688,25.2,0.0,4.9,69.5,0.4,5.6,5.2,9.66,-2.85,98204.0,74.4,4.9,3_coin,,,4.0
XAUUSD,coin,,,,,the5ers_hyper,30,2.8,fixed,OOS,,816,19.9,0.0,5.3,73.2,1.7,5.6,5.5,10.13,-2.86,97284.0,78.5,2.7,3_coin,,,4.0
XAUUSD,coin,,,,,ftmo_p1,7,2.8,fixed,IS,,1688,16.5,0.0,1.5,23.5,58.4,5.6,4.5,9.6,-2.89,98749.0,25.0,4.4,3_coin,,,4.0
XAUUSD,coin,,,,,ftmo_p1,7,2.8,fixed,OOS,,816,15.0,0.0,0.6,23.4,61.0,5.6,4.5,9.9,-2.89,98437.0,24.0,2.3,3_coin,,,4.0
XAUUSD,coin,,,,,ftmo_p1,30,2.8,fixed,IS,,1688,32.6,0.0,3.1,61.0,3.3,6.7,8.1,12.71,-2.95,97165.0,64.1,8.1,3_coin,,,4.0
XAUUSD,coin,,,,,ftmo_p1,30,2.8,fixed,OOS,,816,27.6,0.0,1.0,65.6,5.9,6.6,8.5,13.52,-2.93,96057.0,66.6,4.0,3_coin,,,4.0
XAUUSD,coin,,,,,ftmo_1step,7,2.8,fixed,IS,,1688,9.5,7.5,3.4,47.1,32.5,5.6,4.0,8.87,-2.83,98974.0,50.5,4.4,3_coin,,,5.0
XAUUSD,coin,,,,,ftmo_1step,7,2.8,fixed,OOS,,816,7.7,7.2,2.8,48.8,33.5,4.7,4.1,8.99,-2.83,98696.0,51.6,2.1,3_coin,,,5.0
XAUUSD,coin,,,,,ftmo_1step,30,2.8,fixed,IS,,1688,16.6,7.5,3.9,72.0,0.1,6.6,4.9,9.57,-2.84,98685.0,75.9,5.0,3_coin,,,5.0
XAUUSD,coin,,,,,ftmo_1step,30,2.8,fixed,OOS,,816,15.3,7.4,3.6,72.9,0.9,6.9,5.1,9.67,-2.84,98363.0,76.5,2.5,3_coin,,,5.0
XAUUSD,coin,,,,,fundingpips_1step,7,2.8,fixed,IS,,1688,17.3,0.0,3.0,50.2,29.4,3.6,3.8,8.5,-2.83,98967.0,53.2,4.0,3_coin,,,5.0
XAUUSD,coin,,,,,fundingpips_1step,7,2.8,fixed,OOS,,816,16.1,0.0,2.8,47.8,33.3,3.6,3.8,8.52,-2.83,98990.0,50.6,2.0,3_coin,,,5.0
XAUUSD,coin,,,,,fundingpips_1step,30,2.8,fixed,IS,,1688,27.3,0.0,4.1,68.1,0.4,5.7,5.1,9.7,-2.84,98595.0,72.2,5.3,3_coin,,,5.0
XAUUSD,coin,,,,,fundingpips_1step,30,2.8,fixed,OOS,,816,28.3,0.0,3.2,66.4,2.1,6.5,5.5,9.8,-2.84,98828.0,69.6,2.7,3_coin,,,5.0
XAUUSD,coin,,,,,e8_one_8,7,2.8,fixed,IS,,1688,7.7,0.0,0.0,71.8,20.5,4.6,3.6,8.13,-2.91,98853.0,71.8,3.8,3_coin,,,5.0
XAUUSD,coin,,,,,e8_one_8,7,2.8,fixed,OOS,,816,6.9,0.0,0.0,73.4,19.7,4.6,3.6,8.2,-2.92,98526.0,73.4,1.7,3_coin,,,5.0
XAUUSD,coin,,,,,e8_one_8,30,2.8,fixed,IS,,1688,12.3,0.0,0.0,87.7,0.0,5.8,4.1,8.45,-2.93,98801.0,87.7,4.4,3_coin,,,5.0
XAUUSD,coin,,,,,e8_one_8,30,2.8,fixed,OOS,,816,10.7,0.0,0.0,89.1,0.2,5.5,4.1,8.51,-2.92,98338.0,89.1,2.0,3_coin,,,5.0
XAUUSD,coin,,,,,e8_one_14,7,2.8,fixed,IS,,1688,0.8,0.0,0.0,18.5,80.6,5.6,4.9,10.3,-2.98,98955.0,18.5,5.0,3_coin,,,5.0
XAUUSD,coin,,,,,e8_one_14,7,2.8,fixed,OOS,,816,0.4,0.0,0.0,19.6,80.0,5.5,4.9,10.39,-2.98,98720.0,19.6,2.2,3_coin,,,5.0
XAUUSD,coin,,,,,e8_one_14,30,2.8,fixed,IS,,1688,11.3,0.0,0.0,83.7,5.0,14.8,10.2,13.97,-3.06,97530.0,83.7,10.0,3_coin,,,5.0
XAUUSD,coin,,,,,e8_one_14,30,2.8,fixed,OOS,,816,7.4,0.0,0.0,86.0,6.6,14.6,10.3,14.13,-3.03,97064.0,86.0,5.0,3_coin,,,5.0
XAUUSD,coin,,,,,the5ers_hyper,7,2.8,fixed,IS,,1688,17.3,0.0,3.0,50.2,29.4,4.2,3.8,8.5,-2.83,98967.0,53.2,3.8,3_coin,,,5.0
XAUUSD,coin,,,,,the5ers_hyper,7,2.8,fixed,OOS,,816,16.1,0.0,2.8,47.8,33.3,4.2,3.8,8.52,-2.83,98990.0,50.6,1.7,3_coin,,,5.0
XAUUSD,coin,,,,,the5ers_hyper,30,2.8,fixed,IS,,1688,27.3,0.0,4.1,68.1,0.4,5.7,5.1,9.7,-2.84,98595.0,72.2,4.8,3_coin,,,5.0
XAUUSD,coin,,,,,the5ers_hyper,30,2.8,fixed,OOS,,816,28.3,0.0,3.2,66.4,2.1,6.5,5.5,9.8,-2.84,98828.0,69.6,2.7,3_coin,,,5.0
XAUUSD,coin,,,,,ftmo_p1,7,2.8,fixed,IS,,1688,18.0,0.0,0.7,23.8,57.6,5.6,4.4,9.71,-2.86,99008.0,24.5,4.8,3_coin,,,5.0
XAUUSD,coin,,,,,ftmo_p1,7,2.8,fixed,OOS,,816,17.0,0.0,1.5,25.0,56.5,5.6,4.4,9.77,-2.86,98915.0,26.5,2.2,3_coin,,,5.0
XAUUSD,coin,,,,,ftmo_p1,30,2.8,fixed,IS,,1688,36.7,0.0,2.0,58.2,3.1,7.5,7.9,12.68,-2.92,98070.0,60.2,7.9,3_coin,,,5.0
XAUUSD,coin,,,,,ftmo_p1,30,2.8,fixed,OOS,,816,38.7,0.0,2.3,52.8,6.1,7.9,8.3,12.68,-2.89,98802.0,55.1,3.9,3_coin,,,5.0
XAUUSD,coin,,,,,ftmo_1step,7,2.0,ladder,IS,,1688,0.5,0.0,0.0,0.0,99.5,6.6,4.9,2.66,-1.07,99753.0,0.0,5.6,3_coin,,,1.0
XAUUSD,coin,,,,,ftmo_1step,7,2.0,ladder,OOS,,816,0.2,0.0,0.0,0.0,99.8,5.6,4.9,2.64,-1.08,99793.0,0.0,2.7,3_coin,,,1.0
XAUUSD,coin,,,,,ftmo_1step,30,2.0,ladder,IS,,1688,7.8,0.0,0.0,3.3,89.0,16.6,20.7,6.41,-1.66,99006.0,3.3,20.7,3_coin,,,1.0
XAUUSD,coin,,,,,ftmo_1step,30,2.0,ladder,OOS,,816,3.4,0.0,0.0,2.1,94.5,20.0,20.9,6.28,-1.67,99052.0,2.1,10.6,3_coin,,,1.0
XAUUSD,coin,,,,,fundingpips_1step,7,2.0,ladder,IS,,1688,0.5,0.0,0.0,0.0,99.5,6.6,4.9,2.66,-1.07,99753.0,0.0,5.3,3_coin,,,1.0
XAUUSD,coin,,,,,fundingpips_1step,7,2.0,ladder,OOS,,816,0.2,0.0,0.0,0.0,99.8,5.6,4.9,2.64,-1.08,99793.0,0.0,3.0,3_coin,,,1.0
XAUUSD,coin,,,,,fundingpips_1step,30,2.0,ladder,IS,,1688,7.6,0.0,0.0,18.8,73.6,16.4,20.0,6.18,-1.64,99064.0,18.8,20.0,3_coin,,,1.0
XAUUSD,coin,,,,,fundingpips_1step,30,2.0,ladder,OOS,,816,3.4,0.0,0.0,22.1,74.5,20.0,20.1,6.05,-1.64,99093.0,22.1,9.3,3_coin,,,1.0
XAUUSD,coin,,,,,e8_one_8,7,2.0,ladder,IS,,1688,0.4,0.0,0.0,0.0,99.6,6.5,4.9,2.66,-1.07,99753.0,0.0,5.1,3_coin,,,1.0
XAUUSD,coin,,,,,e8_one_8,7,2.0,ladder,OOS,,816,0.1,0.0,0.0,0.0,99.9,4.5,4.9,2.64,-1.08,99793.0,0.0,2.5,3_coin,,,1.0
XAUUSD,coin,,,,,e8_one_8,30,2.0,ladder,IS,,1688,3.9,0.0,0.0,17.8,78.4,15.8,20.6,6.32,-1.68,98945.0,17.8,19.7,3_coin,,,1.0
XAUUSD,coin,,,,,e8_one_8,30,2.0,ladder,OOS,,816,2.5,0.0,0.0,18.0,79.5,18.0,20.6,6.13,-1.66,99122.0,18.0,9.8,3_coin,,,1.0
XAUUSD,coin,,,,,e8_one_14,7,2.0,ladder,IS,,1688,0.0,0.0,0.0,0.0,100.0,,4.9,2.66,-1.07,99753.0,0.0,5.1,3_coin,,,1.0
XAUUSD,coin,,,,,e8_one_14,7,2.0,ladder,OOS,,816,0.0,0.0,0.0,0.0,100.0,,4.9,2.64,-1.08,99793.0,0.0,2.6,3_coin,,,1.0
XAUUSD,coin,,,,,e8_one_14,30,2.0,ladder,IS,,1688,0.2,0.0,0.0,0.0,99.8,11.1,21.5,6.6,-1.7,98851.0,0.0,21.3,3_coin,,,1.0
XAUUSD,coin,,,,,e8_one_14,30,2.0,ladder,OOS,,816,0.0,0.0,0.0,0.0,100.0,,21.2,6.32,-1.68,98999.0,0.0,10.0,3_coin,,,1.0
XAUUSD,coin,,,,,the5ers_hyper,7,2.0,ladder,IS,,1688,0.5,0.0,0.0,0.0,99.5,6.6,4.9,2.66,-1.07,99753.0,0.0,5.2,3_coin,,,1.0
XAUUSD,coin,,,,,the5ers_hyper,7,2.0,ladder,OOS,,816,0.2,0.0,0.0,0.0,99.8,5.6,4.9,2.64,-1.08,99793.0,0.0,2.3,3_coin,,,1.0
XAUUSD,coin,,,,,the5ers_hyper,30,2.0,ladder,IS,,1688,7.6,0.0,0.0,18.8,73.6,16.4,20.0,6.18,-1.64,99064.0,18.8,12.9,3_coin,,,1.0
XAUUSD,coin,,,,,the5ers_hyper,30,2.0,ladder,OOS,,816,3.4,0.0,0.0,22.1,74.5,20.0,20.1,6.05,-1.64,99093.0,22.1,6.3,3_coin,,,1.0
XAUUSD,coin,,,,,ftmo_p1,7,2.0,ladder,IS,,1688,0.5,0.0,0.0,0.0,99.5,6.6,4.9,2.66,-1.07,99753.0,0.0,3.4,3_coin,,,1.0
XAUUSD,coin,,,,,ftmo_p1,7,2.0,ladder,OOS,,816,0.2,0.0,0.0,0.0,99.8,6.1,4.9,2.64,-1.08,99793.0,0.0,1.7,3_coin,,,1.0
XAUUSD,coin,,,,,ftmo_p1,30,2.0,ladder,IS,,1688,7.8,0.0,0.0,0.8,91.4,16.6,20.8,6.44,-1.66,98988.0,0.8,13.6,3_coin,,,1.0
XAUUSD,coin,,,,,ftmo_p1,30,2.0,ladder,OOS,,816,3.4,0.0,0.0,0.1,96.4,20.0,21.0,6.28,-1.67,99051.0,0.1,6.5,3_coin,,,1.0
XAUUSD,coin,,,,,ftmo_1step,7,2.0,ladder,IS,,1688,0.3,0.0,0.1,0.0,99.6,6.7,5.0,2.66,-1.07,99765.0,0.1,5.1,3_coin,,,2.0
XAUUSD,coin,,,,,ftmo_1step,7,2.0,ladder,OOS,,816,0.5,0.0,0.0,0.2,99.3,6.6,4.9,2.64,-1.07,99791.0,0.2,2.5,3_coin,,,2.0
XAUUSD,coin,,,,,ftmo_1step,30,2.0,ladder,IS,,1688,5.1,0.3,0.9,2.7,91.0,17.2,20.9,6.48,-1.71,98941.0,3.6,21.2,3_coin,,,2.0
XAUUSD,coin,,,,,ftmo_1step,30,2.0,ladder,OOS,,816,6.5,0.0,0.0,4.7,88.8,17.4,20.5,6.32,-1.62,99081.0,4.7,9.5,3_coin,,,2.0
XAUUSD,coin,,,,,fundingpips_1step,7,2.0,ladder,IS,,1688,0.3,0.0,0.1,0.0,99.6,6.7,5.0,2.66,-1.07,99765.0,0.1,5.4,3_coin,,,2.0
XAUUSD,coin,,,,,fundingpips_1step,7,2.0,ladder,OOS,,816,0.7,0.0,0.0,0.0,99.3,6.6,4.9,2.64,-1.07,99807.0,0.0,2.4,3_coin,,,2.0
XAUUSD,coin,,,,,fundingpips_1step,30,2.0,ladder,IS,,1688,5.4,0.0,0.9,20.0,73.7,16.5,20.2,6.27,-1.68,98923.0,20.9,19.6,3_coin,,,2.0
XAUUSD,coin,,,,,fundingpips_1step,30,2.0,ladder,OOS,,816,8.8,0.0,0.0,16.7,74.5,17.1,19.9,6.14,-1.6,99260.0,16.7,9.3,3_coin,,,2.0
XAUUSD,coin,,,,,e8_one_8,7,2.0,ladder,IS,,1688,0.2,0.0,0.0,0.0,99.8,6.7,5.0,2.66,-1.07,99765.0,0.0,5.1,3_coin,,,2.0
XAUUSD,coin,,,,,e8_one_8,7,2.0,ladder,OOS,,816,0.1,0.0,0.0,0.2,99.6,6.7,4.9,2.64,-1.07,99791.0,0.2,2.5,3_coin,,,2.0
XAUUSD,coin,,,,,e8_one_8,30,2.0,ladder,IS,,1688,3.4,0.0,0.0,20.3,76.3,21.4,20.7,6.41,-1.72,98924.0,20.3,19.8,3_coin,,,2.0
XAUUSD,coin,,,,,e8_one_8,30,2.0,ladder,OOS,,816,3.2,0.0,0.0,18.1,78.7,19.5,20.3,6.21,-1.63,99060.0,18.1,9.7,3_coin,,,2.0
XAUUSD,coin,,,,,e8_one_14,7,2.0,ladder,IS,,1688,0.0,0.0,0.0,0.0,100.0,,5.0,2.66,-1.07,99765.0,0.0,5.0,3_coin,,,2.0
XAUUSD,coin,,,,,e8_one_14,7,2.0,ladder,OOS,,816,0.0,0.0,0.0,0.0,100.0,,4.9,2.64,-1.07,99807.0,0.0,2.6,3_coin,,,2.0
XAUUSD,coin,,,,,e8_one_14,30,2.0,ladder,IS,,1688,0.0,0.0,0.0,0.0,100.0,,21.5,6.62,-1.74,98831.0,0.0,20.2,3_coin,,,2.0
XAUUSD,coin,,,,,e8_one_14,30,2.0,ladder,OOS,,816,0.0,0.0,0.0,0.0,100.0,,21.3,6.39,-1.66,99122.0,0.0,6.6,3_coin,,,2.0
XAUUSD,coin,,,,,the5ers_hyper,7,2.0,ladder,IS,,1688,0.3,0.0,0.1,0.0,99.6,6.7,5.0,2.66,-1.07,99765.0,0.1,3.3,3_coin,,,2.0
XAUUSD,coin,,,,,the5ers_hyper,7,2.0,ladder,OOS,,816,0.7,0.0,0.0,0.0,99.3,6.6,4.9,2.64,-1.07,99807.0,0.0,1.6,3_coin,,,2.0
XAUUSD,coin,,,,,the5ers_hyper,30,2.0,ladder,IS,,1688,5.4,0.0,0.9,20.0,73.7,16.5,20.2,6.27,-1.68,98923.0,20.9,12.8,3_coin,,,2.0
XAUUSD,coin,,,,,the5ers_hyper,30,2.0,ladder,OOS,,816,8.8,0.0,0.0,16.7,74.5,17.1,19.9,6.14,-1.6,99260.0,16.7,6.5,3_coin,,,2.0
XAUUSD,coin,,,,,ftmo_p1,7,2.0,ladder,IS,,1688,0.3,0.0,0.0,0.0,99.7,6.7,5.0,2.66,-1.07,99765.0,0.0,3.0,3_coin,,,2.0
XAUUSD,coin,,,,,ftmo_p1,7,2.0,ladder,OOS,,816,0.7,0.0,0.0,0.0,99.3,6.6,4.9,2.64,-1.07,99807.0,0.0,1.6,3_coin,,,2.0
XAUUSD,coin,,,,,ftmo_p1,30,2.0,ladder,IS,,1688,5.4,0.0,0.0,0.3,94.3,16.5,21.1,6.52,-1.71,98946.0,0.3,13.0,3_coin,,,2.0
XAUUSD,coin,,,,,ftmo_p1,30,2.0,ladder,OOS,,816,8.8,0.0,0.0,0.5,90.7,17.1,20.6,6.33,-1.62,99190.0,0.5,6.4,3_coin,,,2.0
XAUUSD,coin,,,,,ftmo_1step,7,2.0,ladder,IS,,1688,0.2,0.0,0.0,0.0,99.8,6.8,4.9,2.65,-1.06,99731.0,0.0,4.9,3_coin,,,3.0
XAUUSD,coin,,,,,ftmo_1step,7,2.0,ladder,OOS,,816,0.1,0.0,0.0,0.0,99.9,6.5,4.9,2.67,-1.04,99488.0,0.0,2.5,3_coin,,,3.0
XAUUSD,coin,,,,,ftmo_1step,30,2.0,ladder,IS,,1688,5.9,0.0,0.0,1.8,92.4,15.6,20.9,6.47,-1.7,98748.0,1.8,19.4,3_coin,,,3.0
XAUUSD,coin,,,,,ftmo_1step,30,2.0,ladder,OOS,,816,2.9,0.0,0.0,4.5,92.5,17.0,20.9,6.7,-1.67,97720.0,4.5,9.7,3_coin,,,3.0
XAUUSD,coin,,,,,fundingpips_1step,7,2.0,ladder,IS,,1688,0.2,0.0,0.0,0.0,99.8,6.8,4.9,2.65,-1.06,99731.0,0.0,5.1,3_coin,,,3.0
XAUUSD,coin,,,,,fundingpips_1step,7,2.0,ladder,OOS,,816,0.1,0.0,0.0,0.0,99.9,6.5,4.9,2.67,-1.04,99488.0,0.0,2.5,3_coin,,,3.0
XAUUSD,coin,,,,,fundingpips_1step,30,2.0,ladder,IS,,1688,5.9,0.0,0.0,20.9,73.3,15.6,20.1,6.22,-1.67,98801.0,20.9,19.8,3_coin,,,3.0
XAUUSD,coin,,,,,fundingpips_1step,30,2.0,ladder,OOS,,816,2.9,0.0,0.0,24.1,72.9,17.0,19.9,6.36,-1.64,97833.0,24.1,9.2,3_coin,,,3.0
XAUUSD,coin,,,,,e8_one_8,7,2.0,ladder,IS,,1688,0.1,0.0,0.0,0.2,99.7,5.7,4.9,2.65,-1.06,99723.0,0.2,5.2,3_coin,,,3.0
XAUUSD,coin,,,,,e8_one_8,7,2.0,ladder,OOS,,816,0.1,0.0,0.0,0.0,99.9,6.5,4.9,2.67,-1.04,99488.0,0.0,2.5,3_coin,,,3.0
XAUUSD,coin,,,,,e8_one_8,30,2.0,ladder,IS,,1688,2.1,0.0,0.0,19.1,78.9,14.5,20.7,6.37,-1.69,98612.0,19.1,13.1,3_coin,,,3.0
XAUUSD,coin,,,,,e8_one_8,30,2.0,ladder,OOS,,816,1.3,0.0,0.0,26.5,72.2,11.6,20.2,6.47,-1.66,97733.0,26.5,6.2,3_coin,,,3.0
XAUUSD,coin,,,,,e8_one_14,7,2.0,ladder,IS,,1688,0.0,0.0,0.0,0.0,100.0,,4.9,2.65,-1.06,99731.0,0.0,3.2,3_coin,,,3.0
XAUUSD,coin,,,,,e8_one_14,7,2.0,ladder,OOS,,816,0.0,0.0,0.0,0.0,100.0,,4.9,2.67,-1.04,99488.0,0.0,1.6,3_coin,,,3.0
XAUUSD,coin,,,,,e8_one_14,30,2.0,ladder,IS,,1688,0.6,0.0,0.0,0.0,99.4,23.2,21.5,6.56,-1.72,98721.0,0.0,13.9,3_coin,,,3.0
XAUUSD,coin,,,,,e8_one_14,30,2.0,ladder,OOS,,816,0.0,0.0,0.0,0.0,100.0,,21.3,6.79,-1.68,97612.0,0.0,6.4,3_coin,,,3.0
XAUUSD,coin,,,,,the5ers_hyper,7,2.0,ladder,IS,,1688,0.2,0.0,0.0,0.0,99.8,6.8,4.9,2.65,-1.06,99731.0,0.0,3.3,3_coin,,,3.0
XAUUSD,coin,,,,,the5ers_hyper,7,2.0,ladder,OOS,,816,0.1,0.0,0.0,0.0,99.9,6.5,4.9,2.67,-1.04,99488.0,0.0,1.6,3_coin,,,3.0
XAUUSD,coin,,,,,the5ers_hyper,30,2.0,ladder,IS,,1688,5.9,0.0,0.0,20.9,73.3,15.6,20.1,6.22,-1.67,98801.0,20.9,12.2,3_coin,,,3.0
XAUUSD,coin,,,,,the5ers_hyper,30,2.0,ladder,OOS,,816,2.9,0.0,0.0,24.1,72.9,17.0,19.9,6.36,-1.64,97833.0,24.1,4.8,3_coin,,,3.0
XAUUSD,coin,,,,,ftmo_p1,7,2.0,ladder,IS,,1688,0.2,0.0,0.0,0.0,99.8,6.8,4.9,2.65,-1.06,99731.0,0.0,2.8,3_coin,,,3.0
XAUUSD,coin,,,,,ftmo_p1,7,2.0,ladder,OOS,,816,0.1,0.0,0.0,0.0,99.9,6.5,4.9,2.67,-1.04,99488.0,0.0,1.2,3_coin,,,3.0
XAUUSD,coin,,,,,ftmo_p1,30,2.0,ladder,IS,,1688,5.9,0.0,0.0,0.3,93.8,15.6,21.0,6.48,-1.7,98739.0,0.3,9.4,3_coin,,,3.0
XAUUSD,coin,,,,,ftmo_p1,30,2.0,ladder,OOS,,816,2.9,0.0,0.0,1.7,95.3,17.0,21.0,6.71,-1.67,97727.0,1.7,4.8,3_coin,,,3.0
XAUUSD,coin,,,,,ftmo_1step,7,2.0,ladder,IS,,1688,0.4,0.0,0.1,0.0,99.5,6.5,4.9,2.61,-1.07,99685.0,0.1,4.9,3_coin,,,4.0
XAUUSD,coin,,,,,ftmo_1step,7,2.0,ladder,OOS,,816,0.0,0.0,0.0,0.4,99.6,,4.9,2.69,-1.06,99596.0,0.4,2.3,3_coin,,,4.0
XAUUSD,coin,,,,,ftmo_1step,30,2.0,ladder,IS,,1688,4.2,0.0,0.9,2.2,92.7,18.6,21.0,6.45,-1.72,98511.0,3.1,20.0,3_coin,,,4.0
XAUUSD,coin,,,,,ftmo_1step,30,2.0,ladder,OOS,,816,2.1,0.0,0.0,4.0,93.9,20.6,20.9,6.62,-1.67,98080.0,4.0,9.9,3_coin,,,4.0
XAUUSD,coin,,,,,fundingpips_1step,7,2.0,ladder,IS,,1688,0.4,0.0,0.1,0.0,99.5,6.5,4.9,2.61,-1.07,99685.0,0.1,5.5,3_coin,,,4.0
XAUUSD,coin,,,,,fundingpips_1step,7,2.0,ladder,OOS,,816,0.0,0.0,0.0,0.0,100.0,,4.9,2.69,-1.06,99610.0,0.0,2.6,3_coin,,,4.0
XAUUSD,coin,,,,,fundingpips_1step,30,2.0,ladder,IS,,1688,4.2,0.0,0.8,22.0,73.0,18.6,20.4,6.28,-1.69,98454.0,22.8,19.8,3_coin,,,4.0
XAUUSD,coin,,,,,fundingpips_1step,30,2.0,ladder,OOS,,816,2.1,0.0,0.0,19.5,78.4,20.6,20.4,6.43,-1.66,98135.0,19.5,9.7,3_coin,,,4.0
XAUUSD,coin,,,,,e8_one_8,7,2.0,ladder,IS,,1688,0.2,0.0,0.0,0.2,99.6,6.4,4.9,2.61,-1.07,99683.0,0.2,3.4,3_coin,,,4.0
XAUUSD,coin,,,,,e8_one_8,7,2.0,ladder,OOS,,816,0.0,0.0,0.0,0.4,99.6,,4.9,2.69,-1.06,99596.0,0.4,1.7,3_coin,,,4.0
XAUUSD,coin,,,,,e8_one_8,30,2.0,ladder,IS,,1688,2.7,0.0,0.0,15.8,81.5,23.0,20.8,6.37,-1.71,98458.0,15.8,13.2,3_coin,,,4.0
XAUUSD,coin,,,,,e8_one_8,30,2.0,ladder,OOS,,816,1.6,0.0,0.0,19.9,78.6,18.7,20.5,6.52,-1.66,98050.0,19.9,6.3,3_coin,,,4.0
XAUUSD,coin,,,,,e8_one_14,7,2.0,ladder,IS,,1688,0.0,0.0,0.0,0.0,100.0,,4.9,2.61,-1.07,99685.0,0.0,3.5,3_coin,,,4.0
XAUUSD,coin,,,,,e8_one_14,7,2.0,ladder,OOS,,816,0.0,0.0,0.0,0.0,100.0,,4.9,2.69,-1.06,99610.0,0.0,2.0,3_coin,,,4.0
XAUUSD,coin,,,,,e8_one_14,30,2.0,ladder,IS,,1688,0.0,0.0,0.0,0.0,100.0,,21.5,6.54,-1.73,98455.0,0.0,13.4,3_coin,,,4.0
XAUUSD,coin,,,,,e8_one_14,30,2.0,ladder,OOS,,816,0.0,0.0,0.0,0.0,100.0,,21.3,6.64,-1.69,98167.0,0.0,6.3,3_coin,,,4.0
XAUUSD,coin,,,,,the5ers_hyper,7,2.0,ladder,IS,,1688,0.4,0.0,0.1,0.0,99.5,6.5,4.9,2.61,-1.07,99685.0,0.1,3.3,3_coin,,,4.0
XAUUSD,coin,,,,,the5ers_hyper,7,2.0,ladder,OOS,,816,0.0,0.0,0.0,0.0,100.0,,4.9,2.69,-1.06,99610.0,0.0,1.6,3_coin,,,4.0
XAUUSD,coin,,,,,the5ers_hyper,30,2.0,ladder,IS,,1688,4.2,0.0,0.8,22.0,73.0,18.6,20.4,6.28,-1.69,98454.0,22.8,9.9,3_coin,,,4.0
XAUUSD,coin,,,,,the5ers_hyper,30,2.0,ladder,OOS,,816,2.1,0.0,0.0,19.5,78.4,20.6,20.4,6.43,-1.66,98135.0,19.5,4.8,3_coin,,,4.0
XAUUSD,coin,,,,,ftmo_p1,7,2.0,ladder,IS,,1688,0.4,0.0,0.0,0.0,99.6,6.5,4.9,2.61,-1.07,99685.0,0.0,2.9,3_coin,,,4.0
XAUUSD,coin,,,,,ftmo_p1,7,2.0,ladder,OOS,,816,0.0,0.0,0.0,0.0,100.0,,4.9,2.69,-1.06,99610.0,0.0,1.4,3_coin,,,4.0
XAUUSD,coin,,,,,ftmo_p1,30,2.0,ladder,IS,,1688,4.2,0.0,0.0,0.0,95.8,18.6,21.2,6.48,-1.72,98483.0,0.0,10.3,3_coin,,,4.0
XAUUSD,coin,,,,,ftmo_p1,30,2.0,ladder,OOS,,816,2.1,0.0,0.0,0.0,97.9,20.6,21.2,6.63,-1.69,98142.0,0.0,3.5,3_coin,,,4.0
XAUUSD,coin,,,,,ftmo_1step,7,2.0,ladder,IS,,1688,0.5,0.0,0.0,0.0,99.5,6.6,4.9,2.69,-1.07,99800.0,0.0,3.2,3_coin,,,5.0
XAUUSD,coin,,,,,ftmo_1step,7,2.0,ladder,OOS,,816,0.0,0.0,0.0,0.0,100.0,,4.9,2.68,-1.06,99761.0,0.0,1.6,3_coin,,,5.0
XAUUSD,coin,,,,,ftmo_1step,30,2.0,ladder,IS,,1688,7.1,0.0,0.0,4.0,88.9,17.7,20.8,6.58,-1.73,98988.0,4.0,11.6,3_coin,,,5.0
XAUUSD,coin,,,,,ftmo_1step,30,2.0,ladder,OOS,,816,5.4,0.1,0.0,2.0,92.5,20.0,20.9,6.46,-1.71,99154.0,2.0,4.8,3_coin,,,5.0
XAUUSD,coin,,,,,fundingpips_1step,7,2.0,ladder,IS,,1688,0.5,0.0,0.0,0.0,99.5,6.6,4.9,2.69,-1.07,99800.0,0.0,2.4,3_coin,,,5.0
XAUUSD,coin,,,,,fundingpips_1step,7,2.0,ladder,OOS,,816,0.0,0.0,0.0,0.0,100.0,,4.9,2.68,-1.06,99761.0,0.0,1.1,3_coin,,,5.0
XAUUSD,coin,,,,,fundingpips_1step,30,2.0,ladder,IS,,1688,7.1,0.0,0.0,22.3,70.6,17.7,20.1,6.35,-1.71,99049.0,22.3,8.8,3_coin,,,5.0
XAUUSD,coin,,,,,fundingpips_1step,30,2.0,ladder,OOS,,816,5.5,0.0,0.0,19.1,75.4,19.5,20.0,6.21,-1.69,99219.0,19.1,4.3,3_coin,,,5.0
XAUUSD,coin,,,,,e8_one_8,7,2.0,ladder,IS,,1688,0.3,0.0,0.0,0.0,99.7,6.6,4.9,2.69,-1.07,99800.0,0.0,1.8,3_coin,,,5.0
XAUUSD,coin,,,,,e8_one_8,7,2.0,ladder,OOS,,816,0.0,0.0,0.0,0.0,100.0,,4.9,2.68,-1.06,99761.0,0.0,0.8,3_coin,,,5.0
XAUUSD,coin,,,,,e8_one_8,30,2.0,ladder,IS,,1688,4.2,0.0,0.0,21.4,74.4,17.5,20.4,6.41,-1.73,99029.0,21.4,6.5,3_coin,,,5.0
XAUUSD,coin,,,,,e8_one_8,30,2.0,ladder,OOS,,816,2.0,0.0,0.0,20.7,77.3,22.0,20.5,6.35,-1.7,99022.0,20.7,3.0,3_coin,,,5.0
XAUUSD,coin,,,,,e8_one_14,7,2.0,ladder,IS,,1688,0.0,0.0,0.0,0.0,100.0,,4.9,2.69,-1.07,99800.0,0.0,1.7,3_coin,,,5.0
XAUUSD,coin,,,,,e8_one_14,7,2.0,ladder,OOS,,816,0.0,0.0,0.0,0.0,100.0,,4.9,2.68,-1.06,99761.0,0.0,0.8,3_coin,,,5.0
XAUUSD,coin,,,,,e8_one_14,30,2.0,ladder,IS,,1688,1.4,0.0,0.0,0.0,98.6,22.5,21.4,6.67,-1.74,99108.0,0.0,6.8,3_coin,,,5.0
XAUUSD,coin,,,,,e8_one_14,30,2.0,ladder,OOS,,816,0.0,0.0,0.0,0.0,100.0,,21.3,6.52,-1.72,99066.0,0.0,3.1,3_coin,,,5.0
XAUUSD,coin,,,,,the5ers_hyper,7,2.0,ladder,IS,,1688,0.5,0.0,0.0,0.0,99.5,6.6,4.9,2.69,-1.07,99800.0,0.0,1.6,3_coin,,,5.0
XAUUSD,coin,,,,,the5ers_hyper,7,2.0,ladder,OOS,,816,0.0,0.0,0.0,0.0,100.0,,4.9,2.68,-1.06,99761.0,0.0,0.8,3_coin,,,5.0
XAUUSD,coin,,,,,the5ers_hyper,30,2.0,ladder,IS,,1688,7.1,0.0,0.0,22.3,70.6,17.7,20.1,6.35,-1.71,99049.0,22.3,6.4,3_coin,,,5.0
XAUUSD,coin,,,,,the5ers_hyper,30,2.0,ladder,OOS,,816,5.5,0.0,0.0,19.1,75.4,19.5,20.0,6.21,-1.69,99219.0,19.1,3.0,3_coin,,,5.0
XAUUSD,coin,,,,,ftmo_p1,7,2.0,ladder,IS,,1688,0.5,0.0,0.0,0.0,99.5,6.6,4.9,2.69,-1.07,99800.0,0.0,1.6,3_coin,,,5.0
XAUUSD,coin,,,,,ftmo_p1,7,2.0,ladder,OOS,,816,0.0,0.0,0.0,0.0,100.0,,4.9,2.68,-1.06,99761.0,0.0,0.8,3_coin,,,5.0
XAUUSD,coin,,,,,ftmo_p1,30,2.0,ladder,IS,,1688,7.1,0.0,0.0,0.2,92.7,17.7,20.9,6.61,-1.73,98970.0,0.2,6.4,3_coin,,,5.0
XAUUSD,coin,,,,,ftmo_p1,30,2.0,ladder,OOS,,816,5.5,0.0,0.0,0.2,94.2,19.5,20.9,6.46,-1.71,99158.0,0.2,3.1,3_coin,,,5.0
