sym,entry,tf,atr_stop,trail,friday,rule,max_days,risk,mode,sample,max_starts,n,pass_pct,pass_inconsistent_pct,fail_daily_pct,fail_max_pct,timeout_pct,days_to_pass_median,trades_mean,max_dd_mean,worst_day_mean,end_balance_mean,burn_pct,secs,stage
BTCUSD,don20,1h,1.0,1.0,False,fundingpips_1step,7,0.5,fixed,IS,400,390,0.0,0.0,0.0,0.0,100.0,,5.7,2.04,-0.54,100014.0,0.0,1.2,2
BTCUSD,don20,1h,1.0,1.0,False,fundingpips_1step,14,0.5,fixed,IS,400,390,0.8,0.0,0.0,0.0,99.2,13.1,11.4,3.0,-0.57,100033.0,0.0,2.3,2
BTCUSD,don20,1h,1.0,1.0,False,fundingpips_1step,7,0.5,balance,IS,400,390,0.0,0.0,0.0,0.0,100.0,,5.7,2.04,-0.55,100015.0,0.0,1.1,2
BTCUSD,don20,1h,1.0,1.0,False,fundingpips_1step,14,0.5,balance,IS,400,390,0.8,0.0,0.0,0.0,99.2,13.1,11.4,3.0,-0.57,100039.0,0.0,2.4,2
BTCUSD,don20,1h,1.0,1.0,False,fundingpips_1step,7,1.0,fixed,IS,400,390,2.1,0.0,0.0,2.1,95.9,5.2,5.7,4.08,-1.09,100025.0,2.1,1.3,2
BTCUSD,don20,1h,1.0,1.0,False,fundingpips_1step,14,1.0,fixed,IS,400,390,5.6,0.0,0.0,17.7,76.7,8.6,10.7,5.72,-1.14,100022.0,17.7,2.3,2
BTCUSD,don20,1h,1.0,1.0,False,fundingpips_1step,7,1.0,balance,IS,400,390,2.3,0.0,0.0,1.3,96.4,5.7,5.7,4.08,-1.09,100031.0,1.3,1.4,2
BTCUSD,don20,1h,1.0,1.0,False,fundingpips_1step,14,1.0,balance,IS,400,390,6.2,0.0,0.0,17.2,76.7,8.6,10.7,5.73,-1.15,100051.0,17.2,2.3,2
BTCUSD,don20,1h,1.0,1.0,False,fundingpips_1step,7,1.0,ladder,IS,400,390,0.3,0.0,0.0,0.0,99.7,6.3,5.7,2.65,-0.88,100013.0,0.0,1.2,2
BTCUSD,don20,1h,1.0,1.0,False,fundingpips_1step,14,1.0,ladder,IS,400,390,2.6,0.0,0.0,0.0,97.4,8.7,11.3,3.96,-1.01,100006.0,0.0,2.2,2
BTCUSD,don20,1h,1.0,1.0,False,fundingpips_1step,7,1.0,ladder_balance,IS,400,390,0.3,0.0,0.0,0.0,99.7,6.3,5.7,2.66,-0.89,100014.0,0.0,1.1,2
BTCUSD,don20,1h,1.0,1.0,False,fundingpips_1step,14,1.0,ladder_balance,IS,400,390,2.6,0.0,0.0,0.0,97.4,8.7,11.3,3.98,-1.02,100010.0,0.0,2.4,2
BTCUSD,don20,1h,1.0,1.0,False,fundingpips_1step,7,1.5,fixed,IS,400,390,7.4,0.0,0.0,16.4,76.2,4.3,5.4,5.84,-1.61,100054.0,16.4,1.2,2
BTCUSD,don20,1h,1.0,1.0,False,fundingpips_1step,14,1.5,fixed,IS,400,390,14.9,0.0,0.0,34.1,51.0,7.0,9.1,7.48,-1.66,100491.0,34.1,2.0,2
BTCUSD,don20,1h,1.0,1.0,False,fundingpips_1step,7,1.5,balance,IS,400,390,7.7,0.0,0.0,15.4,76.9,4.3,5.5,5.88,-1.62,100044.0,15.4,1.2,2
BTCUSD,don20,1h,1.0,1.0,False,fundingpips_1step,14,1.5,balance,IS,400,390,15.9,0.0,0.0,34.6,49.5,7.2,9.1,7.54,-1.69,100473.0,34.6,2.0,2
BTCUSD,don20,1h,1.0,1.0,False,fundingpips_1step,7,1.5,ladder,IS,400,390,1.8,0.0,0.0,0.0,98.2,4.8,5.7,2.85,-0.99,100024.0,0.0,1.3,2
BTCUSD,don20,1h,1.0,1.0,False,fundingpips_1step,14,1.5,ladder,IS,400,390,4.9,0.0,0.0,0.0,95.1,8.3,11.2,4.31,-1.23,100065.0,0.0,2.3,2
BTCUSD,don20,1h,1.0,1.0,False,fundingpips_1step,7,1.5,ladder_balance,IS,400,390,1.8,0.0,0.0,0.0,98.2,4.8,5.7,2.86,-1.0,100026.0,0.0,1.2,2
BTCUSD,don20,1h,1.0,1.0,False,fundingpips_1step,14,1.5,ladder_balance,IS,400,390,5.6,0.0,0.0,0.0,94.4,8.8,11.2,4.33,-1.25,100082.0,0.0,2.3,2
BTCUSD,don20,1h,1.0,1.0,False,fundingpips_1step,7,2.0,fixed,IS,400,390,13.1,0.0,5.4,27.4,54.1,3.8,4.9,7.23,-2.08,100096.0,32.8,1.1,2
BTCUSD,don20,1h,1.0,1.0,False,fundingpips_1step,14,2.0,fixed,IS,400,390,22.3,0.0,8.7,44.9,24.1,6.0,7.2,8.64,-2.14,100562.0,53.6,1.5,2
BTCUSD,don20,1h,1.0,1.0,False,fundingpips_1step,7,2.0,balance,IS,400,390,13.3,0.0,4.9,26.4,55.4,3.9,4.9,7.27,-2.1,100138.0,31.3,1.1,2
BTCUSD,don20,1h,1.0,1.0,False,fundingpips_1step,14,2.0,balance,IS,400,390,22.3,0.0,8.7,44.9,24.1,5.9,7.2,8.68,-2.16,100568.0,53.6,1.5,2
BTCUSD,don20,1h,1.0,1.0,False,fundingpips_1step,7,2.0,ladder,IS,400,390,1.8,0.0,0.0,0.0,98.2,4.8,5.7,2.88,-1.02,100001.0,0.0,1.2,2
BTCUSD,don20,1h,1.0,1.0,False,fundingpips_1step,14,2.0,ladder,IS,400,390,4.9,0.0,0.0,0.0,95.1,8.3,11.2,4.43,-1.32,100011.0,0.0,2.3,2
BTCUSD,don20,1h,1.0,1.0,False,fundingpips_1step,7,2.0,ladder_balance,IS,400,390,1.8,0.0,0.0,0.0,98.2,4.8,5.7,2.9,-1.03,100002.0,0.0,1.2,2
BTCUSD,don20,1h,1.0,1.0,False,fundingpips_1step,14,2.0,ladder_balance,IS,400,390,5.1,0.0,0.0,0.0,94.9,8.1,11.2,4.46,-1.34,100025.0,0.0,2.3,2
BTCUSD,don20,1h,1.0,1.0,False,fundingpips_1step,7,2.8,fixed,IS,400,390,22.1,0.0,19.7,35.6,22.6,3.8,3.9,8.59,-2.74,100357.0,55.3,0.8,2
BTCUSD,don20,1h,1.0,1.0,False,fundingpips_1step,14,2.8,fixed,IS,400,390,29.7,0.0,21.5,42.8,5.9,4.8,4.7,9.21,-2.76,100758.0,64.3,1.1,2
BTCUSD,don20,1h,1.0,1.0,False,fundingpips_1step,7,2.8,balance,IS,400,390,17.7,0.0,29.0,38.2,15.1,3.0,3.7,8.27,-2.76,100076.0,67.2,0.8,2
BTCUSD,don20,1h,1.0,1.0,False,fundingpips_1step,14,2.8,balance,IS,400,390,20.5,0.0,32.6,44.9,2.1,3.7,4.1,8.62,-2.77,100143.0,77.5,0.9,2
BTCUSD,don20,1h,1.0,1.0,False,fundingpips_1step,7,2.8,ladder,IS,400,390,1.8,0.0,0.0,0.0,98.2,4.8,5.7,2.89,-1.03,99997.0,0.0,1.3,2
BTCUSD,don20,1h,1.0,1.0,False,fundingpips_1step,14,2.8,ladder,IS,400,390,4.9,0.0,0.0,0.0,95.1,8.3,11.2,4.46,-1.34,99987.0,0.0,2.3,2
BTCUSD,don20,1h,1.0,1.0,False,fundingpips_1step,7,2.8,ladder_balance,IS,400,390,1.8,0.0,0.0,0.0,98.2,4.8,5.7,2.91,-1.04,99998.0,0.0,1.2,2
BTCUSD,don20,1h,1.0,1.0,False,fundingpips_1step,14,2.8,ladder_balance,IS,400,390,5.1,0.0,0.0,0.0,94.9,8.1,11.2,4.48,-1.36,100002.0,0.0,2.4,2
BTCUSD,don20,1h,1.0,1.0,True,fundingpips_1step,7,0.5,fixed,IS,400,390,0.0,0.0,0.0,0.0,100.0,,5.7,2.02,-0.54,100028.0,0.0,1.3,2
BTCUSD,don20,1h,1.0,1.0,True,fundingpips_1step,14,0.5,fixed,IS,400,390,0.8,0.0,0.0,0.0,99.2,13.1,11.4,2.98,-0.57,100061.0,0.0,2.4,2
BTCUSD,don20,1h,1.0,1.0,True,fundingpips_1step,7,0.5,balance,IS,400,390,0.0,0.0,0.0,0.0,100.0,,5.7,2.02,-0.54,100029.0,0.0,1.2,2
BTCUSD,don20,1h,1.0,1.0,True,fundingpips_1step,14,0.5,balance,IS,400,390,0.8,0.0,0.0,0.0,99.2,13.1,11.4,2.98,-0.57,100067.0,0.0,2.6,2
BTCUSD,don20,1h,1.0,1.0,True,fundingpips_1step,7,1.0,fixed,IS,400,390,2.1,0.0,0.0,2.1,95.9,5.2,5.7,4.05,-1.08,100053.0,2.1,1.3,2
BTCUSD,don20,1h,1.0,1.0,True,fundingpips_1step,14,1.0,fixed,IS,400,390,5.6,0.0,0.0,17.2,77.2,8.6,10.7,5.69,-1.14,100081.0,17.2,2.5,2
BTCUSD,don20,1h,1.0,1.0,True,fundingpips_1step,7,1.0,balance,IS,400,390,2.3,0.0,0.0,1.3,96.4,5.7,5.7,4.05,-1.09,100059.0,1.3,1.3,2
BTCUSD,don20,1h,1.0,1.0,True,fundingpips_1step,14,1.0,balance,IS,400,390,6.2,0.0,0.0,16.7,77.2,8.6,10.7,5.7,-1.15,100109.0,16.7,2.3,2
BTCUSD,don20,1h,1.0,1.0,True,fundingpips_1step,7,1.0,ladder,IS,400,390,0.3,0.0,0.0,0.0,99.7,6.3,5.7,2.64,-0.88,100031.0,0.0,1.3,2
BTCUSD,don20,1h,1.0,1.0,True,fundingpips_1step,14,1.0,ladder,IS,400,390,2.6,0.0,0.0,0.0,97.4,8.7,11.3,3.94,-1.01,100044.0,0.0,2.5,2
BTCUSD,don20,1h,1.0,1.0,True,fundingpips_1step,7,1.0,ladder_balance,IS,400,390,0.3,0.0,0.0,0.0,99.7,6.3,5.7,2.65,-0.88,100032.0,0.0,1.3,2
BTCUSD,don20,1h,1.0,1.0,True,fundingpips_1step,14,1.0,ladder_balance,IS,400,390,2.6,0.0,0.0,0.0,97.4,8.7,11.3,3.96,-1.02,100047.0,0.0,2.4,2
BTCUSD,don20,1h,1.0,1.0,True,fundingpips_1step,7,1.5,fixed,IS,400,390,7.4,0.0,0.0,16.2,76.4,4.3,5.4,5.8,-1.6,100098.0,16.2,1.2,2
BTCUSD,don20,1h,1.0,1.0,True,fundingpips_1step,14,1.5,fixed,IS,400,390,15.4,0.0,0.0,33.6,51.0,7.2,9.1,7.44,-1.66,100578.0,33.6,1.8,2
BTCUSD,don20,1h,1.0,1.0,True,fundingpips_1step,7,1.5,balance,IS,400,390,7.7,0.0,0.0,15.1,77.2,4.3,5.5,5.84,-1.62,100086.0,15.1,1.1,2
BTCUSD,don20,1h,1.0,1.0,True,fundingpips_1step,14,1.5,balance,IS,400,390,16.4,0.0,0.0,34.1,49.5,7.4,9.1,7.51,-1.68,100560.0,34.1,1.8,2
BTCUSD,don20,1h,1.0,1.0,True,fundingpips_1step,7,1.5,ladder,IS,400,390,1.8,0.0,0.0,0.0,98.2,4.8,5.7,2.83,-0.99,100044.0,0.0,1.2,2
BTCUSD,don20,1h,1.0,1.0,True,fundingpips_1step,14,1.5,ladder,IS,400,390,5.4,0.0,0.0,0.0,94.6,8.8,11.2,4.28,-1.23,100111.0,0.0,2.3,2
BTCUSD,don20,1h,1.0,1.0,True,fundingpips_1step,7,1.5,ladder_balance,IS,400,390,1.8,0.0,0.0,0.0,98.2,4.8,5.7,2.85,-1.0,100045.0,0.0,1.2,2
BTCUSD,don20,1h,1.0,1.0,True,fundingpips_1step,14,1.5,ladder_balance,IS,400,390,5.6,0.0,0.0,0.0,94.4,8.8,11.2,4.31,-1.24,100122.0,0.0,2.3,2
BTCUSD,don20,1h,1.0,1.0,True,fundingpips_1step,7,2.0,fixed,IS,400,390,12.3,0.0,5.4,27.2,55.1,3.8,4.9,7.19,-2.08,100131.0,32.6,1.1,2
BTCUSD,don20,1h,1.0,1.0,True,fundingpips_1step,14,2.0,fixed,IS,400,390,23.8,0.0,8.7,44.9,22.6,6.8,7.2,8.61,-2.14,100698.0,53.6,1.5,2
BTCUSD,don20,1h,1.0,1.0,True,fundingpips_1step,7,2.0,balance,IS,400,390,12.6,0.0,4.9,26.2,56.4,3.8,4.9,7.24,-2.1,100167.0,31.1,1.1,2
BTCUSD,don20,1h,1.0,1.0,True,fundingpips_1step,14,2.0,balance,IS,400,390,23.8,0.0,8.7,45.1,22.3,6.7,7.3,8.68,-2.16,100702.0,53.8,1.5,2
BTCUSD,don20,1h,1.0,1.0,True,fundingpips_1step,7,2.0,ladder,IS,400,390,1.8,0.0,0.0,0.0,98.2,4.8,5.7,2.87,-1.02,100021.0,0.0,1.2,2
BTCUSD,don20,1h,1.0,1.0,True,fundingpips_1step,14,2.0,ladder,IS,400,390,4.9,0.0,0.0,0.0,95.1,8.3,11.2,4.41,-1.31,100053.0,0.0,2.4,2
BTCUSD,don20,1h,1.0,1.0,True,fundingpips_1step,7,2.0,ladder_balance,IS,400,390,1.8,0.0,0.0,0.0,98.2,4.8,5.7,2.88,-1.03,100021.0,0.0,1.3,2
BTCUSD,don20,1h,1.0,1.0,True,fundingpips_1step,14,2.0,ladder_balance,IS,400,390,5.1,0.0,0.0,0.0,94.9,8.1,11.2,4.44,-1.33,100068.0,0.0,2.5,2
BTCUSD,don20,1h,1.0,1.0,True,fundingpips_1step,7,2.8,fixed,IS,400,390,22.6,0.0,19.2,35.1,23.1,3.8,3.9,8.53,-2.73,100461.0,54.3,0.9,2
BTCUSD,don20,1h,1.0,1.0,True,fundingpips_1step,14,2.8,fixed,IS,400,390,30.3,0.0,20.8,42.3,6.7,4.8,4.8,9.18,-2.75,100831.0,63.1,1.1,2
BTCUSD,don20,1h,1.0,1.0,True,fundingpips_1step,7,2.8,balance,IS,400,390,17.9,0.0,29.2,37.7,15.1,3.0,3.7,8.18,-2.74,100191.0,66.9,0.8,2
BTCUSD,don20,1h,1.0,1.0,True,fundingpips_1step,14,2.8,balance,IS,400,390,20.3,0.0,32.8,44.4,2.6,3.5,4.1,8.51,-2.76,100190.0,77.2,0.9,2
BTCUSD,don20,1h,1.0,1.0,True,fundingpips_1step,7,2.8,ladder,IS,400,390,1.8,0.0,0.0,0.0,98.2,4.8,5.7,2.87,-1.02,100017.0,0.0,1.3,2
BTCUSD,don20,1h,1.0,1.0,True,fundingpips_1step,14,2.8,ladder,IS,400,390,4.9,0.0,0.0,0.0,95.1,8.3,11.2,4.43,-1.33,100029.0,0.0,2.4,2
BTCUSD,don20,1h,1.0,1.0,True,fundingpips_1step,7,2.8,ladder_balance,IS,400,390,1.8,0.0,0.0,0.0,98.2,4.8,5.7,2.89,-1.03,100017.0,0.0,1.3,2
BTCUSD,don20,1h,1.0,1.0,True,fundingpips_1step,14,2.8,ladder_balance,IS,400,390,5.1,0.0,0.0,0.0,94.9,8.1,11.2,4.46,-1.35,100044.0,0.0,2.4,2
GBPUSD,don20,1h,1.0,1.0,False,fundingpips_1step,7,0.5,fixed,IS,400,527,0.0,0.0,0.0,0.0,100.0,,4.4,1.67,-0.54,99857.0,0.0,1.4,2
GBPUSD,don20,1h,1.0,1.0,False,fundingpips_1step,14,0.5,fixed,IS,400,527,0.2,0.0,0.0,0.0,99.8,8.4,8.7,2.5,-0.6,99757.0,0.0,2.5,2
GBPUSD,don20,1h,1.0,1.0,False,fundingpips_1step,7,0.5,balance,IS,400,527,0.0,0.0,0.0,0.0,100.0,,4.4,1.67,-0.54,99856.0,0.0,1.3,2
GBPUSD,don20,1h,1.0,1.0,False,fundingpips_1step,14,0.5,balance,IS,400,527,0.2,0.0,0.0,0.0,99.8,8.4,8.7,2.49,-0.6,99755.0,0.0,2.8,2
GBPUSD,don20,1h,1.0,1.0,False,fundingpips_1step,7,1.0,fixed,IS,400,527,0.9,0.0,0.0,0.0,99.1,5.0,4.4,3.35,-1.08,99720.0,0.0,1.5,2
GBPUSD,don20,1h,1.0,1.0,False,fundingpips_1step,14,1.0,fixed,IS,400,527,2.1,0.0,0.0,9.7,88.2,7.7,8.5,4.91,-1.19,99521.0,9.7,2.7,2
GBPUSD,don20,1h,1.0,1.0,False,fundingpips_1step,7,1.0,balance,IS,400,527,0.9,0.0,0.0,0.0,99.1,5.0,4.4,3.34,-1.09,99717.0,0.0,1.4,2
GBPUSD,don20,1h,1.0,1.0,False,fundingpips_1step,14,1.0,balance,IS,400,527,2.1,0.0,0.0,8.3,89.6,7.7,8.5,4.91,-1.19,99502.0,8.3,2.5,2
GBPUSD,don20,1h,1.0,1.0,False,fundingpips_1step,7,1.0,ladder,IS,400,527,0.0,0.0,0.0,0.0,100.0,,4.4,2.15,-0.81,99761.0,0.0,1.4,2
GBPUSD,don20,1h,1.0,1.0,False,fundingpips_1step,14,1.0,ladder,IS,400,527,0.4,0.0,0.0,0.0,99.6,10.9,8.7,3.33,-0.98,99565.0,0.0,2.6,2
GBPUSD,don20,1h,1.0,1.0,False,fundingpips_1step,7,1.0,ladder_balance,IS,400,527,0.0,0.0,0.0,0.0,100.0,,4.4,2.16,-0.81,99759.0,0.0,1.4,2
GBPUSD,don20,1h,1.0,1.0,False,fundingpips_1step,14,1.0,ladder_balance,IS,400,527,0.4,0.0,0.0,0.0,99.6,10.9,8.7,3.33,-0.99,99560.0,0.0,2.6,2
GBPUSD,don20,1h,1.0,1.0,False,fundingpips_1step,7,1.5,fixed,IS,400,527,4.2,0.0,1.5,7.8,86.5,4.5,4.3,4.96,-1.61,99559.0,9.3,1.3,2
GBPUSD,don20,1h,1.0,1.0,False,fundingpips_1step,14,1.5,fixed,IS,400,527,8.0,0.0,2.7,28.8,60.5,6.4,7.5,6.73,-1.75,99273.0,31.5,2.1,2
GBPUSD,don20,1h,1.0,1.0,False,fundingpips_1step,7,1.5,balance,IS,400,527,4.4,0.0,1.5,6.6,87.5,4.4,4.3,4.95,-1.62,99567.0,8.1,1.4,2
GBPUSD,don20,1h,1.0,1.0,False,fundingpips_1step,14,1.5,balance,IS,400,527,7.8,0.0,3.2,27.9,61.1,6.1,7.5,6.72,-1.76,99273.0,31.1,2.2,2
GBPUSD,don20,1h,1.0,1.0,False,fundingpips_1step,7,1.5,ladder,IS,400,527,0.2,0.0,0.2,0.0,99.6,4.6,4.4,2.26,-0.87,99731.0,0.2,1.4,2
GBPUSD,don20,1h,1.0,1.0,False,fundingpips_1step,14,1.5,ladder,IS,400,527,1.9,0.0,0.2,0.0,97.9,8.1,8.7,3.57,-1.13,99535.0,0.2,2.5,2
GBPUSD,don20,1h,1.0,1.0,False,fundingpips_1step,7,1.5,ladder_balance,IS,400,527,0.2,0.0,0.2,0.0,99.6,4.6,4.4,2.26,-0.88,99728.0,0.2,1.3,2
GBPUSD,don20,1h,1.0,1.0,False,fundingpips_1step,14,1.5,ladder_balance,IS,400,527,1.9,0.0,0.2,0.0,97.9,8.1,8.7,3.58,-1.13,99530.0,0.2,2.6,2
GBPUSD,don20,1h,1.0,1.0,False,fundingpips_1step,7,2.0,fixed,IS,400,527,6.5,0.0,5.9,19.0,68.7,4.4,4.0,6.3,-2.1,99490.0,24.9,1.3,2
GBPUSD,don20,1h,1.0,1.0,False,fundingpips_1step,14,2.0,fixed,IS,400,527,12.1,0.0,10.1,38.5,39.3,6.5,6.4,7.96,-2.24,99315.0,48.6,1.8,2
GBPUSD,don20,1h,1.0,1.0,False,fundingpips_1step,7,2.0,balance,IS,400,527,6.5,0.0,6.1,17.8,69.6,4.4,4.0,6.29,-2.11,99467.0,23.9,1.4,2
GBPUSD,don20,1h,1.0,1.0,False,fundingpips_1step,14,2.0,balance,IS,400,527,12.3,0.0,10.4,38.1,39.1,6.5,6.4,7.96,-2.25,99297.0,48.5,2.1,2
GBPUSD,don20,1h,1.0,1.0,False,fundingpips_1step,7,2.0,ladder,IS,400,527,0.4,0.0,0.2,0.0,99.4,5.5,4.4,2.27,-0.88,99730.0,0.2,1.5,2
GBPUSD,don20,1h,1.0,1.0,False,fundingpips_1step,14,2.0,ladder,IS,400,527,1.9,0.0,0.2,0.0,97.9,8.1,8.7,3.63,-1.16,99510.0,0.2,2.7,2
GBPUSD,don20,1h,1.0,1.0,False,fundingpips_1step,7,2.0,ladder_balance,IS,400,527,0.4,0.0,0.2,0.0,99.4,5.5,4.4,2.28,-0.89,99726.0,0.2,1.4,2
GBPUSD,don20,1h,1.0,1.0,False,fundingpips_1step,14,2.0,ladder_balance,IS,400,527,1.9,0.0,0.2,0.0,97.9,8.1,8.7,3.64,-1.17,99502.0,0.2,2.7,2
GBPUSD,don20,1h,1.0,1.0,False,fundingpips_1step,7,2.8,fixed,IS,400,527,10.2,0.0,14.0,30.0,45.7,2.8,3.6,7.92,-2.82,99311.0,44.0,1.1,2
GBPUSD,don20,1h,1.0,1.0,False,fundingpips_1step,14,2.8,fixed,IS,400,527,17.5,0.0,19.9,44.4,18.2,5.4,4.9,9.12,-2.93,99415.0,64.3,1.5,2
GBPUSD,don20,1h,1.0,1.0,False,fundingpips_1step,7,2.8,balance,IS,400,527,9.9,0.0,19.0,30.6,40.6,2.8,3.5,7.81,-2.82,99302.0,49.6,1.1,2
GBPUSD,don20,1h,1.0,1.0,False,fundingpips_1step,14,2.8,balance,IS,400,527,14.6,0.0,26.8,44.4,14.2,5.0,4.6,8.75,-2.92,99427.0,71.2,1.4,2
GBPUSD,don20,1h,1.0,1.0,False,fundingpips_1step,7,2.8,ladder,IS,400,527,0.4,0.0,0.2,0.0,99.4,5.5,4.4,2.27,-0.88,99730.0,0.2,1.3,2
GBPUSD,don20,1h,1.0,1.0,False,fundingpips_1step,14,2.8,ladder,IS,400,527,1.9,0.0,0.2,0.0,97.9,8.1,8.7,3.65,-1.17,99504.0,0.2,2.4,2
GBPUSD,don20,1h,1.0,1.0,False,fundingpips_1step,7,2.8,ladder_balance,IS,400,527,0.4,0.0,0.2,0.0,99.4,5.5,4.4,2.28,-0.89,99726.0,0.2,0.9,2
GBPUSD,don20,1h,1.0,1.0,False,fundingpips_1step,14,2.8,ladder_balance,IS,400,527,1.9,0.0,0.6,0.0,97.5,8.1,8.7,3.65,-1.18,99497.0,0.6,1.9,2
GBPUSD,don20,1h,1.0,1.0,True,fundingpips_1step,7,0.5,fixed,IS,400,527,0.0,0.0,0.0,0.0,100.0,,4.4,1.66,-0.54,99865.0,0.0,1.4,2
GBPUSD,don20,1h,1.0,1.0,True,fundingpips_1step,14,0.5,fixed,IS,400,527,0.2,0.0,0.0,0.0,99.8,8.4,8.7,2.48,-0.59,99769.0,0.0,2.6,2
GBPUSD,don20,1h,1.0,1.0,True,fundingpips_1step,7,0.5,balance,IS,400,527,0.0,0.0,0.0,0.0,100.0,,4.4,1.66,-0.54,99864.0,0.0,1.3,2
GBPUSD,don20,1h,1.0,1.0,True,fundingpips_1step,14,0.5,balance,IS,400,527,0.2,0.0,0.0,0.0,99.8,8.4,8.7,2.48,-0.59,99767.0,0.0,2.8,2
GBPUSD,don20,1h,1.0,1.0,True,fundingpips_1step,7,1.0,fixed,IS,400,527,0.8,0.0,0.0,0.0,99.2,3.4,4.4,3.33,-1.07,99736.0,0.0,1.5,2
GBPUSD,don20,1h,1.0,1.0,True,fundingpips_1step,14,1.0,fixed,IS,400,527,1.9,0.0,0.0,9.7,88.4,8.1,8.5,4.88,-1.17,99544.0,9.7,2.7,2
GBPUSD,don20,1h,1.0,1.0,True,fundingpips_1step,7,1.0,balance,IS,400,527,0.8,0.0,0.0,0.0,99.2,3.4,4.4,3.32,-1.08,99732.0,0.0,1.4,2
GBPUSD,don20,1h,1.0,1.0,True,fundingpips_1step,14,1.0,balance,IS,400,527,1.9,0.0,0.0,8.3,89.8,8.1,8.5,4.88,-1.17,99525.0,8.3,2.6,2
GBPUSD,don20,1h,1.0,1.0,True,fundingpips_1step,7,1.0,ladder,IS,400,527,0.0,0.0,0.0,0.0,100.0,,4.4,2.14,-0.8,99772.0,0.0,1.4,2
GBPUSD,don20,1h,1.0,1.0,True,fundingpips_1step,14,1.0,ladder,IS,400,527,0.4,0.0,0.0,0.0,99.6,10.9,8.7,3.31,-0.97,99576.0,0.0,2.6,2
GBPUSD,don20,1h,1.0,1.0,True,fundingpips_1step,7,1.0,ladder_balance,IS,400,527,0.0,0.0,0.0,0.0,100.0,,4.4,2.15,-0.8,99769.0,0.0,1.4,2
GBPUSD,don20,1h,1.0,1.0,True,fundingpips_1step,14,1.0,ladder_balance,IS,400,527,0.4,0.0,0.0,0.0,99.6,10.9,8.7,3.31,-0.98,99571.0,0.0,2.6,2
GBPUSD,don20,1h,1.0,1.0,True,fundingpips_1step,7,1.5,fixed,IS,400,527,3.8,0.0,1.3,7.8,87.1,2.9,4.3,4.94,-1.6,99577.0,9.1,1.3,2
GBPUSD,don20,1h,1.0,1.0,True,fundingpips_1step,14,1.5,fixed,IS,400,527,7.8,0.0,2.1,28.7,61.5,7.4,7.5,6.71,-1.72,99296.0,30.8,2.2,2
GBPUSD,don20,1h,1.0,1.0,True,fundingpips_1step,7,1.5,balance,IS,400,527,4.0,0.0,1.3,6.6,88.0,2.9,4.3,4.93,-1.6,99585.0,7.9,1.4,2
GBPUSD,don20,1h,1.0,1.0,True,fundingpips_1step,14,1.5,balance,IS,400,527,7.8,0.0,2.5,27.7,62.0,6.3,7.6,6.71,-1.73,99296.0,30.2,2.2,2
GBPUSD,don20,1h,1.0,1.0,True,fundingpips_1step,7,1.5,ladder,IS,400,527,0.2,0.0,0.2,0.0,99.6,4.6,4.4,2.25,-0.86,99740.0,0.2,1.4,2
GBPUSD,don20,1h,1.0,1.0,True,fundingpips_1step,14,1.5,ladder,IS,400,527,1.5,0.0,0.2,0.0,98.3,8.1,8.7,3.55,-1.12,99533.0,0.2,2.5,2
GBPUSD,don20,1h,1.0,1.0,True,fundingpips_1step,7,1.5,ladder_balance,IS,400,527,0.2,0.0,0.2,0.0,99.6,4.6,4.4,2.25,-0.87,99737.0,0.2,1.3,2
GBPUSD,don20,1h,1.0,1.0,True,fundingpips_1step,14,1.5,ladder_balance,IS,400,527,1.5,0.0,0.2,0.0,98.3,8.1,8.7,3.56,-1.12,99528.0,0.2,2.6,2
GBPUSD,don20,1h,1.0,1.0,True,fundingpips_1step,7,2.0,fixed,IS,400,527,6.8,0.0,5.3,19.4,68.5,3.2,4.0,6.28,-2.09,99519.0,24.7,1.3,2
GBPUSD,don20,1h,1.0,1.0,True,fundingpips_1step,14,2.0,fixed,IS,400,527,12.9,0.0,8.5,38.1,40.4,6.5,6.4,7.92,-2.21,99369.0,46.6,2.1,2
GBPUSD,don20,1h,1.0,1.0,True,fundingpips_1step,7,2.0,balance,IS,400,527,6.8,0.0,5.5,18.0,69.6,3.2,4.1,6.27,-2.09,99496.0,23.5,1.3,2
GBPUSD,don20,1h,1.0,1.0,True,fundingpips_1step,14,2.0,balance,IS,400,527,12.9,0.0,9.1,38.3,39.7,6.4,6.5,7.92,-2.22,99335.0,47.4,2.1,2
GBPUSD,don20,1h,1.0,1.0,True,fundingpips_1step,7,2.0,ladder,IS,400,527,0.2,0.0,0.2,0.0,99.6,4.6,4.4,2.26,-0.87,99737.0,0.2,1.5,2
GBPUSD,don20,1h,1.0,1.0,True,fundingpips_1step,14,2.0,ladder,IS,400,527,1.9,0.0,0.2,0.0,97.9,8.1,8.7,3.61,-1.15,99515.0,0.2,2.8,2
GBPUSD,don20,1h,1.0,1.0,True,fundingpips_1step,7,2.0,ladder_balance,IS,400,527,0.2,0.0,0.2,0.0,99.6,4.6,4.4,2.27,-0.88,99734.0,0.2,1.4,2
GBPUSD,don20,1h,1.0,1.0,True,fundingpips_1step,14,2.0,ladder_balance,IS,400,527,1.9,0.0,0.2,0.0,97.9,8.1,8.7,3.62,-1.16,99508.0,0.2,2.7,2
GBPUSD,don20,1h,1.0,1.0,True,fundingpips_1step,7,2.8,fixed,IS,400,527,11.0,0.0,12.5,30.2,46.3,2.9,3.6,7.89,-2.8,99356.0,42.7,1.2,2
GBPUSD,don20,1h,1.0,1.0,True,fundingpips_1step,14,2.8,fixed,IS,400,527,19.0,0.0,17.5,45.0,18.6,5.6,5.0,9.11,-2.91,99459.0,62.5,1.6,2
GBPUSD,don20,1h,1.0,1.0,True,fundingpips_1step,7,2.8,balance,IS,400,527,10.4,0.0,17.5,30.7,41.4,2.8,3.5,7.79,-2.81,99339.0,48.2,1.1,2
GBPUSD,don20,1h,1.0,1.0,True,fundingpips_1step,14,2.8,balance,IS,400,527,15.9,0.0,24.3,45.0,14.8,4.8,4.7,8.74,-2.9,99438.0,69.3,1.1,2
GBPUSD,don20,1h,1.0,1.0,True,fundingpips_1step,7,2.8,ladder,IS,400,527,0.2,0.0,0.2,0.0,99.6,4.6,4.4,2.26,-0.88,99740.0,0.2,1.0,2
GBPUSD,don20,1h,1.0,1.0,True,fundingpips_1step,14,2.8,ladder,IS,400,527,1.9,0.0,0.2,0.0,97.9,8.1,8.7,3.63,-1.17,99510.0,0.2,2.5,2
GBPUSD,don20,1h,1.0,1.0,True,fundingpips_1step,7,2.8,ladder_balance,IS,400,527,0.4,0.0,0.2,0.0,99.4,5.5,4.4,2.27,-0.88,99737.0,0.2,1.3,2
GBPUSD,don20,1h,1.0,1.0,True,fundingpips_1step,14,2.8,ladder_balance,IS,400,527,1.9,0.0,0.8,0.0,97.3,8.1,8.7,3.64,-1.18,99499.0,0.8,1.8,2
XAUUSD,don20,1h,1.0,1.0,True,fundingpips_1step,7,0.5,fixed,IS,400,422,0.0,0.0,0.0,0.0,100.0,,4.1,1.6,-0.53,99807.0,0.0,1.1,2
XAUUSD,don20,1h,1.0,1.0,True,fundingpips_1step,14,0.5,fixed,IS,400,422,0.0,0.0,0.0,0.0,100.0,,8.1,2.41,-0.58,99570.0,0.0,1.9,2
XAUUSD,don20,1h,1.0,1.0,True,fundingpips_1step,7,0.5,balance,IS,400,422,0.0,0.0,0.0,0.0,100.0,,4.1,1.6,-0.53,99807.0,0.0,1.0,2
XAUUSD,don20,1h,1.0,1.0,True,fundingpips_1step,14,0.5,balance,IS,400,422,0.0,0.0,0.0,0.0,100.0,,8.1,2.41,-0.58,99570.0,0.0,1.7,2
XAUUSD,don20,1h,1.0,1.0,True,fundingpips_1step,7,1.0,fixed,IS,400,422,0.5,0.0,0.0,0.0,99.5,5.6,4.1,3.2,-1.05,99615.0,0.0,0.7,2
XAUUSD,don20,1h,1.0,1.0,True,fundingpips_1step,14,1.0,fixed,IS,400,422,1.2,0.0,0.0,7.3,91.5,9.5,8.1,4.78,-1.17,99155.0,7.3,1.3,2
XAUUSD,don20,1h,1.0,1.0,True,fundingpips_1step,7,1.0,balance,IS,400,422,0.5,0.0,0.0,0.0,99.5,5.6,4.1,3.19,-1.06,99616.0,0.0,0.7,2
XAUUSD,don20,1h,1.0,1.0,True,fundingpips_1step,14,1.0,balance,IS,400,422,1.2,0.0,0.0,6.6,92.2,9.5,8.1,4.76,-1.17,99151.0,6.6,1.3,2
XAUUSD,don20,1h,1.0,1.0,True,fundingpips_1step,7,1.0,ladder,IS,400,422,0.5,0.0,0.0,0.0,99.5,5.6,4.1,2.04,-0.77,99763.0,0.0,0.7,2
XAUUSD,don20,1h,1.0,1.0,True,fundingpips_1step,14,1.0,ladder,IS,400,422,0.9,0.0,0.0,0.0,99.1,7.6,8.1,3.18,-0.97,99492.0,0.0,1.3,2
XAUUSD,don20,1h,1.0,1.0,True,fundingpips_1step,7,1.0,ladder_balance,IS,400,422,0.5,0.0,0.0,0.0,99.5,5.6,4.1,2.04,-0.77,99762.0,0.0,0.7,2
XAUUSD,don20,1h,1.0,1.0,True,fundingpips_1step,14,1.0,ladder_balance,IS,400,422,0.9,0.0,0.0,0.0,99.1,7.6,8.1,3.17,-0.97,99492.0,0.0,1.4,2
XAUUSD,don20,1h,1.0,1.0,True,fundingpips_1step,7,1.5,fixed,IS,400,422,1.9,0.0,0.5,5.2,92.4,5.1,4.1,4.79,-1.57,99399.0,5.7,0.7,2
XAUUSD,don20,1h,1.0,1.0,True,fundingpips_1step,14,1.5,fixed,IS,400,422,6.6,0.0,0.7,25.8,66.8,8.9,7.4,6.72,-1.72,98918.0,26.5,1.2,2
XAUUSD,don20,1h,1.0,1.0,True,fundingpips_1step,7,1.5,balance,IS,400,422,2.1,0.0,0.7,5.0,92.2,5.5,4.1,4.77,-1.58,99400.0,5.7,0.7,2
XAUUSD,don20,1h,1.0,1.0,True,fundingpips_1step,14,1.5,balance,IS,400,422,6.4,0.0,1.2,24.6,67.8,8.4,7.4,6.7,-1.73,98888.0,25.8,1.3,2
XAUUSD,don20,1h,1.0,1.0,True,fundingpips_1step,7,1.5,ladder,IS,400,422,0.5,0.0,0.2,0.0,99.3,5.6,4.1,2.12,-0.83,99751.0,0.2,0.7,2
XAUUSD,don20,1h,1.0,1.0,True,fundingpips_1step,14,1.5,ladder,IS,400,422,1.2,0.0,0.5,0.0,98.3,9.5,8.1,3.42,-1.11,99441.0,0.5,1.3,2
XAUUSD,don20,1h,1.0,1.0,True,fundingpips_1step,7,1.5,ladder_balance,IS,400,422,0.5,0.0,0.2,0.0,99.3,5.6,4.1,2.13,-0.83,99750.0,0.2,0.6,2
XAUUSD,don20,1h,1.0,1.0,True,fundingpips_1step,14,1.5,ladder_balance,IS,400,422,1.2,0.0,0.5,0.0,98.3,9.5,8.1,3.42,-1.12,99439.0,0.5,1.3,2
XAUUSD,don20,1h,1.0,1.0,True,fundingpips_1step,7,2.0,fixed,IS,400,422,5.5,0.0,5.5,16.1,73.0,3.7,3.9,6.14,-2.06,99117.0,21.6,0.6,2
XAUUSD,don20,1h,1.0,1.0,True,fundingpips_1step,14,2.0,fixed,IS,400,422,10.0,0.0,9.7,40.0,40.3,6.3,6.2,7.87,-2.21,98640.0,49.7,1.0,2
XAUUSD,don20,1h,1.0,1.0,True,fundingpips_1step,7,2.0,balance,IS,400,422,5.2,0.0,5.2,14.9,74.6,3.7,3.9,6.13,-2.07,99110.0,20.1,0.7,2
XAUUSD,don20,1h,1.0,1.0,True,fundingpips_1step,14,2.0,balance,IS,400,422,10.0,0.0,9.0,40.3,40.8,6.7,6.3,7.91,-2.23,98619.0,49.3,1.0,2
XAUUSD,don20,1h,1.0,1.0,True,fundingpips_1step,7,2.0,ladder,IS,400,422,0.5,0.0,0.2,0.0,99.3,5.6,4.1,2.13,-0.84,99743.0,0.2,0.7,2
XAUUSD,don20,1h,1.0,1.0,True,fundingpips_1step,14,2.0,ladder,IS,400,422,1.2,0.0,0.5,0.0,98.3,9.6,8.1,3.47,-1.15,99427.0,0.5,1.3,2
XAUUSD,don20,1h,1.0,1.0,True,fundingpips_1step,7,2.0,ladder_balance,IS,400,422,0.5,0.0,0.2,0.0,99.3,5.6,4.1,2.14,-0.84,99741.0,0.2,0.7,2
XAUUSD,don20,1h,1.0,1.0,True,fundingpips_1step,14,2.0,ladder_balance,IS,400,422,1.4,0.0,0.5,0.0,98.1,9.1,8.1,3.47,-1.16,99420.0,0.5,1.4,2
XAUUSD,don20,1h,1.0,1.0,True,fundingpips_1step,7,2.8,fixed,IS,400,422,8.5,0.0,16.6,31.5,43.4,3.2,3.4,7.81,-2.79,98777.0,48.1,0.6,2
XAUUSD,don20,1h,1.0,1.0,True,fundingpips_1step,14,2.8,fixed,IS,400,422,12.8,0.0,23.5,46.7,17.1,5.3,4.7,9.13,-2.91,98227.0,70.2,0.8,2
XAUUSD,don20,1h,1.0,1.0,True,fundingpips_1step,7,2.8,balance,IS,400,422,7.8,0.0,22.3,31.5,38.4,3.4,3.4,7.69,-2.79,98767.0,53.8,0.7,2
XAUUSD,don20,1h,1.0,1.0,True,fundingpips_1step,14,2.8,balance,IS,400,422,10.9,0.0,30.3,48.3,10.4,5.1,4.4,8.7,-2.91,98259.0,78.6,0.7,2
XAUUSD,don20,1h,1.0,1.0,True,fundingpips_1step,7,2.8,ladder,IS,400,422,0.5,0.0,0.2,0.0,99.3,5.6,4.1,2.13,-0.84,99742.0,0.2,0.7,2
XAUUSD,don20,1h,1.0,1.0,True,fundingpips_1step,14,2.8,ladder,IS,400,422,1.2,0.0,0.5,0.0,98.3,9.6,8.1,3.48,-1.16,99418.0,0.5,1.4,2
XAUUSD,don20,1h,1.0,1.0,True,fundingpips_1step,7,2.8,ladder_balance,IS,400,422,0.5,0.0,0.2,0.0,99.3,5.6,4.1,2.14,-0.84,99740.0,0.2,0.7,2
XAUUSD,don20,1h,1.0,1.0,True,fundingpips_1step,14,2.8,ladder_balance,IS,400,422,1.4,0.0,0.7,0.0,97.9,9.1,8.1,3.48,-1.16,99412.0,0.7,1.4,2
XAUUSD,don20,1h,1.0,1.0,False,fundingpips_1step,7,0.5,fixed,IS,400,422,0.0,0.0,0.0,0.0,100.0,,4.1,1.61,-0.53,99805.0,0.0,1.0,2
XAUUSD,don20,1h,1.0,1.0,False,fundingpips_1step,14,0.5,fixed,IS,400,422,0.0,0.0,0.0,0.0,100.0,,8.1,2.43,-0.59,99571.0,0.0,1.6,2
XAUUSD,don20,1h,1.0,1.0,False,fundingpips_1step,7,0.5,balance,IS,400,422,0.0,0.0,0.0,0.0,100.0,,4.1,1.61,-0.53,99805.0,0.0,0.8,2
XAUUSD,don20,1h,1.0,1.0,False,fundingpips_1step,14,0.5,balance,IS,400,422,0.0,0.0,0.0,0.0,100.0,,8.1,2.42,-0.6,99572.0,0.0,1.5,2
XAUUSD,don20,1h,1.0,1.0,False,fundingpips_1step,7,1.0,fixed,IS,400,422,0.5,0.0,0.0,0.0,99.5,5.6,4.1,3.22,-1.06,99610.0,0.0,0.7,2
XAUUSD,don20,1h,1.0,1.0,False,fundingpips_1step,14,1.0,fixed,IS,400,422,1.4,0.0,0.0,7.8,90.8,9.5,8.0,4.8,-1.19,99162.0,7.8,1.3,2
XAUUSD,don20,1h,1.0,1.0,False,fundingpips_1step,7,1.0,balance,IS,400,422,0.5,0.0,0.0,0.0,99.5,5.6,4.1,3.21,-1.07,99611.0,0.0,0.7,2
XAUUSD,don20,1h,1.0,1.0,False,fundingpips_1step,14,1.0,balance,IS,400,422,1.4,0.0,0.0,7.1,91.5,9.5,8.0,4.79,-1.19,99159.0,7.1,1.3,2
XAUUSD,don20,1h,1.0,1.0,False,fundingpips_1step,7,1.0,ladder,IS,400,422,0.5,0.0,0.0,0.0,99.5,5.6,4.1,2.05,-0.78,99764.0,0.0,0.7,2
XAUUSD,don20,1h,1.0,1.0,False,fundingpips_1step,14,1.0,ladder,IS,400,422,0.9,0.0,0.0,0.0,99.1,7.6,8.1,3.19,-0.98,99498.0,0.0,1.4,2
XAUUSD,don20,1h,1.0,1.0,False,fundingpips_1step,7,1.0,ladder_balance,IS,400,422,0.5,0.0,0.0,0.0,99.5,5.6,4.1,2.05,-0.78,99764.0,0.0,0.6,2
XAUUSD,don20,1h,1.0,1.0,False,fundingpips_1step,14,1.0,ladder_balance,IS,400,422,0.9,0.0,0.0,0.0,99.1,7.6,8.1,3.19,-0.98,99498.0,0.0,1.4,2
XAUUSD,don20,1h,1.0,1.0,False,fundingpips_1step,7,1.5,fixed,IS,400,422,2.1,0.0,0.9,5.5,91.5,5.5,4.0,4.82,-1.59,99389.0,6.4,0.7,2
XAUUSD,don20,1h,1.0,1.0,False,fundingpips_1step,14,1.5,fixed,IS,400,422,6.4,0.0,1.9,26.1,65.6,8.7,7.3,6.7,-1.75,98933.0,28.0,1.2,2
XAUUSD,don20,1h,1.0,1.0,False,fundingpips_1step,7,1.5,balance,IS,400,422,2.1,0.0,0.9,5.2,91.7,5.5,4.0,4.8,-1.59,99388.0,6.1,0.8,2
XAUUSD,don20,1h,1.0,1.0,False,fundingpips_1step,14,1.5,balance,IS,400,422,6.4,0.0,1.9,25.1,66.6,8.6,7.3,6.7,-1.75,98915.0,27.0,1.2,2
XAUUSD,don20,1h,1.0,1.0,False,fundingpips_1step,7,1.5,ladder,IS,400,422,0.5,0.0,0.2,0.0,99.3,5.6,4.1,2.14,-0.84,99753.0,0.2,0.8,2
XAUUSD,don20,1h,1.0,1.0,False,fundingpips_1step,14,1.5,ladder,IS,400,422,1.2,0.0,0.5,0.0,98.3,9.5,8.1,3.44,-1.12,99447.0,0.5,1.5,2
XAUUSD,don20,1h,1.0,1.0,False,fundingpips_1step,7,1.5,ladder_balance,IS,400,422,0.5,0.0,0.2,0.0,99.3,5.6,4.1,2.14,-0.84,99751.0,0.2,0.6,2
XAUUSD,don20,1h,1.0,1.0,False,fundingpips_1step,14,1.5,ladder_balance,IS,400,422,1.2,0.0,0.5,0.0,98.3,9.5,8.1,3.45,-1.13,99444.0,0.5,1.3,2
XAUUSD,don20,1h,1.0,1.0,False,fundingpips_1step,7,2.0,fixed,IS,400,422,4.7,0.0,6.4,16.6,72.3,3.6,3.8,6.17,-2.08,99121.0,23.0,0.7,2
XAUUSD,don20,1h,1.0,1.0,False,fundingpips_1step,14,2.0,fixed,IS,400,422,9.5,0.0,11.8,39.6,39.1,6.9,6.1,7.85,-2.24,98720.0,51.4,1.0,2
XAUUSD,don20,1h,1.0,1.0,False,fundingpips_1step,7,2.0,balance,IS,400,422,4.5,0.0,6.2,15.9,73.5,3.7,3.8,6.15,-2.09,99100.0,22.1,0.6,2
XAUUSD,don20,1h,1.0,1.0,False,fundingpips_1step,14,2.0,balance,IS,400,422,9.5,0.0,11.1,39.6,39.8,7.4,6.2,7.89,-2.26,98678.0,50.7,1.0,2
XAUUSD,don20,1h,1.0,1.0,False,fundingpips_1step,7,2.0,ladder,IS,400,422,0.5,0.0,0.2,0.0,99.3,5.6,4.1,2.15,-0.85,99743.0,0.2,0.7,2
XAUUSD,don20,1h,1.0,1.0,False,fundingpips_1step,14,2.0,ladder,IS,400,422,1.2,0.0,0.5,0.0,98.3,9.6,8.1,3.5,-1.16,99433.0,0.5,1.4,2
XAUUSD,don20,1h,1.0,1.0,False,fundingpips_1step,7,2.0,ladder_balance,IS,400,422,0.5,0.0,0.2,0.0,99.3,5.6,4.1,2.16,-0.85,99741.0,0.2,0.7,2
XAUUSD,don20,1h,1.0,1.0,False,fundingpips_1step,14,2.0,ladder_balance,IS,400,422,1.4,0.0,0.5,0.0,98.1,9.1,8.1,3.5,-1.17,99426.0,0.5,1.4,2
XAUUSD,don20,1h,1.0,1.0,False,fundingpips_1step,7,2.8,fixed,IS,400,422,8.3,0.0,17.1,31.8,42.9,3.4,3.4,7.82,-2.8,98784.0,48.9,0.6,2
XAUUSD,don20,1h,1.0,1.0,False,fundingpips_1step,14,2.8,fixed,IS,400,422,13.3,0.0,24.2,46.4,16.1,5.7,4.6,9.09,-2.93,98370.0,70.6,0.8,2
XAUUSD,don20,1h,1.0,1.0,False,fundingpips_1step,7,2.8,balance,IS,400,422,7.6,0.0,22.7,31.8,37.9,3.4,3.3,7.7,-2.81,98789.0,54.5,0.6,2
XAUUSD,don20,1h,1.0,1.0,False,fundingpips_1step,14,2.8,balance,IS,400,422,11.1,0.0,31.0,47.4,10.4,5.4,4.3,8.67,-2.93,98370.0,78.4,0.7,2
XAUUSD,don20,1h,1.0,1.0,False,fundingpips_1step,7,2.8,ladder,IS,400,422,0.5,0.0,0.2,0.0,99.3,5.6,4.1,2.15,-0.85,99740.0,0.2,0.8,2
XAUUSD,don20,1h,1.0,1.0,False,fundingpips_1step,14,2.8,ladder,IS,400,422,1.2,0.0,0.5,0.0,98.3,9.6,8.1,3.52,-1.18,99420.0,0.5,1.4,2
XAUUSD,don20,1h,1.0,1.0,False,fundingpips_1step,7,2.8,ladder_balance,IS,400,422,0.5,0.0,0.2,0.0,99.3,5.6,4.1,2.16,-0.85,99739.0,0.2,0.7,2
XAUUSD,don20,1h,1.0,1.0,False,fundingpips_1step,14,2.8,ladder_balance,IS,400,422,1.4,0.0,0.9,0.0,97.6,9.1,8.1,3.52,-1.18,99411.0,0.9,1.3,2
BTCUSD,don55,1h,1.0,1.0,True,fundingpips_1step,7,0.5,fixed,IS,400,390,0.0,0.0,0.0,0.0,100.0,,3.5,1.45,-0.49,99992.0,0.0,0.7,2
BTCUSD,don55,1h,1.0,1.0,True,fundingpips_1step,14,0.5,fixed,IS,400,390,0.0,0.0,0.0,0.0,100.0,,6.9,2.17,-0.53,99995.0,0.0,1.3,2
BTCUSD,don55,1h,1.0,1.0,True,fundingpips_1step,7,0.5,balance,IS,400,390,0.0,0.0,0.0,0.0,100.0,,3.5,1.44,-0.49,99992.0,0.0,0.7,2
BTCUSD,don55,1h,1.0,1.0,True,fundingpips_1step,14,0.5,balance,IS,400,390,0.0,0.0,0.0,0.0,100.0,,6.9,2.17,-0.53,99994.0,0.0,1.4,2
BTCUSD,don55,1h,1.0,1.0,True,fundingpips_1step,7,1.0,fixed,IS,400,390,1.0,0.0,0.0,0.0,99.0,4.6,3.5,2.9,-0.98,99969.0,0.0,0.7,2
BTCUSD,don55,1h,1.0,1.0,True,fundingpips_1step,14,1.0,fixed,IS,400,390,2.6,0.0,0.0,1.5,95.9,7.7,6.9,4.36,-1.05,99954.0,1.5,1.3,2
BTCUSD,don55,1h,1.0,1.0,True,fundingpips_1step,7,1.0,balance,IS,400,390,1.0,0.0,0.0,0.0,99.0,4.6,3.5,2.89,-0.98,99967.0,0.0,0.7,2
BTCUSD,don55,1h,1.0,1.0,True,fundingpips_1step,14,1.0,balance,IS,400,390,2.8,0.0,0.0,1.0,96.2,8.3,6.9,4.35,-1.05,99950.0,1.0,1.5,2
BTCUSD,don55,1h,1.0,1.0,True,fundingpips_1step,7,1.0,ladder,IS,400,390,0.0,0.0,0.0,0.0,100.0,,3.5,1.84,-0.69,100019.0,0.0,0.7,2
BTCUSD,don55,1h,1.0,1.0,True,fundingpips_1step,14,1.0,ladder,IS,400,390,0.3,0.0,0.0,0.0,99.7,7.1,6.9,2.89,-0.88,100038.0,0.0,1.4,2
BTCUSD,don55,1h,1.0,1.0,True,fundingpips_1step,7,1.0,ladder_balance,IS,400,390,0.0,0.0,0.0,0.0,100.0,,3.5,1.85,-0.69,100019.0,0.0,0.7,2
BTCUSD,don55,1h,1.0,1.0,True,fundingpips_1step,14,1.0,ladder_balance,IS,400,390,0.8,0.0,0.0,0.0,99.2,12.9,6.9,2.89,-0.89,100037.0,0.0,1.4,2
BTCUSD,don55,1h,1.0,1.0,True,fundingpips_1step,7,1.5,fixed,IS,400,390,2.6,0.0,0.0,2.1,95.4,5.8,3.4,4.33,-1.46,99949.0,2.1,0.9,2
BTCUSD,don55,1h,1.0,1.0,True,fundingpips_1step,14,1.5,fixed,IS,400,390,6.9,0.0,0.0,22.6,70.5,7.9,6.5,6.29,-1.55,99873.0,22.6,1.3,2
BTCUSD,don55,1h,1.0,1.0,True,fundingpips_1step,7,1.5,balance,IS,400,390,2.6,0.0,0.0,1.8,95.6,5.8,3.4,4.33,-1.47,99941.0,1.8,0.7,2
BTCUSD,don55,1h,1.0,1.0,True,fundingpips_1step,14,1.5,balance,IS,400,390,6.9,0.0,0.0,21.3,71.8,7.9,6.5,6.29,-1.56,99848.0,21.3,1.4,2
BTCUSD,don55,1h,1.0,1.0,True,fundingpips_1step,7,1.5,ladder,IS,400,390,0.3,0.0,0.0,0.0,99.7,6.1,3.5,1.91,-0.73,100006.0,0.0,0.7,2
BTCUSD,don55,1h,1.0,1.0,True,fundingpips_1step,14,1.5,ladder,IS,400,390,1.5,0.0,0.0,0.0,98.5,10.6,6.9,3.13,-1.03,100024.0,0.0,1.4,2
BTCUSD,don55,1h,1.0,1.0,True,fundingpips_1step,7,1.5,ladder_balance,IS,400,390,0.3,0.0,0.0,0.0,99.7,6.1,3.5,1.92,-0.74,100006.0,0.0,0.8,2
BTCUSD,don55,1h,1.0,1.0,True,fundingpips_1step,14,1.5,ladder_balance,IS,400,390,2.1,0.0,0.0,0.0,97.9,10.4,6.9,3.13,-1.04,100032.0,0.0,1.4,2
BTCUSD,don55,1h,1.0,1.0,True,fundingpips_1step,7,2.0,fixed,IS,400,390,5.1,0.0,1.5,11.8,81.5,4.9,3.4,5.68,-1.94,99814.0,13.3,0.8,2
BTCUSD,don55,1h,1.0,1.0,True,fundingpips_1step,14,2.0,fixed,IS,400,390,8.2,0.0,1.5,34.9,55.4,5.9,5.7,7.71,-2.03,99710.0,36.4,1.1,2
BTCUSD,don55,1h,1.0,1.0,True,fundingpips_1step,7,2.0,balance,IS,400,390,6.2,0.0,1.0,10.3,82.6,4.9,3.4,5.69,-1.94,99803.0,11.3,0.7,2
BTCUSD,don55,1h,1.0,1.0,True,fundingpips_1step,14,2.0,balance,IS,400,390,9.2,0.0,1.0,34.9,54.9,5.8,5.8,7.73,-2.03,99686.0,35.9,1.1,2
BTCUSD,don55,1h,1.0,1.0,True,fundingpips_1step,7,2.0,ladder,IS,400,390,0.3,0.0,0.0,0.0,99.7,6.1,3.5,1.92,-0.74,100000.0,0.0,0.7,2
BTCUSD,don55,1h,1.0,1.0,True,fundingpips_1step,14,2.0,ladder,IS,400,390,2.8,0.0,0.0,0.0,97.2,11.1,6.9,3.19,-1.07,100064.0,0.0,1.3,2
BTCUSD,don55,1h,1.0,1.0,True,fundingpips_1step,7,2.0,ladder_balance,IS,400,390,0.3,0.0,0.0,0.0,99.7,6.1,3.5,1.92,-0.74,100000.0,0.0,0.7,2
BTCUSD,don55,1h,1.0,1.0,True,fundingpips_1step,14,2.0,ladder_balance,IS,400,390,2.8,0.0,0.0,0.0,97.2,11.1,6.9,3.21,-1.08,100064.0,0.0,1.3,2
BTCUSD,don55,1h,1.0,1.0,True,fundingpips_1step,7,2.8,fixed,IS,400,390,11.5,0.0,12.3,22.3,53.8,4.0,3.0,7.3,-2.61,100016.0,34.6,0.6,2
BTCUSD,don55,1h,1.0,1.0,True,fundingpips_1step,14,2.8,fixed,IS,400,390,18.2,0.0,14.1,39.0,28.7,5.8,4.5,9.0,-2.7,100222.0,53.1,0.8,2
BTCUSD,don55,1h,1.0,1.0,True,fundingpips_1step,7,2.8,balance,IS,400,390,10.5,0.0,19.7,23.1,46.7,4.0,2.9,7.14,-2.63,100065.0,42.8,0.6,2
BTCUSD,don55,1h,1.0,1.0,True,fundingpips_1step,14,2.8,balance,IS,400,390,15.4,0.0,28.5,41.3,14.9,5.1,4.0,8.33,-2.74,100357.0,69.8,0.7,2
BTCUSD,don55,1h,1.0,1.0,True,fundingpips_1step,7,2.8,ladder,IS,400,390,0.3,0.0,0.0,0.0,99.7,6.1,3.5,1.92,-0.74,100000.0,0.0,0.7,2
BTCUSD,don55,1h,1.0,1.0,True,fundingpips_1step,14,2.8,ladder,IS,400,390,2.8,0.0,0.0,0.0,97.2,11.1,6.9,3.19,-1.07,100061.0,0.0,1.4,2
BTCUSD,don55,1h,1.0,1.0,True,fundingpips_1step,7,2.8,ladder_balance,IS,400,390,0.3,0.0,0.0,0.0,99.7,6.1,3.5,1.92,-0.74,100000.0,0.0,0.7,2
BTCUSD,don55,1h,1.0,1.0,True,fundingpips_1step,14,2.8,ladder_balance,IS,400,390,2.8,0.0,0.0,0.0,97.2,11.1,6.9,3.21,-1.08,100061.0,0.0,1.4,2
BTCUSD,don55,1h,1.0,1.0,False,fundingpips_1step,7,0.5,fixed,IS,400,390,0.0,0.0,0.0,0.0,100.0,,3.5,1.46,-0.49,99973.0,0.0,0.7,2
BTCUSD,don55,1h,1.0,1.0,False,fundingpips_1step,14,0.5,fixed,IS,400,390,0.0,0.0,0.0,0.0,100.0,,6.9,2.19,-0.53,99957.0,0.0,1.3,2
BTCUSD,don55,1h,1.0,1.0,False,fundingpips_1step,7,0.5,balance,IS,400,390,0.0,0.0,0.0,0.0,100.0,,3.5,1.46,-0.49,99973.0,0.0,0.7,2
BTCUSD,don55,1h,1.0,1.0,False,fundingpips_1step,14,0.5,balance,IS,400,390,0.0,0.0,0.0,0.0,100.0,,6.9,2.19,-0.53,99956.0,0.0,1.3,2
BTCUSD,don55,1h,1.0,1.0,False,fundingpips_1step,7,1.0,fixed,IS,400,390,1.0,0.0,0.0,0.0,99.0,4.6,3.5,2.92,-0.98,99931.0,0.0,0.7,2
BTCUSD,don55,1h,1.0,1.0,False,fundingpips_1step,14,1.0,fixed,IS,400,390,2.6,0.0,0.0,1.5,95.9,7.7,6.9,4.39,-1.05,99877.0,1.5,1.5,2
BTCUSD,don55,1h,1.0,1.0,False,fundingpips_1step,7,1.0,balance,IS,400,390,1.0,0.0,0.0,0.0,99.0,4.6,3.5,2.92,-0.98,99928.0,0.0,0.6,2
BTCUSD,don55,1h,1.0,1.0,False,fundingpips_1step,14,1.0,balance,IS,400,390,2.6,0.0,0.0,1.0,96.4,7.7,6.9,4.38,-1.06,99872.0,1.0,1.4,2
BTCUSD,don55,1h,1.0,1.0,False,fundingpips_1step,7,1.0,ladder,IS,400,390,0.0,0.0,0.0,0.0,100.0,,3.5,1.84,-0.69,99962.0,0.0,0.8,2
BTCUSD,don55,1h,1.0,1.0,False,fundingpips_1step,14,1.0,ladder,IS,400,390,0.0,0.0,0.0,0.0,100.0,,6.9,2.9,-0.89,99910.0,0.0,1.4,2
BTCUSD,don55,1h,1.0,1.0,False,fundingpips_1step,7,1.0,ladder_balance,IS,400,390,0.0,0.0,0.0,0.0,100.0,,3.5,1.84,-0.69,99961.0,0.0,0.7,2
BTCUSD,don55,1h,1.0,1.0,False,fundingpips_1step,14,1.0,ladder_balance,IS,400,390,0.0,0.0,0.0,0.0,100.0,,6.9,2.91,-0.9,99907.0,0.0,1.6,2
BTCUSD,don55,1h,1.0,1.0,False,fundingpips_1step,7,1.5,fixed,IS,400,390,2.1,0.0,0.0,2.1,95.9,5.5,3.4,4.37,-1.46,99892.0,2.1,0.7,2
BTCUSD,don55,1h,1.0,1.0,False,fundingpips_1step,14,1.5,fixed,IS,400,390,6.7,0.0,0.0,22.8,70.5,10.4,6.5,6.32,-1.56,99783.0,22.8,1.3,2
BTCUSD,don55,1h,1.0,1.0,False,fundingpips_1step,7,1.5,balance,IS,400,390,2.1,0.0,0.0,1.8,96.2,5.5,3.4,4.37,-1.47,99883.0,1.8,0.7,2
BTCUSD,don55,1h,1.0,1.0,False,fundingpips_1step,14,1.5,balance,IS,400,390,6.7,0.0,0.0,21.3,72.1,10.4,6.5,6.34,-1.57,99744.0,21.3,1.2,2
BTCUSD,don55,1h,1.0,1.0,False,fundingpips_1step,7,1.5,ladder,IS,400,390,0.0,0.0,0.0,0.0,100.0,,3.5,1.9,-0.74,99937.0,0.0,0.7,2
BTCUSD,don55,1h,1.0,1.0,False,fundingpips_1step,14,1.5,ladder,IS,400,390,0.0,0.0,0.0,0.0,100.0,,6.9,3.13,-1.05,99839.0,0.0,1.3,2
BTCUSD,don55,1h,1.0,1.0,False,fundingpips_1step,7,1.5,ladder_balance,IS,400,390,0.0,0.0,0.0,0.0,100.0,,3.5,1.91,-0.74,99936.0,0.0,0.7,2
BTCUSD,don55,1h,1.0,1.0,False,fundingpips_1step,14,1.5,ladder_balance,IS,400,390,0.5,0.0,0.0,0.0,99.5,9.3,6.9,3.13,-1.06,99843.0,0.0,1.4,2
BTCUSD,don55,1h,1.0,1.0,False,fundingpips_1step,7,2.0,fixed,IS,400,390,5.9,0.0,1.5,11.8,80.8,4.8,3.3,5.72,-1.94,99753.0,13.3,0.8,2
BTCUSD,don55,1h,1.0,1.0,False,fundingpips_1step,14,2.0,fixed,IS,400,390,9.2,0.0,1.5,34.9,54.4,5.8,5.7,7.73,-2.03,99656.0,36.4,1.2,2
BTCUSD,don55,1h,1.0,1.0,False,fundingpips_1step,7,2.0,balance,IS,400,390,6.9,0.0,1.0,10.3,81.8,4.8,3.4,5.73,-1.94,99744.0,11.3,0.8,2
BTCUSD,don55,1h,1.0,1.0,False,fundingpips_1step,14,2.0,balance,IS,400,390,10.3,0.0,1.0,34.9,53.8,5.8,5.8,7.74,-2.03,99628.0,35.9,1.2,2
BTCUSD,don55,1h,1.0,1.0,False,fundingpips_1step,7,2.0,ladder,IS,400,390,0.0,0.0,0.0,0.0,100.0,,3.5,1.91,-0.74,99931.0,0.0,0.8,2
BTCUSD,don55,1h,1.0,1.0,False,fundingpips_1step,14,2.0,ladder,IS,400,390,1.3,0.0,0.0,0.0,98.7,11.8,6.9,3.16,-1.08,99844.0,0.0,1.4,2
BTCUSD,don55,1h,1.0,1.0,False,fundingpips_1step,7,2.0,ladder_balance,IS,400,390,0.0,0.0,0.0,0.0,100.0,,3.5,1.91,-0.75,99930.0,0.0,0.7,2
BTCUSD,don55,1h,1.0,1.0,False,fundingpips_1step,14,2.0,ladder_balance,IS,400,390,1.3,0.0,0.0,0.0,98.7,11.8,6.9,3.17,-1.09,99839.0,0.0,1.4,2
BTCUSD,don55,1h,1.0,1.0,False,fundingpips_1step,7,2.8,fixed,IS,400,390,11.8,0.0,12.6,23.1,52.6,3.9,3.0,7.33,-2.62,99908.0,35.7,0.6,2
BTCUSD,don55,1h,1.0,1.0,False,fundingpips_1step,14,2.8,fixed,IS,400,390,17.9,0.0,14.4,41.3,26.4,5.8,4.4,8.99,-2.71,100074.0,55.7,0.8,2
BTCUSD,don55,1h,1.0,1.0,False,fundingpips_1step,7,2.8,balance,IS,400,390,10.8,0.0,18.7,24.9,45.6,3.9,2.9,7.18,-2.63,99913.0,43.6,0.6,2
BTCUSD,don55,1h,1.0,1.0,False,fundingpips_1step,14,2.8,balance,IS,400,390,16.2,0.0,26.9,44.6,12.3,5.7,4.0,8.34,-2.74,100152.0,71.5,0.8,2
BTCUSD,don55,1h,1.0,1.0,False,fundingpips_1step,7,2.8,ladder,IS,400,390,0.0,0.0,0.0,0.0,100.0,,3.5,1.91,-0.74,99931.0,0.0,0.7,2
BTCUSD,don55,1h,1.0,1.0,False,fundingpips_1step,14,2.8,ladder,IS,400,390,1.3,0.0,0.0,0.0,98.7,11.8,6.9,3.17,-1.08,99841.0,0.0,1.4,2
BTCUSD,don55,1h,1.0,1.0,False,fundingpips_1step,7,2.8,ladder_balance,IS,400,390,0.0,0.0,0.0,0.0,100.0,,3.5,1.91,-0.75,99930.0,0.0,0.7,2
BTCUSD,don55,1h,1.0,1.0,False,fundingpips_1step,14,2.8,ladder_balance,IS,400,390,1.3,0.0,0.0,0.0,98.7,11.8,6.9,3.18,-1.1,99836.0,0.0,1.4,2
EURUSD,don20,1h,1.0,1.0,True,fundingpips_1step,7,0.5,fixed,IS,400,527,0.0,0.0,0.0,0.0,100.0,,4.4,1.66,-0.52,99677.0,0.0,0.9,2
EURUSD,don20,1h,1.0,1.0,True,fundingpips_1step,14,0.5,fixed,IS,400,527,0.0,0.0,0.0,0.0,100.0,,8.8,2.53,-0.57,99357.0,0.0,1.7,2
EURUSD,don20,1h,1.0,1.0,True,fundingpips_1step,7,0.5,balance,IS,400,527,0.0,0.0,0.0,0.0,100.0,,4.4,1.66,-0.52,99677.0,0.0,0.9,2
EURUSD,don20,1h,1.0,1.0,True,fundingpips_1step,14,0.5,balance,IS,400,527,0.0,0.0,0.0,0.0,100.0,,8.8,2.52,-0.57,99358.0,0.0,1.7,2
EURUSD,don20,1h,1.0,1.0,True,fundingpips_1step,7,1.0,fixed,IS,400,527,0.6,0.0,0.0,0.0,99.4,1.4,4.4,3.32,-1.03,99359.0,0.0,0.9,2
EURUSD,don20,1h,1.0,1.0,True,fundingpips_1step,14,1.0,fixed,IS,400,527,1.7,0.0,0.0,11.6,86.7,7.9,8.6,4.98,-1.13,98705.0,11.6,1.8,2
EURUSD,don20,1h,1.0,1.0,True,fundingpips_1step,7,1.0,balance,IS,400,527,0.6,0.0,0.0,0.0,99.4,1.4,4.4,3.31,-1.03,99361.0,0.0,0.9,2
EURUSD,don20,1h,1.0,1.0,True,fundingpips_1step,14,1.0,balance,IS,400,527,1.7,0.0,0.0,9.5,88.8,7.9,8.6,4.96,-1.13,98721.0,9.5,1.7,2
EURUSD,don20,1h,1.0,1.0,True,fundingpips_1step,7,1.0,ladder,IS,400,527,0.0,0.0,0.0,0.0,100.0,,4.4,2.09,-0.75,99601.0,0.0,0.9,2
EURUSD,don20,1h,1.0,1.0,True,fundingpips_1step,14,1.0,ladder,IS,400,527,0.0,0.0,0.0,0.0,100.0,,8.8,3.28,-0.92,99193.0,0.0,1.7,2
EURUSD,don20,1h,1.0,1.0,True,fundingpips_1step,7,1.0,ladder_balance,IS,400,527,0.0,0.0,0.0,0.0,100.0,,4.4,2.09,-0.75,99601.0,0.0,0.9,2
EURUSD,don20,1h,1.0,1.0,True,fundingpips_1step,14,1.0,ladder_balance,IS,400,527,0.0,0.0,0.0,0.0,100.0,,8.8,3.28,-0.93,99193.0,0.0,1.6,2
EURUSD,don20,1h,1.0,1.0,True,fundingpips_1step,7,1.5,fixed,IS,400,527,2.5,0.0,0.6,6.1,90.9,3.4,4.3,4.94,-1.54,99032.0,6.7,0.9,2
EURUSD,don20,1h,1.0,1.0,True,fundingpips_1step,14,1.5,fixed,IS,400,527,5.3,0.0,1.3,32.4,60.9,7.5,7.7,6.84,-1.66,98226.0,33.7,2.0,2
EURUSD,don20,1h,1.0,1.0,True,fundingpips_1step,7,1.5,balance,IS,400,527,2.8,0.0,0.6,4.7,91.8,3.6,4.3,4.92,-1.54,99042.0,5.3,1.5,2
EURUSD,don20,1h,1.0,1.0,True,fundingpips_1step,14,1.5,balance,IS,400,527,5.5,0.0,1.3,31.7,61.5,6.5,7.7,6.83,-1.66,98224.0,33.0,2.5,2
EURUSD,don20,1h,1.0,1.0,True,fundingpips_1step,7,1.5,ladder,IS,400,527,0.4,0.0,0.0,0.0,99.6,3.6,4.4,2.19,-0.81,99590.0,0.0,1.6,2
EURUSD,don20,1h,1.0,1.0,True,fundingpips_1step,14,1.5,ladder,IS,400,527,1.1,0.0,0.0,0.0,98.9,8.6,8.7,3.53,-1.06,99181.0,0.0,2.5,2
EURUSD,don20,1h,1.0,1.0,True,fundingpips_1step,7,1.5,ladder_balance,IS,400,527,0.4,0.0,0.0,0.0,99.6,3.6,4.4,2.19,-0.81,99590.0,0.0,1.3,2
EURUSD,don20,1h,1.0,1.0,True,fundingpips_1step,14,1.5,ladder_balance,IS,400,527,1.3,0.0,0.0,0.0,98.7,8.8,8.7,3.53,-1.06,99181.0,0.0,2.5,2
EURUSD,don20,1h,1.0,1.0,True,fundingpips_1step,7,2.0,fixed,IS,400,527,4.7,0.0,2.5,21.1,71.7,3.8,4.1,6.34,-2.04,98771.0,23.6,1.2,2
EURUSD,don20,1h,1.0,1.0,True,fundingpips_1step,14,2.0,fixed,IS,400,527,9.9,0.0,4.7,47.2,38.1,7.2,6.6,8.1,-2.16,98145.0,51.9,1.8,2
EURUSD,don20,1h,1.0,1.0,True,fundingpips_1step,7,2.0,balance,IS,400,527,4.6,0.0,2.3,19.9,73.2,3.8,4.2,6.35,-2.04,98761.0,22.2,1.3,2
EURUSD,don20,1h,1.0,1.0,True,fundingpips_1step,14,2.0,balance,IS,400,527,9.7,0.0,4.6,46.9,38.9,7.2,6.7,8.16,-2.16,98105.0,51.5,1.9,2
EURUSD,don20,1h,1.0,1.0,True,fundingpips_1step,7,2.0,ladder,IS,400,527,0.4,0.0,0.0,0.0,99.6,3.6,4.4,2.21,-0.82,99590.0,0.0,1.4,2
EURUSD,don20,1h,1.0,1.0,True,fundingpips_1step,14,2.0,ladder,IS,400,527,1.1,0.0,0.0,0.0,98.9,8.6,8.7,3.59,-1.1,99163.0,0.0,2.6,2
EURUSD,don20,1h,1.0,1.0,True,fundingpips_1step,7,2.0,ladder_balance,IS,400,527,0.4,0.0,0.0,0.0,99.6,3.6,4.4,2.21,-0.82,99590.0,0.0,1.5,2
EURUSD,don20,1h,1.0,1.0,True,fundingpips_1step,14,2.0,ladder_balance,IS,400,527,1.1,0.0,0.0,0.0,98.9,8.6,8.7,3.6,-1.11,99163.0,0.0,2.6,2
EURUSD,don20,1h,1.0,1.0,True,fundingpips_1step,7,2.8,fixed,IS,400,527,8.3,0.0,11.2,36.8,43.6,3.6,3.6,8.05,-2.77,98443.0,48.0,1.1,2
EURUSD,don20,1h,1.0,1.0,True,fundingpips_1step,14,2.8,fixed,IS,400,527,13.3,0.0,17.5,53.9,15.4,5.8,4.9,9.43,-2.88,97898.0,71.4,1.4,2
EURUSD,don20,1h,1.0,1.0,True,fundingpips_1step,7,2.8,balance,IS,400,527,8.7,0.0,13.3,38.7,39.3,3.6,3.6,7.95,-2.77,98481.0,52.0,1.1,2
EURUSD,don20,1h,1.0,1.0,True,fundingpips_1step,14,2.8,balance,IS,400,527,12.7,0.0,20.7,56.2,10.4,5.5,4.7,9.08,-2.87,97879.0,76.9,1.4,2
EURUSD,don20,1h,1.0,1.0,True,fundingpips_1step,7,2.8,ladder,IS,400,527,0.4,0.0,0.0,0.0,99.6,3.6,4.4,2.21,-0.82,99591.0,0.0,1.4,2
EURUSD,don20,1h,1.0,1.0,True,fundingpips_1step,14,2.8,ladder,IS,400,527,1.1,0.0,0.0,0.0,98.9,8.6,8.7,3.62,-1.11,99155.0,0.0,2.6,2
EURUSD,don20,1h,1.0,1.0,True,fundingpips_1step,7,2.8,ladder_balance,IS,400,527,0.4,0.0,0.0,0.0,99.6,3.6,4.4,2.21,-0.82,99591.0,0.0,1.4,2
EURUSD,don20,1h,1.0,1.0,True,fundingpips_1step,14,2.8,ladder_balance,IS,400,527,1.3,0.0,0.4,0.0,98.3,8.4,8.7,3.62,-1.12,99162.0,0.4,2.7,2
EURUSD,don20,1h,1.0,1.0,False,fundingpips_1step,7,0.5,fixed,IS,400,527,0.0,0.0,0.0,0.0,100.0,,4.4,1.67,-0.53,99669.0,0.0,1.0,2
EURUSD,don20,1h,1.0,1.0,False,fundingpips_1step,14,0.5,fixed,IS,400,527,0.0,0.0,0.0,0.0,100.0,,8.7,2.54,-0.58,99351.0,0.0,1.7,2
EURUSD,don20,1h,1.0,1.0,False,fundingpips_1step,7,0.5,balance,IS,400,527,0.0,0.0,0.0,0.0,100.0,,4.4,1.67,-0.53,99670.0,0.0,0.9,2
EURUSD,don20,1h,1.0,1.0,False,fundingpips_1step,14,0.5,balance,IS,400,527,0.0,0.0,0.0,0.0,100.0,,8.7,2.53,-0.58,99353.0,0.0,1.8,2
EURUSD,don20,1h,1.0,1.0,False,fundingpips_1step,7,1.0,fixed,IS,400,527,0.6,0.0,0.0,0.0,99.4,1.4,4.4,3.34,-1.05,99345.0,0.0,1.0,2
EURUSD,don20,1h,1.0,1.0,False,fundingpips_1step,14,1.0,fixed,IS,400,527,1.7,0.0,0.0,11.6,86.7,8.4,8.6,5.0,-1.15,98692.0,11.6,1.7,2
EURUSD,don20,1h,1.0,1.0,False,fundingpips_1step,7,1.0,balance,IS,400,527,0.6,0.0,0.0,0.0,99.4,1.4,4.4,3.33,-1.05,99346.0,0.0,0.9,2
EURUSD,don20,1h,1.0,1.0,False,fundingpips_1step,14,1.0,balance,IS,400,527,1.7,0.0,0.0,9.9,88.4,8.4,8.6,4.99,-1.15,98708.0,9.9,1.7,2
EURUSD,don20,1h,1.0,1.0,False,fundingpips_1step,7,1.0,ladder,IS,400,527,0.0,0.0,0.0,0.0,100.0,,4.4,2.1,-0.76,99594.0,0.0,0.9,2
EURUSD,don20,1h,1.0,1.0,False,fundingpips_1step,14,1.0,ladder,IS,400,527,0.0,0.0,0.0,0.0,100.0,,8.7,3.31,-0.94,99187.0,0.0,1.7,2
EURUSD,don20,1h,1.0,1.0,False,fundingpips_1step,7,1.0,ladder_balance,IS,400,527,0.0,0.0,0.0,0.0,100.0,,4.4,2.11,-0.76,99593.0,0.0,0.9,2
EURUSD,don20,1h,1.0,1.0,False,fundingpips_1step,14,1.0,ladder_balance,IS,400,527,0.0,0.0,0.0,0.0,100.0,,8.7,3.31,-0.94,99187.0,0.0,1.8,2
EURUSD,don20,1h,1.0,1.0,False,fundingpips_1step,7,1.5,fixed,IS,400,527,2.5,0.0,0.8,6.1,90.7,3.4,4.3,4.96,-1.57,99015.0,6.9,1.2,2
EURUSD,don20,1h,1.0,1.0,False,fundingpips_1step,14,1.5,fixed,IS,400,527,4.9,0.0,1.7,33.6,59.8,7.0,7.6,6.88,-1.69,98195.0,35.3,2.2,2
EURUSD,don20,1h,1.0,1.0,False,fundingpips_1step,7,1.5,balance,IS,400,527,2.8,0.0,0.8,4.9,91.5,3.6,4.3,4.94,-1.57,99021.0,5.7,1.4,2
EURUSD,don20,1h,1.0,1.0,False,fundingpips_1step,14,1.5,balance,IS,400,527,5.1,0.0,1.7,32.6,60.5,5.9,7.7,6.86,-1.69,98197.0,34.3,2.3,2
EURUSD,don20,1h,1.0,1.0,False,fundingpips_1step,7,1.5,ladder,IS,400,527,0.4,0.0,0.0,0.0,99.6,3.6,4.4,2.2,-0.81,99584.0,0.0,1.3,2
EURUSD,don20,1h,1.0,1.0,False,fundingpips_1step,14,1.5,ladder,IS,400,527,1.1,0.0,0.0,0.0,98.9,8.6,8.7,3.56,-1.07,99175.0,0.0,2.5,2
EURUSD,don20,1h,1.0,1.0,False,fundingpips_1step,7,1.5,ladder_balance,IS,400,527,0.4,0.0,0.0,0.0,99.6,3.6,4.4,2.2,-0.82,99584.0,0.0,1.3,2
EURUSD,don20,1h,1.0,1.0,False,fundingpips_1step,14,1.5,ladder_balance,IS,400,527,1.3,0.0,0.0,0.0,98.7,8.8,8.7,3.56,-1.07,99175.0,0.0,2.5,2
EURUSD,don20,1h,1.0,1.0,False,fundingpips_1step,7,2.0,fixed,IS,400,527,4.9,0.0,3.4,20.7,71.0,4.0,4.1,6.35,-2.07,98760.0,24.1,1.2,2
EURUSD,don20,1h,1.0,1.0,False,fundingpips_1step,14,2.0,fixed,IS,400,527,9.9,0.0,5.9,46.5,37.8,6.8,6.5,8.1,-2.18,98140.0,52.4,1.9,2
EURUSD,don20,1h,1.0,1.0,False,fundingpips_1step,7,2.0,balance,IS,400,527,4.7,0.0,3.0,19.9,72.3,3.8,4.1,6.35,-2.07,98755.0,22.9,1.3,2
EURUSD,don20,1h,1.0,1.0,False,fundingpips_1step,14,2.0,balance,IS,400,527,9.7,0.0,5.9,46.1,38.3,7.1,6.6,8.16,-2.19,98103.0,52.0,2.0,2
EURUSD,don20,1h,1.0,1.0,False,fundingpips_1step,7,2.0,ladder,IS,400,527,0.4,0.0,0.0,0.0,99.6,3.6,4.4,2.22,-0.82,99584.0,0.0,1.4,2
EURUSD,don20,1h,1.0,1.0,False,fundingpips_1step,14,2.0,ladder,IS,400,527,1.1,0.0,0.0,0.0,98.9,8.6,8.7,3.63,-1.11,99154.0,0.0,2.6,2
EURUSD,don20,1h,1.0,1.0,False,fundingpips_1step,7,2.0,ladder_balance,IS,400,527,0.4,0.0,0.0,0.0,99.6,3.6,4.4,2.22,-0.83,99584.0,0.0,1.4,2
EURUSD,don20,1h,1.0,1.0,False,fundingpips_1step,14,2.0,ladder_balance,IS,400,527,1.1,0.0,0.0,0.0,98.9,8.6,8.7,3.64,-1.12,99154.0,0.0,2.5,2
EURUSD,don20,1h,1.0,1.0,False,fundingpips_1step,7,2.8,fixed,IS,400,527,8.2,0.0,13.1,36.6,42.1,3.5,3.6,8.05,-2.8,98383.0,49.7,1.1,2
EURUSD,don20,1h,1.0,1.0,False,fundingpips_1step,14,2.8,fixed,IS,400,527,12.7,0.0,19.5,52.6,15.2,5.5,4.9,9.4,-2.91,97842.0,72.1,1.4,2
EURUSD,don20,1h,1.0,1.0,False,fundingpips_1step,7,2.8,balance,IS,400,527,8.5,0.0,15.0,38.5,38.0,3.5,3.6,7.95,-2.8,98422.0,53.5,1.1,2
EURUSD,don20,1h,1.0,1.0,False,fundingpips_1step,14,2.8,balance,IS,400,527,12.1,0.0,22.6,54.8,10.4,5.2,4.6,9.05,-2.89,97819.0,77.4,1.4,2
EURUSD,don20,1h,1.0,1.0,False,fundingpips_1step,7,2.8,ladder,IS,400,527,0.4,0.0,0.0,0.0,99.6,3.6,4.4,2.22,-0.82,99584.0,0.0,1.4,2
EURUSD,don20,1h,1.0,1.0,False,fundingpips_1step,14,2.8,ladder,IS,400,527,1.1,0.0,0.0,0.0,98.9,8.6,8.7,3.65,-1.12,99148.0,0.0,2.6,2
EURUSD,don20,1h,1.0,1.0,False,fundingpips_1step,7,2.8,ladder_balance,IS,400,527,0.4,0.0,0.0,0.0,99.6,3.6,4.4,2.22,-0.83,99584.0,0.0,1.4,2
EURUSD,don20,1h,1.0,1.0,False,fundingpips_1step,14,2.8,ladder_balance,IS,400,527,1.3,0.0,0.4,0.0,98.3,8.4,8.7,3.65,-1.13,99154.0,0.4,2.7,2
BTCUSD,don20,1h,2.0,2.0,True,fundingpips_1step,7,0.5,fixed,IS,400,390,0.0,0.0,0.0,0.0,100.0,,5.5,1.67,-0.63,100074.0,0.0,1.4,2
BTCUSD,don20,1h,2.0,2.0,True,fundingpips_1step,14,0.5,fixed,IS,400,390,0.0,0.0,0.0,0.0,100.0,,11.0,2.38,-0.76,100169.0,0.0,2.9,2
BTCUSD,don20,1h,2.0,2.0,True,fundingpips_1step,7,0.5,balance,IS,400,390,0.0,0.0,0.0,0.0,100.0,,5.5,1.67,-0.63,100075.0,0.0,1.5,2
BTCUSD,don20,1h,2.0,2.0,True,fundingpips_1step,14,0.5,balance,IS,400,390,0.0,0.0,0.0,0.0,100.0,,11.0,2.38,-0.76,100171.0,0.0,2.9,2
BTCUSD,don20,1h,2.0,2.0,True,fundingpips_1step,7,1.0,fixed,IS,400,390,0.3,0.0,0.0,0.5,99.2,6.6,5.5,3.34,-1.26,100147.0,0.5,1.5,2
BTCUSD,don20,1h,2.0,2.0,True,fundingpips_1step,14,1.0,fixed,IS,400,390,3.1,0.0,0.0,7.2,89.7,10.7,10.8,4.72,-1.5,100259.0,7.2,2.8,2
BTCUSD,don20,1h,2.0,2.0,True,fundingpips_1step,7,1.0,balance,IS,400,390,0.3,0.0,0.0,0.3,99.5,6.6,5.5,3.34,-1.27,100150.0,0.3,1.6,2
BTCUSD,don20,1h,2.0,2.0,True,fundingpips_1step,14,1.0,balance,IS,400,390,3.1,0.0,0.0,6.7,90.3,9.5,10.8,4.73,-1.51,100233.0,6.7,2.8,2
BTCUSD,don20,1h,2.0,2.0,True,fundingpips_1step,7,1.0,ladder,IS,400,390,0.3,0.0,0.0,0.0,99.7,6.6,5.5,2.31,-0.96,100181.0,0.0,1.4,2
BTCUSD,don20,1h,2.0,2.0,True,fundingpips_1step,14,1.0,ladder,IS,400,390,2.6,0.0,0.0,0.0,97.4,10.7,10.9,3.39,-1.2,100391.0,0.0,2.7,2
BTCUSD,don20,1h,2.0,2.0,True,fundingpips_1step,7,1.0,ladder_balance,IS,400,390,0.3,0.0,0.0,0.0,99.7,6.6,5.5,2.31,-0.97,100183.0,0.0,1.4,2
BTCUSD,don20,1h,2.0,2.0,True,fundingpips_1step,14,1.0,ladder_balance,IS,400,390,2.6,0.0,0.0,0.0,97.4,10.7,10.9,3.4,-1.21,100398.0,0.0,3.3,2
BTCUSD,don20,1h,2.0,2.0,True,fundingpips_1step,7,1.5,fixed,IS,400,390,3.3,0.0,7.4,5.4,83.8,5.9,5.3,4.91,-1.88,100204.0,12.8,1.9,2
BTCUSD,don20,1h,2.0,2.0,True,fundingpips_1step,14,1.5,fixed,IS,400,390,8.2,0.0,13.6,23.8,54.4,7.6,9.2,6.34,-2.18,100306.0,37.4,3.4,2
BTCUSD,don20,1h,2.0,2.0,True,fundingpips_1step,7,1.5,balance,IS,400,390,3.6,0.0,6.9,4.9,84.6,5.7,5.4,4.91,-1.88,100184.0,11.8,2.0,2
BTCUSD,don20,1h,2.0,2.0,True,fundingpips_1step,14,1.5,balance,IS,400,390,8.2,0.0,14.4,23.3,54.1,7.6,9.2,6.36,-2.19,100356.0,37.7,3.4,2
BTCUSD,don20,1h,2.0,2.0,True,fundingpips_1step,7,1.5,ladder,IS,400,390,0.8,0.0,1.0,0.0,98.2,6.6,5.5,2.54,-1.11,100191.0,1.0,2.1,2
BTCUSD,don20,1h,2.0,2.0,True,fundingpips_1step,14,1.5,ladder,IS,400,390,3.8,0.0,3.6,0.0,92.6,8.6,10.8,3.83,-1.47,100350.0,3.6,4.1,2
BTCUSD,don20,1h,2.0,2.0,True,fundingpips_1step,7,1.5,ladder_balance,IS,400,390,1.0,0.0,1.0,0.0,97.9,6.4,5.5,2.55,-1.12,100192.0,1.0,2.2,2
BTCUSD,don20,1h,2.0,2.0,True,fundingpips_1step,14,1.5,ladder_balance,IS,400,390,3.8,0.0,3.6,0.0,92.6,8.6,10.7,3.86,-1.49,100354.0,3.6,4.3,2
BTCUSD,don20,1h,2.0,2.0,True,fundingpips_1step,7,2.0,fixed,IS,400,390,5.1,0.0,23.3,13.3,58.2,3.9,4.8,5.94,-2.35,100047.0,36.6,1.8,2
BTCUSD,don20,1h,2.0,2.0,True,fundingpips_1step,14,2.0,fixed,IS,400,390,10.5,0.0,36.2,27.2,26.2,7.1,7.1,6.99,-2.6,100208.0,63.4,2.7,2
BTCUSD,don20,1h,2.0,2.0,True,fundingpips_1step,7,2.0,balance,IS,400,390,6.2,0.0,22.8,12.6,58.5,4.9,4.8,5.94,-2.35,100085.0,35.4,1.9,2
BTCUSD,don20,1h,2.0,2.0,True,fundingpips_1step,14,2.0,balance,IS,400,390,11.8,0.0,35.4,26.9,25.9,6.9,7.1,6.98,-2.61,100276.0,62.3,2.8,2
BTCUSD,don20,1h,2.0,2.0,True,fundingpips_1step,7,2.0,ladder,IS,400,390,0.8,0.0,2.1,0.0,97.2,6.2,5.5,2.61,-1.15,100162.0,2.1,2.2,2
BTCUSD,don20,1h,2.0,2.0,True,fundingpips_1step,14,2.0,ladder,IS,400,390,2.3,0.0,7.2,0.0,90.5,7.6,10.7,3.98,-1.58,100231.0,7.2,4.0,2
BTCUSD,don20,1h,2.0,2.0,True,fundingpips_1step,7,2.0,ladder_balance,IS,400,390,0.8,0.0,2.8,0.0,96.4,6.2,5.5,2.61,-1.16,100128.0,2.8,2.1,2
BTCUSD,don20,1h,2.0,2.0,True,fundingpips_1step,14,2.0,ladder_balance,IS,400,390,2.6,0.0,7.7,0.0,89.7,8.1,10.6,3.98,-1.6,100193.0,7.7,4.0,2
BTCUSD,don20,1h,2.0,2.0,True,fundingpips_1step,7,2.8,fixed,IS,400,390,9.0,0.0,42.3,19.2,29.5,3.6,4.0,7.19,-2.95,99866.0,61.5,1.4,2
BTCUSD,don20,1h,2.0,2.0,True,fundingpips_1step,14,2.8,fixed,IS,400,390,14.4,0.0,51.8,27.2,6.7,5.3,4.9,7.81,-3.07,99824.0,79.0,1.8,2
BTCUSD,don20,1h,2.0,2.0,True,fundingpips_1step,7,2.8,balance,IS,400,390,8.5,0.0,44.9,19.5,27.2,3.5,3.9,7.11,-2.93,99811.0,64.4,1.5,2
BTCUSD,don20,1h,2.0,2.0,True,fundingpips_1step,14,2.8,balance,IS,400,390,12.6,0.0,55.1,27.2,5.1,4.6,4.7,7.69,-3.04,99822.0,82.3,1.8,2
BTCUSD,don20,1h,2.0,2.0,True,fundingpips_1step,7,2.8,ladder,IS,400,390,0.8,0.0,2.1,0.0,97.2,6.2,5.5,2.62,-1.16,100154.0,2.1,2.1,2
BTCUSD,don20,1h,2.0,2.0,True,fundingpips_1step,14,2.8,ladder,IS,400,390,3.1,0.0,6.4,0.0,90.5,8.8,10.7,4.03,-1.62,100228.0,6.4,4.2,2
BTCUSD,don20,1h,2.0,2.0,True,fundingpips_1step,7,2.8,ladder_balance,IS,400,390,0.8,0.0,2.8,0.0,96.4,6.2,5.5,2.62,-1.17,100121.0,2.8,2.2,2
BTCUSD,don20,1h,2.0,2.0,True,fundingpips_1step,14,2.8,ladder_balance,IS,400,390,3.1,0.0,7.2,0.0,89.7,8.8,10.6,4.03,-1.65,100189.0,7.2,4.1,2
BTCUSD,don20,1h,2.0,2.0,False,fundingpips_1step,7,0.5,fixed,IS,400,390,0.0,0.0,0.0,0.0,100.0,,5.5,1.68,-0.64,100050.0,0.0,1.4,2
BTCUSD,don20,1h,2.0,2.0,False,fundingpips_1step,14,0.5,fixed,IS,400,390,0.0,0.0,0.0,0.0,100.0,,10.9,2.38,-0.76,100121.0,0.0,2.9,2
BTCUSD,don20,1h,2.0,2.0,False,fundingpips_1step,7,0.5,balance,IS,400,390,0.0,0.0,0.0,0.0,100.0,,5.5,1.68,-0.64,100050.0,0.0,1.5,2
BTCUSD,don20,1h,2.0,2.0,False,fundingpips_1step,14,0.5,balance,IS,400,390,0.0,0.0,0.0,0.0,100.0,,10.9,2.38,-0.76,100121.0,0.0,2.9,2
BTCUSD,don20,1h,2.0,2.0,False,fundingpips_1step,7,1.0,fixed,IS,400,390,0.3,0.0,0.0,0.5,99.2,6.6,5.5,3.37,-1.28,100098.0,0.5,1.5,2
BTCUSD,don20,1h,2.0,2.0,False,fundingpips_1step,14,1.0,fixed,IS,400,390,3.1,0.0,0.0,7.4,89.5,11.6,10.7,4.73,-1.51,100183.0,7.4,2.8,2
BTCUSD,don20,1h,2.0,2.0,False,fundingpips_1step,7,1.0,balance,IS,400,390,0.3,0.0,0.0,0.3,99.5,6.6,5.5,3.37,-1.28,100099.0,0.3,1.6,2
BTCUSD,don20,1h,2.0,2.0,False,fundingpips_1step,14,1.0,balance,IS,400,390,3.1,0.0,0.0,7.2,89.7,10.7,10.7,4.73,-1.52,100168.0,7.2,2.8,2
BTCUSD,don20,1h,2.0,2.0,False,fundingpips_1step,7,1.0,ladder,IS,400,390,0.3,0.0,0.0,0.0,99.7,6.6,5.5,2.33,-0.97,100145.0,0.0,1.4,2
BTCUSD,don20,1h,2.0,2.0,False,fundingpips_1step,14,1.0,ladder,IS,400,390,2.1,0.0,0.0,0.0,97.9,10.9,10.8,3.41,-1.21,100316.0,0.0,2.8,2
BTCUSD,don20,1h,2.0,2.0,False,fundingpips_1step,7,1.0,ladder_balance,IS,400,390,0.3,0.0,0.0,0.0,99.7,6.6,5.5,2.34,-0.98,100146.0,0.0,1.5,2
BTCUSD,don20,1h,2.0,2.0,False,fundingpips_1step,14,1.0,ladder_balance,IS,400,390,2.1,0.0,0.0,0.0,97.9,10.1,10.8,3.41,-1.22,100317.0,0.0,3.3,2
BTCUSD,don20,1h,2.0,2.0,False,fundingpips_1step,7,1.5,fixed,IS,400,390,2.6,0.0,7.4,5.9,84.1,5.5,5.3,4.95,-1.91,100133.0,13.3,2.1,2
BTCUSD,don20,1h,2.0,2.0,False,fundingpips_1step,14,1.5,fixed,IS,400,390,7.4,0.0,14.1,22.3,56.2,8.4,9.1,6.38,-2.2,100204.0,36.4,3.6,2
BTCUSD,don20,1h,2.0,2.0,False,fundingpips_1step,7,1.5,balance,IS,400,390,2.8,0.0,7.9,5.4,83.8,5.2,5.3,4.94,-1.91,100074.0,13.3,2.1,2
BTCUSD,don20,1h,2.0,2.0,False,fundingpips_1step,14,1.5,balance,IS,400,390,7.2,0.0,14.6,22.1,56.2,8.1,9.1,6.39,-2.21,100170.0,36.7,3.5,2
BTCUSD,don20,1h,2.0,2.0,False,fundingpips_1step,7,1.5,ladder,IS,400,390,0.8,0.0,1.0,0.0,98.2,6.6,5.5,2.58,-1.13,100150.0,1.0,2.1,2
BTCUSD,don20,1h,2.0,2.0,False,fundingpips_1step,14,1.5,ladder,IS,400,390,3.8,0.0,3.6,0.0,92.6,8.6,10.6,3.86,-1.48,100281.0,3.6,4.1,2
BTCUSD,don20,1h,2.0,2.0,False,fundingpips_1step,7,1.5,ladder_balance,IS,400,390,1.0,0.0,1.0,0.0,97.9,6.4,5.5,2.59,-1.14,100150.0,1.0,2.3,2
BTCUSD,don20,1h,2.0,2.0,False,fundingpips_1step,14,1.5,ladder_balance,IS,400,390,3.8,0.0,3.6,0.0,92.6,8.6,10.6,3.88,-1.5,100282.0,3.6,4.3,2
BTCUSD,don20,1h,2.0,2.0,False,fundingpips_1step,7,2.0,fixed,IS,400,390,3.6,0.0,26.2,13.1,57.2,3.6,4.7,5.94,-2.39,99836.0,39.3,1.8,2
BTCUSD,don20,1h,2.0,2.0,False,fundingpips_1step,14,2.0,fixed,IS,400,390,8.2,0.0,39.2,26.2,26.4,7.9,6.9,6.98,-2.63,99824.0,65.4,2.8,2
BTCUSD,don20,1h,2.0,2.0,False,fundingpips_1step,7,2.0,balance,IS,400,390,4.1,0.0,26.2,12.3,57.4,3.7,4.7,5.95,-2.4,99840.0,38.5,1.8,2
BTCUSD,don20,1h,2.0,2.0,False,fundingpips_1step,14,2.0,balance,IS,400,390,9.0,0.0,39.0,25.9,26.2,7.8,6.9,6.97,-2.66,99840.0,64.9,2.8,2
BTCUSD,don20,1h,2.0,2.0,False,fundingpips_1step,7,2.0,ladder,IS,400,390,0.8,0.0,2.1,0.0,97.2,6.2,5.5,2.65,-1.17,100119.0,2.1,2.2,2
BTCUSD,don20,1h,2.0,2.0,False,fundingpips_1step,14,2.0,ladder,IS,400,390,2.3,0.0,7.2,0.0,90.5,7.6,10.6,4.01,-1.6,100156.0,7.2,4.1,2
BTCUSD,don20,1h,2.0,2.0,False,fundingpips_1step,7,2.0,ladder_balance,IS,400,390,0.8,0.0,2.8,0.0,96.4,6.2,5.5,2.65,-1.18,100083.0,2.8,2.2,2
BTCUSD,don20,1h,2.0,2.0,False,fundingpips_1step,14,2.0,ladder_balance,IS,400,390,2.6,0.0,7.7,0.0,89.7,8.1,10.5,4.01,-1.61,100115.0,7.7,4.1,2
BTCUSD,don20,1h,2.0,2.0,False,fundingpips_1step,7,2.8,fixed,IS,400,390,6.7,0.0,43.8,19.0,30.5,3.3,3.8,7.14,-2.95,99726.0,62.8,1.4,2
BTCUSD,don20,1h,2.0,2.0,False,fundingpips_1step,14,2.8,fixed,IS,400,390,13.1,0.0,54.4,25.4,7.2,6.1,4.8,7.8,-3.07,99827.0,79.8,1.8,2
BTCUSD,don20,1h,2.0,2.0,False,fundingpips_1step,7,2.8,balance,IS,400,390,5.9,0.0,45.9,19.7,28.5,2.7,3.8,7.08,-2.93,99730.0,65.6,1.5,2
BTCUSD,don20,1h,2.0,2.0,False,fundingpips_1step,14,2.8,balance,IS,400,390,11.0,0.0,57.2,25.9,5.9,5.3,4.6,7.66,-3.04,99916.0,83.1,1.7,2
BTCUSD,don20,1h,2.0,2.0,False,fundingpips_1step,7,2.8,ladder,IS,400,390,0.8,0.0,2.1,0.0,97.2,6.2,5.5,2.66,-1.18,100111.0,2.1,2.2,2
BTCUSD,don20,1h,2.0,2.0,False,fundingpips_1step,14,2.8,ladder,IS,400,390,3.1,0.0,6.4,0.0,90.5,8.8,10.6,4.07,-1.64,100153.0,6.4,4.3,2
BTCUSD,don20,1h,2.0,2.0,False,fundingpips_1step,7,2.8,ladder_balance,IS,400,390,0.8,0.0,2.8,0.0,96.4,6.2,5.5,2.66,-1.19,100077.0,2.8,2.2,2
BTCUSD,don20,1h,2.0,2.0,False,fundingpips_1step,14,2.8,ladder_balance,IS,400,390,3.1,0.0,7.2,0.0,89.7,8.8,10.5,4.06,-1.66,100112.0,7.2,4.1,2
USDJPY,don55,4h,2.0,2.0,True,fundingpips_1step,7,0.5,fixed,IS,400,527,0.0,0.0,0.0,0.0,100.0,,1.1,0.48,-0.23,100035.0,0.0,1.2,2
USDJPY,don55,4h,2.0,2.0,True,fundingpips_1step,14,0.5,fixed,IS,400,527,0.0,0.0,0.0,0.0,100.0,,2.2,0.81,-0.35,100097.0,0.0,2.3,2
USDJPY,don55,4h,2.0,2.0,True,fundingpips_1step,7,0.5,balance,IS,400,527,0.0,0.0,0.0,0.0,100.0,,1.1,0.48,-0.23,100035.0,0.0,1.2,2
USDJPY,don55,4h,2.0,2.0,True,fundingpips_1step,14,0.5,balance,IS,400,527,0.0,0.0,0.0,0.0,100.0,,2.2,0.81,-0.35,100097.0,0.0,2.3,2
USDJPY,don55,4h,2.0,2.0,True,fundingpips_1step,7,1.0,fixed,IS,400,527,0.0,0.0,0.0,0.0,100.0,,1.1,0.96,-0.46,100070.0,0.0,1.1,2
USDJPY,don55,4h,2.0,2.0,True,fundingpips_1step,14,1.0,fixed,IS,400,527,0.0,0.0,0.0,0.0,100.0,,2.2,1.63,-0.7,100194.0,0.0,2.3,2
USDJPY,don55,4h,2.0,2.0,True,fundingpips_1step,7,1.0,balance,IS,400,527,0.0,0.0,0.0,0.0,100.0,,1.1,0.96,-0.46,100069.0,0.0,1.2,2
USDJPY,don55,4h,2.0,2.0,True,fundingpips_1step,14,1.0,balance,IS,400,527,0.0,0.0,0.0,0.0,100.0,,2.2,1.63,-0.7,100195.0,0.0,2.4,2
USDJPY,don55,4h,2.0,2.0,True,fundingpips_1step,7,1.0,ladder,IS,400,527,0.0,0.0,0.0,0.0,100.0,,1.1,0.54,-0.27,100033.0,0.0,1.3,2
USDJPY,don55,4h,2.0,2.0,True,fundingpips_1step,14,1.0,ladder,IS,400,527,0.0,0.0,0.0,0.0,100.0,,2.2,1.01,-0.45,100140.0,0.0,2.4,2
USDJPY,don55,4h,2.0,2.0,True,fundingpips_1step,7,1.0,ladder_balance,IS,400,527,0.0,0.0,0.0,0.0,100.0,,1.1,0.54,-0.27,100033.0,0.0,1.2,2
USDJPY,don55,4h,2.0,2.0,True,fundingpips_1step,14,1.0,ladder_balance,IS,400,527,0.0,0.0,0.0,0.0,100.0,,2.2,1.01,-0.45,100140.0,0.0,2.4,2
USDJPY,don55,4h,2.0,2.0,True,fundingpips_1step,7,1.5,fixed,IS,400,527,0.6,0.0,0.0,0.0,99.4,6.2,1.1,1.43,-0.69,100104.0,0.0,1.2,2
USDJPY,don55,4h,2.0,2.0,True,fundingpips_1step,14,1.5,fixed,IS,400,527,1.3,0.0,0.0,0.0,98.7,9.1,2.2,2.44,-1.05,100292.0,0.0,2.3,2
USDJPY,don55,4h,2.0,2.0,True,fundingpips_1step,7,1.5,balance,IS,400,527,0.6,0.0,0.0,0.0,99.4,6.2,1.1,1.43,-0.69,100104.0,0.0,1.2,2
USDJPY,don55,4h,2.0,2.0,True,fundingpips_1step,14,1.5,balance,IS,400,527,1.5,0.0,0.0,0.0,98.5,9.2,2.2,2.44,-1.05,100294.0,0.0,2.3,2
USDJPY,don55,4h,2.0,2.0,True,fundingpips_1step,7,1.5,ladder,IS,400,527,0.0,0.0,0.0,0.0,100.0,,1.1,0.55,-0.27,100033.0,0.0,1.1,2
USDJPY,don55,4h,2.0,2.0,True,fundingpips_1step,14,1.5,ladder,IS,400,527,0.2,0.0,0.0,0.0,99.8,9.1,2.2,1.03,-0.46,100152.0,0.0,2.4,2
USDJPY,don55,4h,2.0,2.0,True,fundingpips_1step,7,1.5,ladder_balance,IS,400,527,0.0,0.0,0.0,0.0,100.0,,1.1,0.55,-0.27,100033.0,0.0,1.2,2
USDJPY,don55,4h,2.0,2.0,True,fundingpips_1step,14,1.5,ladder_balance,IS,400,527,0.2,0.0,0.0,0.0,99.8,9.1,2.2,1.03,-0.46,100152.0,0.0,2.4,2
USDJPY,don55,4h,2.0,2.0,True,fundingpips_1step,7,2.0,fixed,IS,400,527,1.3,0.0,0.8,0.4,97.5,4.1,1.1,1.9,-0.92,100142.0,1.2,1.2,2
USDJPY,don55,4h,2.0,2.0,True,fundingpips_1step,14,2.0,fixed,IS,400,527,3.6,0.0,1.7,2.1,92.6,8.5,2.1,3.21,-1.4,100382.0,3.8,2.5,2
USDJPY,don55,4h,2.0,2.0,True,fundingpips_1step,7,2.0,balance,IS,400,527,1.3,0.0,0.4,0.4,97.9,4.1,1.1,1.9,-0.92,100140.0,0.8,1.2,2
USDJPY,don55,4h,2.0,2.0,True,fundingpips_1step,14,2.0,balance,IS,400,527,3.6,0.0,1.1,1.9,93.4,8.5,2.1,3.22,-1.4,100382.0,3.0,2.2,2
USDJPY,don55,4h,2.0,2.0,True,fundingpips_1step,7,2.0,ladder,IS,400,527,0.0,0.0,0.0,0.0,100.0,,1.1,0.55,-0.27,100033.0,0.0,1.2,2
USDJPY,don55,4h,2.0,2.0,True,fundingpips_1step,14,2.0,ladder,IS,400,527,0.2,0.0,0.0,0.0,99.8,9.1,2.2,1.03,-0.46,100153.0,0.0,2.3,2
USDJPY,don55,4h,2.0,2.0,True,fundingpips_1step,7,2.0,ladder_balance,IS,400,527,0.0,0.0,0.0,0.0,100.0,,1.1,0.55,-0.27,100033.0,0.0,1.2,2
USDJPY,don55,4h,2.0,2.0,True,fundingpips_1step,14,2.0,ladder_balance,IS,400,527,0.2,0.0,0.0,0.0,99.8,9.1,2.2,1.03,-0.47,100153.0,0.0,2.3,2
USDJPY,don55,4h,2.0,2.0,True,fundingpips_1step,7,2.8,fixed,IS,400,527,2.8,0.0,1.9,0.8,94.5,4.1,1.1,2.62,-1.27,100225.0,2.7,1.2,2
USDJPY,don55,4h,2.0,2.0,True,fundingpips_1step,14,2.8,fixed,IS,400,527,6.3,0.0,4.4,4.7,84.6,8.3,2.0,4.36,-1.91,100593.0,9.1,2.2,2
USDJPY,don55,4h,2.0,2.0,True,fundingpips_1step,7,2.8,balance,IS,400,527,2.8,0.0,1.9,0.8,94.5,4.1,1.1,2.62,-1.27,100225.0,2.7,1.2,2
USDJPY,don55,4h,2.0,2.0,True,fundingpips_1step,14,2.8,balance,IS,400,527,6.3,0.0,4.4,4.7,84.6,8.3,2.0,4.35,-1.91,100611.0,9.1,2.2,2
USDJPY,don55,4h,2.0,2.0,True,fundingpips_1step,7,2.8,ladder,IS,400,527,0.0,0.0,0.0,0.0,100.0,,1.1,0.55,-0.27,100033.0,0.0,1.1,2
USDJPY,don55,4h,2.0,2.0,True,fundingpips_1step,14,2.8,ladder,IS,400,527,0.2,0.0,0.0,0.0,99.8,9.1,2.2,1.03,-0.46,100153.0,0.0,1.6,2
USDJPY,don55,4h,2.0,2.0,True,fundingpips_1step,7,2.8,ladder_balance,IS,400,527,0.0,0.0,0.0,0.0,100.0,,1.1,0.55,-0.27,100033.0,0.0,0.8,2
USDJPY,don55,4h,2.0,2.0,True,fundingpips_1step,14,2.8,ladder_balance,IS,400,527,0.2,0.0,0.0,0.0,99.8,9.1,2.2,1.03,-0.47,100153.0,0.0,1.6,2
USDJPY,don55,4h,2.0,2.0,False,fundingpips_1step,7,0.5,fixed,IS,400,527,0.0,0.0,0.0,0.0,100.0,,1.1,0.48,-0.24,100034.0,0.0,1.2,2
USDJPY,don55,4h,2.0,2.0,False,fundingpips_1step,14,0.5,fixed,IS,400,527,0.0,0.0,0.0,0.0,100.0,,2.1,0.82,-0.36,100098.0,0.0,2.4,2
USDJPY,don55,4h,2.0,2.0,False,fundingpips_1step,7,0.5,balance,IS,400,527,0.0,0.0,0.0,0.0,100.0,,1.1,0.48,-0.24,100034.0,0.0,1.2,2
USDJPY,don55,4h,2.0,2.0,False,fundingpips_1step,14,0.5,balance,IS,400,527,0.0,0.0,0.0,0.0,100.0,,2.1,0.82,-0.36,100099.0,0.0,2.5,2
USDJPY,don55,4h,2.0,2.0,False,fundingpips_1step,7,1.0,fixed,IS,400,527,0.0,0.0,0.0,0.0,100.0,,1.1,0.97,-0.47,100068.0,0.0,1.3,2
USDJPY,don55,4h,2.0,2.0,False,fundingpips_1step,14,1.0,fixed,IS,400,527,0.0,0.0,0.0,0.0,100.0,,2.1,1.65,-0.71,100197.0,0.0,2.3,2
USDJPY,don55,4h,2.0,2.0,False,fundingpips_1step,7,1.0,balance,IS,400,527,0.0,0.0,0.0,0.0,100.0,,1.1,0.97,-0.47,100068.0,0.0,1.2,2
USDJPY,don55,4h,2.0,2.0,False,fundingpips_1step,14,1.0,balance,IS,400,527,0.0,0.0,0.0,0.0,100.0,,2.1,1.65,-0.71,100198.0,0.0,2.4,2
USDJPY,don55,4h,2.0,2.0,False,fundingpips_1step,7,1.0,ladder,IS,400,527,0.0,0.0,0.0,0.0,100.0,,1.1,0.55,-0.27,100044.0,0.0,1.2,2
USDJPY,don55,4h,2.0,2.0,False,fundingpips_1step,14,1.0,ladder,IS,400,527,0.0,0.0,0.0,0.0,100.0,,2.1,1.01,-0.45,100156.0,0.0,2.5,2
USDJPY,don55,4h,2.0,2.0,False,fundingpips_1step,7,1.0,ladder_balance,IS,400,527,0.0,0.0,0.0,0.0,100.0,,1.1,0.55,-0.27,100044.0,0.0,1.2,2
USDJPY,don55,4h,2.0,2.0,False,fundingpips_1step,14,1.0,ladder_balance,IS,400,527,0.0,0.0,0.0,0.0,100.0,,2.1,1.02,-0.45,100156.0,0.0,2.4,2
USDJPY,don55,4h,2.0,2.0,False,fundingpips_1step,7,1.5,fixed,IS,400,527,0.6,0.0,0.0,0.0,99.4,6.2,1.1,1.46,-0.71,100102.0,0.0,1.3,2
USDJPY,don55,4h,2.0,2.0,False,fundingpips_1step,14,1.5,fixed,IS,400,527,1.3,0.0,0.0,0.0,98.7,9.1,2.1,2.47,-1.07,100296.0,0.0,2.5,2
USDJPY,don55,4h,2.0,2.0,False,fundingpips_1step,7,1.5,balance,IS,400,527,0.6,0.0,0.0,0.0,99.4,6.2,1.1,1.46,-0.71,100102.0,0.0,1.2,2
USDJPY,don55,4h,2.0,2.0,False,fundingpips_1step,14,1.5,balance,IS,400,527,1.3,0.0,0.0,0.0,98.7,9.1,2.1,2.47,-1.07,100298.0,0.0,2.5,2
USDJPY,don55,4h,2.0,2.0,False,fundingpips_1step,7,1.5,ladder,IS,400,527,0.0,0.0,0.0,0.0,100.0,,1.1,0.55,-0.27,100044.0,0.0,1.2,2
USDJPY,don55,4h,2.0,2.0,False,fundingpips_1step,14,1.5,ladder,IS,400,527,0.0,0.0,0.0,0.0,100.0,,2.1,1.03,-0.46,100157.0,0.0,2.4,2
USDJPY,don55,4h,2.0,2.0,False,fundingpips_1step,7,1.5,ladder_balance,IS,400,527,0.0,0.0,0.0,0.0,100.0,,1.1,0.55,-0.27,100045.0,0.0,1.2,2
USDJPY,don55,4h,2.0,2.0,False,fundingpips_1step,14,1.5,ladder_balance,IS,400,527,0.0,0.0,0.0,0.0,100.0,,2.1,1.04,-0.46,100157.0,0.0,2.5,2
USDJPY,don55,4h,2.0,2.0,False,fundingpips_1step,7,2.0,fixed,IS,400,527,1.3,0.0,0.8,0.4,97.5,4.1,1.1,1.93,-0.94,100141.0,1.2,1.3,2
USDJPY,don55,4h,2.0,2.0,False,fundingpips_1step,14,2.0,fixed,IS,400,527,3.6,0.0,1.7,1.5,93.2,8.5,2.1,3.25,-1.42,100400.0,3.2,2.4,2
USDJPY,don55,4h,2.0,2.0,False,fundingpips_1step,7,2.0,balance,IS,400,527,1.3,0.0,0.4,0.4,97.9,4.1,1.1,1.93,-0.94,100140.0,0.8,1.3,2
USDJPY,don55,4h,2.0,2.0,False,fundingpips_1step,14,2.0,balance,IS,400,527,3.8,0.0,1.1,1.3,93.7,8.8,2.1,3.25,-1.42,100401.0,2.4,2.3,2
USDJPY,don55,4h,2.0,2.0,False,fundingpips_1step,7,2.0,ladder,IS,400,527,0.0,0.0,0.0,0.0,100.0,,1.1,0.55,-0.27,100044.0,0.0,1.2,2
USDJPY,don55,4h,2.0,2.0,False,fundingpips_1step,14,2.0,ladder,IS,400,527,0.0,0.0,0.0,0.0,100.0,,2.1,1.04,-0.46,100157.0,0.0,2.3,2
USDJPY,don55,4h,2.0,2.0,False,fundingpips_1step,7,2.0,ladder_balance,IS,400,527,0.0,0.0,0.0,0.0,100.0,,1.1,0.55,-0.27,100045.0,0.0,1.2,2
USDJPY,don55,4h,2.0,2.0,False,fundingpips_1step,14,2.0,ladder_balance,IS,400,527,0.0,0.0,0.0,0.0,100.0,,2.1,1.04,-0.46,100157.0,0.0,2.4,2
USDJPY,don55,4h,2.0,2.0,False,fundingpips_1step,7,2.8,fixed,IS,400,527,3.0,0.0,2.5,0.6,93.9,4.4,1.0,2.65,-1.3,100222.0,3.1,1.2,2
USDJPY,don55,4h,2.0,2.0,False,fundingpips_1step,14,2.8,fixed,IS,400,527,6.5,0.0,5.7,4.6,83.3,8.0,2.0,4.4,-1.92,100602.0,10.3,2.3,2
USDJPY,don55,4h,2.0,2.0,False,fundingpips_1step,7,2.8,balance,IS,400,527,3.0,0.0,2.5,0.6,93.9,4.4,1.0,2.65,-1.3,100224.0,3.1,1.2,2
USDJPY,don55,4h,2.0,2.0,False,fundingpips_1step,14,2.8,balance,IS,400,527,6.5,0.0,5.7,4.6,83.3,8.0,2.0,4.39,-1.92,100618.0,10.3,1.5,2
USDJPY,don55,4h,2.0,2.0,False,fundingpips_1step,7,2.8,ladder,IS,400,527,0.0,0.0,0.0,0.0,100.0,,1.1,0.55,-0.27,100044.0,0.0,0.8,2
USDJPY,don55,4h,2.0,2.0,False,fundingpips_1step,14,2.8,ladder,IS,400,527,0.0,0.0,0.0,0.0,100.0,,2.1,1.04,-0.46,100157.0,0.0,1.6,2
USDJPY,don55,4h,2.0,2.0,False,fundingpips_1step,7,2.8,ladder_balance,IS,400,527,0.0,0.0,0.0,0.0,100.0,,1.1,0.55,-0.27,100045.0,0.0,0.8,2
USDJPY,don55,4h,2.0,2.0,False,fundingpips_1step,14,2.8,ladder_balance,IS,400,527,0.0,0.0,0.0,0.0,100.0,,2.1,1.04,-0.46,100157.0,0.0,1.6,2
BTCUSD,don20,4h,1.0,1.0,True,fundingpips_1step,7,0.5,fixed,IS,400,390,0.0,0.0,0.0,0.0,100.0,,2.4,1.12,-0.39,100076.0,0.0,1.0,2
BTCUSD,don20,4h,1.0,1.0,True,fundingpips_1step,14,0.5,fixed,IS,400,390,0.0,0.0,0.0,0.0,100.0,,4.7,1.69,-0.49,100190.0,0.0,1.9,2
BTCUSD,don20,4h,1.0,1.0,True,fundingpips_1step,7,0.5,balance,IS,400,390,0.0,0.0,0.0,0.0,100.0,,2.4,1.12,-0.39,100076.0,0.0,1.0,2
BTCUSD,don20,4h,1.0,1.0,True,fundingpips_1step,14,0.5,balance,IS,400,390,0.0,0.0,0.0,0.0,100.0,,4.7,1.69,-0.49,100191.0,0.0,1.9,2
BTCUSD,don20,4h,1.0,1.0,True,fundingpips_1step,7,1.0,fixed,IS,400,390,1.0,0.0,0.0,0.0,99.0,4.6,2.3,2.24,-0.78,100121.0,0.0,0.9,2
BTCUSD,don20,4h,1.0,1.0,True,fundingpips_1step,14,1.0,fixed,IS,400,390,2.3,0.0,0.0,0.5,97.2,7.1,4.6,3.38,-0.98,100278.0,0.5,2.0,2
BTCUSD,don20,4h,1.0,1.0,True,fundingpips_1step,7,1.0,balance,IS,400,390,1.0,0.0,0.0,0.0,99.0,4.6,2.3,2.24,-0.78,100119.0,0.0,1.1,2
BTCUSD,don20,4h,1.0,1.0,True,fundingpips_1step,14,1.0,balance,IS,400,390,2.3,0.0,0.0,0.3,97.4,7.1,4.6,3.38,-0.98,100274.0,0.3,1.9,2
BTCUSD,don20,4h,1.0,1.0,True,fundingpips_1step,7,1.0,ladder,IS,400,390,0.0,0.0,0.0,0.0,100.0,,2.4,1.33,-0.52,100035.0,0.0,1.0,2
BTCUSD,don20,4h,1.0,1.0,True,fundingpips_1step,14,1.0,ladder,IS,400,390,1.3,0.0,0.0,0.0,98.7,11.3,4.7,2.19,-0.77,100117.0,0.0,2.0,2
BTCUSD,don20,4h,1.0,1.0,True,fundingpips_1step,7,1.0,ladder_balance,IS,400,390,0.0,0.0,0.0,0.0,100.0,,2.4,1.33,-0.52,100036.0,0.0,1.1,2
BTCUSD,don20,4h,1.0,1.0,True,fundingpips_1step,14,1.0,ladder_balance,IS,400,390,1.3,0.0,0.0,0.0,98.7,11.3,4.7,2.2,-0.78,100122.0,0.0,1.9,2
BTCUSD,don20,4h,1.0,1.0,True,fundingpips_1step,7,1.5,fixed,IS,400,390,2.1,0.0,0.0,0.0,97.9,4.3,2.3,3.35,-1.17,100205.0,0.0,0.9,2
BTCUSD,don20,4h,1.0,1.0,True,fundingpips_1step,14,1.5,fixed,IS,400,390,7.9,0.0,0.0,4.6,87.4,9.0,4.5,4.99,-1.44,100480.0,4.6,1.9,2
BTCUSD,don20,4h,1.0,1.0,True,fundingpips_1step,7,1.5,balance,IS,400,390,2.1,0.0,0.3,0.0,97.7,4.3,2.3,3.34,-1.17,100208.0,0.3,1.0,2
BTCUSD,don20,4h,1.0,1.0,True,fundingpips_1step,14,1.5,balance,IS,400,390,8.2,0.0,0.3,4.6,86.9,9.2,4.5,4.97,-1.45,100490.0,4.9,1.8,2
BTCUSD,don20,4h,1.0,1.0,True,fundingpips_1step,7,1.5,ladder,IS,400,390,0.0,0.0,0.0,0.0,100.0,,2.4,1.35,-0.53,100040.0,0.0,1.0,2
BTCUSD,don20,4h,1.0,1.0,True,fundingpips_1step,14,1.5,ladder,IS,400,390,1.3,0.0,0.0,0.0,98.7,11.3,4.7,2.27,-0.84,100117.0,0.0,1.9,2
BTCUSD,don20,4h,1.0,1.0,True,fundingpips_1step,7,1.5,ladder_balance,IS,400,390,0.0,0.0,0.0,0.0,100.0,,2.4,1.35,-0.53,100042.0,0.0,1.0,2
BTCUSD,don20,4h,1.0,1.0,True,fundingpips_1step,14,1.5,ladder_balance,IS,400,390,1.3,0.0,0.0,0.0,98.7,11.3,4.7,2.28,-0.85,100124.0,0.0,1.9,2
BTCUSD,don20,4h,1.0,1.0,True,fundingpips_1step,7,2.0,fixed,IS,400,390,4.4,0.0,0.3,3.1,92.3,5.1,2.3,4.45,-1.55,100208.0,3.4,1.0,2
BTCUSD,don20,4h,1.0,1.0,True,fundingpips_1step,14,2.0,fixed,IS,400,390,12.1,0.0,0.3,19.7,67.9,8.6,4.2,6.46,-1.91,100410.0,20.0,1.7,2
BTCUSD,don20,4h,1.0,1.0,True,fundingpips_1step,7,2.0,balance,IS,400,390,4.4,0.0,0.3,2.3,93.1,5.1,2.3,4.45,-1.56,100220.0,2.6,1.1,2
BTCUSD,don20,4h,1.0,1.0,True,fundingpips_1step,14,2.0,balance,IS,400,390,12.3,0.0,0.3,18.2,69.2,9.1,4.2,6.46,-1.93,100444.0,18.5,1.9,2
BTCUSD,don20,4h,1.0,1.0,True,fundingpips_1step,7,2.0,ladder,IS,400,390,0.0,0.0,0.0,0.0,100.0,,2.4,1.35,-0.53,100039.0,0.0,0.7,2
BTCUSD,don20,4h,1.0,1.0,True,fundingpips_1step,14,2.0,ladder,IS,400,390,1.3,0.0,0.0,0.0,98.7,11.3,4.7,2.29,-0.85,100127.0,0.0,1.3,2
BTCUSD,don20,4h,1.0,1.0,True,fundingpips_1step,7,2.0,ladder_balance,IS,400,390,0.0,0.0,0.0,0.0,100.0,,2.4,1.35,-0.53,100041.0,0.0,0.7,2
BTCUSD,don20,4h,1.0,1.0,True,fundingpips_1step,14,2.0,ladder_balance,IS,400,390,1.3,0.0,0.0,0.0,98.7,11.3,4.7,2.3,-0.86,100135.0,0.0,1.3,2
BTCUSD,don20,4h,1.0,1.0,True,fundingpips_1step,7,2.8,fixed,IS,400,390,9.5,0.0,7.7,9.7,73.1,4.3,2.1,5.94,-2.11,100227.0,17.4,0.6,2
BTCUSD,don20,4h,1.0,1.0,True,fundingpips_1step,14,2.8,fixed,IS,400,390,18.2,0.0,10.8,35.6,35.4,6.5,3.4,7.82,-2.53,100535.0,46.4,0.9,2
BTCUSD,don20,4h,1.0,1.0,True,fundingpips_1step,7,2.8,balance,IS,400,390,10.0,0.0,9.0,11.5,69.5,4.3,2.1,5.9,-2.11,100269.0,20.5,0.6,2
BTCUSD,don20,4h,1.0,1.0,True,fundingpips_1step,14,2.8,balance,IS,400,390,17.9,0.0,15.6,37.2,29.2,6.4,3.4,7.66,-2.52,100607.0,52.8,0.9,2
BTCUSD,don20,4h,1.0,1.0,True,fundingpips_1step,7,2.8,ladder,IS,400,390,0.0,0.0,0.0,0.0,100.0,,2.4,1.35,-0.53,100039.0,0.0,0.7,2
BTCUSD,don20,4h,1.0,1.0,True,fundingpips_1step,14,2.8,ladder,IS,400,390,1.3,0.0,0.0,0.0,98.7,11.3,4.7,2.29,-0.85,100127.0,0.0,1.3,2
BTCUSD,don20,4h,1.0,1.0,True,fundingpips_1step,7,2.8,ladder_balance,IS,400,390,0.0,0.0,0.0,0.0,100.0,,2.4,1.35,-0.53,100041.0,0.0,0.7,2
BTCUSD,don20,4h,1.0,1.0,True,fundingpips_1step,14,2.8,ladder_balance,IS,400,390,1.3,0.0,0.0,0.0,98.7,11.3,4.7,2.3,-0.86,100135.0,0.0,1.5,2
BTCUSD,don20,4h,1.0,1.0,False,fundingpips_1step,7,0.5,fixed,IS,400,390,0.0,0.0,0.0,0.0,100.0,,2.3,1.12,-0.39,100068.0,0.0,1.0,2
BTCUSD,don20,4h,1.0,1.0,False,fundingpips_1step,14,0.5,fixed,IS,400,390,0.0,0.0,0.0,0.0,100.0,,4.7,1.71,-0.49,100174.0,0.0,1.9,2
BTCUSD,don20,4h,1.0,1.0,False,fundingpips_1step,7,0.5,balance,IS,400,390,0.0,0.0,0.0,0.0,100.0,,2.3,1.12,-0.39,100068.0,0.0,1.0,2
BTCUSD,don20,4h,1.0,1.0,False,fundingpips_1step,14,0.5,balance,IS,400,390,0.0,0.0,0.0,0.0,100.0,,4.7,1.71,-0.49,100176.0,0.0,2.1,2
BTCUSD,don20,4h,1.0,1.0,False,fundingpips_1step,7,1.0,fixed,IS,400,390,1.0,0.0,0.0,0.0,99.0,4.6,2.3,2.25,-0.79,100106.0,0.0,1.0,2
BTCUSD,don20,4h,1.0,1.0,False,fundingpips_1step,14,1.0,fixed,IS,400,390,2.3,0.0,0.0,0.5,97.2,7.1,4.6,3.42,-0.98,100247.0,0.5,2.0,2
BTCUSD,don20,4h,1.0,1.0,False,fundingpips_1step,7,1.0,balance,IS,400,390,1.0,0.0,0.0,0.0,99.0,4.6,2.3,2.25,-0.79,100104.0,0.0,1.1,2
BTCUSD,don20,4h,1.0,1.0,False,fundingpips_1step,14,1.0,balance,IS,400,390,2.3,0.0,0.0,0.3,97.4,7.1,4.6,3.42,-0.99,100244.0,0.3,2.1,2
BTCUSD,don20,4h,1.0,1.0,False,fundingpips_1step,7,1.0,ladder,IS,400,390,0.0,0.0,0.0,0.0,100.0,,2.3,1.34,-0.52,100048.0,0.0,1.1,2
BTCUSD,don20,4h,1.0,1.0,False,fundingpips_1step,14,1.0,ladder,IS,400,390,1.3,0.0,0.0,0.0,98.7,11.3,4.7,2.23,-0.78,100143.0,0.0,2.0,2
BTCUSD,don20,4h,1.0,1.0,False,fundingpips_1step,7,1.0,ladder_balance,IS,400,390,0.0,0.0,0.0,0.0,100.0,,2.3,1.35,-0.52,100049.0,0.0,1.0,2
BTCUSD,don20,4h,1.0,1.0,False,fundingpips_1step,14,1.0,ladder_balance,IS,400,390,1.3,0.0,0.0,0.0,98.7,11.3,4.7,2.23,-0.78,100148.0,0.0,2.0,2
BTCUSD,don20,4h,1.0,1.0,False,fundingpips_1step,7,1.5,fixed,IS,400,390,2.1,0.0,0.0,0.0,97.9,4.3,2.3,3.38,-1.17,100182.0,0.0,1.0,2
BTCUSD,don20,4h,1.0,1.0,False,fundingpips_1step,14,1.5,fixed,IS,400,390,8.2,0.0,0.0,5.1,86.7,9.2,4.4,5.04,-1.45,100436.0,5.1,1.8,2
BTCUSD,don20,4h,1.0,1.0,False,fundingpips_1step,7,1.5,balance,IS,400,390,2.1,0.0,0.3,0.0,97.7,4.3,2.3,3.37,-1.18,100188.0,0.3,1.0,2
BTCUSD,don20,4h,1.0,1.0,False,fundingpips_1step,14,1.5,balance,IS,400,390,8.5,0.0,0.3,5.1,86.2,9.5,4.4,5.02,-1.46,100449.0,5.4,1.8,2
BTCUSD,don20,4h,1.0,1.0,False,fundingpips_1step,7,1.5,ladder,IS,400,390,0.0,0.0,0.0,0.0,100.0,,2.3,1.37,-0.53,100054.0,0.0,1.0,2
BTCUSD,don20,4h,1.0,1.0,False,fundingpips_1step,14,1.5,ladder,IS,400,390,1.3,0.0,0.0,0.0,98.7,11.3,4.7,2.32,-0.85,100156.0,0.0,2.0,2
BTCUSD,don20,4h,1.0,1.0,False,fundingpips_1step,7,1.5,ladder_balance,IS,400,390,0.0,0.0,0.0,0.0,100.0,,2.3,1.37,-0.54,100055.0,0.0,1.0,2
BTCUSD,don20,4h,1.0,1.0,False,fundingpips_1step,14,1.5,ladder_balance,IS,400,390,1.3,0.0,0.0,0.0,98.7,11.3,4.7,2.34,-0.86,100164.0,0.0,2.0,2
BTCUSD,don20,4h,1.0,1.0,False,fundingpips_1step,7,2.0,fixed,IS,400,390,4.6,0.0,0.3,4.1,91.0,5.2,2.3,4.48,-1.56,100157.0,4.4,1.0,2
BTCUSD,don20,4h,1.0,1.0,False,fundingpips_1step,14,2.0,fixed,IS,400,390,13.1,0.0,0.3,21.0,65.6,8.8,4.1,6.51,-1.92,100354.0,21.3,1.7,2
BTCUSD,don20,4h,1.0,1.0,False,fundingpips_1step,7,2.0,balance,IS,400,390,4.6,0.0,0.3,3.3,91.8,5.2,2.3,4.47,-1.57,100171.0,3.6,0.9,2
BTCUSD,don20,4h,1.0,1.0,False,fundingpips_1step,14,2.0,balance,IS,400,390,13.3,0.0,0.3,19.2,67.2,9.2,4.2,6.5,-1.93,100396.0,19.5,1.2,2
BTCUSD,don20,4h,1.0,1.0,False,fundingpips_1step,7,2.0,ladder,IS,400,390,0.0,0.0,0.0,0.0,100.0,,2.3,1.37,-0.54,100053.0,0.0,0.7,2
BTCUSD,don20,4h,1.0,1.0,False,fundingpips_1step,14,2.0,ladder,IS,400,390,1.3,0.0,0.0,0.0,98.7,11.3,4.7,2.35,-0.86,100170.0,0.0,1.3,2
BTCUSD,don20,4h,1.0,1.0,False,fundingpips_1step,7,2.0,ladder_balance,IS,400,390,0.0,0.0,0.0,0.0,100.0,,2.3,1.37,-0.54,100055.0,0.0,0.7,2
BTCUSD,don20,4h,1.0,1.0,False,fundingpips_1step,14,2.0,ladder_balance,IS,400,390,1.3,0.0,0.0,0.0,98.7,11.3,4.7,2.37,-0.87,100178.0,0.0,1.3,2
BTCUSD,don20,4h,1.0,1.0,False,fundingpips_1step,7,2.8,fixed,IS,400,390,9.2,0.0,7.7,10.0,73.1,4.3,2.1,5.96,-2.13,100211.0,17.7,0.6,2
BTCUSD,don20,4h,1.0,1.0,False,fundingpips_1step,14,2.8,fixed,IS,400,390,18.2,0.0,10.8,35.6,35.4,6.5,3.4,7.84,-2.54,100536.0,46.4,0.9,2
BTCUSD,don20,4h,1.0,1.0,False,fundingpips_1step,7,2.8,balance,IS,400,390,9.7,0.0,9.0,11.8,69.5,4.3,2.1,5.91,-2.13,100255.0,20.8,0.6,2
BTCUSD,don20,4h,1.0,1.0,False,fundingpips_1step,14,2.8,balance,IS,400,390,17.9,0.0,15.6,37.2,29.2,6.4,3.3,7.66,-2.53,100639.0,52.8,0.9,2
BTCUSD,don20,4h,1.0,1.0,False,fundingpips_1step,7,2.8,ladder,IS,400,390,0.0,0.0,0.0,0.0,100.0,,2.3,1.37,-0.54,100053.0,0.0,0.7,2
BTCUSD,don20,4h,1.0,1.0,False,fundingpips_1step,14,2.8,ladder,IS,400,390,1.3,0.0,0.0,0.0,98.7,11.3,4.7,2.35,-0.86,100170.0,0.0,1.4,2
BTCUSD,don20,4h,1.0,1.0,False,fundingpips_1step,7,2.8,ladder_balance,IS,400,390,0.0,0.0,0.0,0.0,100.0,,2.3,1.37,-0.54,100055.0,0.0,0.7,2
BTCUSD,don20,4h,1.0,1.0,False,fundingpips_1step,14,2.8,ladder_balance,IS,400,390,1.3,0.0,0.0,0.0,98.7,11.3,4.7,2.37,-0.87,100178.0,0.0,1.3,2
GBPUSD,don20,4h,1.0,1.0,False,fundingpips_1step,7,0.5,fixed,IS,400,527,0.0,0.0,0.0,0.0,100.0,,2.0,0.96,-0.39,100031.0,0.0,0.8,2
GBPUSD,don20,4h,1.0,1.0,False,fundingpips_1step,14,0.5,fixed,IS,400,527,0.0,0.0,0.0,0.0,100.0,,4.0,1.55,-0.51,100080.0,0.0,1.4,2
GBPUSD,don20,4h,1.0,1.0,False,fundingpips_1step,7,0.5,balance,IS,400,527,0.0,0.0,0.0,0.0,100.0,,2.0,0.96,-0.39,100031.0,0.0,0.7,2
GBPUSD,don20,4h,1.0,1.0,False,fundingpips_1step,14,0.5,balance,IS,400,527,0.0,0.0,0.0,0.0,100.0,,4.0,1.55,-0.51,100080.0,0.0,1.4,2
GBPUSD,don20,4h,1.0,1.0,False,fundingpips_1step,7,1.0,fixed,IS,400,527,0.4,0.0,0.0,0.0,99.6,4.2,2.0,1.93,-0.79,100063.0,0.0,0.7,2
GBPUSD,don20,4h,1.0,1.0,False,fundingpips_1step,14,1.0,fixed,IS,400,527,1.3,0.0,0.0,0.2,98.5,8.7,4.0,3.1,-1.01,100163.0,0.2,1.4,2
GBPUSD,don20,4h,1.0,1.0,False,fundingpips_1step,7,1.0,balance,IS,400,527,0.4,0.0,0.0,0.0,99.6,4.2,2.0,1.92,-0.79,100063.0,0.0,0.8,2
GBPUSD,don20,4h,1.0,1.0,False,fundingpips_1step,14,1.0,balance,IS,400,527,1.3,0.0,0.0,0.2,98.5,8.7,4.0,3.1,-1.02,100163.0,0.2,1.4,2
GBPUSD,don20,4h,1.0,1.0,False,fundingpips_1step,7,1.0,ladder,IS,400,527,0.0,0.0,0.0,0.0,100.0,,2.0,1.13,-0.47,100045.0,0.0,0.7,2
GBPUSD,don20,4h,1.0,1.0,False,fundingpips_1step,14,1.0,ladder,IS,400,527,0.6,0.0,0.0,0.0,99.4,8.7,4.0,1.97,-0.7,100119.0,0.0,1.5,2
GBPUSD,don20,4h,1.0,1.0,False,fundingpips_1step,7,1.0,ladder_balance,IS,400,527,0.2,0.0,0.0,0.0,99.8,6.4,2.0,1.13,-0.47,100046.0,0.0,0.8,2
GBPUSD,don20,4h,1.0,1.0,False,fundingpips_1step,14,1.0,ladder_balance,IS,400,527,0.6,0.0,0.0,0.0,99.4,8.7,4.0,1.97,-0.7,100119.0,0.0,1.4,2
GBPUSD,don20,4h,1.0,1.0,False,fundingpips_1step,7,1.5,fixed,IS,400,527,1.5,0.0,0.2,0.0,98.3,3.2,2.0,2.89,-1.18,100093.0,0.2,0.7,2
GBPUSD,don20,4h,1.0,1.0,False,fundingpips_1step,14,1.5,fixed,IS,400,527,3.6,0.0,0.6,3.8,92.0,8.1,3.9,4.61,-1.51,100250.0,4.4,1.5,2
GBPUSD,don20,4h,1.0,1.0,False,fundingpips_1step,7,1.5,balance,IS,400,527,1.3,0.0,0.2,0.0,98.5,3.1,2.0,2.88,-1.18,100091.0,0.2,0.8,2
GBPUSD,don20,4h,1.0,1.0,False,fundingpips_1step,14,1.5,balance,IS,400,527,3.6,0.0,0.6,3.0,92.8,8.3,3.9,4.61,-1.52,100252.0,3.6,1.5,2
GBPUSD,don20,4h,1.0,1.0,False,fundingpips_1step,7,1.5,ladder,IS,400,527,0.2,0.0,0.0,0.0,99.8,6.4,2.0,1.15,-0.48,100048.0,0.0,0.8,2
GBPUSD,don20,4h,1.0,1.0,False,fundingpips_1step,14,1.5,ladder,IS,400,527,0.8,0.0,0.0,0.0,99.2,10.1,4.0,2.08,-0.77,100123.0,0.0,1.3,2
GBPUSD,don20,4h,1.0,1.0,False,fundingpips_1step,7,1.5,ladder_balance,IS,400,527,0.2,0.0,0.0,0.0,99.8,6.4,2.0,1.15,-0.48,100049.0,0.0,0.8,2
GBPUSD,don20,4h,1.0,1.0,False,fundingpips_1step,14,1.5,ladder_balance,IS,400,527,0.8,0.0,0.0,0.0,99.2,10.1,4.0,2.09,-0.78,100123.0,0.0,1.1,2
GBPUSD,don20,4h,1.0,1.0,False,fundingpips_1step,7,2.0,fixed,IS,400,527,2.3,0.0,2.8,0.9,93.9,3.2,2.0,3.81,-1.57,100140.0,3.7,0.8,2
GBPUSD,don20,4h,1.0,1.0,False,fundingpips_1step,14,2.0,fixed,IS,400,527,6.1,0.0,6.1,10.6,77.2,8.5,3.7,5.95,-2.0,100354.0,16.7,1.6,2
GBPUSD,don20,4h,1.0,1.0,False,fundingpips_1step,7,2.0,balance,IS,400,527,2.3,0.0,2.8,0.9,93.9,2.9,2.0,3.81,-1.58,100125.0,3.7,1.0,2
GBPUSD,don20,4h,1.0,1.0,False,fundingpips_1step,14,2.0,balance,IS,400,527,6.3,0.0,5.7,9.9,78.2,8.7,3.7,5.95,-2.0,100340.0,15.6,1.6,2
GBPUSD,don20,4h,1.0,1.0,False,fundingpips_1step,7,2.0,ladder,IS,400,527,0.2,0.0,0.0,0.0,99.8,6.4,2.0,1.15,-0.48,100048.0,0.0,0.8,2
GBPUSD,don20,4h,1.0,1.0,False,fundingpips_1step,14,2.0,ladder,IS,400,527,0.8,0.0,0.0,0.0,99.2,10.1,4.0,2.1,-0.78,100123.0,0.0,1.4,2
GBPUSD,don20,4h,1.0,1.0,False,fundingpips_1step,7,2.0,ladder_balance,IS,400,527,0.2,0.0,0.0,0.0,99.8,6.4,2.0,1.15,-0.48,100049.0,0.0,0.7,2
GBPUSD,don20,4h,1.0,1.0,False,fundingpips_1step,14,2.0,ladder_balance,IS,400,527,0.8,0.0,0.0,0.0,99.2,10.1,4.0,2.1,-0.79,100124.0,0.0,1.4,2
GBPUSD,don20,4h,1.0,1.0,False,fundingpips_1step,7,2.8,fixed,IS,400,527,5.1,0.0,4.6,5.9,84.4,3.3,1.9,5.25,-2.17,100206.0,10.5,0.8,2
GBPUSD,don20,4h,1.0,1.0,False,fundingpips_1step,14,2.8,fixed,IS,400,527,11.4,0.0,8.0,23.9,56.7,7.6,3.4,7.85,-2.7,100504.0,31.9,1.2,2
GBPUSD,don20,4h,1.0,1.0,False,fundingpips_1step,7,2.8,balance,IS,400,527,5.1,0.0,5.1,5.7,84.1,3.3,1.9,5.23,-2.17,100202.0,10.8,0.7,2
GBPUSD,don20,4h,1.0,1.0,False,fundingpips_1step,14,2.8,balance,IS,400,527,11.4,0.0,11.0,23.3,54.3,7.6,3.4,7.8,-2.7,100515.0,34.3,1.3,2
GBPUSD,don20,4h,1.0,1.0,False,fundingpips_1step,7,2.8,ladder,IS,400,527,0.2,0.0,0.0,0.0,99.8,6.4,2.0,1.15,-0.48,100048.0,0.0,0.8,2
GBPUSD,don20,4h,1.0,1.0,False,fundingpips_1step,14,2.8,ladder,IS,400,527,0.8,0.0,0.2,0.0,99.1,10.1,4.0,2.1,-0.79,100127.0,0.2,1.5,2
GBPUSD,don20,4h,1.0,1.0,False,fundingpips_1step,7,2.8,ladder_balance,IS,400,527,0.2,0.0,0.0,0.0,99.8,6.4,2.0,1.15,-0.48,100049.0,0.0,0.8,2
GBPUSD,don20,4h,1.0,1.0,False,fundingpips_1step,14,2.8,ladder_balance,IS,400,527,0.8,0.0,0.2,0.0,99.1,10.1,4.0,2.11,-0.79,100128.0,0.2,2.2,2
GBPUSD,don20,4h,1.0,1.0,True,fundingpips_1step,7,0.5,fixed,IS,400,527,0.0,0.0,0.0,0.0,100.0,,2.0,0.95,-0.39,100030.0,0.0,0.8,2
GBPUSD,don20,4h,1.0,1.0,True,fundingpips_1step,14,0.5,fixed,IS,400,527,0.0,0.0,0.0,0.0,100.0,,4.0,1.53,-0.5,100084.0,0.0,1.6,2
GBPUSD,don20,4h,1.0,1.0,True,fundingpips_1step,7,0.5,balance,IS,400,527,0.0,0.0,0.0,0.0,100.0,,2.0,0.95,-0.39,100030.0,0.0,0.8,2
GBPUSD,don20,4h,1.0,1.0,True,fundingpips_1step,14,0.5,balance,IS,400,527,0.0,0.0,0.0,0.0,100.0,,4.0,1.53,-0.5,100084.0,0.0,1.6,2
GBPUSD,don20,4h,1.0,1.0,True,fundingpips_1step,7,1.0,fixed,IS,400,527,0.4,0.0,0.0,0.0,99.6,4.2,2.0,1.9,-0.78,100060.0,0.0,0.9,2
GBPUSD,don20,4h,1.0,1.0,True,fundingpips_1step,14,1.0,fixed,IS,400,527,1.3,0.0,0.0,0.2,98.5,8.7,4.0,3.06,-1.0,100171.0,0.2,1.5,2
GBPUSD,don20,4h,1.0,1.0,True,fundingpips_1step,7,1.0,balance,IS,400,527,0.4,0.0,0.0,0.0,99.6,4.2,2.0,1.9,-0.78,100060.0,0.0,0.8,2
GBPUSD,don20,4h,1.0,1.0,True,fundingpips_1step,14,1.0,balance,IS,400,527,1.3,0.0,0.0,0.2,98.5,8.7,4.0,3.06,-1.0,100171.0,0.2,1.5,2
GBPUSD,don20,4h,1.0,1.0,True,fundingpips_1step,7,1.0,ladder,IS,400,527,0.0,0.0,0.0,0.0,100.0,,2.0,1.12,-0.47,100044.0,0.0,0.6,2
GBPUSD,don20,4h,1.0,1.0,True,fundingpips_1step,14,1.0,ladder,IS,400,527,0.6,0.0,0.0,0.0,99.4,8.7,4.0,1.95,-0.69,100127.0,0.0,1.4,2
GBPUSD,don20,4h,1.0,1.0,True,fundingpips_1step,7,1.0,ladder_balance,IS,400,527,0.2,0.0,0.0,0.0,99.8,6.4,2.0,1.12,-0.47,100044.0,0.0,0.8,2
GBPUSD,don20,4h,1.0,1.0,True,fundingpips_1step,14,1.0,ladder_balance,IS,400,527,0.6,0.0,0.0,0.0,99.4,8.7,4.0,1.96,-0.69,100127.0,0.0,1.6,2
GBPUSD,don20,4h,1.0,1.0,True,fundingpips_1step,7,1.5,fixed,IS,400,527,1.5,0.0,0.2,0.0,98.3,3.2,2.0,2.85,-1.16,100090.0,0.2,0.8,2
GBPUSD,don20,4h,1.0,1.0,True,fundingpips_1step,14,1.5,fixed,IS,400,527,4.0,0.0,0.6,3.6,91.8,8.1,3.9,4.56,-1.49,100266.0,4.2,1.4,2
GBPUSD,don20,4h,1.0,1.0,True,fundingpips_1step,7,1.5,balance,IS,400,527,1.3,0.0,0.2,0.0,98.5,3.1,2.0,2.85,-1.17,100088.0,0.2,0.9,2
GBPUSD,don20,4h,1.0,1.0,True,fundingpips_1step,14,1.5,balance,IS,400,527,4.0,0.0,0.6,3.0,92.4,8.3,3.9,4.55,-1.49,100266.0,3.6,1.4,2
GBPUSD,don20,4h,1.0,1.0,True,fundingpips_1step,7,1.5,ladder,IS,400,527,0.2,0.0,0.0,0.0,99.8,6.4,2.0,1.14,-0.48,100047.0,0.0,0.8,2
GBPUSD,don20,4h,1.0,1.0,True,fundingpips_1step,14,1.5,ladder,IS,400,527,0.8,0.0,0.0,0.0,99.2,10.1,4.0,2.07,-0.76,100130.0,0.0,1.5,2
GBPUSD,don20,4h,1.0,1.0,True,fundingpips_1step,7,1.5,ladder_balance,IS,400,527,0.2,0.0,0.0,0.0,99.8,6.4,2.0,1.14,-0.48,100047.0,0.0,0.8,2
GBPUSD,don20,4h,1.0,1.0,True,fundingpips_1step,14,1.5,ladder_balance,IS,400,527,0.8,0.0,0.0,0.0,99.2,10.1,4.0,2.07,-0.77,100131.0,0.0,1.6,2
GBPUSD,don20,4h,1.0,1.0,True,fundingpips_1step,7,2.0,fixed,IS,400,527,2.3,0.0,2.1,0.9,94.7,3.0,2.0,3.78,-1.55,100137.0,3.0,0.9,2
GBPUSD,don20,4h,1.0,1.0,True,fundingpips_1step,14,2.0,fixed,IS,400,527,5.5,0.0,4.9,10.1,79.5,7.9,3.8,5.91,-1.97,100347.0,15.0,1.8,2
GBPUSD,don20,4h,1.0,1.0,True,fundingpips_1step,7,2.0,balance,IS,400,527,2.3,0.0,2.1,0.9,94.7,2.8,2.0,3.77,-1.55,100121.0,3.0,0.9,2
GBPUSD,don20,4h,1.0,1.0,True,fundingpips_1step,14,2.0,balance,IS,400,527,5.7,0.0,4.6,9.5,80.3,8.0,3.8,5.92,-1.98,100331.0,14.1,1.6,2
GBPUSD,don20,4h,1.0,1.0,True,fundingpips_1step,7,2.0,ladder,IS,400,527,0.2,0.0,0.0,0.0,99.8,6.4,2.0,1.14,-0.48,100047.0,0.0,0.7,2
GBPUSD,don20,4h,1.0,1.0,True,fundingpips_1step,14,2.0,ladder,IS,400,527,0.8,0.0,0.0,0.0,99.2,10.1,4.0,2.08,-0.78,100130.0,0.0,1.4,2
GBPUSD,don20,4h,1.0,1.0,True,fundingpips_1step,7,2.0,ladder_balance,IS,400,527,0.2,0.0,0.0,0.0,99.8,6.4,2.0,1.14,-0.48,100047.0,0.0,0.7,2
GBPUSD,don20,4h,1.0,1.0,True,fundingpips_1step,14,2.0,ladder_balance,IS,400,527,0.8,0.0,0.0,0.0,99.2,10.1,4.0,2.09,-0.78,100131.0,0.0,1.4,2
GBPUSD,don20,4h,1.0,1.0,True,fundingpips_1step,7,2.8,fixed,IS,400,527,5.5,0.0,3.0,5.7,85.8,3.1,1.9,5.21,-2.14,100181.0,8.7,0.7,2
GBPUSD,don20,4h,1.0,1.0,True,fundingpips_1step,14,2.8,fixed,IS,400,527,12.5,0.0,5.5,23.9,58.1,7.7,3.4,7.84,-2.66,100485.0,29.4,1.2,2
GBPUSD,don20,4h,1.0,1.0,True,fundingpips_1step,7,2.8,balance,IS,400,527,5.5,0.0,3.6,5.5,85.4,3.1,1.9,5.2,-2.15,100179.0,9.1,0.7,2
GBPUSD,don20,4h,1.0,1.0,True,fundingpips_1step,14,2.8,balance,IS,400,527,12.5,0.0,8.9,23.3,55.2,7.7,3.4,7.8,-2.67,100498.0,32.2,1.3,2
GBPUSD,don20,4h,1.0,1.0,True,fundingpips_1step,7,2.8,ladder,IS,400,527,0.2,0.0,0.0,0.0,99.8,6.4,2.0,1.14,-0.48,100047.0,0.0,0.8,2
GBPUSD,don20,4h,1.0,1.0,True,fundingpips_1step,14,2.8,ladder,IS,400,527,0.8,0.0,0.2,0.0,99.1,10.1,4.0,2.09,-0.78,100134.0,0.2,1.5,2
GBPUSD,don20,4h,1.0,1.0,True,fundingpips_1step,7,2.8,ladder_balance,IS,400,527,0.2,0.0,0.0,0.0,99.8,6.4,2.0,1.14,-0.48,100047.0,0.0,0.9,2
GBPUSD,don20,4h,1.0,1.0,True,fundingpips_1step,14,2.8,ladder_balance,IS,400,527,0.8,0.0,0.2,0.0,99.1,10.1,4.0,2.09,-0.79,100136.0,0.2,2.2,2
BTCUSD,don20,4h,4.0,4.0,True,fundingpips_1step,7,0.5,fixed,IS,400,390,0.0,0.0,0.0,0.0,100.0,,1.9,0.74,-0.36,100134.0,0.0,1.4,2
BTCUSD,don20,4h,4.0,4.0,True,fundingpips_1step,14,0.5,fixed,IS,400,390,0.0,0.0,0.0,0.0,100.0,,3.6,1.14,-0.48,100283.0,0.0,2.7,2
BTCUSD,don20,4h,4.0,4.0,True,fundingpips_1step,7,0.5,balance,IS,400,390,0.0,0.0,0.0,0.0,100.0,,1.9,0.74,-0.36,100135.0,0.0,1.4,2
BTCUSD,don20,4h,4.0,4.0,True,fundingpips_1step,14,0.5,balance,IS,400,390,0.0,0.0,0.0,0.0,100.0,,3.6,1.14,-0.48,100283.0,0.0,2.9,2
BTCUSD,don20,4h,4.0,4.0,True,fundingpips_1step,7,1.0,fixed,IS,400,390,0.0,0.0,0.0,0.0,100.0,,1.9,1.49,-0.72,100270.0,0.0,1.4,2
BTCUSD,don20,4h,4.0,4.0,True,fundingpips_1step,14,1.0,fixed,IS,400,390,0.0,0.0,0.0,0.0,100.0,,3.6,2.29,-0.97,100569.0,0.0,2.7,2
BTCUSD,don20,4h,4.0,4.0,True,fundingpips_1step,7,1.0,balance,IS,400,390,0.0,0.0,0.0,0.0,100.0,,1.9,1.49,-0.72,100271.0,0.0,1.3,2
BTCUSD,don20,4h,4.0,4.0,True,fundingpips_1step,14,1.0,balance,IS,400,390,0.0,0.0,0.0,0.0,100.0,,3.6,2.3,-0.97,100570.0,0.0,2.7,2
BTCUSD,don20,4h,4.0,4.0,True,fundingpips_1step,7,1.0,ladder,IS,400,390,0.0,0.0,0.0,0.0,100.0,,1.9,0.87,-0.43,100192.0,0.0,1.3,2
BTCUSD,don20,4h,4.0,4.0,True,fundingpips_1step,14,1.0,ladder,IS,400,390,0.0,0.0,0.0,0.0,100.0,,3.6,1.5,-0.7,100395.0,0.0,2.8,2
BTCUSD,don20,4h,4.0,4.0,True,fundingpips_1step,7,1.0,ladder_balance,IS,400,390,0.0,0.0,0.0,0.0,100.0,,1.9,0.87,-0.43,100192.0,0.0,1.5,2
BTCUSD,don20,4h,4.0,4.0,True,fundingpips_1step,14,1.0,ladder_balance,IS,400,390,0.0,0.0,0.0,0.0,100.0,,3.6,1.5,-0.7,100397.0,0.0,2.8,2
BTCUSD,don20,4h,4.0,4.0,True,fundingpips_1step,7,1.5,fixed,IS,400,390,0.3,0.0,0.8,0.0,99.0,6.3,1.9,2.25,-1.08,100405.0,0.8,1.3,2
BTCUSD,don20,4h,4.0,4.0,True,fundingpips_1step,14,1.5,fixed,IS,400,390,2.3,0.0,2.1,0.3,95.4,9.3,3.5,3.44,-1.46,100844.0,2.4,2.7,2
BTCUSD,don20,4h,4.0,4.0,True,fundingpips_1step,7,1.5,balance,IS,400,390,0.3,0.0,0.8,0.0,99.0,6.3,1.9,2.25,-1.08,100406.0,0.8,1.4,2
BTCUSD,don20,4h,4.0,4.0,True,fundingpips_1step,14,1.5,balance,IS,400,390,3.3,0.0,2.1,0.3,94.4,10.9,3.5,3.44,-1.46,100845.0,2.4,3.1,2
BTCUSD,don20,4h,4.0,4.0,True,fundingpips_1step,7,1.5,ladder,IS,400,390,0.0,0.0,0.0,0.0,100.0,,1.9,0.88,-0.44,100187.0,0.0,1.7,2
BTCUSD,don20,4h,4.0,4.0,True,fundingpips_1step,14,1.5,ladder,IS,400,390,0.0,0.0,0.0,0.0,100.0,,3.6,1.59,-0.74,100381.0,0.0,2.8,2
BTCUSD,don20,4h,4.0,4.0,True,fundingpips_1step,7,1.5,ladder_balance,IS,400,390,0.0,0.0,0.0,0.0,100.0,,1.9,0.88,-0.44,100187.0,0.0,1.4,2
BTCUSD,don20,4h,4.0,4.0,True,fundingpips_1step,14,1.5,ladder_balance,IS,400,390,0.0,0.0,0.0,0.0,100.0,,3.6,1.59,-0.74,100382.0,0.0,2.8,2
BTCUSD,don20,4h,4.0,4.0,True,fundingpips_1step,7,2.0,fixed,IS,400,390,1.0,0.0,5.1,0.0,93.8,6.0,1.9,2.98,-1.43,100552.0,5.1,1.4,2
BTCUSD,don20,4h,4.0,4.0,True,fundingpips_1step,14,2.0,fixed,IS,400,390,5.6,0.0,12.6,2.3,79.5,10.0,3.4,4.41,-1.9,101176.0,14.9,3.0,2
BTCUSD,don20,4h,4.0,4.0,True,fundingpips_1step,7,2.0,balance,IS,400,390,1.0,0.0,5.1,0.0,93.8,6.0,1.9,2.98,-1.44,100554.0,5.1,1.6,2
BTCUSD,don20,4h,4.0,4.0,True,fundingpips_1step,14,2.0,balance,IS,400,390,5.6,0.0,11.8,2.1,80.5,10.0,3.4,4.42,-1.9,101182.0,13.9,3.9,2
BTCUSD,don20,4h,4.0,4.0,True,fundingpips_1step,7,2.0,ladder,IS,400,390,0.0,0.0,0.0,0.0,100.0,,1.9,0.88,-0.44,100187.0,0.0,2.0,2
BTCUSD,don20,4h,4.0,4.0,True,fundingpips_1step,14,2.0,ladder,IS,400,390,0.0,0.0,0.0,0.0,100.0,,3.6,1.59,-0.75,100374.0,0.0,3.6,2
BTCUSD,don20,4h,4.0,4.0,True,fundingpips_1step,7,2.0,ladder_balance,IS,400,390,0.0,0.0,0.0,0.0,100.0,,1.9,0.88,-0.44,100187.0,0.0,1.8,2
BTCUSD,don20,4h,4.0,4.0,True,fundingpips_1step,14,2.0,ladder_balance,IS,400,390,0.0,0.0,0.0,0.0,100.0,,3.6,1.6,-0.75,100375.0,0.0,3.9,2
BTCUSD,don20,4h,4.0,4.0,True,fundingpips_1step,7,2.8,fixed,IS,400,390,1.5,0.0,12.3,0.3,85.9,4.4,1.8,4.06,-1.93,100757.0,12.6,2.0,2
BTCUSD,don20,4h,4.0,4.0,True,fundingpips_1step,14,2.8,fixed,IS,400,390,5.6,0.0,24.6,6.7,63.1,8.8,3.1,5.79,-2.44,101358.0,31.3,3.0,2
BTCUSD,don20,4h,4.0,4.0,True,fundingpips_1step,7,2.8,balance,IS,400,390,1.5,0.0,12.8,0.3,85.4,4.4,1.8,4.06,-1.93,100760.0,13.1,1.9,2
BTCUSD,don20,4h,4.0,4.0,True,fundingpips_1step,14,2.8,balance,IS,400,390,5.6,0.0,26.4,5.9,62.1,8.8,3.0,5.73,-2.45,101402.0,32.3,3.4,2
BTCUSD,don20,4h,4.0,4.0,True,fundingpips_1step,7,2.8,ladder,IS,400,390,0.0,0.0,0.0,0.0,100.0,,1.9,0.88,-0.44,100187.0,0.0,2.0,2
BTCUSD,don20,4h,4.0,4.0,True,fundingpips_1step,14,2.8,ladder,IS,400,390,0.0,0.0,0.0,0.0,100.0,,3.6,1.59,-0.75,100374.0,0.0,2.9,2
BTCUSD,don20,4h,4.0,4.0,True,fundingpips_1step,7,2.8,ladder_balance,IS,400,390,0.0,0.0,0.0,0.0,100.0,,1.9,0.88,-0.44,100187.0,0.0,1.3,2
BTCUSD,don20,4h,4.0,4.0,True,fundingpips_1step,14,2.8,ladder_balance,IS,400,390,0.0,0.0,0.0,0.0,100.0,,3.6,1.6,-0.75,100375.0,0.0,2.7,2
XAUUSD,don55,4h,1.0,1.0,False,fundingpips_1step,7,0.5,fixed,IS,400,422,0.0,0.0,0.0,0.0,100.0,,1.1,0.59,-0.26,99997.0,0.0,0.6,2
XAUUSD,don55,4h,1.0,1.0,False,fundingpips_1step,14,0.5,fixed,IS,400,422,0.0,0.0,0.0,0.0,100.0,,2.2,1.03,-0.41,99998.0,0.0,1.2,2
XAUUSD,don55,4h,1.0,1.0,False,fundingpips_1step,7,0.5,balance,IS,400,422,0.0,0.0,0.0,0.0,100.0,,1.1,0.59,-0.26,99998.0,0.0,0.7,2
XAUUSD,don55,4h,1.0,1.0,False,fundingpips_1step,14,0.5,balance,IS,400,422,0.0,0.0,0.0,0.0,100.0,,2.2,1.03,-0.41,99998.0,0.0,1.4,2
XAUUSD,don55,4h,1.0,1.0,False,fundingpips_1step,7,1.0,fixed,IS,400,422,0.2,0.0,0.0,0.0,99.8,2.9,1.1,1.18,-0.51,99995.0,0.0,0.5,2
XAUUSD,don55,4h,1.0,1.0,False,fundingpips_1step,14,1.0,fixed,IS,400,422,0.5,0.0,0.0,0.0,99.5,5.9,2.2,2.07,-0.81,99997.0,0.0,1.3,2
XAUUSD,don55,4h,1.0,1.0,False,fundingpips_1step,7,1.0,balance,IS,400,422,0.2,0.0,0.0,0.0,99.8,2.9,1.1,1.17,-0.51,99995.0,0.0,0.6,2
XAUUSD,don55,4h,1.0,1.0,False,fundingpips_1step,14,1.0,balance,IS,400,422,0.5,0.0,0.0,0.0,99.5,5.9,2.2,2.07,-0.81,99999.0,0.0,1.1,2
XAUUSD,don55,4h,1.0,1.0,False,fundingpips_1step,7,1.0,ladder,IS,400,422,0.0,0.0,0.0,0.0,100.0,,1.1,0.66,-0.3,99984.0,0.0,0.6,2
XAUUSD,don55,4h,1.0,1.0,False,fundingpips_1step,14,1.0,ladder,IS,400,422,0.2,0.0,0.0,0.0,99.8,8.9,2.2,1.26,-0.54,99971.0,0.0,1.1,2
XAUUSD,don55,4h,1.0,1.0,False,fundingpips_1step,7,1.0,ladder_balance,IS,400,422,0.0,0.0,0.0,0.0,100.0,,1.1,0.66,-0.3,99984.0,0.0,0.7,2
XAUUSD,don55,4h,1.0,1.0,False,fundingpips_1step,14,1.0,ladder_balance,IS,400,422,0.2,0.0,0.0,0.0,99.8,8.9,2.2,1.26,-0.54,99972.0,0.0,1.3,2
XAUUSD,don55,4h,1.0,1.0,False,fundingpips_1step,7,1.5,fixed,IS,400,422,0.7,0.0,0.0,0.0,99.3,2.9,1.0,1.76,-0.77,99984.0,0.0,0.7,2
XAUUSD,don55,4h,1.0,1.0,False,fundingpips_1step,14,1.5,fixed,IS,400,422,2.1,0.0,0.0,0.7,97.2,8.9,2.2,3.1,-1.21,99995.0,0.7,1.3,2
XAUUSD,don55,4h,1.0,1.0,False,fundingpips_1step,7,1.5,balance,IS,400,422,0.7,0.0,0.0,0.0,99.3,2.9,1.0,1.76,-0.77,99984.0,0.0,0.7,2
XAUUSD,don55,4h,1.0,1.0,False,fundingpips_1step,14,1.5,balance,IS,400,422,2.1,0.0,0.0,0.7,97.2,8.9,2.2,3.1,-1.22,100000.0,0.7,1.3,2
XAUUSD,don55,4h,1.0,1.0,False,fundingpips_1step,7,1.5,ladder,IS,400,422,0.0,0.0,0.0,0.0,100.0,,1.1,0.66,-0.3,99986.0,0.0,0.7,2
XAUUSD,don55,4h,1.0,1.0,False,fundingpips_1step,14,1.5,ladder,IS,400,422,0.7,0.0,0.0,0.0,99.3,8.9,2.2,1.29,-0.56,99999.0,0.0,1.3,2
XAUUSD,don55,4h,1.0,1.0,False,fundingpips_1step,7,1.5,ladder_balance,IS,400,422,0.0,0.0,0.0,0.0,100.0,,1.1,0.67,-0.3,99986.0,0.0,0.7,2
XAUUSD,don55,4h,1.0,1.0,False,fundingpips_1step,14,1.5,ladder_balance,IS,400,422,0.7,0.0,0.0,0.0,99.3,8.9,2.2,1.29,-0.56,100002.0,0.0,1.4,2
XAUUSD,don55,4h,1.0,1.0,False,fundingpips_1step,7,2.0,fixed,IS,400,422,1.7,0.0,1.2,0.9,96.2,5.6,1.0,2.35,-1.02,99969.0,2.1,0.7,2
XAUUSD,don55,4h,1.0,1.0,False,fundingpips_1step,14,2.0,fixed,IS,400,422,3.3,0.0,2.4,3.6,90.8,7.5,2.1,4.08,-1.6,99926.0,6.0,1.3,2
XAUUSD,don55,4h,1.0,1.0,False,fundingpips_1step,7,2.0,balance,IS,400,422,1.9,0.0,1.2,0.5,96.4,5.2,1.0,2.35,-1.02,99982.0,1.7,0.7,2
XAUUSD,don55,4h,1.0,1.0,False,fundingpips_1step,14,2.0,balance,IS,400,422,3.6,0.0,2.4,2.4,91.7,6.2,2.1,4.08,-1.61,99975.0,4.8,1.3,2
XAUUSD,don55,4h,1.0,1.0,False,fundingpips_1step,7,2.0,ladder,IS,400,422,0.0,0.0,0.0,0.0,100.0,,1.1,0.66,-0.3,99986.0,0.0,0.7,2
XAUUSD,don55,4h,1.0,1.0,False,fundingpips_1step,14,2.0,ladder,IS,400,422,0.7,0.0,0.0,0.0,99.3,8.9,2.2,1.29,-0.56,100011.0,0.0,1.3,2
XAUUSD,don55,4h,1.0,1.0,False,fundingpips_1step,7,2.0,ladder_balance,IS,400,422,0.0,0.0,0.0,0.0,100.0,,1.1,0.67,-0.3,99986.0,0.0,0.7,2
XAUUSD,don55,4h,1.0,1.0,False,fundingpips_1step,14,2.0,ladder_balance,IS,400,422,0.7,0.0,0.0,0.0,99.3,8.9,2.2,1.3,-0.56,100015.0,0.0,0.9,2
XAUUSD,don55,4h,1.0,1.0,False,fundingpips_1step,7,2.8,fixed,IS,400,422,4.7,0.0,4.5,1.9,88.9,4.5,1.0,3.2,-1.41,99947.0,6.4,0.5,2
XAUUSD,don55,4h,1.0,1.0,False,fundingpips_1step,14,2.8,fixed,IS,400,422,9.2,0.0,9.5,6.2,75.1,6.2,1.9,5.42,-2.17,99901.0,15.7,0.8,2
XAUUSD,don55,4h,1.0,1.0,False,fundingpips_1step,7,2.8,balance,IS,400,422,4.7,0.0,5.7,1.7,87.9,4.5,1.0,3.2,-1.41,99956.0,7.4,0.5,2
XAUUSD,don55,4h,1.0,1.0,False,fundingpips_1step,14,2.8,balance,IS,400,422,9.2,0.0,12.6,6.9,71.3,6.2,1.9,5.39,-2.17,99916.0,19.5,0.8,2
XAUUSD,don55,4h,1.0,1.0,False,fundingpips_1step,7,2.8,ladder,IS,400,422,0.0,0.0,0.0,0.0,100.0,,1.1,0.66,-0.3,99986.0,0.0,0.5,2
XAUUSD,don55,4h,1.0,1.0,False,fundingpips_1step,14,2.8,ladder,IS,400,422,0.7,0.0,0.0,0.0,99.3,8.9,2.2,1.3,-0.56,100016.0,0.0,1.0,2
XAUUSD,don55,4h,1.0,1.0,False,fundingpips_1step,7,2.8,ladder_balance,IS,400,422,0.0,0.0,0.0,0.0,100.0,,1.1,0.67,-0.3,99986.0,0.0,0.5,2
XAUUSD,don55,4h,1.0,1.0,False,fundingpips_1step,14,2.8,ladder_balance,IS,400,422,0.7,0.0,0.0,0.0,99.3,8.9,2.2,1.3,-0.56,100021.0,0.0,0.9,2
XAUUSD,don55,4h,1.0,1.0,True,fundingpips_1step,7,0.5,fixed,IS,400,422,0.0,0.0,0.0,0.0,100.0,,1.1,0.58,-0.25,100008.0,0.0,0.7,2
XAUUSD,don55,4h,1.0,1.0,True,fundingpips_1step,14,0.5,fixed,IS,400,422,0.0,0.0,0.0,0.0,100.0,,2.2,1.02,-0.4,100016.0,0.0,1.3,2
XAUUSD,don55,4h,1.0,1.0,True,fundingpips_1step,7,0.5,balance,IS,400,422,0.0,0.0,0.0,0.0,100.0,,1.1,0.58,-0.25,100008.0,0.0,0.6,2
XAUUSD,don55,4h,1.0,1.0,True,fundingpips_1step,14,0.5,balance,IS,400,422,0.0,0.0,0.0,0.0,100.0,,2.2,1.02,-0.4,100017.0,0.0,1.1,2
XAUUSD,don55,4h,1.0,1.0,True,fundingpips_1step,7,1.0,fixed,IS,400,422,0.2,0.0,0.0,0.0,99.8,2.9,1.1,1.16,-0.5,100017.0,0.0,0.5,2
XAUUSD,don55,4h,1.0,1.0,True,fundingpips_1step,14,1.0,fixed,IS,400,422,0.5,0.0,0.0,0.0,99.5,5.9,2.2,2.04,-0.8,100034.0,0.0,1.4,2
XAUUSD,don55,4h,1.0,1.0,True,fundingpips_1step,7,1.0,balance,IS,400,422,0.2,0.0,0.0,0.0,99.8,2.9,1.1,1.16,-0.5,100017.0,0.0,0.7,2
XAUUSD,don55,4h,1.0,1.0,True,fundingpips_1step,14,1.0,balance,IS,400,422,0.5,0.0,0.0,0.0,99.5,5.9,2.2,2.04,-0.8,100036.0,0.0,1.3,2
XAUUSD,don55,4h,1.0,1.0,True,fundingpips_1step,7,1.0,ladder,IS,400,422,0.0,0.0,0.0,0.0,100.0,,1.1,0.66,-0.3,99995.0,0.0,0.7,2
XAUUSD,don55,4h,1.0,1.0,True,fundingpips_1step,14,1.0,ladder,IS,400,422,0.2,0.0,0.0,0.0,99.8,8.9,2.2,1.25,-0.53,99993.0,0.0,1.3,2
XAUUSD,don55,4h,1.0,1.0,True,fundingpips_1step,7,1.0,ladder_balance,IS,400,422,0.0,0.0,0.0,0.0,100.0,,1.1,0.66,-0.3,99995.0,0.0,0.5,2
XAUUSD,don55,4h,1.0,1.0,True,fundingpips_1step,14,1.0,ladder_balance,IS,400,422,0.2,0.0,0.0,0.0,99.8,8.9,2.2,1.25,-0.54,99995.0,0.0,1.4,2
XAUUSD,don55,4h,1.0,1.0,True,fundingpips_1step,7,1.5,fixed,IS,400,422,0.7,0.0,0.0,0.0,99.3,2.9,1.0,1.74,-0.75,100017.0,0.0,0.7,2
XAUUSD,don55,4h,1.0,1.0,True,fundingpips_1step,14,1.5,fixed,IS,400,422,2.1,0.0,0.0,0.7,97.2,8.9,2.2,3.07,-1.19,100049.0,0.7,1.5,2
XAUUSD,don55,4h,1.0,1.0,True,fundingpips_1step,7,1.5,balance,IS,400,422,0.7,0.0,0.0,0.0,99.3,2.9,1.0,1.74,-0.75,100016.0,0.0,0.7,2
XAUUSD,don55,4h,1.0,1.0,True,fundingpips_1step,14,1.5,balance,IS,400,422,2.1,0.0,0.0,0.7,97.2,8.9,2.2,3.06,-1.2,100053.0,0.7,1.3,2
XAUUSD,don55,4h,1.0,1.0,True,fundingpips_1step,7,1.5,ladder,IS,400,422,0.0,0.0,0.0,0.0,100.0,,1.1,0.66,-0.3,99997.0,0.0,0.7,2
XAUUSD,don55,4h,1.0,1.0,True,fundingpips_1step,14,1.5,ladder,IS,400,422,0.7,0.0,0.0,0.0,99.3,8.9,2.2,1.28,-0.55,100022.0,0.0,1.3,2
XAUUSD,don55,4h,1.0,1.0,True,fundingpips_1step,7,1.5,ladder_balance,IS,400,422,0.0,0.0,0.0,0.0,100.0,,1.1,0.66,-0.3,99997.0,0.0,0.6,2
XAUUSD,don55,4h,1.0,1.0,True,fundingpips_1step,14,1.5,ladder_balance,IS,400,422,0.7,0.0,0.0,0.0,99.3,8.9,2.2,1.28,-0.55,100025.0,0.0,1.4,2
XAUUSD,don55,4h,1.0,1.0,True,fundingpips_1step,7,2.0,fixed,IS,400,422,1.9,0.0,0.9,0.7,96.4,5.7,1.0,2.32,-1.0,100018.0,1.6,0.7,2
XAUUSD,don55,4h,1.0,1.0,True,fundingpips_1step,14,2.0,fixed,IS,400,422,3.8,0.0,1.9,2.8,91.5,7.6,2.1,4.03,-1.56,100005.0,4.7,1.3,2
XAUUSD,don55,4h,1.0,1.0,True,fundingpips_1step,7,2.0,balance,IS,400,422,1.9,0.0,0.9,0.2,96.9,5.7,1.0,2.32,-1.0,100030.0,1.1,0.7,2
XAUUSD,don55,4h,1.0,1.0,True,fundingpips_1step,14,2.0,balance,IS,400,422,3.8,0.0,1.9,1.7,92.7,7.6,2.1,4.02,-1.57,100055.0,3.6,1.3,2
XAUUSD,don55,4h,1.0,1.0,True,fundingpips_1step,7,2.0,ladder,IS,400,422,0.0,0.0,0.0,0.0,100.0,,1.1,0.66,-0.3,99997.0,0.0,0.7,2
XAUUSD,don55,4h,1.0,1.0,True,fundingpips_1step,14,2.0,ladder,IS,400,422,0.7,0.0,0.0,0.0,99.3,8.9,2.2,1.28,-0.55,100034.0,0.0,1.3,2
XAUUSD,don55,4h,1.0,1.0,True,fundingpips_1step,7,2.0,ladder_balance,IS,400,422,0.0,0.0,0.0,0.0,100.0,,1.1,0.66,-0.3,99997.0,0.0,0.6,2
XAUUSD,don55,4h,1.0,1.0,True,fundingpips_1step,14,2.0,ladder_balance,IS,400,422,0.7,0.0,0.0,0.0,99.3,8.9,2.2,1.29,-0.55,100038.0,0.0,1.1,2
XAUUSD,don55,4h,1.0,1.0,True,fundingpips_1step,7,2.8,fixed,IS,400,422,4.7,0.0,3.8,1.9,89.6,4.0,1.0,3.17,-1.38,100013.0,5.7,0.4,2
XAUUSD,don55,4h,1.0,1.0,True,fundingpips_1step,14,2.8,fixed,IS,400,422,9.0,0.0,8.5,5.7,76.8,6.0,1.9,5.38,-2.13,99983.0,14.2,0.8,2
XAUUSD,don55,4h,1.0,1.0,True,fundingpips_1step,7,2.8,balance,IS,400,422,4.7,0.0,5.0,1.7,88.6,4.0,1.0,3.16,-1.38,100021.0,6.7,0.4,2
XAUUSD,don55,4h,1.0,1.0,True,fundingpips_1step,14,2.8,balance,IS,400,422,9.0,0.0,11.6,6.4,73.0,6.0,1.9,5.35,-2.14,99996.0,18.0,0.8,2
XAUUSD,don55,4h,1.0,1.0,True,fundingpips_1step,7,2.8,ladder,IS,400,422,0.0,0.0,0.0,0.0,100.0,,1.1,0.66,-0.3,99997.0,0.0,0.5,2
XAUUSD,don55,4h,1.0,1.0,True,fundingpips_1step,14,2.8,ladder,IS,400,422,0.7,0.0,0.0,0.0,99.3,8.9,2.2,1.29,-0.55,100039.0,0.0,0.9,2
XAUUSD,don55,4h,1.0,1.0,True,fundingpips_1step,7,2.8,ladder_balance,IS,400,422,0.0,0.0,0.0,0.0,100.0,,1.1,0.66,-0.3,99997.0,0.0,0.5,2
XAUUSD,don55,4h,1.0,1.0,True,fundingpips_1step,14,2.8,ladder_balance,IS,400,422,0.7,0.0,0.0,0.0,99.3,8.9,2.2,1.29,-0.55,100044.0,0.0,0.9,2
BTCUSD,don20,4h,4.0,4.0,False,fundingpips_1step,7,0.5,fixed,IS,400,390,0.0,0.0,0.0,0.0,100.0,,1.8,0.73,-0.35,100145.0,0.0,1.5,2
BTCUSD,don20,4h,4.0,4.0,False,fundingpips_1step,14,0.5,fixed,IS,400,390,0.0,0.0,0.0,0.0,100.0,,3.4,1.12,-0.46,100299.0,0.0,3.2,2
BTCUSD,don20,4h,4.0,4.0,False,fundingpips_1step,7,0.5,balance,IS,400,390,0.0,0.0,0.0,0.0,100.0,,1.8,0.73,-0.35,100145.0,0.0,1.7,2
BTCUSD,don20,4h,4.0,4.0,False,fundingpips_1step,14,0.5,balance,IS,400,390,0.0,0.0,0.0,0.0,100.0,,3.4,1.12,-0.46,100299.0,0.0,3.0,2
BTCUSD,don20,4h,4.0,4.0,False,fundingpips_1step,7,1.0,fixed,IS,400,390,0.0,0.0,0.0,0.0,100.0,,1.8,1.48,-0.71,100293.0,0.0,1.4,2
BTCUSD,don20,4h,4.0,4.0,False,fundingpips_1step,14,1.0,fixed,IS,400,390,0.0,0.0,0.0,0.0,100.0,,3.4,2.25,-0.93,100602.0,0.0,3.1,2
BTCUSD,don20,4h,4.0,4.0,False,fundingpips_1step,7,1.0,balance,IS,400,390,0.0,0.0,0.0,0.0,100.0,,1.8,1.48,-0.71,100295.0,0.0,1.5,2
BTCUSD,don20,4h,4.0,4.0,False,fundingpips_1step,14,1.0,balance,IS,400,390,0.0,0.0,0.0,0.0,100.0,,3.4,2.25,-0.93,100605.0,0.0,3.1,2
BTCUSD,don20,4h,4.0,4.0,False,fundingpips_1step,7,1.0,ladder,IS,400,390,0.0,0.0,0.0,0.0,100.0,,1.8,0.85,-0.41,100203.0,0.0,1.6,2
BTCUSD,don20,4h,4.0,4.0,False,fundingpips_1step,14,1.0,ladder,IS,400,390,0.0,0.0,0.0,0.0,100.0,,3.4,1.46,-0.66,100388.0,0.0,3.2,2
BTCUSD,don20,4h,4.0,4.0,False,fundingpips_1step,7,1.0,ladder_balance,IS,400,390,0.0,0.0,0.0,0.0,100.0,,1.8,0.85,-0.41,100204.0,0.0,1.6,2
BTCUSD,don20,4h,4.0,4.0,False,fundingpips_1step,14,1.0,ladder_balance,IS,400,390,0.0,0.0,0.0,0.0,100.0,,3.4,1.46,-0.66,100390.0,0.0,3.3,2
BTCUSD,don20,4h,4.0,4.0,False,fundingpips_1step,7,1.5,fixed,IS,400,390,0.3,0.0,0.0,0.0,99.7,6.3,1.8,2.22,-1.06,100441.0,0.0,1.5,2
BTCUSD,don20,4h,4.0,4.0,False,fundingpips_1step,14,1.5,fixed,IS,400,390,2.3,0.0,0.0,0.3,97.4,9.3,3.3,3.38,-1.4,100903.0,0.3,4.0,2
BTCUSD,don20,4h,4.0,4.0,False,fundingpips_1step,7,1.5,balance,IS,400,390,0.3,0.0,0.0,0.0,99.7,6.3,1.8,2.22,-1.06,100442.0,0.0,1.7,2
BTCUSD,don20,4h,4.0,4.0,False,fundingpips_1step,14,1.5,balance,IS,400,390,3.3,0.0,0.0,0.3,96.4,10.9,3.4,3.38,-1.4,100904.0,0.3,3.1,2
BTCUSD,don20,4h,4.0,4.0,False,fundingpips_1step,7,1.5,ladder,IS,400,390,0.0,0.0,0.0,0.0,100.0,,1.8,0.85,-0.42,100201.0,0.0,1.5,2
BTCUSD,don20,4h,4.0,4.0,False,fundingpips_1step,14,1.5,ladder,IS,400,390,0.0,0.0,0.0,0.0,100.0,,3.4,1.53,-0.69,100394.0,0.0,3.1,2
BTCUSD,don20,4h,4.0,4.0,False,fundingpips_1step,7,1.5,ladder_balance,IS,400,390,0.0,0.0,0.0,0.0,100.0,,1.8,0.85,-0.42,100201.0,0.0,1.6,2
BTCUSD,don20,4h,4.0,4.0,False,fundingpips_1step,14,1.5,ladder_balance,IS,400,390,0.0,0.0,0.0,0.0,100.0,,3.4,1.54,-0.69,100396.0,0.0,4.2,2
BTCUSD,don20,4h,4.0,4.0,False,fundingpips_1step,7,2.0,fixed,IS,400,390,1.0,0.0,4.1,0.0,94.9,6.0,1.7,2.95,-1.42,100594.0,4.1,2.2,2
BTCUSD,don20,4h,4.0,4.0,False,fundingpips_1step,14,2.0,fixed,IS,400,390,5.6,0.0,9.0,2.6,82.8,10.0,3.2,4.38,-1.84,101210.0,11.6,3.6,2
BTCUSD,don20,4h,4.0,4.0,False,fundingpips_1step,7,2.0,balance,IS,400,390,1.0,0.0,4.1,0.0,94.9,6.0,1.7,2.95,-1.42,100597.0,4.1,1.8,2
BTCUSD,don20,4h,4.0,4.0,False,fundingpips_1step,14,2.0,balance,IS,400,390,5.6,0.0,8.2,2.3,83.8,10.0,3.2,4.38,-1.84,101203.0,10.5,4.3,2
BTCUSD,don20,4h,4.0,4.0,False,fundingpips_1step,7,2.0,ladder,IS,400,390,0.0,0.0,0.0,0.0,100.0,,1.8,0.85,-0.42,100201.0,0.0,2.3,2
BTCUSD,don20,4h,4.0,4.0,False,fundingpips_1step,14,2.0,ladder,IS,400,390,0.0,0.0,0.0,0.0,100.0,,3.4,1.54,-0.69,100390.0,0.0,4.6,2
BTCUSD,don20,4h,4.0,4.0,False,fundingpips_1step,7,2.0,ladder_balance,IS,400,390,0.0,0.0,0.0,0.0,100.0,,1.8,0.85,-0.42,100201.0,0.0,2.3,2
BTCUSD,don20,4h,4.0,4.0,False,fundingpips_1step,14,2.0,ladder_balance,IS,400,390,0.0,0.0,0.0,0.0,100.0,,3.4,1.55,-0.7,100392.0,0.0,4.7,2
BTCUSD,don20,4h,4.0,4.0,False,fundingpips_1step,7,2.8,fixed,IS,400,390,1.3,0.0,11.5,0.5,86.7,5.7,1.7,4.04,-1.92,100807.0,12.0,1.6,2
BTCUSD,don20,4h,4.0,4.0,False,fundingpips_1step,14,2.8,fixed,IS,400,390,5.4,0.0,22.6,7.7,64.4,9.7,2.9,5.74,-2.41,101361.0,30.3,2.6,2
BTCUSD,don20,4h,4.0,4.0,False,fundingpips_1step,7,2.8,balance,IS,400,390,1.3,0.0,12.1,0.5,86.2,5.7,1.7,4.03,-1.92,100813.0,12.6,1.4,2
BTCUSD,don20,4h,4.0,4.0,False,fundingpips_1step,14,2.8,balance,IS,400,390,5.4,0.0,24.4,6.9,63.3,9.7,2.8,5.68,-2.42,101404.0,31.3,1.8,2
BTCUSD,don20,4h,4.0,4.0,False,fundingpips_1step,7,2.8,ladder,IS,400,390,0.0,0.0,0.0,0.0,100.0,,1.8,0.85,-0.42,100201.0,0.0,0.7,2
BTCUSD,don20,4h,4.0,4.0,False,fundingpips_1step,14,2.8,ladder,IS,400,390,0.0,0.0,0.0,0.0,100.0,,3.4,1.54,-0.7,100390.0,0.0,1.5,2
BTCUSD,don20,4h,4.0,4.0,False,fundingpips_1step,7,2.8,ladder_balance,IS,400,390,0.0,0.0,0.0,0.0,100.0,,1.8,0.85,-0.42,100201.0,0.0,0.7,2
BTCUSD,don20,4h,4.0,4.0,False,fundingpips_1step,14,2.8,ladder_balance,IS,400,390,0.0,0.0,0.0,0.0,100.0,,3.4,1.55,-0.7,100392.0,0.0,1.5,2
