sym,mult,step,lv,sl,tp,final_equity,net,usd_per_hour,usd_per_hour_first_year,max_dd_usd,max_dd_pct,min_equity,ruined_at,stopouts,baskets_closed,sl_hits,tp_hits,max_lots,max_positions,worst_basket,yearly,ruin
EURUSD,1.0,20,3,60,6,0.0,-1000.0,-0.0223,-0.0632,1003.47,100.0,0.0,2015-01-15 11:00:00,0,3455,49,3406,0.06,3,-102.27,"{'2012': -156.32, '2013': -463.88, '2014': -260.33, '2015': -119.47, '2016': 0.0, '2017': 0.0}",True
EURUSD,1.0,20,3,60,10,0.0,-1000.0,-0.0223,-0.017,1030.41,100.0,0.0,2015-04-09 22:00:00,3,3184,71,3110,0.06,3,-102.27,"{'2012': -105.89, '2013': -59.7, '2014': -188.67, '2015': -645.74, '2016': 0.0, '2017': 0.0}",True
EURUSD,1.0,20,3,60,15,172.93,-827.07,-0.0184,0.0173,1149.69,95.5,54.36,,0,5216,160,5056,0.06,3,-106.15,"{'2012': -61.65, '2013': 221.48, '2014': -31.87, '2015': -902.53, '2016': -90.27, '2017': 37.77}",False
EURUSD,1.0,20,3,100,6,0.0,-1000.0,-0.0223,-0.053,1003.47,100.0,0.0,2015-01-27 17:00:00,1,3004,27,2976,0.06,3,-125.16,"{'2012': -69.65, '2013': -421.38, '2014': -265.48, '2015': -243.49, '2016': 0.0, '2017': 0.0}",True
EURUSD,1.0,20,3,100,10,0.0,-1000.0,-0.0223,-0.0208,1018.15,100.0,0.0,2016-11-09 16:00:00,2,4148,55,4091,0.06,3,-126.23,"{'2012': -47.31, '2013': -105.87, '2014': -25.03, '2015': -689.11, '2016': -132.68, '2017': 0.0}",True
EURUSD,1.0,20,3,100,15,1036.61,36.61,0.0008,0.0193,600.62,44.3,755.06,,0,3797,67,3730,0.06,3,-126.23,"{'2012': -12.77, '2013': 215.93, '2014': 86.94, '2015': -433.07, '2016': 73.49, '2017': 106.09}",False
EURUSD,1.0,20,3,150,6,0.0,-1000.0,-0.0223,-0.0414,1003.47,100.0,0.0,2015-03-18 22:00:00,0,2256,16,2240,0.06,3,-163.02,"{'2012': -37.82, '2013': -335.27, '2014': -181.14, '2015': -445.77, '2016': 0.0, '2017': 0.0}",True
EURUSD,1.0,20,3,150,10,133.25,-866.75,-0.0193,-0.0107,1000.83,96.4,37.0,,0,3479,31,3448,0.06,3,-163.02,"{'2012': -13.99, '2013': -63.99, '2014': -4.57, '2015': -741.19, '2016': -7.66, '2017': -35.35}",False
EURUSD,1.0,20,3,150,15,875.69,-124.31,-0.0028,0.01,579.49,47.3,645.86,,0,2549,31,2518,0.06,3,-174.07,"{'2012': 17.03, '2013': 99.79, '2014': 81.11, '2015': -477.88, '2016': 136.0, '2017': 19.64}",False
EURUSD,1.0,20,3,200,6,0.0,-1000.0,-0.0223,-0.0147,1003.47,100.0,0.0,2016-02-11 15:00:00,1,2366,12,2353,0.06,3,-216.25,"{'2012': -44.12, '2013': -95.65, '2014': -111.64, '2015': -662.95, '2016': -85.64, '2017': 0.0}",True
EURUSD,1.0,20,3,200,10,389.93,-610.07,-0.0136,0.0046,715.7,65.0,384.66,,0,2633,17,2616,0.06,3,-216.25,"{'2012': -27.78, '2013': 83.81, '2014': -70.01, '2015': -398.24, '2016': -143.95, '2017': -53.91}",False
EURUSD,1.0,20,3,200,15,995.3,-4.7,-0.0001,0.0257,422.69,32.2,892.06,,0,1943,17,1926,0.06,3,-216.25,"{'2012': -6.5, '2013': 261.28, '2014': -28.47, '2015': -217.09, '2016': 3.53, '2017': -17.44}",False
EURUSD,1.0,20,4,60,6,0.0,-1000.0,-0.0223,-0.0634,1020.79,100.0,0.0,2015-01-15 18:00:00,2,4011,54,3955,0.08,4,-109.69,"{'2012': -133.94, '2013': -470.09, '2014': -193.12, '2015': -202.85, '2016': 0.0, '2017': 0.0}",True
EURUSD,1.0,20,4,60,10,0.0,-1000.0,-0.0223,-0.0182,1124.06,100.0,0.0,2015-03-27 18:00:00,1,3552,78,3473,0.08,4,-110.61,"{'2012': -85.25, '2013': -53.12, '2014': -213.65, '2015': -647.98, '2016': 0.0, '2017': 0.0}",True
EURUSD,1.0,20,4,60,15,0.0,-1000.0,-0.0223,0.0095,1332.69,100.0,0.0,2016-06-24 05:00:00,1,4629,147,4481,0.08,4,-131.61,"{'2012': -29.12, '2013': 146.01, '2014': 98.25, '2015': -1011.3, '2016': -203.83, '2017': 0.0}",True
EURUSD,1.0,20,4,100,6,0.0,-1000.0,-0.0223,-0.0701,1020.79,100.0,0.0,2014-10-16 10:00:00,3,3060,27,3030,0.08,4,-160.24,"{'2012': -66.89, '2013': -558.48, '2014': -374.63, '2015': 0.0, '2016': 0.0, '2017': 0.0}",True
EURUSD,1.0,20,4,100,10,0.0,-1000.0,-0.0223,-0.0128,1063.82,100.0,0.0,2015-05-14 18:00:00,3,3222,44,3175,0.08,4,-160.24,"{'2012': -23.69, '2013': -41.86, '2014': -230.56, '2015': -703.89, '2016': 0.0, '2017': 0.0}",True
EURUSD,1.0,20,4,100,15,601.01,-398.99,-0.0089,0.0225,1199.3,83.9,229.88,,0,4859,91,4768,0.08,4,-161.05,"{'2012': 20.02, '2013': 219.9, '2014': -52.3, '2015': -867.38, '2016': 120.31, '2017': 160.47}",False
EURUSD,1.0,20,4,150,6,0.0,-1000.0,-0.0223,-0.0805,1020.79,100.0,0.0,2014-09-25 09:00:00,0,2383,16,2367,0.08,4,-178.31,"{'2012': -28.11, '2013': -746.47, '2014': -225.42, '2015': 0.0, '2016': 0.0, '2017': 0.0}",True
EURUSD,1.0,20,4,150,10,0.0,-1000.0,-0.0223,-0.0434,1018.34,100.0,0.0,2015-03-19 17:00:00,2,2407,24,2381,0.08,4,-212.76,"{'2012': -106.15, '2013': -291.6, '2014': -52.91, '2015': -549.34, '2016': 0.0, '2017': 0.0}",True
EURUSD,1.0,20,4,150,15,486.73,-513.27,-0.0114,-0.0102,755.79,71.7,298.92,,0,3669,49,3620,0.08,4,-212.76,"{'2012': -59.03, '2013': -15.72, '2014': 79.32, '2015': -554.78, '2016': -21.51, '2017': 58.48}",False
EURUSD,1.0,20,4,200,6,0.0,-1000.0,-0.0223,-0.0811,1020.79,100.0,0.0,2015-01-07 13:00:00,4,2174,11,2159,0.08,4,-212.52,"{'2012': -71.57, '2013': -636.71, '2014': -199.74, '2015': -91.98, '2016': 0.0, '2017': 0.0}",True
EURUSD,1.0,20,4,200,10,0.0,-1000.0,-0.0223,-0.0438,1018.34,100.0,0.0,2015-03-24 14:00:00,1,1893,15,1877,0.08,4,-212.76,"{'2012': -33.71, '2013': -315.2, '2014': -129.96, '2015': -521.13, '2016': 0.0, '2017': 0.0}",True
EURUSD,1.0,20,4,200,15,568.26,-431.74,-0.0096,-0.0136,838.56,74.9,281.2,,0,2879,29,2850,0.08,4,-212.76,"{'2012': 4.93, '2013': -71.03, '2014': -13.09, '2015': -386.59, '2016': 35.73, '2017': -1.68}",False
EURUSD,1.0,20,6,60,6,0.0,-1000.0,-0.0223,-0.0669,1021.26,100.0,0.0,2015-01-05 00:00:00,0,4268,58,4210,0.1,6,-101.78,"{'2012': -148.96, '2013': -513.26, '2014': -274.6, '2015': -63.18, '2016': 0.0, '2017': 0.0}",True
EURUSD,1.0,20,6,60,10,0.0,-1000.0,-0.0223,-0.0234,1067.74,100.0,0.0,2015-04-07 11:00:00,1,3921,87,3833,0.1,6,-99.63,"{'2012': -89.08, '2013': -114.17, '2014': -135.21, '2015': -661.54, '2016': 0.0, '2017': 0.0}",True
EURUSD,1.0,20,6,60,15,0.0,-1000.0,-0.0223,0.002,1253.12,100.0,0.0,2015-08-25 17:00:00,1,3822,125,3696,0.1,6,-125.22,"{'2012': -54.89, '2013': 143.36, '2014': 48.12, '2015': -1136.59, '2016': 0.0, '2017': 0.0}",True
EURUSD,1.0,20,6,100,6,0.0,-1000.0,-0.0223,-0.1025,1021.26,100.0,0.0,2013-12-17 15:00:00,7,2292,23,2262,0.11,6,-126.19,"{'2012': -284.24, '2013': -715.76, '2014': 0.0, '2015': 0.0, '2016': 0.0, '2017': 0.0}",True
EURUSD,1.0,20,6,100,10,0.0,-1000.0,-0.0223,-0.0483,1028.29,100.0,0.0,2015-03-24 08:00:00,3,3385,47,3335,0.12,6,-184.77,"{'2012': -239.81, '2013': -130.63, '2014': -42.36, '2015': -587.2, '2016': 0.0, '2017': 0.0}",True
EURUSD,1.0,20,6,100,15,435.35,-564.65,-0.0126,0.0189,1251.0,95.4,60.1,,0,5916,117,5799,0.12,6,-161.69,"{'2012': -136.98, '2013': 306.35, '2014': 1.26, '2015': -1000.75, '2016': 360.79, '2017': -95.31}",False
EURUSD,1.0,20,6,150,6,0.0,-1000.0,-0.0223,-0.1142,1021.26,100.0,0.0,2013-11-07 13:00:00,1,1961,14,1946,0.12,6,-216.16,"{'2012': -155.99, '2013': -844.01, '2014': 0.0, '2015': 0.0, '2016': 0.0, '2017': 0.0}",True
EURUSD,1.0,20,6,150,10,0.0,-1000.0,-0.0223,-0.0581,1028.29,100.0,0.0,2015-01-05 00:00:00,1,2719,27,2691,0.12,6,-216.16,"{'2012': -112.62, '2013': -391.39, '2014': -375.35, '2015': -120.64, '2016': 0.0, '2017': 0.0}",True
EURUSD,1.0,20,6,150,15,690.98,-309.02,-0.0069,0.0132,1052.58,79.6,268.99,,0,5149,68,5081,0.12,6,-220.15,"{'2012': -63.94, '2013': 192.89, '2014': 45.94, '2015': -739.6, '2016': 295.43, '2017': -39.74}",False
EURUSD,1.0,20,6,200,6,0.0,-1000.0,-0.0223,-0.1142,1021.26,100.0,0.0,2013-11-07 13:00:00,1,1635,10,1624,0.12,6,-221.21,"{'2012': -78.75, '2013': -921.25, '2014': 0.0, '2015': 0.0, '2016': 0.0, '2017': 0.0}",True
EURUSD,1.0,20,6,200,10,0.0,-1000.0,-0.0223,-0.0839,1028.29,100.0,0.0,2014-09-08 19:00:00,1,1892,15,1876,0.12,6,-228.8,"{'2012': -36.78, '2013': -739.68, '2014': -223.54, '2015': 0.0, '2016': 0.0, '2017': 0.0}",True
EURUSD,1.0,20,6,200,15,0.0,-1000.0,-0.0223,-0.0508,1101.37,100.0,0.0,2015-01-27 17:00:00,2,1688,20,1666,0.12,6,-284.19,"{'2012': 6.86, '2013': -485.1, '2014': -144.47, '2015': -377.29, '2016': 0.0, '2017': 0.0}",True
EURUSD,1.0,40,3,60,6,0.0,-1000.0,-0.0223,-0.0439,1017.23,100.0,0.0,2015-03-11 11:00:00,1,3374,46,3327,0.06,3,-77.85,"{'2012': -37.39, '2013': -403.61, '2014': -247.35, '2015': -311.66, '2016': 0.0, '2017': 0.0}",True
EURUSD,1.0,40,3,60,10,0.0,-1000.0,-0.0223,-0.0031,1071.78,100.0,0.0,2015-07-08 10:00:00,2,3256,68,3186,0.06,3,-95.55,"{'2012': 4.01, '2013': -49.87, '2014': -83.24, '2015': -870.91, '2016': 0.0, '2017': 0.0}",True
EURUSD,1.0,40,3,60,15,733.63,-266.37,-0.0059,0.0254,921.93,61.8,570.1,,0,4705,125,4580,0.06,3,-106.15,"{'2012': 37.55, '2013': 201.66, '2014': 139.48, '2015': -648.92, '2016': -15.23, '2017': 19.1}",False
EURUSD,1.0,40,3,100,6,0.0,-1000.0,-0.0223,-0.0429,1017.23,100.0,0.0,2015-03-11 19:00:00,2,2871,25,2844,0.06,3,-118.58,"{'2012': -13.45, '2013': -408.73, '2014': -208.2, '2015': -369.62, '2016': 0.0, '2017': 0.0}",True
EURUSD,1.0,40,3,100,10,0.0,-1000.0,-0.0223,-0.0139,1023.27,100.0,0.0,2015-08-24 16:00:00,1,2849,37,2811,0.06,3,-153.17,"{'2012': -33.4, '2013': -102.68, '2014': -64.32, '2015': -799.6, '2016': 0.0, '2017': 0.0}",True
EURUSD,1.0,40,3,100,15,905.99,-94.01,-0.0021,0.005,573.48,48.8,602.53,,0,3655,59,3596,0.06,3,-153.17,"{'2012': -15.75, '2013': 77.07, '2014': 83.85, '2015': -381.47, '2016': 67.73, '2017': 74.57}",False
EURUSD,1.0,40,3,150,6,0.0,-1000.0,-0.0223,-0.0559,1017.23,100.0,0.0,2015-03-11 10:00:00,2,2150,14,2134,0.06,3,-157.8,"{'2012': -54.07, '2013': -442.88, '2014': -220.0, '2015': -283.05, '2016': 0.0, '2017': 0.0}",True
EURUSD,1.0,40,3,150,10,0.0,-1000.0,-0.0223,-0.0262,1023.27,100.0,0.0,2015-07-27 10:00:00,1,2039,20,2018,0.06,3,-157.8,"{'2012': -7.56, '2013': -209.72, '2014': -88.24, '2015': -694.48, '2016': 0.0, '2017': 0.0}",True
EURUSD,1.0,40,3,150,15,794.03,-205.97,-0.0046,-0.0093,537.56,51.7,502.95,,0,2578,29,2549,0.06,3,-159.11,"{'2012': 4.67, '2013': -53.4, '2014': -12.38, '2015': -238.3, '2016': 98.09, '2017': -4.65}",False
EURUSD,1.0,40,3,200,6,0.0,-1000.0,-0.0223,-0.0189,1017.23,100.0,0.0,2015-08-27 15:00:00,2,2062,10,2050,0.06,3,-213.79,"{'2012': -39.99, '2013': -132.61, '2014': -232.14, '2015': -595.26, '2016': 0.0, '2017': 0.0}",True
EURUSD,1.0,40,3,200,10,311.7,-688.3,-0.0153,0.0053,813.12,73.4,294.35,,0,2812,17,2795,0.06,3,-213.79,"{'2012': -6.74, '2013': 65.07, '2014': -136.23, '2015': -380.14, '2016': -190.51, '2017': -39.75}",False
EURUSD,1.0,40,3,200,15,861.5,-138.5,-0.0031,0.0166,492.39,39.5,754.29,,0,2093,17,2076,0.06,3,-237.02,"{'2012': 2.82, '2013': 175.84, '2014': 27.93, '2015': -296.15, '2016': -85.62, '2017': 36.68}",False
EURUSD,1.0,40,4,60,6,0.0,-1000.0,-0.0223,-0.0724,1017.23,100.0,0.0,2015-01-15 11:00:00,1,3336,44,3291,0.07,4,-119.05,"{'2012': -175.48, '2013': -564.14, '2014': -127.89, '2015': -132.49, '2016': 0.0, '2017': 0.0}",True
EURUSD,1.0,40,4,60,10,0.0,-1000.0,-0.0223,-0.0266,1023.27,100.0,0.0,2015-04-07 11:00:00,2,3032,62,2968,0.07,4,-119.05,"{'2012': -109.23, '2013': -185.32, '2014': -28.25, '2015': -677.2, '2016': 0.0, '2017': 0.0}",True
EURUSD,1.0,40,4,60,15,590.4,-409.6,-0.0091,0.0161,1087.4,79.0,289.26,,0,5197,136,5061,0.08,4,-131.61,"{'2012': -50.04, '2013': 175.59, '2014': 158.3, '2015': -811.44, '2016': 105.08, '2017': 12.92}",False
EURUSD,1.0,40,4,100,6,0.0,-1000.0,-0.0223,-0.0738,1017.23,100.0,0.0,2014-10-24 18:00:00,4,2628,23,2601,0.08,4,-141.89,"{'2012': -97.55, '2013': -596.59, '2014': -305.86, '2015': 0.0, '2016': 0.0, '2017': 0.0}",True
EURUSD,1.0,40,4,100,10,0.0,-1000.0,-0.0223,-0.0267,1023.27,100.0,0.0,2015-05-19 15:00:00,1,2883,38,2844,0.08,4,-141.89,"{'2012': -44.27, '2013': -198.08, '2014': -198.8, '2015': -558.85, '2016': 0.0, '2017': 0.0}",True
EURUSD,1.0,40,4,100,15,1111.31,111.31,0.0025,0.0151,636.55,49.6,647.83,,0,4400,70,4330,0.08,4,-141.89,"{'2012': -31.97, '2013': 195.62, '2014': 53.29, '2015': -312.59, '2016': 180.25, '2017': 26.72}",False
EURUSD,1.0,40,4,150,6,0.0,-1000.0,-0.0223,-0.0714,1017.23,100.0,0.0,2014-10-15 15:00:00,1,2024,13,2010,0.08,4,-171.44,"{'2012': -59.22, '2013': -655.67, '2014': -285.11, '2015': 0.0, '2016': 0.0, '2017': 0.0}",True
EURUSD,1.0,40,4,150,10,0.0,-1000.0,-0.0223,-0.0318,1023.27,100.0,0.0,2015-03-18 22:00:00,0,2014,20,1994,0.08,4,-193.28,"{'2012': -3.39, '2013': -326.03, '2014': -176.59, '2015': -493.99, '2016': 0.0, '2017': 0.0}",True
EURUSD,1.0,40,4,150,15,681.0,-319.0,-0.0071,-0.0038,945.31,85.0,166.7,,0,3423,40,3383,0.08,4,-193.28,"{'2012': 8.41, '2013': -52.12, '2014': -75.92, '2015': -562.01, '2016': 326.44, '2017': 36.21}",False
EURUSD,1.0,40,4,200,6,0.0,-1000.0,-0.0223,-0.071,1017.23,100.0,0.0,2015-01-23 12:00:00,2,2032,10,2020,0.08,4,-211.89,"{'2012': -69.54, '2013': -558.27, '2014': -134.48, '2015': -237.72, '2016': 0.0, '2017': 0.0}",True
EURUSD,1.0,40,4,200,10,0.0,-1000.0,-0.0223,-0.0375,1065.24,100.0,0.0,2015-06-04 11:00:00,1,1938,14,1923,0.08,4,-217.14,"{'2012': -38.92, '2013': -269.73, '2014': -200.78, '2015': -490.58, '2016': 0.0, '2017': 0.0}",True
EURUSD,1.0,40,4,200,15,1069.94,69.94,0.0016,-0.0134,810.22,68.0,381.49,,0,2821,23,2798,0.08,4,-217.14,"{'2012': -28.85, '2013': -37.58, '2014': -127.42, '2015': -162.95, '2016': 455.58, '2017': -28.82}",False
EURUSD,1.0,40,6,60,6,0.0,-1000.0,-0.0223,-0.0775,1017.23,100.0,0.0,2015-01-15 11:00:00,0,3344,43,3301,0.08,5,-121.83,"{'2012': -182.85, '2013': -608.75, '2014': -53.68, '2015': -154.72, '2016': 0.0, '2017': 0.0}",True
EURUSD,1.0,40,6,60,10,0.0,-1000.0,-0.0223,-0.0323,1023.27,100.0,0.0,2015-04-03 14:00:00,2,3062,61,2999,0.08,5,-121.83,"{'2012': -118.07, '2013': -233.94, '2014': 59.97, '2015': -707.96, '2016': 0.0, '2017': 0.0}",True
EURUSD,1.0,40,6,60,15,603.51,-396.49,-0.0088,0.0064,1142.22,83.6,223.99,,0,5294,138,5156,0.08,5,-131.61,"{'2012': -100.72, '2013': 133.59, '2014': 249.22, '2015': -888.5, '2016': 171.45, '2017': 38.48}",False
EURUSD,1.0,40,6,100,6,0.0,-1000.0,-0.0223,-0.0887,1017.23,100.0,0.0,2014-10-08 20:00:00,1,2658,23,2634,0.09,6,-167.01,"{'2012': -87.1, '2013': -703.0, '2014': -209.9, '2015': 0.0, '2016': 0.0, '2017': 0.0}",True
EURUSD,1.0,40,6,100,10,0.0,-1000.0,-0.0223,-0.0393,1023.27,100.0,0.0,2015-05-04 15:00:00,2,2954,38,2914,0.09,6,-166.25,"{'2012': -32.6, '2013': -283.69, '2014': -155.37, '2015': -528.34, '2016': 0.0, '2017': 0.0}",True
EURUSD,1.0,40,6,100,15,342.32,-657.68,-0.0147,-0.0026,1318.73,97.1,38.71,,0,4836,83,4753,0.1,6,-167.41,"{'2012': -13.45, '2013': 32.7, '2014': 177.17, '2015': -902.95, '2016': -15.35, '2017': 64.21}",False
EURUSD,1.0,40,6,150,6,0.0,-1000.0,-0.0223,-0.0853,1017.23,100.0,0.0,2014-10-03 14:00:00,3,2384,14,2367,0.12,6,-190.04,"{'2012': -61.88, '2013': -749.98, '2014': -188.14, '2015': 0.0, '2016': 0.0, '2017': 0.0}",True
EURUSD,1.0,40,6,150,10,0.0,-1000.0,-0.0223,-0.0579,1023.27,100.0,0.0,2015-03-11 12:00:00,3,2444,22,2419,0.1,6,-199.34,"{'2012': -133.94, '2013': -397.98, '2014': 70.82, '2015': -538.9, '2016': 0.0, '2017': 0.0}",True
EURUSD,1.0,40,6,150,15,247.3,-752.7,-0.0168,-0.021,1106.66,96.4,41.64,,0,4243,51,4192,0.12,6,-223.68,"{'2012': -113.72, '2013': -83.43, '2014': 253.86, '2015': -740.09, '2016': 47.82, '2017': -117.14}",False
EURUSD,1.0,40,6,200,6,0.0,-1000.0,-0.0223,-0.1142,1017.23,100.0,0.0,2013-10-22 16:00:00,1,1279,8,1270,0.12,6,-221.09,"{'2012': -113.07, '2013': -886.93, '2014': 0.0, '2015': 0.0, '2016': 0.0, '2017': 0.0}",True
EURUSD,1.0,40,6,200,10,0.0,-1000.0,-0.0223,-0.0847,1023.27,100.0,0.0,2014-10-03 16:00:00,2,1675,13,1660,0.12,6,-234.08,"{'2012': -63.57, '2013': -786.63, '2014': -149.8, '2015': 0.0, '2016': 0.0, '2017': 0.0}",True
EURUSD,1.0,40,6,200,15,0.0,-1000.0,-0.0223,-0.0524,1030.97,100.0,0.0,2015-03-18 22:00:00,0,1697,19,1678,0.12,6,-230.11,"{'2012': -48.34, '2013': -478.28, '2014': 158.84, '2015': -632.22, '2016': 0.0, '2017': 0.0}",True
EURUSD,1.0,60,3,60,6,0.0,-1000.0,-0.0223,-0.0491,1004.31,100.0,0.0,2015-03-18 22:00:00,0,2975,41,2934,0.06,3,-102.13,"{'2012': -57.2, '2013': -371.24, '2014': -185.69, '2015': -385.88, '2016': 0.0, '2017': 0.0}",True
EURUSD,1.0,60,3,60,10,0.0,-1000.0,-0.0223,-0.0155,1015.79,100.0,0.0,2015-11-06 15:00:00,1,3523,70,3452,0.06,3,-102.13,"{'2012': -10.87, '2013': -103.28, '2014': -17.03, '2015': -868.83, '2016': 0.0, '2017': 0.0}",True
EURUSD,1.0,60,3,60,15,938.1,-61.9,-0.0014,0.016,833.11,62.8,494.49,,0,4284,105,4179,0.06,3,-102.13,"{'2012': 4.93, '2013': 176.87, '2014': 53.85, '2015': -607.37, '2016': 50.66, '2017': 259.18}",False
EURUSD,1.0,60,3,100,6,0.0,-1000.0,-0.0223,-0.0671,1004.31,100.0,0.0,2015-01-23 11:00:00,0,2213,21,2192,0.06,3,-111.28,"{'2012': -133.35, '2013': -488.05, '2014': -199.36, '2015': -179.25, '2016': 0.0, '2017': 0.0}",True
EURUSD,1.0,60,3,100,10,0.0,-1000.0,-0.0223,-0.0332,1013.09,100.0,0.0,2015-06-05 15:00:00,2,2271,30,2239,0.06,3,-152.27,"{'2012': -83.29, '2013': -221.03, '2014': -9.33, '2015': -686.36, '2016': 0.0, '2017': 0.0}",True
EURUSD,1.0,60,3,100,15,524.11,-475.89,-0.0106,-0.0072,684.29,61.2,433.15,,0,3378,55,3323,0.06,3,-152.27,"{'2012': -42.04, '2013': -9.9, '2014': 57.45, '2015': -481.91, '2016': 0.86, '2017': -0.33}",False
EURUSD,1.0,60,3,150,6,0.0,-1000.0,-0.0223,-0.0497,1004.31,100.0,0.0,2015-03-11 11:00:00,1,1800,12,1787,0.06,3,-161.5,"{'2012': -98.32, '2013': -335.32, '2014': -251.79, '2015': -314.58, '2016': 0.0, '2017': 0.0}",True
EURUSD,1.0,60,3,150,10,244.71,-755.29,-0.0168,-0.0225,915.54,90.4,97.56,,0,3395,26,3369,0.06,3,-184.36,"{'2012': -56.81, '2013': -121.42, '2014': -199.58, '2015': -428.34, '2016': 79.69, '2017': -28.84}",False
EURUSD,1.0,60,3,150,15,860.44,-139.56,-0.0031,0.0008,682.38,62.3,413.09,,0,2608,27,2581,0.06,3,-183.41,"{'2012': -40.63, '2013': 79.78, '2014': -61.14, '2015': -431.92, '2016': 250.66, '2017': 63.71}",False
EURUSD,1.0,60,3,200,6,0.0,-1000.0,-0.0223,-0.0248,1004.31,100.0,0.0,2015-11-10 15:00:00,1,2152,10,2141,0.06,3,-232.5,"{'2012': -82.8, '2013': -132.59, '2014': -177.64, '2015': -606.98, '2016': 0.0, '2017': 0.0}",True
EURUSD,1.0,60,3,200,10,399.85,-600.15,-0.0134,-0.0031,760.15,73.4,275.41,,0,2825,16,2809,0.06,3,-232.5,"{'2012': -47.56, '2013': 38.7, '2014': -77.57, '2015': -372.41, '2016': -162.32, '2017': 20.99}",False
EURUSD,1.0,60,3,200,15,903.77,-96.23,-0.0021,0.0159,500.65,40.6,731.88,,0,2087,16,2071,0.06,3,-232.5,"{'2012': -32.73, '2013': 204.01, '2014': -31.0, '2015': -286.12, '2016': -31.47, '2017': 81.1}",False
EURUSD,1.0,60,4,60,6,0.0,-1000.0,-0.0223,-0.0513,1004.31,100.0,0.0,2015-03-18 22:00:00,0,3051,41,3010,0.07,4,-102.13,"{'2012': -54.54, '2013': -383.54, '2014': -186.31, '2015': -375.61, '2016': 0.0, '2017': 0.0}",True
EURUSD,1.0,60,4,60,10,0.0,-1000.0,-0.0223,-0.0165,1013.13,100.0,0.0,2015-10-22 21:00:00,2,3541,69,3470,0.07,4,-102.13,"{'2012': -11.03, '2013': -110.16, '2014': -7.4, '2015': -871.41, '2016': 0.0, '2017': 0.0}",True
EURUSD,1.0,60,4,60,15,949.72,-50.28,-0.0011,0.0164,882.47,65.3,468.66,,0,4473,108,4365,0.07,4,-104.7,"{'2012': 12.58, '2013': 174.12, '2014': 59.48, '2015': -704.54, '2016': 199.37, '2017': 208.72}",False
EURUSD,1.0,60,4,100,6,0.0,-1000.0,-0.0223,-0.0861,1004.31,100.0,0.0,2015-01-15 11:00:00,0,2552,22,2530,0.07,4,-127.21,"{'2012': -135.38, '2013': -643.64, '2014': -139.76, '2015': -81.22, '2016': 0.0, '2017': 0.0}",True
EURUSD,1.0,60,4,100,10,0.0,-1000.0,-0.0223,-0.0428,1013.09,100.0,0.0,2015-08-24 16:00:00,0,2954,37,2917,0.08,4,-145.18,"{'2012': -85.32, '2013': -303.28, '2014': 81.27, '2015': -692.67, '2016': 0.0, '2017': 0.0}",True
EURUSD,1.0,60,4,100,15,1047.25,47.25,0.0011,-0.0194,665.47,60.0,443.18,,0,3921,59,3862,0.08,4,-134.82,"{'2012': -64.31, '2013': -94.91, '2014': 213.06, '2015': -513.1, '2016': 255.71, '2017': 250.8}",False
EURUSD,1.0,60,4,150,6,0.0,-1000.0,-0.0223,-0.0858,1004.31,100.0,0.0,2015-01-02 09:00:00,1,2095,14,2080,0.08,4,-162.47,"{'2012': -95.38, '2013': -746.43, '2014': -143.31, '2015': -14.88, '2016': 0.0, '2017': 0.0}",True
EURUSD,1.0,60,4,150,10,0.0,-1000.0,-0.0223,-0.0542,1013.09,100.0,0.0,2015-03-26 14:00:00,3,1975,18,1954,0.08,4,-190.92,"{'2012': -52.39, '2013': -484.68, '2014': 28.25, '2015': -491.18, '2016': 0.0, '2017': 0.0}",True
EURUSD,1.0,60,4,150,15,1001.9,1.9,0.0,-0.0284,782.17,77.5,226.77,,0,3247,33,3214,0.08,4,-190.92,"{'2012': -34.57, '2013': -254.07, '2014': 143.08, '2015': -543.79, '2016': 336.94, '2017': 354.32}",False
EURUSD,1.0,60,4,200,6,0.0,-1000.0,-0.0223,-0.0646,1004.31,100.0,0.0,2015-01-26 01:00:00,1,1872,9,1862,0.08,4,-215.36,"{'2012': -142.56, '2013': -429.08, '2014': -123.3, '2015': -305.06, '2016': 0.0, '2017': 0.0}",True
EURUSD,1.0,60,4,200,10,655.0,-345.0,-0.0077,-0.0371,809.28,79.9,203.81,,0,3618,19,3599,0.08,4,-231.8,"{'2012': -98.91, '2013': -211.39, '2014': 17.45, '2015': -404.29, '2016': 201.54, '2017': 150.59}",False
EURUSD,1.0,60,4,200,15,1361.53,361.53,0.0081,-0.0123,613.87,51.6,575.81,,0,2799,20,2779,0.08,4,-231.8,"{'2012': -80.16, '2013': 1.45, '2014': 108.39, '2015': -334.34, '2016': 389.34, '2017': 276.86}",False
EURUSD,1.0,60,6,60,6,0.0,-1000.0,-0.0223,-0.0513,1004.31,100.0,0.0,2015-03-18 22:00:00,0,3051,41,3010,0.07,4,-102.13,"{'2012': -54.54, '2013': -383.54, '2014': -186.31, '2015': -375.61, '2016': 0.0, '2017': 0.0}",True
EURUSD,1.0,60,6,60,10,0.0,-1000.0,-0.0223,-0.0165,1013.13,100.0,0.0,2015-10-22 21:00:00,2,3541,69,3470,0.07,4,-102.13,"{'2012': -11.03, '2013': -110.16, '2014': -7.4, '2015': -871.41, '2016': 0.0, '2017': 0.0}",True
EURUSD,1.0,60,6,60,15,949.72,-50.28,-0.0011,0.0164,882.47,65.3,468.66,,0,4473,108,4365,0.07,4,-104.7,"{'2012': 12.58, '2013': 174.12, '2014': 59.48, '2015': -704.54, '2016': 199.37, '2017': 208.72}",False
EURUSD,1.0,60,6,100,6,0.0,-1000.0,-0.0223,-0.0997,1004.31,100.0,0.0,2014-09-30 11:00:00,3,2177,19,2155,0.07,6,-143.21,"{'2012': -148.27, '2013': -743.93, '2014': -107.8, '2015': 0.0, '2016': 0.0, '2017': 0.0}",True
EURUSD,1.0,60,6,100,10,0.0,-1000.0,-0.0223,-0.0553,1013.09,100.0,0.0,2015-05-27 17:00:00,2,2625,33,2590,0.08,6,-135.54,"{'2012': -98.62, '2013': -393.32, '2014': 89.08, '2015': -597.14, '2016': 0.0, '2017': 0.0}",True
EURUSD,1.0,60,6,100,15,1019.76,19.76,0.0004,-0.0229,674.2,60.8,434.98,,0,4013,60,3953,0.08,6,-134.89,"{'2012': -77.16, '2013': -111.53, '2014': 228.01, '2015': -472.42, '2016': 188.67, '2017': 264.2}",False
EURUSD,1.0,60,6,150,6,0.0,-1000.0,-0.0223,-0.1036,1004.31,100.0,0.0,2013-12-27 12:00:00,2,1383,10,1371,0.09,6,-172.15,"{'2012': -172.79, '2013': -827.21, '2014': 0.0, '2015': 0.0, '2016': 0.0, '2017': 0.0}",True
EURUSD,1.0,60,6,150,10,0.0,-1000.0,-0.0223,-0.0668,1013.09,100.0,0.0,2015-01-23 13:00:00,2,1872,17,1853,0.1,6,-198.59,"{'2012': -127.67, '2013': -562.41, '2014': -70.15, '2015': -239.78, '2016': 0.0, '2017': 0.0}",True
EURUSD,1.0,60,6,150,15,0.0,-1000.0,-0.0223,-0.0383,1010.35,100.0,0.0,2015-06-03 18:00:00,1,1844,24,1819,0.1,6,-221.32,"{'2012': -79.18, '2013': -338.25, '2014': 175.99, '2015': -758.55, '2016': 0.0, '2017': 0.0}",True
EURUSD,1.0,60,6,200,6,0.0,-1000.0,-0.0223,-0.1142,1004.31,100.0,0.0,2013-11-07 14:00:00,2,1117,7,1108,0.11,6,-216.6,"{'2012': -156.55, '2013': -843.45, '2014': 0.0, '2015': 0.0, '2016': 0.0, '2017': 0.0}",True
EURUSD,1.0,60,6,200,10,0.0,-1000.0,-0.0223,-0.0706,1013.09,100.0,0.0,2015-01-26 01:00:00,2,1682,12,1668,0.11,6,-227.92,"{'2012': -113.57, '2013': -507.04, '2014': -22.67, '2015': -356.72, '2016': 0.0, '2017': 0.0}",True
EURUSD,1.0,60,6,200,15,1107.57,107.57,0.0024,-0.0423,701.82,67.6,336.57,,0,3347,26,3321,0.11,6,-226.15,"{'2012': -96.32, '2013': -259.19, '2014': 290.65, '2015': -333.02, '2016': 123.54, '2017': 381.92}",False
EURUSD,1.5,20,3,60,6,0.0,-1000.0,-0.0223,-0.0632,1003.47,100.0,0.0,2015-01-15 11:00:00,0,3455,49,3406,0.06,3,-102.27,"{'2012': -156.32, '2013': -463.88, '2014': -260.33, '2015': -119.47, '2016': 0.0, '2017': 0.0}",True
EURUSD,1.5,20,3,60,10,0.0,-1000.0,-0.0223,-0.017,1030.41,100.0,0.0,2015-04-09 22:00:00,3,3184,71,3110,0.06,3,-102.27,"{'2012': -105.89, '2013': -59.7, '2014': -188.67, '2015': -645.74, '2016': 0.0, '2017': 0.0}",True
EURUSD,1.5,20,3,60,15,172.93,-827.07,-0.0184,0.0173,1149.69,95.5,54.36,,0,5216,160,5056,0.06,3,-106.15,"{'2012': -61.65, '2013': 221.48, '2014': -31.87, '2015': -902.53, '2016': -90.27, '2017': 37.77}",False
EURUSD,1.5,20,3,100,6,0.0,-1000.0,-0.0223,-0.053,1003.47,100.0,0.0,2015-01-27 17:00:00,1,3004,27,2976,0.06,3,-125.16,"{'2012': -69.65, '2013': -421.38, '2014': -265.48, '2015': -243.49, '2016': 0.0, '2017': 0.0}",True
EURUSD,1.5,20,3,100,10,0.0,-1000.0,-0.0223,-0.0208,1018.15,100.0,0.0,2016-11-09 16:00:00,2,4148,55,4091,0.06,3,-126.23,"{'2012': -47.31, '2013': -105.87, '2014': -25.03, '2015': -689.11, '2016': -132.68, '2017': 0.0}",True
EURUSD,1.5,20,3,100,15,1036.61,36.61,0.0008,0.0193,600.62,44.3,755.06,,0,3797,67,3730,0.06,3,-126.23,"{'2012': -12.77, '2013': 215.93, '2014': 86.94, '2015': -433.07, '2016': 73.49, '2017': 106.09}",False
EURUSD,1.5,20,3,150,6,0.0,-1000.0,-0.0223,-0.0414,1003.47,100.0,0.0,2015-03-18 22:00:00,0,2256,16,2240,0.06,3,-163.02,"{'2012': -37.82, '2013': -335.27, '2014': -181.14, '2015': -445.77, '2016': 0.0, '2017': 0.0}",True
EURUSD,1.5,20,3,150,10,133.25,-866.75,-0.0193,-0.0107,1000.83,96.4,37.0,,0,3479,31,3448,0.06,3,-163.02,"{'2012': -13.99, '2013': -63.99, '2014': -4.57, '2015': -741.19, '2016': -7.66, '2017': -35.35}",False
EURUSD,1.5,20,3,150,15,875.69,-124.31,-0.0028,0.01,579.49,47.3,645.86,,0,2549,31,2518,0.06,3,-174.07,"{'2012': 17.03, '2013': 99.79, '2014': 81.11, '2015': -477.88, '2016': 136.0, '2017': 19.64}",False
EURUSD,1.5,20,3,200,6,0.0,-1000.0,-0.0223,-0.0147,1003.47,100.0,0.0,2016-02-11 15:00:00,1,2366,12,2353,0.06,3,-216.25,"{'2012': -44.12, '2013': -95.65, '2014': -111.64, '2015': -662.95, '2016': -85.64, '2017': 0.0}",True
EURUSD,1.5,20,3,200,10,389.93,-610.07,-0.0136,0.0046,715.7,65.0,384.66,,0,2633,17,2616,0.06,3,-216.25,"{'2012': -27.78, '2013': 83.81, '2014': -70.01, '2015': -398.24, '2016': -143.95, '2017': -53.91}",False
EURUSD,1.5,20,3,200,15,995.3,-4.7,-0.0001,0.0257,422.69,32.2,892.06,,0,1943,17,1926,0.06,3,-216.25,"{'2012': -6.5, '2013': 261.28, '2014': -28.47, '2015': -217.09, '2016': 3.53, '2017': -17.44}",False
EURUSD,1.5,20,4,60,6,0.0,-1000.0,-0.0223,-0.0794,1022.94,100.0,0.0,2014-12-22 21:00:00,3,4385,59,4323,0.1,4,-95.87,"{'2012': -137.19, '2013': -569.15, '2014': -293.66, '2015': 0.0, '2016': 0.0, '2017': 0.0}",True
EURUSD,1.5,20,4,60,10,0.0,-1000.0,-0.0223,-0.0304,1029.19,100.0,0.0,2015-05-05 17:00:00,1,4217,93,4123,0.1,4,-94.71,"{'2012': -72.98, '2013': -139.52, '2014': -17.71, '2015': -769.79, '2016': 0.0, '2017': 0.0}",True
EURUSD,1.5,20,4,60,15,0.0,-1000.0,-0.0223,0.0082,1434.27,100.0,0.0,2015-09-25 00:00:00,3,4093,136,3954,0.1,4,-94.71,"{'2012': -39.04, '2013': 162.38, '2014': 52.95, '2015': -1176.29, '2016': 0.0, '2017': 0.0}",True
EURUSD,1.5,20,4,100,6,0.0,-1000.0,-0.0223,-0.08,1022.94,100.0,0.0,2014-12-22 10:00:00,6,3782,33,3743,0.1,4,-119.67,"{'2012': -62.71, '2013': -656.46, '2014': -280.83, '2015': 0.0, '2016': 0.0, '2017': 0.0}",True
EURUSD,1.5,20,4,100,10,0.0,-1000.0,-0.0223,-0.0117,1044.83,100.0,0.0,2015-04-08 21:00:00,1,3401,48,3352,0.1,4,-157.06,"{'2012': -46.63, '2013': -21.91, '2014': -81.4, '2015': -850.06, '2016': 0.0, '2017': 0.0}",True
EURUSD,1.5,20,4,100,15,0.0,-1000.0,-0.0223,0.0146,1406.04,100.0,0.0,2015-08-28 10:00:00,2,3324,70,3252,0.1,4,-160.75,"{'2012': 29.63, '2013': 174.23, '2014': -18.05, '2015': -1185.81, '2016': 0.0, '2017': 0.0}",True
EURUSD,1.5,20,4,150,6,0.0,-1000.0,-0.0223,-0.0721,1022.94,100.0,0.0,2014-11-07 13:00:00,7,2864,17,2840,0.1,4,-195.31,"{'2012': -145.44, '2013': -536.1, '2014': -318.46, '2015': 0.0, '2016': 0.0, '2017': 0.0}",True
EURUSD,1.5,20,4,150,10,0.0,-1000.0,-0.0223,-0.0251,1029.19,100.0,0.0,2015-03-19 09:00:00,2,2816,28,2786,0.1,4,-195.31,"{'2012': -87.77, '2013': -122.25, '2014': -80.26, '2015': -709.72, '2016': 0.0, '2017': 0.0}",True
EURUSD,1.5,20,4,150,15,571.01,-428.99,-0.0096,0.0044,1066.81,80.1,265.66,,0,4610,63,4547,0.1,4,-197.84,"{'2012': -51.57, '2013': 136.18, '2014': 97.49, '2015': -740.71, '2016': 100.38, '2017': 29.24}",False
EURUSD,1.5,20,4,200,6,0.0,-1000.0,-0.0223,-0.0891,1022.94,100.0,0.0,2014-09-04 13:00:00,1,2245,12,2232,0.1,4,-218.43,"{'2012': -69.91, '2013': -807.04, '2014': -123.05, '2015': 0.0, '2016': 0.0, '2017': 0.0}",True
EURUSD,1.5,20,4,200,10,0.0,-1000.0,-0.0223,-0.0437,1033.19,100.0,0.0,2015-01-27 10:00:00,3,2144,17,2124,0.1,4,-248.87,"{'2012': -13.65, '2013': -413.39, '2014': -221.0, '2015': -351.96, '2016': 0.0, '2017': 0.0}",True
EURUSD,1.5,20,4,200,15,0.0,-1000.0,-0.0223,-0.0092,1131.86,100.0,0.0,2015-06-02 16:00:00,1,1964,23,1940,0.1,4,-262.49,"{'2012': 3.58, '2013': -89.05, '2014': -71.45, '2015': -843.08, '2016': 0.0, '2017': 0.0}",True
EURUSD,1.5,20,6,60,6,0.0,-1000.0,-0.0223,-0.1142,1027.89,100.0,0.0,2013-08-21 20:00:00,2,2131,35,2094,0.15,6,-91.87,"{'2012': -190.29, '2013': -809.71, '2014': 0.0, '2015': 0.0, '2016': 0.0, '2017': 0.0}",True
EURUSD,1.5,20,6,60,10,0.0,-1000.0,-0.0223,-0.0701,1036.01,100.0,0.0,2014-11-03 01:00:00,0,3248,73,3175,0.15,6,-97.56,"{'2012': -119.76, '2013': -574.95, '2014': -305.29, '2015': 0.0, '2016': 0.0, '2017': 0.0}",True
EURUSD,1.5,20,6,60,15,0.0,-1000.0,-0.0223,-0.0174,1213.69,100.0,0.0,2015-08-25 17:00:00,1,4212,138,4073,0.16,6,-117.14,"{'2012': 8.0, '2013': -195.64, '2014': -34.32, '2015': -778.04, '2016': 0.0, '2017': 0.0}",True
EURUSD,1.5,20,6,100,6,0.0,-1000.0,-0.0223,-0.0368,1027.89,100.0,0.0,2015-01-16 17:00:00,3,4640,35,4602,0.18,6,-274.33,"{'2012': -225.28, '2013': -82.94, '2014': -352.93, '2015': -338.85, '2016': 0.0, '2017': 0.0}",True
EURUSD,1.5,20,6,100,10,0.0,-1000.0,-0.0223,-0.0315,1049.71,100.0,0.0,2015-03-20 15:00:00,0,3993,53,3940,0.18,6,-275.25,"{'2012': -155.76, '2013': -166.66, '2014': -39.45, '2015': -638.13, '2016': 0.0, '2017': 0.0}",True
EURUSD,1.5,20,6,100,15,0.0,-1000.0,-0.0223,0.0074,1266.79,100.0,0.0,2015-03-26 19:00:00,3,3040,63,2974,0.16,6,-274.21,"{'2012': -103.24, '2013': 49.24, '2014': -222.01, '2015': -723.99, '2016': 0.0, '2017': 0.0}",True
EURUSD,1.5,20,6,150,6,0.0,-1000.0,-0.0223,-0.1142,1027.89,100.0,0.0,2013-07-11 00:00:00,0,1734,13,1721,0.18,6,-409.68,"{'2012': -271.18, '2013': -728.82, '2014': 0.0, '2015': 0.0, '2016': 0.0, '2017': 0.0}",True
EURUSD,1.5,20,6,150,10,0.0,-1000.0,-0.0223,-0.0808,1036.01,100.0,0.0,2014-02-12 12:00:00,6,2216,22,2188,0.18,6,-409.68,"{'2012': -201.29, '2013': -575.98, '2014': -222.73, '2015': 0.0, '2016': 0.0, '2017': 0.0}",True
EURUSD,1.5,20,6,150,15,0.0,-1000.0,-0.0223,-0.035,1055.81,100.0,0.0,2015-01-23 10:00:00,1,2597,40,2556,0.18,6,-409.68,"{'2012': -128.22, '2013': -350.25, '2014': 56.15, '2015': -577.68, '2016': 0.0, '2017': 0.0}",True
EURUSD,1.5,20,6,200,6,0.0,-1000.0,-0.0223,-0.1142,1027.89,100.0,0.0,2013-09-18 22:00:00,2,1995,10,1983,0.26,6,-409.68,"{'2012': -223.15, '2013': -776.85, '2014': 0.0, '2015': 0.0, '2016': 0.0, '2017': 0.0}",True
EURUSD,1.5,20,6,200,10,0.0,-1000.0,-0.0223,-0.1142,1036.01,100.0,0.0,2013-11-07 14:00:00,1,1722,14,1707,0.26,6,-409.68,"{'2012': -152.5, '2013': -847.5, '2014': 0.0, '2015': 0.0, '2016': 0.0, '2017': 0.0}",True
EURUSD,1.5,20,6,200,15,0.0,-1000.0,-0.0223,-0.077,1154.74,100.0,0.0,2014-09-04 20:00:00,4,1923,24,1895,0.21,6,-409.68,"{'2012': -78.33, '2013': -505.09, '2014': -416.58, '2015': 0.0, '2016': 0.0, '2017': 0.0}",True
EURUSD,1.5,40,3,60,6,0.0,-1000.0,-0.0223,-0.0439,1017.23,100.0,0.0,2015-03-11 11:00:00,1,3374,46,3327,0.06,3,-77.85,"{'2012': -37.39, '2013': -403.61, '2014': -247.35, '2015': -311.66, '2016': 0.0, '2017': 0.0}",True
EURUSD,1.5,40,3,60,10,0.0,-1000.0,-0.0223,-0.0031,1071.78,100.0,0.0,2015-07-08 10:00:00,2,3256,68,3186,0.06,3,-95.55,"{'2012': 4.01, '2013': -49.87, '2014': -83.24, '2015': -870.91, '2016': 0.0, '2017': 0.0}",True
EURUSD,1.5,40,3,60,15,733.63,-266.37,-0.0059,0.0254,921.93,61.8,570.1,,0,4705,125,4580,0.06,3,-106.15,"{'2012': 37.55, '2013': 201.66, '2014': 139.48, '2015': -648.92, '2016': -15.23, '2017': 19.1}",False
EURUSD,1.5,40,3,100,6,0.0,-1000.0,-0.0223,-0.0429,1017.23,100.0,0.0,2015-03-11 19:00:00,2,2871,25,2844,0.06,3,-118.58,"{'2012': -13.45, '2013': -408.73, '2014': -208.2, '2015': -369.62, '2016': 0.0, '2017': 0.0}",True
EURUSD,1.5,40,3,100,10,0.0,-1000.0,-0.0223,-0.0139,1023.27,100.0,0.0,2015-08-24 16:00:00,1,2849,37,2811,0.06,3,-153.17,"{'2012': -33.4, '2013': -102.68, '2014': -64.32, '2015': -799.6, '2016': 0.0, '2017': 0.0}",True
EURUSD,1.5,40,3,100,15,905.99,-94.01,-0.0021,0.005,573.48,48.8,602.53,,0,3655,59,3596,0.06,3,-153.17,"{'2012': -15.75, '2013': 77.07, '2014': 83.85, '2015': -381.47, '2016': 67.73, '2017': 74.57}",False
EURUSD,1.5,40,3,150,6,0.0,-1000.0,-0.0223,-0.0559,1017.23,100.0,0.0,2015-03-11 10:00:00,2,2150,14,2134,0.06,3,-157.8,"{'2012': -54.07, '2013': -442.88, '2014': -220.0, '2015': -283.05, '2016': 0.0, '2017': 0.0}",True
EURUSD,1.5,40,3,150,10,0.0,-1000.0,-0.0223,-0.0262,1023.27,100.0,0.0,2015-07-27 10:00:00,1,2039,20,2018,0.06,3,-157.8,"{'2012': -7.56, '2013': -209.72, '2014': -88.24, '2015': -694.48, '2016': 0.0, '2017': 0.0}",True
EURUSD,1.5,40,3,150,15,794.03,-205.97,-0.0046,-0.0093,537.56,51.7,502.95,,0,2578,29,2549,0.06,3,-159.11,"{'2012': 4.67, '2013': -53.4, '2014': -12.38, '2015': -238.3, '2016': 98.09, '2017': -4.65}",False
EURUSD,1.5,40,3,200,6,0.0,-1000.0,-0.0223,-0.0189,1017.23,100.0,0.0,2015-08-27 15:00:00,2,2062,10,2050,0.06,3,-213.79,"{'2012': -39.99, '2013': -132.61, '2014': -232.14, '2015': -595.26, '2016': 0.0, '2017': 0.0}",True
EURUSD,1.5,40,3,200,10,311.7,-688.3,-0.0153,0.0053,813.12,73.4,294.35,,0,2812,17,2795,0.06,3,-213.79,"{'2012': -6.74, '2013': 65.07, '2014': -136.23, '2015': -380.14, '2016': -190.51, '2017': -39.75}",False
EURUSD,1.5,40,3,200,15,861.5,-138.5,-0.0031,0.0166,492.39,39.5,754.29,,0,2093,17,2076,0.06,3,-237.02,"{'2012': 2.82, '2013': 175.84, '2014': 27.93, '2015': -296.15, '2016': -85.62, '2017': 36.68}",False
EURUSD,1.5,40,4,60,6,0.0,-1000.0,-0.0223,-0.0741,1017.23,100.0,0.0,2015-01-23 11:00:00,0,3522,45,3477,0.08,4,-125.75,"{'2012': -184.48, '2013': -501.46, '2014': -136.07, '2015': -177.99, '2016': 0.0, '2017': 0.0}",True
EURUSD,1.5,40,4,60,10,0.0,-1000.0,-0.0223,-0.0365,1023.27,100.0,0.0,2015-03-24 10:00:00,1,3098,62,3035,0.08,4,-125.75,"{'2012': -121.67, '2013': -254.29, '2014': -50.02, '2015': -574.02, '2016': 0.0, '2017': 0.0}",True
EURUSD,1.5,40,4,60,15,0.0,-1000.0,-0.0223,-0.0057,1149.74,100.0,0.0,2015-08-24 16:00:00,1,3190,93,3096,0.08,4,-125.75,"{'2012': -103.55, '2013': 47.03, '2014': 44.83, '2015': -988.31, '2016': 0.0, '2017': 0.0}",True
EURUSD,1.5,40,4,100,6,0.0,-1000.0,-0.0223,-0.0861,1017.23,100.0,0.0,2014-11-03 01:00:00,1,2771,23,2747,0.1,4,-165.19,"{'2012': -89.81, '2013': -601.47, '2014': -308.72, '2015': 0.0, '2016': 0.0, '2017': 0.0}",True
EURUSD,1.5,40,4,100,10,0.0,-1000.0,-0.0223,-0.0704,1023.27,100.0,0.0,2015-03-11 12:00:00,2,2722,36,2684,0.1,4,-165.19,"{'2012': -36.16, '2013': -584.39, '2014': -29.26, '2015': -350.2, '2016': 0.0, '2017': 0.0}",True
EURUSD,1.5,40,4,100,15,0.0,-1000.0,-0.0223,-0.0317,1030.97,100.0,0.0,2015-05-19 11:00:00,0,2416,47,2369,0.1,4,-167.65,"{'2012': -21.87, '2013': -214.21, '2014': -83.53, '2015': -680.38, '2016': 0.0, '2017': 0.0}",True
EURUSD,1.5,40,4,150,6,0.0,-1000.0,-0.0223,-0.0895,1017.23,100.0,0.0,2014-10-15 15:00:00,1,2367,14,2352,0.1,4,-177.68,"{'2012': -66.21, '2013': -654.49, '2014': -279.3, '2015': 0.0, '2016': 0.0, '2017': 0.0}",True
EURUSD,1.5,40,4,150,10,0.0,-1000.0,-0.0223,-0.0695,1023.27,100.0,0.0,2015-02-05 01:00:00,2,2119,20,2097,0.1,4,-216.98,"{'2012': -128.68, '2013': -532.55, '2014': -33.11, '2015': -305.67, '2016': 0.0, '2017': 0.0}",True
EURUSD,1.5,40,4,150,15,0.0,-1000.0,-0.0223,-0.0512,1030.97,100.0,0.0,2015-03-19 09:00:00,2,1768,25,1741,0.1,4,-233.38,"{'2012': -120.34, '2013': -337.91, '2014': 3.52, '2015': -545.27, '2016': 0.0, '2017': 0.0}",True
EURUSD,1.5,40,4,200,6,0.0,-1000.0,-0.0223,-0.1142,1017.23,100.0,0.0,2013-10-22 16:00:00,2,1264,8,1254,0.1,4,-221.92,"{'2012': -108.75, '2013': -891.25, '2014': 0.0, '2015': 0.0, '2016': 0.0, '2017': 0.0}",True
EURUSD,1.5,40,4,200,10,0.0,-1000.0,-0.0223,-0.0815,1023.27,100.0,0.0,2015-01-27 17:00:00,1,1918,14,1903,0.1,4,-271.45,"{'2012': -58.29, '2013': -684.1, '2014': 150.31, '2015': -407.93, '2016': 0.0, '2017': 0.0}",True
EURUSD,1.5,40,4,200,15,0.0,-1000.0,-0.0223,-0.0544,1030.97,100.0,0.0,2015-03-19 09:00:00,2,1615,18,1595,0.1,4,-233.38,"{'2012': -49.35, '2013': -417.18, '2014': 188.05, '2015': -721.51, '2016': 0.0, '2017': 0.0}",True
EURUSD,1.5,40,6,60,6,0.0,-1000.0,-0.0223,-0.0675,1017.23,100.0,0.0,2015-01-27 10:00:00,1,3597,46,3550,0.1,5,-100.41,"{'2012': -180.29, '2013': -448.25, '2014': -183.2, '2015': -188.26, '2016': 0.0, '2017': 0.0}",True
EURUSD,1.5,40,6,60,10,0.0,-1000.0,-0.0223,-0.03,1023.27,100.0,0.0,2015-03-27 09:00:00,1,3172,64,3107,0.1,5,-112.44,"{'2012': -117.5, '2013': -203.41, '2014': -102.51, '2015': -576.58, '2016': 0.0, '2017': 0.0}",True
EURUSD,1.5,40,6,60,15,204.22,-795.78,-0.0177,0.0006,1201.22,97.9,26.11,,0,5626,152,5474,0.1,5,-157.06,"{'2012': -103.38, '2013': 98.96, '2014': 97.02, '2015': -881.04, '2016': -90.13, '2017': 82.8}",False
EURUSD,1.5,40,6,100,6,0.0,-1000.0,-0.0223,-0.0694,1068.32,100.0,0.0,2015-03-20 15:00:00,1,3780,30,3749,0.15,6,-165.19,"{'2012': 2.36, '2013': -492.03, '2014': -79.55, '2015': -430.78, '2016': 0.0, '2017': 0.0}",True
EURUSD,1.5,40,6,100,10,0.0,-1000.0,-0.0223,-0.0345,1023.27,100.0,0.0,2015-06-02 16:00:00,0,3399,44,3355,0.15,6,-165.19,"{'2012': -29.26, '2013': -235.26, '2014': 151.61, '2015': -887.09, '2016': 0.0, '2017': 0.0}",True
EURUSD,1.5,40,6,100,15,719.47,-280.53,-0.0063,0.0056,1443.81,92.3,120.36,,0,5266,87,5179,0.15,6,-231.61,"{'2012': -3.89, '2013': 144.84, '2014': 281.86, '2015': -1084.1, '2016': 123.01, '2017': 257.76}",False
EURUSD,1.5,40,6,150,6,0.0,-1000.0,-0.0223,-0.0934,1145.2,100.0,0.0,2014-10-08 20:00:00,1,2775,15,2759,0.15,6,-295.92,"{'2012': -35.12, '2013': -665.31, '2014': -299.57, '2015': 0.0, '2016': 0.0, '2017': 0.0}",True
EURUSD,1.5,40,6,150,10,0.0,-1000.0,-0.0223,-0.0362,1393.99,100.0,0.0,2015-03-18 22:00:00,0,2832,24,2808,0.15,6,-324.6,"{'2012': 38.71, '2013': -368.16, '2014': 45.65, '2015': -716.2, '2016': 0.0, '2017': 0.0}",True
EURUSD,1.5,40,6,150,15,0.0,-1000.0,-0.0223,-0.0114,1606.43,100.0,0.0,2015-05-26 09:00:00,3,2494,30,2461,0.16,6,-324.6,"{'2012': 68.57, '2013': -127.07, '2014': 383.36, '2015': -1324.86, '2016': 0.0, '2017': 0.0}",True
EURUSD,1.5,40,6,200,6,0.0,-1000.0,-0.0223,-0.0611,1068.32,100.0,0.0,2015-01-15 11:00:00,1,3185,13,3171,0.16,6,-396.36,"{'2012': -98.3, '2013': -318.82, '2014': -262.66, '2015': -320.22, '2016': 0.0, '2017': 0.0}",True
EURUSD,1.5,40,6,200,10,0.0,-1000.0,-0.0223,-0.0018,1293.31,100.0,0.0,2015-03-18 22:00:00,0,2772,18,2754,0.16,6,-396.36,"{'2012': -24.08, '2013': -49.1, '2014': 51.84, '2015': -978.66, '2016': 0.0, '2017': 0.0}",True
EURUSD,1.5,40,6,200,15,0.0,-1000.0,-0.0223,0.0128,1538.0,100.0,0.0,2015-07-31 15:00:00,3,2743,27,2713,0.18,6,-324.6,"{'2012': 4.28, '2013': 101.39, '2014': 222.61, '2015': -1328.28, '2016': 0.0, '2017': 0.0}",True
EURUSD,1.5,60,3,60,6,0.0,-1000.0,-0.0223,-0.0491,1004.31,100.0,0.0,2015-03-18 22:00:00,0,2975,41,2934,0.06,3,-102.13,"{'2012': -57.2, '2013': -371.24, '2014': -185.69, '2015': -385.88, '2016': 0.0, '2017': 0.0}",True
EURUSD,1.5,60,3,60,10,0.0,-1000.0,-0.0223,-0.0155,1015.79,100.0,0.0,2015-11-06 15:00:00,1,3523,70,3452,0.06,3,-102.13,"{'2012': -10.87, '2013': -103.28, '2014': -17.03, '2015': -868.83, '2016': 0.0, '2017': 0.0}",True
EURUSD,1.5,60,3,60,15,938.1,-61.9,-0.0014,0.016,833.11,62.8,494.49,,0,4284,105,4179,0.06,3,-102.13,"{'2012': 4.93, '2013': 176.87, '2014': 53.85, '2015': -607.37, '2016': 50.66, '2017': 259.18}",False
EURUSD,1.5,60,3,100,6,0.0,-1000.0,-0.0223,-0.0671,1004.31,100.0,0.0,2015-01-23 11:00:00,0,2213,21,2192,0.06,3,-111.28,"{'2012': -133.35, '2013': -488.05, '2014': -199.36, '2015': -179.25, '2016': 0.0, '2017': 0.0}",True
EURUSD,1.5,60,3,100,10,0.0,-1000.0,-0.0223,-0.0332,1013.09,100.0,0.0,2015-06-05 15:00:00,2,2271,30,2239,0.06,3,-152.27,"{'2012': -83.29, '2013': -221.03, '2014': -9.33, '2015': -686.36, '2016': 0.0, '2017': 0.0}",True
EURUSD,1.5,60,3,100,15,524.11,-475.89,-0.0106,-0.0072,684.29,61.2,433.15,,0,3378,55,3323,0.06,3,-152.27,"{'2012': -42.04, '2013': -9.9, '2014': 57.45, '2015': -481.91, '2016': 0.86, '2017': -0.33}",False
EURUSD,1.5,60,3,150,6,0.0,-1000.0,-0.0223,-0.0497,1004.31,100.0,0.0,2015-03-11 11:00:00,1,1800,12,1787,0.06,3,-161.5,"{'2012': -98.32, '2013': -335.32, '2014': -251.79, '2015': -314.58, '2016': 0.0, '2017': 0.0}",True
EURUSD,1.5,60,3,150,10,244.71,-755.29,-0.0168,-0.0225,915.54,90.4,97.56,,0,3395,26,3369,0.06,3,-184.36,"{'2012': -56.81, '2013': -121.42, '2014': -199.58, '2015': -428.34, '2016': 79.69, '2017': -28.84}",False
EURUSD,1.5,60,3,150,15,860.44,-139.56,-0.0031,0.0008,682.38,62.3,413.09,,0,2608,27,2581,0.06,3,-183.41,"{'2012': -40.63, '2013': 79.78, '2014': -61.14, '2015': -431.92, '2016': 250.66, '2017': 63.71}",False
EURUSD,1.5,60,3,200,6,0.0,-1000.0,-0.0223,-0.0248,1004.31,100.0,0.0,2015-11-10 15:00:00,1,2152,10,2141,0.06,3,-232.5,"{'2012': -82.8, '2013': -132.59, '2014': -177.64, '2015': -606.98, '2016': 0.0, '2017': 0.0}",True
EURUSD,1.5,60,3,200,10,399.85,-600.15,-0.0134,-0.0031,760.15,73.4,275.41,,0,2825,16,2809,0.06,3,-232.5,"{'2012': -47.56, '2013': 38.7, '2014': -77.57, '2015': -372.41, '2016': -162.32, '2017': 20.99}",False
EURUSD,1.5,60,3,200,15,903.77,-96.23,-0.0021,0.0159,500.65,40.6,731.88,,0,2087,16,2071,0.06,3,-232.5,"{'2012': -32.73, '2013': 204.01, '2014': -31.0, '2015': -286.12, '2016': -31.47, '2017': 81.1}",False
EURUSD,1.5,60,4,60,6,0.0,-1000.0,-0.0223,-0.0583,1004.31,100.0,0.0,2015-03-18 20:00:00,0,3106,41,3065,0.07,4,-108.62,"{'2012': -107.21, '2013': -383.77, '2014': -164.51, '2015': -344.52, '2016': 0.0, '2017': 0.0}",True
EURUSD,1.5,60,4,60,10,0.0,-1000.0,-0.0223,-0.0136,1094.38,100.0,0.0,2015-11-06 15:00:00,1,3697,70,3626,0.07,4,-108.62,"{'2012': -49.28, '2013': -18.91, '2014': 17.72, '2015': -949.54, '2016': 0.0, '2017': 0.0}",True
EURUSD,1.5,60,4,60,15,1051.57,51.57,0.0011,0.0199,927.39,63.4,534.85,,0,4581,108,4473,0.07,4,-121.12,"{'2012': -18.92, '2013': 272.17, '2014': 142.21, '2015': -774.88, '2016': 306.88, '2017': 124.13}",False
EURUSD,1.5,60,4,100,6,0.0,-1000.0,-0.0223,-0.0696,1004.31,100.0,0.0,2015-01-16 17:00:00,1,2586,23,2562,0.08,4,-139.79,"{'2012': -137.34, '2013': -496.47, '2014': -205.73, '2015': -160.46, '2016': 0.0, '2017': 0.0}",True
EURUSD,1.5,60,4,100,10,0.0,-1000.0,-0.0223,-0.0398,1013.09,100.0,0.0,2015-08-24 15:00:00,1,3108,39,3068,0.08,4,-156.29,"{'2012': -83.96, '2013': -260.03, '2014': 28.21, '2015': -684.22, '2016': 0.0, '2017': 0.0}",True
EURUSD,1.5,60,4,100,15,1280.29,280.29,0.0062,-0.0079,600.95,47.1,675.23,,0,4074,60,4014,0.08,4,-156.29,"{'2012': -66.2, '2013': 28.73, '2014': 243.08, '2015': -411.72, '2016': 94.97, '2017': 391.44}",False
EURUSD,1.5,60,4,150,6,0.0,-1000.0,-0.0223,-0.066,1004.31,100.0,0.0,2015-01-02 09:00:00,0,2220,14,2206,0.1,4,-187.14,"{'2012': -181.76, '2013': -517.93, '2014': -293.62, '2015': -6.7, '2016': 0.0, '2017': 0.0}",True
EURUSD,1.5,60,4,150,10,0.0,-1000.0,-0.0223,-0.0462,1026.02,100.0,0.0,2015-03-18 20:00:00,1,2123,19,2103,0.1,4,-201.85,"{'2012': -133.18, '2013': -364.25, '2014': -33.39, '2015': -469.19, '2016': 0.0, '2017': 0.0}",True
EURUSD,1.5,60,4,150,15,0.0,-1000.0,-0.0223,-0.0164,1109.22,100.0,0.0,2015-06-05 16:00:00,0,1922,25,1897,0.1,4,-229.56,"{'2012': -86.33, '2013': -128.19, '2014': -48.37, '2015': -737.1, '2016': 0.0, '2017': 0.0}",True
EURUSD,1.5,60,4,200,6,0.0,-1000.0,-0.0223,-0.0778,1004.31,100.0,0.0,2015-01-16 17:00:00,2,2039,10,2027,0.1,4,-245.72,"{'2012': -149.29, '2013': -547.84, '2014': -82.17, '2015': -220.71, '2016': 0.0, '2017': 0.0}",True
EURUSD,1.5,60,4,200,10,0.0,-1000.0,-0.0223,-0.0484,1069.79,100.0,0.0,2015-05-26 15:00:00,0,2072,15,2057,0.1,4,-229.56,"{'2012': -103.38, '2013': -311.11, '2014': 5.88, '2015': -591.4, '2016': 0.0, '2017': 0.0}",True
EURUSD,1.5,60,4,200,15,938.52,-61.48,-0.0014,-0.022,1066.94,89.2,129.3,,0,3289,26,3263,0.1,4,-245.72,"{'2012': -83.13, '2013': -85.42, '2014': 180.39, '2015': -650.06, '2016': 170.91, '2017': 405.85}",False
EURUSD,1.5,60,6,60,6,0.0,-1000.0,-0.0223,-0.0583,1004.31,100.0,0.0,2015-03-18 20:00:00,0,3106,41,3065,0.07,4,-108.62,"{'2012': -107.21, '2013': -383.77, '2014': -164.51, '2015': -344.52, '2016': 0.0, '2017': 0.0}",True
EURUSD,1.5,60,6,60,10,0.0,-1000.0,-0.0223,-0.0136,1094.38,100.0,0.0,2015-11-06 15:00:00,1,3697,70,3626,0.07,4,-108.62,"{'2012': -49.28, '2013': -18.91, '2014': 17.72, '2015': -949.54, '2016': 0.0, '2017': 0.0}",True
EURUSD,1.5,60,6,60,15,1051.57,51.57,0.0011,0.0199,927.39,63.4,534.85,,0,4581,108,4473,0.07,4,-121.12,"{'2012': -18.92, '2013': 272.17, '2014': 142.21, '2015': -774.88, '2016': 306.88, '2017': 124.13}",False
EURUSD,1.5,60,6,100,6,0.0,-1000.0,-0.0223,-0.0807,1004.31,100.0,0.0,2014-10-06 21:00:00,1,2178,19,2158,0.1,5,-178.35,"{'2012': -150.12, '2013': -578.15, '2014': -271.73, '2015': 0.0, '2016': 0.0, '2017': 0.0}",True
EURUSD,1.5,60,6,100,10,0.0,-1000.0,-0.0223,-0.0485,1013.09,100.0,0.0,2015-04-03 15:00:00,2,2440,30,2408,0.1,5,-176.53,"{'2012': -96.06, '2013': -320.26, '2014': -148.96, '2015': -434.73, '2016': 0.0, '2017': 0.0}",True
EURUSD,1.5,60,6,100,15,1261.71,261.71,0.0058,-0.0143,631.39,56.5,486.28,,0,4228,61,4167,0.1,5,-175.91,"{'2012': -56.84, '2013': -31.72, '2014': 5.26, '2015': -246.09, '2016': 181.48, '2017': 409.63}",False
EURUSD,1.5,60,6,150,6,0.0,-1000.0,-0.0223,-0.0882,1004.31,100.0,0.0,2014-09-04 14:00:00,0,1949,12,1937,0.15,6,-197.57,"{'2012': -249.88, '2013': -594.34, '2014': -155.78, '2015': 0.0, '2016': 0.0, '2017': 0.0}",True
EURUSD,1.5,60,6,150,10,0.0,-1000.0,-0.0223,-0.0511,1013.09,100.0,0.0,2015-03-11 11:00:00,1,2196,19,2176,0.15,6,-215.62,"{'2012': -197.96, '2013': -290.75, '2014': -203.48, '2015': -307.81, '2016': 0.0, '2017': 0.0}",True
EURUSD,1.5,60,6,150,15,0.0,-1000.0,-0.0223,-0.0195,1336.12,100.0,0.0,2015-06-04 11:00:00,3,2000,24,1973,0.15,6,-320.78,"{'2012': -8.94, '2013': -180.9, '2014': 93.92, '2015': -904.08, '2016': 0.0, '2017': 0.0}",True
EURUSD,1.5,60,6,200,6,0.0,-1000.0,-0.0223,-0.1142,1004.31,100.0,0.0,2013-09-18 20:00:00,1,1133,7,1125,0.15,6,-221.75,"{'2012': -350.83, '2013': -649.17, '2014': 0.0, '2015': 0.0, '2016': 0.0, '2017': 0.0}",True
EURUSD,1.5,60,6,200,10,0.0,-1000.0,-0.0223,-0.0925,1013.09,100.0,0.0,2014-09-04 17:00:00,1,1563,12,1550,0.15,6,-221.75,"{'2012': -298.9, '2013': -611.97, '2014': -89.13, '2015': 0.0, '2016': 0.0, '2017': 0.0}",True
EURUSD,1.5,60,6,200,15,0.0,-1000.0,-0.0223,-0.0335,1172.9,100.0,0.0,2015-03-18 22:00:00,0,1699,18,1681,0.15,6,-320.78,"{'2012': -52.37, '2013': -318.84, '2014': 85.14, '2015': -713.93, '2016': 0.0, '2017': 0.0}",True
GBPUSD,1.0,20,3,60,6,0.0,-1000.0,-0.0223,-0.1142,1006.01,100.0,0.0,2013-09-18 20:00:00,1,1807,32,1774,0.06,3,-80.8,"{'2012': -50.12, '2013': -949.88, '2014': 0.0, '2015': 0.0, '2016': 0.0, '2017': 0.0}",True
GBPUSD,1.0,20,3,60,10,0.0,-1000.0,-0.0223,-0.0752,1013.9,100.0,0.0,2014-09-19 03:00:00,2,2511,59,2450,0.06,3,-80.8,"{'2012': -9.5, '2013': -734.12, '2014': -256.39, '2015': 0.0, '2016': 0.0, '2017': 0.0}",True
GBPUSD,1.0,20,3,60,15,0.0,-1000.0,-0.0223,-0.0378,1023.66,100.0,0.0,2015-05-01 21:00:00,3,2682,91,2588,0.06,3,-80.8,"{'2012': -3.39, '2013': -366.01, '2014': -181.61, '2015': -448.99, '2016': 0.0, '2017': 0.0}",True
GBPUSD,1.0,20,3,100,6,0.0,-1000.0,-0.0223,-0.0975,1006.01,100.0,0.0,2014-08-14 11:00:00,6,2302,23,2273,0.06,3,-116.14,"{'2012': -42.7, '2013': -857.01, '2014': -100.3, '2015': 0.0, '2016': 0.0, '2017': 0.0}",True
GBPUSD,1.0,20,3,100,10,0.0,-1000.0,-0.0223,-0.0629,1013.9,100.0,0.0,2015-03-20 02:00:00,5,2348,34,2309,0.06,3,-148.37,"{'2012': -1.76, '2013': -569.16, '2014': -91.04, '2015': -338.05, '2016': 0.0, '2017': 0.0}",True
GBPUSD,1.0,20,3,100,15,0.0,-1000.0,-0.0223,-0.0427,1022.4,100.0,0.0,2016-04-12 13:00:00,1,3172,65,3106,0.06,3,-148.37,"{'2012': 1.64, '2013': -376.34, '2014': 42.05, '2015': -334.96, '2016': -332.39, '2017': 0.0}",True
GBPUSD,1.0,20,3,150,6,0.0,-1000.0,-0.0223,-0.0819,1006.01,100.0,0.0,2014-09-19 02:00:00,1,2083,14,2068,0.06,3,-185.62,"{'2012': -30.95, '2013': -750.52, '2014': -218.54, '2015': 0.0, '2016': 0.0, '2017': 0.0}",True
GBPUSD,1.0,20,3,150,10,0.0,-1000.0,-0.0223,-0.0501,1013.9,100.0,0.0,2015-06-17 11:00:00,1,2353,23,2329,0.06,3,-185.62,"{'2012': 1.04, '2013': -469.42, '2014': -167.9, '2015': -363.73, '2016': 0.0, '2017': 0.0}",True
GBPUSD,1.0,20,3,150,15,0.0,-1000.0,-0.0223,-0.0232,1022.4,100.0,0.0,2016-06-24 07:00:00,0,2717,38,2679,0.06,3,-244.54,"{'2012': 6.76, '2013': -201.21, '2014': 29.91, '2015': -202.18, '2016': -633.28, '2017': 0.0}",True
GBPUSD,1.0,20,3,200,6,0.0,-1000.0,-0.0223,-0.0836,1006.01,100.0,0.0,2014-09-08 00:00:00,0,1768,10,1758,0.06,3,-206.03,"{'2012': -30.95, '2013': -750.94, '2014': -218.12, '2015': 0.0, '2016': 0.0, '2017': 0.0}",True
GBPUSD,1.0,20,3,200,10,0.0,-1000.0,-0.0223,-0.0548,1013.9,100.0,0.0,2015-09-08 17:00:00,3,2014,16,1995,0.06,3,-214.2,"{'2012': 1.04, '2013': -508.84, '2014': -93.52, '2015': -398.69, '2016': 0.0, '2017': 0.0}",True
GBPUSD,1.0,20,3,200,15,0.0,-1000.0,-0.0223,-0.0293,1022.4,100.0,0.0,2016-06-24 06:00:00,0,2015,23,1992,0.06,3,-244.54,"{'2012': 6.76, '2013': -272.17, '2014': 40.37, '2015': -294.11, '2016': -480.85, '2017': 0.0}",True
GBPUSD,1.0,20,4,60,6,0.0,-1000.0,-0.0223,-0.1142,1006.3,100.0,0.0,2013-06-19 20:00:00,1,1377,28,1348,0.08,4,-87.86,"{'2012': -104.64, '2013': -895.36, '2014': 0.0, '2015': 0.0, '2016': 0.0, '2017': 0.0}",True
GBPUSD,1.0,20,4,60,10,0.0,-1000.0,-0.0223,-0.1142,1024.5,100.0,0.0,2013-10-09 17:00:00,4,1635,44,1587,0.08,4,-87.86,"{'2012': -52.61, '2013': -947.39, '2014': 0.0, '2015': 0.0, '2016': 0.0, '2017': 0.0}",True
GBPUSD,1.0,20,4,60,15,0.0,-1000.0,-0.0223,-0.0812,1043.26,100.0,0.0,2014-09-08 02:00:00,4,2162,77,2081,0.08,4,-87.86,"{'2012': -42.58, '2013': -745.41, '2014': -212.0, '2015': 0.0, '2016': 0.0, '2017': 0.0}",True
GBPUSD,1.0,20,4,100,6,0.0,-1000.0,-0.0223,-0.1142,1006.3,100.0,0.0,2013-07-15 10:00:00,2,1435,18,1415,0.08,4,-129.07,"{'2012': -122.18, '2013': -877.82, '2014': 0.0, '2015': 0.0, '2016': 0.0, '2017': 0.0}",True
GBPUSD,1.0,20,4,100,10,0.0,-1000.0,-0.0223,-0.1107,1014.19,100.0,0.0,2013-11-27 10:00:00,2,1644,27,1615,0.08,4,-131.55,"{'2012': -70.41, '2013': -929.59, '2014': 0.0, '2015': 0.0, '2016': 0.0, '2017': 0.0}",True
GBPUSD,1.0,20,4,100,15,0.0,-1000.0,-0.0223,-0.0735,1017.79,100.0,0.0,2014-10-08 20:00:00,0,1880,42,1838,0.08,4,-131.55,"{'2012': -58.12, '2013': -618.0, '2014': -323.88, '2015': 0.0, '2016': 0.0, '2017': 0.0}",True
GBPUSD,1.0,20,4,150,6,0.0,-1000.0,-0.0223,-0.0984,1006.3,100.0,0.0,2014-01-24 16:00:00,1,1838,14,1823,0.08,4,-172.29,"{'2012': -89.86, '2013': -846.8, '2014': -63.34, '2015': 0.0, '2016': 0.0, '2017': 0.0}",True
GBPUSD,1.0,20,4,150,10,0.0,-1000.0,-0.0223,-0.0508,1014.19,100.0,0.0,2015-03-18 20:00:00,1,2572,26,2545,0.08,4,-181.38,"{'2012': -44.37, '2013': -442.84, '2014': -243.64, '2015': -269.16, '2016': 0.0, '2017': 0.0}",True
GBPUSD,1.0,20,4,150,15,0.0,-1000.0,-0.0223,-0.0238,1017.79,100.0,0.0,2016-03-16 20:00:00,0,2971,43,2928,0.08,4,-179.06,"{'2012': -34.0, '2013': -190.2, '2014': -147.49, '2015': -461.2, '2016': -167.1, '2017': 0.0}",True
GBPUSD,1.0,20,4,200,6,0.0,-1000.0,-0.0223,-0.1142,1006.3,100.0,0.0,2013-07-31 14:00:00,2,1150,8,1140,0.08,4,-215.12,"{'2012': -63.66, '2013': -936.34, '2014': 0.0, '2015': 0.0, '2016': 0.0, '2017': 0.0}",True
GBPUSD,1.0,20,4,200,10,0.0,-1000.0,-0.0223,-0.0892,1014.19,100.0,0.0,2014-09-08 10:00:00,3,1581,13,1565,0.08,4,-241.64,"{'2012': -30.47, '2013': -813.32, '2014': -156.21, '2015': 0.0, '2016': 0.0, '2017': 0.0}",True
GBPUSD,1.0,20,4,200,15,0.0,-1000.0,-0.0223,-0.0542,1017.79,100.0,0.0,2016-03-16 15:00:00,4,2803,31,2768,0.08,4,-241.01,"{'2012': -14.55, '2013': -465.95, '2014': -41.6, '2015': -227.85, '2016': -250.04, '2017': 0.0}",True
GBPUSD,1.0,20,6,60,6,0.0,-1000.0,-0.0223,-0.1142,1006.3,100.0,0.0,2013-05-01 20:00:00,3,1122,25,1094,0.1,6,-93.64,"{'2012': -158.07, '2013': -841.93, '2014': 0.0, '2015': 0.0, '2016': 0.0, '2017': 0.0}",True
GBPUSD,1.0,20,6,60,10,0.0,-1000.0,-0.0223,-0.1142,1022.69,100.0,0.0,2013-07-11 02:00:00,1,1300,37,1262,0.1,6,-94.43,"{'2012': -97.19, '2013': -902.81, '2014': 0.0, '2015': 0.0, '2016': 0.0, '2017': 0.0}",True
GBPUSD,1.0,20,6,60,15,0.0,-1000.0,-0.0223,-0.1142,1037.11,100.0,0.0,2013-09-23 18:00:00,6,1323,50,1267,0.11,6,-112.21,"{'2012': -89.45, '2013': -910.55, '2014': 0.0, '2015': 0.0, '2016': 0.0, '2017': 0.0}",True
GBPUSD,1.0,20,6,100,6,0.0,-1000.0,-0.0223,-0.1142,1006.3,100.0,0.0,2013-07-11 05:00:00,2,1450,17,1431,0.12,6,-172.56,"{'2012': -133.09, '2013': -866.91, '2014': 0.0, '2015': 0.0, '2016': 0.0, '2017': 0.0}",True
GBPUSD,1.0,20,6,100,10,0.0,-1000.0,-0.0223,-0.1057,1014.58,100.0,0.0,2013-12-02 01:00:00,5,1816,29,1782,0.11,6,-172.56,"{'2012': -82.22, '2013': -917.78, '2014': 0.0, '2015': 0.0, '2016': 0.0, '2017': 0.0}",True
GBPUSD,1.0,20,6,100,15,0.0,-1000.0,-0.0223,-0.106,1017.79,100.0,0.0,2014-02-17 10:00:00,4,1618,37,1577,0.11,6,-172.56,"{'2012': -71.14, '2013': -792.46, '2014': -136.4, '2015': 0.0, '2016': 0.0, '2017': 0.0}",True
GBPUSD,1.0,20,6,150,6,0.0,-1000.0,-0.0223,-0.1142,1006.3,100.0,0.0,2013-07-05 14:00:00,1,1316,12,1303,0.12,6,-182.44,"{'2012': -98.61, '2013': -901.39, '2014': 0.0, '2015': 0.0, '2016': 0.0, '2017': 0.0}",True
GBPUSD,1.0,20,6,150,10,0.0,-1000.0,-0.0223,-0.1142,1014.58,100.0,0.0,2013-10-22 18:00:00,7,1507,17,1483,0.12,6,-182.59,"{'2012': -51.13, '2013': -948.87, '2014': 0.0, '2015': 0.0, '2016': 0.0, '2017': 0.0}",True
GBPUSD,1.0,20,6,150,15,0.0,-1000.0,-0.0223,-0.1142,1017.79,100.0,0.0,2013-11-05 10:00:00,2,1215,21,1192,0.12,6,-182.59,"{'2012': -42.76, '2013': -957.24, '2014': 0.0, '2015': 0.0, '2016': 0.0, '2017': 0.0}",True
GBPUSD,1.0,20,6,200,6,0.0,-1000.0,-0.0223,-0.1142,1006.3,100.0,0.0,2013-06-06 11:00:00,3,982,8,971,0.12,6,-211.14,"{'2012': -142.41, '2013': -857.59, '2014': 0.0, '2015': 0.0, '2016': 0.0, '2017': 0.0}",True
GBPUSD,1.0,20,6,200,10,0.0,-1000.0,-0.0223,-0.1142,1014.58,100.0,0.0,2013-08-15 11:00:00,4,1094,11,1079,0.12,6,-220.94,"{'2012': -96.52, '2013': -903.48, '2014': 0.0, '2015': 0.0, '2016': 0.0, '2017': 0.0}",True
GBPUSD,1.0,20,6,200,15,0.0,-1000.0,-0.0223,-0.0831,1017.79,100.0,0.0,2014-10-03 15:00:00,2,1649,21,1626,0.12,6,-221.49,"{'2012': -88.15, '2013': -646.07, '2014': -265.78, '2015': 0.0, '2016': 0.0, '2017': 0.0}",True
GBPUSD,1.0,40,3,60,6,0.0,-1000.0,-0.0223,-0.1142,1001.59,100.0,0.0,2013-10-17 16:00:00,2,1609,28,1579,0.06,3,-96.83,"{'2012': -68.02, '2013': -931.98, '2014': 0.0, '2015': 0.0, '2016': 0.0, '2017': 0.0}",True
GBPUSD,1.0,40,3,60,10,0.0,-1000.0,-0.0223,-0.0807,1005.49,100.0,0.0,2014-10-10 10:00:00,1,2342,52,2289,0.06,3,-96.83,"{'2012': -34.17, '2013': -672.72, '2014': -293.11, '2015': 0.0, '2016': 0.0, '2017': 0.0}",True
GBPUSD,1.0,40,3,60,15,0.0,-1000.0,-0.0223,-0.0457,1006.6,100.0,0.0,2016-03-17 12:00:00,2,3741,110,3629,0.06,3,-131.88,"{'2012': -25.18, '2013': -307.47, '2014': -73.41, '2015': -462.7, '2016': -131.23, '2017': 0.0}",True
GBPUSD,1.0,40,3,100,6,0.0,-1000.0,-0.0223,-0.0954,1001.59,100.0,0.0,2014-05-30 18:00:00,7,1850,19,1824,0.06,3,-115.83,"{'2012': -52.17, '2013': -830.03, '2014': -117.8, '2015': 0.0, '2016': 0.0, '2017': 0.0}",True
GBPUSD,1.0,40,3,100,10,0.0,-1000.0,-0.0223,-0.0615,1005.49,100.0,0.0,2015-04-29 16:00:00,3,2495,34,2458,0.06,3,-131.88,"{'2012': -25.36, '2013': -515.47, '2014': -48.68, '2015': -410.49, '2016': 0.0, '2017': 0.0}",True
GBPUSD,1.0,40,3,100,15,0.0,-1000.0,-0.0223,-0.032,1006.6,100.0,0.0,2016-06-24 02:00:00,0,3241,60,3181,0.06,3,-139.68,"{'2012': -10.11, '2013': -261.04, '2014': -7.83, '2015': -378.62, '2016': -342.4, '2017': 0.0}",True
GBPUSD,1.0,40,3,150,6,0.0,-1000.0,-0.0223,-0.0739,1001.59,100.0,0.0,2014-09-19 03:00:00,2,1734,12,1720,0.06,3,-179.3,"{'2012': -43.85, '2013': -704.84, '2014': -251.31, '2015': 0.0, '2016': 0.0, '2017': 0.0}",True
GBPUSD,1.0,40,3,150,10,0.0,-1000.0,-0.0223,-0.0446,1005.49,100.0,0.0,2015-07-15 22:00:00,5,2371,22,2344,0.06,3,-179.3,"{'2012': -23.87, '2013': -424.86, '2014': -55.35, '2015': -495.92, '2016': 0.0, '2017': 0.0}",True
GBPUSD,1.0,40,3,150,15,0.0,-1000.0,-0.0223,-0.017,1023.62,100.0,0.0,2016-07-06 05:00:00,2,2782,35,2745,0.06,3,-244.54,"{'2012': -6.4, '2013': -124.19, '2014': -2.35, '2015': -213.71, '2016': -653.35, '2017': 0.0}",True
GBPUSD,1.0,40,3,200,6,0.0,-1000.0,-0.0223,-0.0789,1001.59,100.0,0.0,2014-09-04 19:00:00,3,1557,9,1545,0.06,3,-210.89,"{'2012': -43.85, '2013': -709.6, '2014': -246.55, '2015': 0.0, '2016': 0.0, '2017': 0.0}",True
GBPUSD,1.0,40,3,200,10,0.0,-1000.0,-0.0223,-0.0498,1005.49,100.0,0.0,2015-09-08 09:00:00,2,2023,15,2006,0.06,3,-214.2,"{'2012': -23.87, '2013': -442.14, '2014': -184.33, '2015': -349.66, '2016': 0.0, '2017': 0.0}",True
GBPUSD,1.0,40,3,200,15,0.0,-1000.0,-0.0223,-0.0237,1006.6,100.0,0.0,2016-10-07 02:00:00,1,2201,23,2177,0.06,3,-370.12,"{'2012': -6.4, '2013': -203.91, '2014': -50.35, '2015': -101.21, '2016': -638.13, '2017': 0.0}",True
GBPUSD,1.0,40,4,60,6,0.0,-1000.0,-0.0223,-0.1142,1006.07,100.0,0.0,2013-07-31 14:00:00,0,1382,25,1357,0.07,4,-115.33,"{'2012': -121.74, '2013': -878.26, '2014': 0.0, '2015': 0.0, '2016': 0.0, '2017': 0.0}",True
GBPUSD,1.0,40,4,60,10,0.0,-1000.0,-0.0223,-0.1142,1009.97,100.0,0.0,2013-11-15 16:00:00,2,1508,36,1470,0.07,4,-115.33,"{'2012': -85.99, '2013': -914.01, '2014': 0.0, '2015': 0.0, '2016': 0.0, '2017': 0.0}",True
GBPUSD,1.0,40,4,60,15,0.0,-1000.0,-0.0223,-0.0632,1010.19,100.0,0.0,2015-03-18 22:00:00,0,2588,79,2509,0.07,4,-131.88,"{'2012': -75.23, '2013': -450.44, '2014': -239.84, '2015': -234.48, '2016': 0.0, '2017': 0.0}",True
GBPUSD,1.0,40,4,100,6,0.0,-1000.0,-0.0223,-0.1142,1006.07,100.0,0.0,2013-09-16 00:00:00,3,1497,17,1477,0.08,4,-121.93,"{'2012': -56.32, '2013': -943.68, '2014': 0.0, '2015': 0.0, '2016': 0.0, '2017': 0.0}",True
GBPUSD,1.0,40,4,100,10,0.0,-1000.0,-0.0223,-0.0917,1009.97,100.0,0.0,2014-10-03 14:00:00,2,2125,30,2093,0.08,4,-124.59,"{'2012': -27.12, '2013': -810.32, '2014': -162.57, '2015': 0.0, '2016': 0.0, '2017': 0.0}",True
GBPUSD,1.0,40,4,100,15,0.0,-1000.0,-0.0223,-0.0613,1010.19,100.0,0.0,2015-09-04 15:00:00,4,2823,54,2765,0.08,4,-131.88,"{'2012': -19.22, '2013': -498.06, '2014': -19.6, '2015': -463.11, '2016': 0.0, '2017': 0.0}",True
GBPUSD,1.0,40,4,150,6,0.0,-1000.0,-0.0223,-0.1142,1006.07,100.0,0.0,2013-09-16 00:00:00,3,1274,10,1261,0.08,4,-183.04,"{'2012': -98.71, '2013': -901.29, '2014': 0.0, '2015': 0.0, '2016': 0.0, '2017': 0.0}",True
GBPUSD,1.0,40,4,150,10,0.0,-1000.0,-0.0223,-0.0737,1009.97,100.0,0.0,2015-05-19 15:00:00,2,2799,25,2772,0.08,4,-183.04,"{'2012': -69.63, '2013': -612.26, '2014': -30.34, '2015': -287.77, '2016': 0.0, '2017': 0.0}",True
GBPUSD,1.0,40,4,150,15,0.0,-1000.0,-0.0223,-0.0421,1010.19,100.0,0.0,2016-03-31 13:00:00,3,3117,40,3074,0.08,4,-198.66,"{'2012': -66.38, '2013': -289.37, '2014': 109.13, '2015': -563.09, '2016': -190.29, '2017': 0.0}",True
GBPUSD,1.0,40,4,200,6,0.0,-1000.0,-0.0223,-0.1142,1006.07,100.0,0.0,2013-09-16 02:00:00,5,1055,7,1043,0.08,4,-211.85,"{'2012': -71.17, '2013': -928.83, '2014': 0.0, '2015': 0.0, '2016': 0.0, '2017': 0.0}",True
GBPUSD,1.0,40,4,200,10,0.0,-1000.0,-0.0223,-0.0837,1009.97,100.0,0.0,2014-09-19 02:00:00,2,1530,12,1516,0.08,4,-230.54,"{'2012': -50.79, '2013': -730.42, '2014': -218.8, '2015': 0.0, '2016': 0.0, '2017': 0.0}",True
GBPUSD,1.0,40,4,200,15,0.0,-1000.0,-0.0223,-0.0511,1010.19,100.0,0.0,2016-06-24 04:00:00,1,2819,29,2789,0.08,4,-244.54,"{'2012': -31.38, '2013': -433.51, '2014': -8.3, '2015': -182.34, '2016': -344.47, '2017': 0.0}",True
GBPUSD,1.0,40,6,60,6,0.0,-1000.0,-0.0223,-0.1142,1006.07,100.0,0.0,2013-08-22 16:00:00,4,1554,26,1524,0.07,5,-115.33,"{'2012': -120.33, '2013': -879.67, '2014': 0.0, '2015': 0.0, '2016': 0.0, '2017': 0.0}",True
GBPUSD,1.0,40,6,60,10,0.0,-1000.0,-0.0223,-0.1102,1009.97,100.0,0.0,2013-12-03 13:00:00,5,1635,39,1591,0.08,5,-115.33,"{'2012': -82.04, '2013': -917.96, '2014': 0.0, '2015': 0.0, '2016': 0.0, '2017': 0.0}",True
GBPUSD,1.0,40,6,60,15,0.0,-1000.0,-0.0223,-0.064,1016.8,100.0,0.0,2015-03-18 22:00:00,0,2635,80,2555,0.08,5,-131.88,"{'2012': -69.07, '2013': -471.68, '2014': -260.04, '2015': -199.21, '2016': 0.0, '2017': 0.0}",True
GBPUSD,1.0,40,6,100,6,0.0,-1000.0,-0.0223,-0.1142,1006.07,100.0,0.0,2013-07-05 14:00:00,0,1202,16,1186,0.09,6,-135.36,"{'2012': -139.5, '2013': -860.5, '2014': 0.0, '2015': 0.0, '2016': 0.0, '2017': 0.0}",True
GBPUSD,1.0,40,6,100,10,0.0,-1000.0,-0.0223,-0.1142,1009.97,100.0,0.0,2013-11-05 10:00:00,5,1407,21,1381,0.09,6,-156.69,"{'2012': -102.82, '2013': -897.18, '2014': 0.0, '2015': 0.0, '2016': 0.0, '2017': 0.0}",True
GBPUSD,1.0,40,6,100,15,0.0,-1000.0,-0.0223,-0.0936,1010.19,100.0,0.0,2014-02-17 02:00:00,0,1379,30,1349,0.1,6,-156.69,"{'2012': -96.65, '2013': -787.82, '2014': -115.53, '2015': 0.0, '2016': 0.0, '2017': 0.0}",True
GBPUSD,1.0,40,6,150,6,0.0,-1000.0,-0.0223,-0.1142,1006.07,100.0,0.0,2013-06-24 22:00:00,6,953,9,938,0.11,6,-182.36,"{'2012': -109.47, '2013': -890.53, '2014': 0.0, '2015': 0.0, '2016': 0.0, '2017': 0.0}",True
GBPUSD,1.0,40,6,150,10,0.0,-1000.0,-0.0223,-0.1142,1009.97,100.0,0.0,2013-07-10 10:00:00,3,810,11,796,0.11,6,-170.74,"{'2012': -80.54, '2013': -919.46, '2014': 0.0, '2015': 0.0, '2016': 0.0, '2017': 0.0}",True
GBPUSD,1.0,40,6,150,15,0.0,-1000.0,-0.0223,-0.0891,1010.19,100.0,0.0,2015-04-29 17:00:00,3,2219,30,2186,0.12,6,-175.21,"{'2012': -68.78, '2013': -746.82, '2014': 118.85, '2015': -303.24, '2016': 0.0, '2017': 0.0}",True
GBPUSD,1.0,40,6,200,6,0.0,-1000.0,-0.0223,-0.1142,1006.07,100.0,0.0,2013-07-05 09:00:00,2,995,7,986,0.11,6,-247.01,"{'2012': -151.76, '2013': -848.24, '2014': 0.0, '2015': 0.0, '2016': 0.0, '2017': 0.0}",True
GBPUSD,1.0,40,6,200,10,0.0,-1000.0,-0.0223,-0.0847,1009.97,100.0,0.0,2015-03-18 13:00:00,2,2627,18,2607,0.12,6,-247.01,"{'2012': -121.88, '2013': -729.06, '2014': 195.05, '2015': -344.11, '2016': 0.0, '2017': 0.0}",True
GBPUSD,1.0,40,6,200,15,0.0,-1000.0,-0.0223,-0.0484,1010.19,100.0,0.0,2015-09-23 15:00:00,3,2600,26,2571,0.12,6,-259.42,"{'2012': -117.06, '2013': -361.24, '2014': 317.5, '2015': -839.19, '2016': 0.0, '2017': 0.0}",True
GBPUSD,1.0,60,3,60,6,0.0,-1000.0,-0.0223,-0.1142,1005.28,100.0,0.0,2013-10-04 11:00:00,1,1487,26,1460,0.06,3,-95.94,"{'2012': -81.92, '2013': -918.08, '2014': 0.0, '2015': 0.0, '2016': 0.0, '2017': 0.0}",True
GBPUSD,1.0,60,3,60,10,0.0,-1000.0,-0.0223,-0.0829,1008.6,100.0,0.0,2014-09-08 11:00:00,1,2011,44,1966,0.06,3,-95.94,"{'2012': -53.01, '2013': -703.69, '2014': -243.3, '2015': 0.0, '2016': 0.0, '2017': 0.0}",True
GBPUSD,1.0,60,3,60,15,0.0,-1000.0,-0.0223,-0.0451,1012.26,100.0,0.0,2015-07-14 12:00:00,3,2670,77,2590,0.06,3,-129.72,"{'2012': -37.88, '2013': -305.52, '2014': -271.81, '2015': -384.79, '2016': 0.0, '2017': 0.0}",True
GBPUSD,1.0,60,3,100,6,0.0,-1000.0,-0.0223,-0.0827,1005.28,100.0,0.0,2014-09-04 17:00:00,1,1980,19,1960,0.06,3,-121.33,"{'2012': -69.96, '2013': -702.49, '2014': -227.55, '2015': 0.0, '2016': 0.0, '2017': 0.0}",True
GBPUSD,1.0,60,3,100,10,0.0,-1000.0,-0.0223,-0.0524,1008.6,100.0,0.0,2015-05-13 13:00:00,1,2392,32,2359,0.06,3,-129.72,"{'2012': -44.13, '2013': -424.78, '2014': -110.6, '2015': -420.49, '2016': 0.0, '2017': 0.0}",True
GBPUSD,1.0,60,3,100,15,0.0,-1000.0,-0.0223,-0.0244,1012.26,100.0,0.0,2016-06-24 04:00:00,0,3051,54,2997,0.06,3,-244.54,"{'2012': -29.78, '2013': -146.48, '2014': 84.64, '2015': -376.48, '2016': -531.89, '2017': 0.0}",True
GBPUSD,1.0,60,3,150,6,0.0,-1000.0,-0.0223,-0.0609,1005.28,100.0,0.0,2014-11-14 14:00:00,2,1845,12,1831,0.06,3,-160.48,"{'2012': -49.7, '2013': -591.75, '2014': -358.55, '2015': 0.0, '2016': 0.0, '2017': 0.0}",True
GBPUSD,1.0,60,3,150,10,0.0,-1000.0,-0.0223,-0.0329,1008.6,100.0,0.0,2016-03-16 20:00:00,0,2829,24,2805,0.06,3,-167.28,"{'2012': -30.55, '2013': -335.6, '2014': -97.18, '2015': -363.39, '2016': -173.29, '2017': 0.0}",True
GBPUSD,1.0,60,3,150,15,0.0,-1000.0,-0.0223,-0.0056,1061.5,100.0,0.0,2016-10-07 02:00:00,1,2744,34,2709,0.06,3,-409.08,"{'2012': -18.62, '2013': -54.86, '2014': 13.21, '2015': -174.19, '2016': -765.54, '2017': 0.0}",True
GBPUSD,1.0,60,3,200,6,0.0,-1000.0,-0.0223,-0.0865,1005.28,100.0,0.0,2014-08-01 14:00:00,2,1383,8,1373,0.06,3,-209.12,"{'2012': -49.7, '2013': -781.43, '2014': -168.87, '2015': 0.0, '2016': 0.0, '2017': 0.0}",True
GBPUSD,1.0,60,3,200,10,0.0,-1000.0,-0.0223,-0.0624,1008.6,100.0,0.0,2015-03-18 22:00:00,1,1599,12,1586,0.06,3,-208.88,"{'2012': -30.55, '2013': -567.95, '2014': -140.1, '2015': -261.4, '2016': 0.0, '2017': 0.0}",True
GBPUSD,1.0,60,3,200,15,0.0,-1000.0,-0.0223,-0.0381,1012.26,100.0,0.0,2016-06-24 06:00:00,0,1977,20,1957,0.06,3,-244.54,"{'2012': -18.62, '2013': -355.22, '2014': -73.46, '2015': -11.03, '2016': -541.66, '2017': 0.0}",True
GBPUSD,1.0,60,4,60,6,0.0,-1000.0,-0.0223,-0.1142,1005.28,100.0,0.0,2013-10-04 10:00:00,4,1521,25,1492,0.06,4,-91.72,"{'2012': -87.01, '2013': -912.99, '2014': 0.0, '2015': 0.0, '2016': 0.0, '2017': 0.0}",True
GBPUSD,1.0,60,4,60,10,0.0,-1000.0,-0.0223,-0.0855,1008.6,100.0,0.0,2014-09-08 10:00:00,2,2077,45,2030,0.07,4,-91.06,"{'2012': -58.77, '2013': -694.05, '2014': -247.18, '2015': 0.0, '2016': 0.0, '2017': 0.0}",True
GBPUSD,1.0,60,4,60,15,0.0,-1000.0,-0.0223,-0.0485,1012.26,100.0,0.0,2015-09-23 17:00:00,3,2955,83,2869,0.07,4,-129.72,"{'2012': -43.7, '2013': -319.49, '2014': -141.75, '2015': -495.06, '2016': 0.0, '2017': 0.0}",True
GBPUSD,1.0,60,4,100,6,0.0,-1000.0,-0.0223,-0.1142,1005.28,100.0,0.0,2013-07-11 00:00:00,1,1030,14,1015,0.07,4,-119.22,"{'2012': -70.6, '2013': -929.4, '2014': 0.0, '2015': 0.0, '2016': 0.0, '2017': 0.0}",True
GBPUSD,1.0,60,4,100,10,0.0,-1000.0,-0.0223,-0.1142,1008.6,100.0,0.0,2013-10-22 14:00:00,3,1117,19,1095,0.07,4,-119.22,"{'2012': -47.83, '2013': -952.17, '2014': 0.0, '2015': 0.0, '2016': 0.0, '2017': 0.0}",True
GBPUSD,1.0,60,4,100,15,0.0,-1000.0,-0.0223,-0.0793,1012.26,100.0,0.0,2015-11-20 14:00:00,4,2673,48,2621,0.08,4,-136.32,"{'2012': -31.68, '2013': -630.52, '2014': 100.6, '2015': -438.4, '2016': 0.0, '2017': 0.0}",True
GBPUSD,1.0,60,4,150,6,0.0,-1000.0,-0.0223,-0.0827,1005.28,100.0,0.0,2014-09-04 17:00:00,2,2073,13,2058,0.08,4,-175.15,"{'2012': -69.38, '2013': -759.99, '2014': -170.63, '2015': 0.0, '2016': 0.0, '2017': 0.0}",True
GBPUSD,1.0,60,4,150,10,0.0,-1000.0,-0.0223,-0.0489,1008.6,100.0,0.0,2015-07-14 12:00:00,3,2773,24,2746,0.08,4,-175.15,"{'2012': -49.83, '2013': -431.82, '2014': -68.76, '2015': -449.59, '2016': 0.0, '2017': 0.0}",True
GBPUSD,1.0,60,4,150,15,0.0,-1000.0,-0.0223,-0.0182,1018.82,100.0,0.0,2016-06-24 06:00:00,0,3111,38,3073,0.08,4,-244.54,"{'2012': -37.39, '2013': -98.32, '2014': 85.65, '2015': -255.25, '2016': -694.69, '2017': 0.0}",True
GBPUSD,1.0,60,4,200,6,0.0,-1000.0,-0.0223,-0.0991,1005.28,100.0,0.0,2014-01-06 05:00:00,5,1296,8,1283,0.08,4,-222.23,"{'2012': -69.38, '2013': -898.98, '2014': -31.64, '2015': 0.0, '2016': 0.0, '2017': 0.0}",True
GBPUSD,1.0,60,4,200,10,0.0,-1000.0,-0.0223,-0.0723,1008.6,100.0,0.0,2015-02-16 18:00:00,6,1819,13,1800,0.08,4,-222.23,"{'2012': -49.83, '2013': -653.15, '2014': -129.48, '2015': -167.54, '2016': 0.0, '2017': 0.0}",True
GBPUSD,1.0,60,4,200,15,0.0,-1000.0,-0.0223,-0.044,1012.26,100.0,0.0,2016-06-24 05:00:00,0,2514,24,2490,0.08,4,-244.54,"{'2012': -37.39, '2013': -396.02, '2014': -8.84, '2015': -380.14, '2016': -177.61, '2017': 0.0}",True
GBPUSD,1.0,60,6,60,6,0.0,-1000.0,-0.0223,-0.1142,1005.28,100.0,0.0,2013-10-04 10:00:00,4,1521,25,1492,0.06,4,-91.72,"{'2012': -87.01, '2013': -912.99, '2014': 0.0, '2015': 0.0, '2016': 0.0, '2017': 0.0}",True
GBPUSD,1.0,60,6,60,10,0.0,-1000.0,-0.0223,-0.0855,1008.6,100.0,0.0,2014-09-08 10:00:00,2,2077,45,2030,0.07,4,-91.06,"{'2012': -58.77, '2013': -694.05, '2014': -247.18, '2015': 0.0, '2016': 0.0, '2017': 0.0}",True
GBPUSD,1.0,60,6,60,15,0.0,-1000.0,-0.0223,-0.0485,1012.26,100.0,0.0,2015-09-23 17:00:00,3,2955,83,2869,0.07,4,-129.72,"{'2012': -43.7, '2013': -319.49, '2014': -141.75, '2015': -495.06, '2016': 0.0, '2017': 0.0}",True
GBPUSD,1.0,60,6,100,6,0.0,-1000.0,-0.0223,-0.1142,1005.28,100.0,0.0,2013-07-10 14:00:00,5,1086,14,1067,0.08,6,-117.74,"{'2012': -72.7, '2013': -927.3, '2014': 0.0, '2015': 0.0, '2016': 0.0, '2017': 0.0}",True
GBPUSD,1.0,60,6,100,10,0.0,-1000.0,-0.0223,-0.1142,1009.22,100.0,0.0,2013-11-01 14:00:00,3,1194,20,1171,0.08,6,-117.74,"{'2012': -48.2, '2013': -951.8, '2014': 0.0, '2015': 0.0, '2016': 0.0, '2017': 0.0}",True
GBPUSD,1.0,60,6,100,15,0.0,-1000.0,-0.0223,-0.0714,1014.28,100.0,0.0,2016-03-17 12:00:00,1,3203,57,3145,0.08,6,-154.46,"{'2012': -30.55, '2013': -562.04, '2014': 238.66, '2015': -554.12, '2016': -91.95, '2017': 0.0}",True
GBPUSD,1.0,60,6,150,6,0.0,-1000.0,-0.0223,-0.0821,1005.28,100.0,0.0,2014-09-04 17:00:00,3,2120,13,2104,0.1,6,-182.56,"{'2012': -123.57, '2013': -706.26, '2014': -170.18, '2015': 0.0, '2016': 0.0, '2017': 0.0}",True
GBPUSD,1.0,60,6,150,10,0.0,-1000.0,-0.0223,-0.0445,1009.22,100.0,0.0,2015-03-18 22:00:00,1,2341,21,2319,0.1,6,-182.56,"{'2012': -100.0, '2013': -360.61, '2014': -149.04, '2015': -390.36, '2016': 0.0, '2017': 0.0}",True
GBPUSD,1.0,60,6,150,15,0.0,-1000.0,-0.0223,-0.0093,1080.65,100.0,0.0,2016-03-29 19:00:00,1,3010,37,2972,0.1,6,-182.12,"{'2012': -84.28, '2013': -7.8, '2014': -2.22, '2015': -642.16, '2016': -263.54, '2017': 0.0}",True
GBPUSD,1.0,60,6,200,6,0.0,-1000.0,-0.0223,-0.1142,1005.28,100.0,0.0,2013-06-28 18:00:00,2,888,6,880,0.1,6,-255.6,"{'2012': -88.84, '2013': -911.16, '2014': 0.0, '2015': 0.0, '2016': 0.0, '2017': 0.0}",True
GBPUSD,1.0,60,6,200,10,0.0,-1000.0,-0.0223,-0.1142,1009.22,100.0,0.0,2013-09-18 22:00:00,2,941,8,931,0.1,6,-255.6,"{'2012': -69.29, '2013': -930.71, '2014': 0.0, '2015': 0.0, '2016': 0.0, '2017': 0.0}",True
GBPUSD,1.0,60,6,200,15,0.0,-1000.0,-0.0223,-0.0747,1014.28,100.0,0.0,2014-09-19 02:00:00,2,1350,14,1334,0.1,6,-279.38,"{'2012': -56.85, '2013': -666.45, '2014': -276.7, '2015': 0.0, '2016': 0.0, '2017': 0.0}",True
GBPUSD,1.5,20,3,60,6,0.0,-1000.0,-0.0223,-0.1142,1006.01,100.0,0.0,2013-09-18 20:00:00,1,1807,32,1774,0.06,3,-80.8,"{'2012': -50.12, '2013': -949.88, '2014': 0.0, '2015': 0.0, '2016': 0.0, '2017': 0.0}",True
GBPUSD,1.5,20,3,60,10,0.0,-1000.0,-0.0223,-0.0752,1013.9,100.0,0.0,2014-09-19 03:00:00,2,2511,59,2450,0.06,3,-80.8,"{'2012': -9.5, '2013': -734.12, '2014': -256.39, '2015': 0.0, '2016': 0.0, '2017': 0.0}",True
GBPUSD,1.5,20,3,60,15,0.0,-1000.0,-0.0223,-0.0378,1023.66,100.0,0.0,2015-05-01 21:00:00,3,2682,91,2588,0.06,3,-80.8,"{'2012': -3.39, '2013': -366.01, '2014': -181.61, '2015': -448.99, '2016': 0.0, '2017': 0.0}",True
GBPUSD,1.5,20,3,100,6,0.0,-1000.0,-0.0223,-0.0975,1006.01,100.0,0.0,2014-08-14 11:00:00,6,2302,23,2273,0.06,3,-116.14,"{'2012': -42.7, '2013': -857.01, '2014': -100.3, '2015': 0.0, '2016': 0.0, '2017': 0.0}",True
GBPUSD,1.5,20,3,100,10,0.0,-1000.0,-0.0223,-0.0629,1013.9,100.0,0.0,2015-03-20 02:00:00,5,2348,34,2309,0.06,3,-148.37,"{'2012': -1.76, '2013': -569.16, '2014': -91.04, '2015': -338.05, '2016': 0.0, '2017': 0.0}",True
GBPUSD,1.5,20,3,100,15,0.0,-1000.0,-0.0223,-0.0427,1022.4,100.0,0.0,2016-04-12 13:00:00,1,3172,65,3106,0.06,3,-148.37,"{'2012': 1.64, '2013': -376.34, '2014': 42.05, '2015': -334.96, '2016': -332.39, '2017': 0.0}",True
GBPUSD,1.5,20,3,150,6,0.0,-1000.0,-0.0223,-0.0819,1006.01,100.0,0.0,2014-09-19 02:00:00,1,2083,14,2068,0.06,3,-185.62,"{'2012': -30.95, '2013': -750.52, '2014': -218.54, '2015': 0.0, '2016': 0.0, '2017': 0.0}",True
GBPUSD,1.5,20,3,150,10,0.0,-1000.0,-0.0223,-0.0501,1013.9,100.0,0.0,2015-06-17 11:00:00,1,2353,23,2329,0.06,3,-185.62,"{'2012': 1.04, '2013': -469.42, '2014': -167.9, '2015': -363.73, '2016': 0.0, '2017': 0.0}",True
GBPUSD,1.5,20,3,150,15,0.0,-1000.0,-0.0223,-0.0232,1022.4,100.0,0.0,2016-06-24 07:00:00,0,2717,38,2679,0.06,3,-244.54,"{'2012': 6.76, '2013': -201.21, '2014': 29.91, '2015': -202.18, '2016': -633.28, '2017': 0.0}",True
GBPUSD,1.5,20,3,200,6,0.0,-1000.0,-0.0223,-0.0836,1006.01,100.0,0.0,2014-09-08 00:00:00,0,1768,10,1758,0.06,3,-206.03,"{'2012': -30.95, '2013': -750.94, '2014': -218.12, '2015': 0.0, '2016': 0.0, '2017': 0.0}",True
GBPUSD,1.5,20,3,200,10,0.0,-1000.0,-0.0223,-0.0548,1013.9,100.0,0.0,2015-09-08 17:00:00,3,2014,16,1995,0.06,3,-214.2,"{'2012': 1.04, '2013': -508.84, '2014': -93.52, '2015': -398.69, '2016': 0.0, '2017': 0.0}",True
GBPUSD,1.5,20,3,200,15,0.0,-1000.0,-0.0223,-0.0293,1022.4,100.0,0.0,2016-06-24 06:00:00,0,2015,23,1992,0.06,3,-244.54,"{'2012': 6.76, '2013': -272.17, '2014': 40.37, '2015': -294.11, '2016': -480.85, '2017': 0.0}",True
GBPUSD,1.5,20,4,60,6,0.0,-1000.0,-0.0223,-0.1142,1007.54,100.0,0.0,2013-06-06 18:00:00,1,1408,28,1379,0.1,4,-98.49,"{'2012': -122.13, '2013': -877.87, '2014': 0.0, '2015': 0.0, '2016': 0.0, '2017': 0.0}",True
GBPUSD,1.5,20,4,60,10,0.0,-1000.0,-0.0223,-0.1142,1029.51,100.0,0.0,2013-08-19 04:00:00,9,1556,43,1504,0.1,4,-87.62,"{'2012': -65.98, '2013': -934.02, '2014': 0.0, '2015': 0.0, '2016': 0.0, '2017': 0.0}",True
GBPUSD,1.5,20,4,60,15,0.0,-1000.0,-0.0223,-0.1142,1041.44,100.0,0.0,2013-11-13 17:00:00,3,1538,59,1476,0.1,4,-94.82,"{'2012': -49.68, '2013': -950.32, '2014': 0.0, '2015': 0.0, '2016': 0.0, '2017': 0.0}",True
GBPUSD,1.5,20,4,100,6,0.0,-1000.0,-0.0223,-0.1142,1007.54,100.0,0.0,2013-07-05 14:00:00,2,1486,18,1466,0.1,4,-134.56,"{'2012': -134.12, '2013': -865.88, '2014': 0.0, '2015': 0.0, '2016': 0.0, '2017': 0.0}",True
GBPUSD,1.5,20,4,100,10,0.0,-1000.0,-0.0223,-0.1142,1015.11,100.0,0.0,2013-09-06 14:00:00,3,1419,24,1392,0.1,4,-157.08,"{'2012': -84.99, '2013': -915.01, '2014': 0.0, '2015': 0.0, '2016': 0.0, '2017': 0.0}",True
GBPUSD,1.5,20,4,100,15,0.0,-1000.0,-0.0223,-0.0832,1019.41,100.0,0.0,2014-09-08 02:00:00,1,1974,46,1927,0.1,4,-157.08,"{'2012': -69.74, '2013': -600.24, '2014': -330.01, '2015': 0.0, '2016': 0.0, '2017': 0.0}",True
GBPUSD,1.5,20,4,150,6,0.0,-1000.0,-0.0223,-0.1142,1007.54,100.0,0.0,2013-06-28 11:00:00,5,1231,11,1215,0.1,4,-166.51,"{'2012': -97.8, '2013': -902.2, '2014': 0.0, '2015': 0.0, '2016': 0.0, '2017': 0.0}",True
GBPUSD,1.5,20,4,150,10,0.0,-1000.0,-0.0223,-0.1142,1015.11,100.0,0.0,2013-10-02 12:00:00,7,1307,16,1284,0.1,4,-176.0,"{'2012': -53.92, '2013': -946.08, '2014': 0.0, '2015': 0.0, '2016': 0.0, '2017': 0.0}",True
GBPUSD,1.5,20,4,150,15,0.0,-1000.0,-0.0223,-0.1142,1019.41,100.0,0.0,2013-10-17 16:00:00,2,1017,19,996,0.1,4,-176.0,"{'2012': -39.68, '2013': -960.32, '2014': 0.0, '2015': 0.0, '2016': 0.0, '2017': 0.0}",True
GBPUSD,1.5,20,4,200,6,0.0,-1000.0,-0.0223,-0.1142,1007.54,100.0,0.0,2013-07-05 02:00:00,3,1215,8,1204,0.1,4,-240.44,"{'2012': -140.34, '2013': -859.66, '2014': 0.0, '2015': 0.0, '2016': 0.0, '2017': 0.0}",True
GBPUSD,1.5,20,4,200,10,0.0,-1000.0,-0.0223,-0.0932,1015.11,100.0,0.0,2014-09-04 19:00:00,4,1880,15,1861,0.1,4,-240.44,"{'2012': -95.24, '2013': -729.23, '2014': -175.54, '2015': 0.0, '2016': 0.0, '2017': 0.0}",True
GBPUSD,1.5,20,4,200,15,0.0,-1000.0,-0.0223,-0.0579,1019.41,100.0,0.0,2015-03-19 16:00:00,1,2015,24,1990,0.1,4,-263.17,"{'2012': -84.08, '2013': -385.67, '2014': -184.08, '2015': -346.16, '2016': 0.0, '2017': 0.0}",True
GBPUSD,1.5,20,6,60,6,0.0,-1000.0,-0.0223,-0.1142,1007.78,100.0,0.0,2013-06-06 18:00:00,2,1600,28,1570,0.15,6,-125.28,"{'2012': -157.15, '2013': -842.85, '2014': 0.0, '2015': 0.0, '2016': 0.0, '2017': 0.0}",True
GBPUSD,1.5,20,6,60,10,0.0,-1000.0,-0.0223,-0.1142,1042.9,100.0,0.0,2013-07-23 14:00:00,5,1580,41,1534,0.16,6,-117.83,"{'2012': -88.12, '2013': -911.88, '2014': 0.0, '2015': 0.0, '2016': 0.0, '2017': 0.0}",True
GBPUSD,1.5,20,6,60,15,0.0,-1000.0,-0.0223,-0.1032,1068.02,100.0,0.0,2014-02-13 14:00:00,4,2099,73,2022,0.16,6,-122.32,"{'2012': -88.22, '2013': -788.58, '2014': -123.2, '2015': 0.0, '2016': 0.0, '2017': 0.0}",True
GBPUSD,1.5,20,6,100,6,0.0,-1000.0,-0.0223,-0.1142,1012.91,100.0,0.0,2013-08-06 10:00:00,6,2052,21,2025,0.16,6,-167.13,"{'2012': -105.72, '2013': -894.28, '2014': 0.0, '2015': 0.0, '2016': 0.0, '2017': 0.0}",True
GBPUSD,1.5,20,6,100,10,0.0,-1000.0,-0.0223,-0.1142,1023.08,100.0,0.0,2013-10-04 12:00:00,1,1860,29,1830,0.18,6,-208.42,"{'2012': -33.23, '2013': -966.77, '2014': 0.0, '2015': 0.0, '2016': 0.0, '2017': 0.0}",True
GBPUSD,1.5,20,6,100,15,0.0,-1000.0,-0.0223,-0.0927,1022.86,100.0,0.0,2014-02-17 02:00:00,0,1976,45,1931,0.18,6,-208.42,"{'2012': -193.16, '2013': -527.33, '2014': -279.5, '2015': 0.0, '2016': 0.0, '2017': 0.0}",True
GBPUSD,1.5,20,6,150,6,0.0,-1000.0,-0.0223,-0.1142,1012.91,100.0,0.0,2013-07-11 00:00:00,0,1755,13,1742,0.18,6,-324.53,"{'2012': -52.93, '2013': -947.07, '2014': 0.0, '2015': 0.0, '2016': 0.0, '2017': 0.0}",True
GBPUSD,1.5,20,6,150,10,0.0,-1000.0,-0.0223,-0.1142,1057.09,100.0,0.0,2013-08-15 10:00:00,3,1588,17,1568,0.16,6,-324.53,"{'2012': 22.18, '2013': -1022.18, '2014': 0.0, '2015': 0.0, '2016': 0.0, '2017': 0.0}",True
GBPUSD,1.5,20,6,150,15,0.0,-1000.0,-0.0223,-0.1142,1022.86,100.0,0.0,2013-09-18 20:00:00,0,1340,23,1317,0.18,6,-324.53,"{'2012': -323.71, '2013': -676.29, '2014': 0.0, '2015': 0.0, '2016': 0.0, '2017': 0.0}",True
GBPUSD,1.5,20,6,200,6,0.0,-1000.0,-0.0223,-0.1142,1012.91,100.0,0.0,2013-06-18 12:00:00,2,1521,9,1510,0.21,6,-288.03,"{'2012': -113.67, '2013': -886.33, '2014': 0.0, '2015': 0.0, '2016': 0.0, '2017': 0.0}",True
GBPUSD,1.5,20,6,200,10,0.0,-1000.0,-0.0223,-0.1142,1023.08,100.0,0.0,2013-07-11 00:00:00,0,1268,12,1256,0.21,6,-324.53,"{'2012': -46.03, '2013': -953.97, '2014': 0.0, '2015': 0.0, '2016': 0.0, '2017': 0.0}",True
GBPUSD,1.5,20,6,200,15,0.0,-1000.0,-0.0223,-0.1142,1022.86,100.0,0.0,2013-07-11 00:00:00,0,991,15,976,0.21,6,-324.53,"{'2012': -310.35, '2013': -689.65, '2014': 0.0, '2015': 0.0, '2016': 0.0, '2017': 0.0}",True
GBPUSD,1.5,40,3,60,6,0.0,-1000.0,-0.0223,-0.1142,1001.59,100.0,0.0,2013-10-17 16:00:00,2,1609,28,1579,0.06,3,-96.83,"{'2012': -68.02, '2013': -931.98, '2014': 0.0, '2015': 0.0, '2016': 0.0, '2017': 0.0}",True
GBPUSD,1.5,40,3,60,10,0.0,-1000.0,-0.0223,-0.0807,1005.49,100.0,0.0,2014-10-10 10:00:00,1,2342,52,2289,0.06,3,-96.83,"{'2012': -34.17, '2013': -672.72, '2014': -293.11, '2015': 0.0, '2016': 0.0, '2017': 0.0}",True
GBPUSD,1.5,40,3,60,15,0.0,-1000.0,-0.0223,-0.0457,1006.6,100.0,0.0,2016-03-17 12:00:00,2,3741,110,3629,0.06,3,-131.88,"{'2012': -25.18, '2013': -307.47, '2014': -73.41, '2015': -462.7, '2016': -131.23, '2017': 0.0}",True
GBPUSD,1.5,40,3,100,6,0.0,-1000.0,-0.0223,-0.0954,1001.59,100.0,0.0,2014-05-30 18:00:00,7,1850,19,1824,0.06,3,-115.83,"{'2012': -52.17, '2013': -830.03, '2014': -117.8, '2015': 0.0, '2016': 0.0, '2017': 0.0}",True
GBPUSD,1.5,40,3,100,10,0.0,-1000.0,-0.0223,-0.0615,1005.49,100.0,0.0,2015-04-29 16:00:00,3,2495,34,2458,0.06,3,-131.88,"{'2012': -25.36, '2013': -515.47, '2014': -48.68, '2015': -410.49, '2016': 0.0, '2017': 0.0}",True
GBPUSD,1.5,40,3,100,15,0.0,-1000.0,-0.0223,-0.032,1006.6,100.0,0.0,2016-06-24 02:00:00,0,3241,60,3181,0.06,3,-139.68,"{'2012': -10.11, '2013': -261.04, '2014': -7.83, '2015': -378.62, '2016': -342.4, '2017': 0.0}",True
GBPUSD,1.5,40,3,150,6,0.0,-1000.0,-0.0223,-0.0739,1001.59,100.0,0.0,2014-09-19 03:00:00,2,1734,12,1720,0.06,3,-179.3,"{'2012': -43.85, '2013': -704.84, '2014': -251.31, '2015': 0.0, '2016': 0.0, '2017': 0.0}",True
GBPUSD,1.5,40,3,150,10,0.0,-1000.0,-0.0223,-0.0446,1005.49,100.0,0.0,2015-07-15 22:00:00,5,2371,22,2344,0.06,3,-179.3,"{'2012': -23.87, '2013': -424.86, '2014': -55.35, '2015': -495.92, '2016': 0.0, '2017': 0.0}",True
GBPUSD,1.5,40,3,150,15,0.0,-1000.0,-0.0223,-0.017,1023.62,100.0,0.0,2016-07-06 05:00:00,2,2782,35,2745,0.06,3,-244.54,"{'2012': -6.4, '2013': -124.19, '2014': -2.35, '2015': -213.71, '2016': -653.35, '2017': 0.0}",True
GBPUSD,1.5,40,3,200,6,0.0,-1000.0,-0.0223,-0.0789,1001.59,100.0,0.0,2014-09-04 19:00:00,3,1557,9,1545,0.06,3,-210.89,"{'2012': -43.85, '2013': -709.6, '2014': -246.55, '2015': 0.0, '2016': 0.0, '2017': 0.0}",True
GBPUSD,1.5,40,3,200,10,0.0,-1000.0,-0.0223,-0.0498,1005.49,100.0,0.0,2015-09-08 09:00:00,2,2023,15,2006,0.06,3,-214.2,"{'2012': -23.87, '2013': -442.14, '2014': -184.33, '2015': -349.66, '2016': 0.0, '2017': 0.0}",True
GBPUSD,1.5,40,3,200,15,0.0,-1000.0,-0.0223,-0.0237,1006.6,100.0,0.0,2016-10-07 02:00:00,1,2201,23,2177,0.06,3,-370.12,"{'2012': -6.4, '2013': -203.91, '2014': -50.35, '2015': -101.21, '2016': -638.13, '2017': 0.0}",True
GBPUSD,1.5,40,4,60,6,0.0,-1000.0,-0.0223,-0.1142,1010.56,100.0,0.0,2013-09-18 22:00:00,1,1711,28,1682,0.07,4,-133.82,"{'2012': -133.23, '2013': -866.77, '2014': 0.0, '2015': 0.0, '2016': 0.0, '2017': 0.0}",True
GBPUSD,1.5,40,4,60,10,0.0,-1000.0,-0.0223,-0.112,1014.46,100.0,0.0,2013-12-18 20:00:00,1,1735,40,1694,0.08,4,-133.82,"{'2012': -95.74, '2013': -904.26, '2014': 0.0, '2015': 0.0, '2016': 0.0, '2017': 0.0}",True
GBPUSD,1.5,40,4,60,15,0.0,-1000.0,-0.0223,-0.0769,1014.74,100.0,0.0,2014-10-29 19:00:00,2,2178,66,2110,0.08,4,-133.82,"{'2012': -106.88, '2013': -539.23, '2014': -353.89, '2015': 0.0, '2016': 0.0, '2017': 0.0}",True
GBPUSD,1.5,40,4,100,6,0.0,-1000.0,-0.0223,-0.1142,1010.56,100.0,0.0,2013-07-11 00:00:00,2,1289,16,1271,0.08,4,-139.72,"{'2012': -140.83, '2013': -859.17, '2014': 0.0, '2015': 0.0, '2016': 0.0, '2017': 0.0}",True
GBPUSD,1.5,40,4,100,10,0.0,-1000.0,-0.0223,-0.1142,1014.46,100.0,0.0,2013-11-07 14:00:00,2,1447,23,1422,0.1,4,-149.2,"{'2012': -105.75, '2013': -894.25, '2014': 0.0, '2015': 0.0, '2016': 0.0, '2017': 0.0}",True
GBPUSD,1.5,40,4,100,15,0.0,-1000.0,-0.0223,-0.0725,1014.74,100.0,0.0,2015-04-29 18:00:00,1,2573,50,2522,0.1,4,-166.92,"{'2012': -106.23, '2013': -527.03, '2014': -24.94, '2015': -341.8, '2016': 0.0, '2017': 0.0}",True
GBPUSD,1.5,40,4,150,6,0.0,-1000.0,-0.0223,-0.1142,1010.56,100.0,0.0,2013-07-09 09:00:00,3,1034,9,1022,0.1,4,-189.95,"{'2012': -102.06, '2013': -897.94, '2014': 0.0, '2015': 0.0, '2016': 0.0, '2017': 0.0}",True
GBPUSD,1.5,40,4,150,10,0.0,-1000.0,-0.0223,-0.1142,1014.46,100.0,0.0,2013-10-17 17:00:00,3,1147,13,1131,0.1,4,-189.95,"{'2012': -74.45, '2013': -925.55, '2014': 0.0, '2015': 0.0, '2016': 0.0, '2017': 0.0}",True
GBPUSD,1.5,40,4,150,15,0.0,-1000.0,-0.0223,-0.066,1014.74,100.0,0.0,2016-04-01 17:00:00,3,3321,43,3275,0.1,4,-189.95,"{'2012': -67.77, '2013': -473.1, '2014': 283.89, '2015': -316.82, '2016': -426.19, '2017': 0.0}",True
GBPUSD,1.5,40,4,200,6,0.0,-1000.0,-0.0223,-0.1142,1010.56,100.0,0.0,2013-07-05 16:00:00,3,1006,7,996,0.1,4,-229.74,"{'2012': -98.48, '2013': -901.52, '2014': 0.0, '2015': 0.0, '2016': 0.0, '2017': 0.0}",True
GBPUSD,1.5,40,4,200,10,0.0,-1000.0,-0.0223,-0.0766,1014.46,100.0,0.0,2015-03-09 10:00:00,2,2490,17,2471,0.1,4,-229.74,"{'2012': -77.7, '2013': -662.76, '2014': 20.07, '2015': -279.61, '2016': 0.0, '2017': 0.0}",True
GBPUSD,1.5,40,4,200,15,0.0,-1000.0,-0.0223,-0.0413,1021.97,100.0,0.0,2016-06-24 07:00:00,0,3508,35,3473,0.1,4,-244.54,"{'2012': -57.8, '2013': -282.03, '2014': 302.39, '2015': -522.11, '2016': -440.44, '2017': 0.0}",True
GBPUSD,1.5,40,6,60,6,0.0,-1000.0,-0.0223,-0.1142,1010.56,100.0,0.0,2013-11-06 10:00:00,2,1994,31,1961,0.1,5,-133.82,"{'2012': -52.94, '2013': -947.06, '2014': 0.0, '2015': 0.0, '2016': 0.0, '2017': 0.0}",True
GBPUSD,1.5,40,6,60,10,0.0,-1000.0,-0.0223,-0.1038,1014.46,100.0,0.0,2014-02-03 10:00:00,2,1915,42,1871,0.1,5,-133.82,"{'2012': -12.12, '2013': -917.89, '2014': -69.99, '2015': 0.0, '2016': 0.0, '2017': 0.0}",True
GBPUSD,1.5,40,6,60,15,0.0,-1000.0,-0.0223,-0.0683,1078.7,100.0,0.0,2015-03-18 22:00:00,0,2722,80,2642,0.1,5,-133.82,"{'2012': -18.33, '2013': -557.49, '2014': -124.16, '2015': -300.02, '2016': 0.0, '2017': 0.0}",True
GBPUSD,1.5,40,6,100,6,0.0,-1000.0,-0.0223,-0.1142,1010.56,100.0,0.0,2013-07-05 14:00:00,1,1284,15,1268,0.15,6,-180.03,"{'2012': -147.23, '2013': -852.77, '2014': 0.0, '2015': 0.0, '2016': 0.0, '2017': 0.0}",True
GBPUSD,1.5,40,6,100,10,0.0,-1000.0,-0.0223,-0.1142,1014.46,100.0,0.0,2013-10-16 10:00:00,6,1473,21,1446,0.15,6,-180.18,"{'2012': -105.48, '2013': -894.52, '2014': 0.0, '2015': 0.0, '2016': 0.0, '2017': 0.0}",True
GBPUSD,1.5,40,6,100,15,0.0,-1000.0,-0.0223,-0.1142,1018.01,100.0,0.0,2013-11-12 15:00:00,7,1234,25,1202,0.15,6,-180.18,"{'2012': -100.95, '2013': -899.05, '2014': 0.0, '2015': 0.0, '2016': 0.0, '2017': 0.0}",True
GBPUSD,1.5,40,6,150,6,0.0,-1000.0,-0.0223,-0.1142,1010.56,100.0,0.0,2013-07-05 14:00:00,1,1240,11,1228,0.15,6,-200.83,"{'2012': -235.18, '2013': -764.82, '2014': 0.0, '2015': 0.0, '2016': 0.0, '2017': 0.0}",True
GBPUSD,1.5,40,6,150,10,0.0,-1000.0,-0.0223,-0.1142,1014.46,100.0,0.0,2013-07-05 16:00:00,3,965,12,950,0.16,6,-239.72,"{'2012': -194.36, '2013': -805.64, '2014': 0.0, '2015': 0.0, '2016': 0.0, '2017': 0.0}",True
GBPUSD,1.5,40,6,150,15,0.0,-1000.0,-0.0223,-0.1142,1018.01,100.0,0.0,2013-07-11 00:00:00,1,769,14,754,0.16,6,-180.18,"{'2012': -191.76, '2013': -808.24, '2014': 0.0, '2015': 0.0, '2016': 0.0, '2017': 0.0}",True
GBPUSD,1.5,40,6,200,6,0.0,-1000.0,-0.0223,-0.1142,1017.25,100.0,0.0,2013-06-28 17:00:00,3,1168,7,1158,0.16,6,-253.83,"{'2012': -153.56, '2013': -846.44, '2014': 0.0, '2015': 0.0, '2016': 0.0, '2017': 0.0}",True
GBPUSD,1.5,40,6,200,10,0.0,-1000.0,-0.0223,-0.1142,1029.77,100.0,0.0,2013-06-28 16:00:00,3,910,9,898,0.16,6,-266.14,"{'2012': -114.49, '2013': -885.51, '2014': 0.0, '2015': 0.0, '2016': 0.0, '2017': 0.0}",True
GBPUSD,1.5,40,6,200,15,0.0,-1000.0,-0.0223,-0.1142,1033.04,100.0,0.0,2013-06-28 17:00:00,2,720,10,708,0.16,6,-266.14,"{'2012': -104.52, '2013': -895.48, '2014': 0.0, '2015': 0.0, '2016': 0.0, '2017': 0.0}",True
GBPUSD,1.5,60,3,60,6,0.0,-1000.0,-0.0223,-0.1142,1005.28,100.0,0.0,2013-10-04 11:00:00,1,1487,26,1460,0.06,3,-95.94,"{'2012': -81.92, '2013': -918.08, '2014': 0.0, '2015': 0.0, '2016': 0.0, '2017': 0.0}",True
GBPUSD,1.5,60,3,60,10,0.0,-1000.0,-0.0223,-0.0829,1008.6,100.0,0.0,2014-09-08 11:00:00,1,2011,44,1966,0.06,3,-95.94,"{'2012': -53.01, '2013': -703.69, '2014': -243.3, '2015': 0.0, '2016': 0.0, '2017': 0.0}",True
GBPUSD,1.5,60,3,60,15,0.0,-1000.0,-0.0223,-0.0451,1012.26,100.0,0.0,2015-07-14 12:00:00,3,2670,77,2590,0.06,3,-129.72,"{'2012': -37.88, '2013': -305.52, '2014': -271.81, '2015': -384.79, '2016': 0.0, '2017': 0.0}",True
GBPUSD,1.5,60,3,100,6,0.0,-1000.0,-0.0223,-0.0827,1005.28,100.0,0.0,2014-09-04 17:00:00,1,1980,19,1960,0.06,3,-121.33,"{'2012': -69.96, '2013': -702.49, '2014': -227.55, '2015': 0.0, '2016': 0.0, '2017': 0.0}",True
GBPUSD,1.5,60,3,100,10,0.0,-1000.0,-0.0223,-0.0524,1008.6,100.0,0.0,2015-05-13 13:00:00,1,2392,32,2359,0.06,3,-129.72,"{'2012': -44.13, '2013': -424.78, '2014': -110.6, '2015': -420.49, '2016': 0.0, '2017': 0.0}",True
GBPUSD,1.5,60,3,100,15,0.0,-1000.0,-0.0223,-0.0244,1012.26,100.0,0.0,2016-06-24 04:00:00,0,3051,54,2997,0.06,3,-244.54,"{'2012': -29.78, '2013': -146.48, '2014': 84.64, '2015': -376.48, '2016': -531.89, '2017': 0.0}",True
GBPUSD,1.5,60,3,150,6,0.0,-1000.0,-0.0223,-0.0609,1005.28,100.0,0.0,2014-11-14 14:00:00,2,1845,12,1831,0.06,3,-160.48,"{'2012': -49.7, '2013': -591.75, '2014': -358.55, '2015': 0.0, '2016': 0.0, '2017': 0.0}",True
GBPUSD,1.5,60,3,150,10,0.0,-1000.0,-0.0223,-0.0329,1008.6,100.0,0.0,2016-03-16 20:00:00,0,2829,24,2805,0.06,3,-167.28,"{'2012': -30.55, '2013': -335.6, '2014': -97.18, '2015': -363.39, '2016': -173.29, '2017': 0.0}",True
GBPUSD,1.5,60,3,150,15,0.0,-1000.0,-0.0223,-0.0056,1061.5,100.0,0.0,2016-10-07 02:00:00,1,2744,34,2709,0.06,3,-409.08,"{'2012': -18.62, '2013': -54.86, '2014': 13.21, '2015': -174.19, '2016': -765.54, '2017': 0.0}",True
GBPUSD,1.5,60,3,200,6,0.0,-1000.0,-0.0223,-0.0865,1005.28,100.0,0.0,2014-08-01 14:00:00,2,1383,8,1373,0.06,3,-209.12,"{'2012': -49.7, '2013': -781.43, '2014': -168.87, '2015': 0.0, '2016': 0.0, '2017': 0.0}",True
GBPUSD,1.5,60,3,200,10,0.0,-1000.0,-0.0223,-0.0624,1008.6,100.0,0.0,2015-03-18 22:00:00,1,1599,12,1586,0.06,3,-208.88,"{'2012': -30.55, '2013': -567.95, '2014': -140.1, '2015': -261.4, '2016': 0.0, '2017': 0.0}",True
GBPUSD,1.5,60,3,200,15,0.0,-1000.0,-0.0223,-0.0381,1012.26,100.0,0.0,2016-06-24 06:00:00,0,1977,20,1957,0.06,3,-244.54,"{'2012': -18.62, '2013': -355.22, '2014': -73.46, '2015': -11.03, '2016': -541.66, '2017': 0.0}",True
GBPUSD,1.5,60,4,60,6,0.0,-1000.0,-0.0223,-0.1142,1005.28,100.0,0.0,2013-11-01 19:00:00,4,1661,27,1630,0.07,4,-103.3,"{'2012': -83.48, '2013': -916.52, '2014': 0.0, '2015': 0.0, '2016': 0.0, '2017': 0.0}",True
GBPUSD,1.5,60,4,60,10,0.0,-1000.0,-0.0223,-0.0789,1009.93,100.0,0.0,2014-09-08 10:00:00,2,2128,45,2081,0.07,4,-102.64,"{'2012': -52.98, '2013': -695.6, '2014': -251.42, '2015': 0.0, '2016': 0.0, '2017': 0.0}",True
GBPUSD,1.5,60,4,60,15,0.0,-1000.0,-0.0223,-0.0394,1015.29,100.0,0.0,2015-11-06 15:00:00,2,3188,86,3100,0.07,4,-129.72,"{'2012': -36.42, '2013': -258.51, '2014': -132.25, '2015': -572.82, '2016': 0.0, '2017': 0.0}",True
GBPUSD,1.5,60,4,100,6,0.0,-1000.0,-0.0223,-0.1142,1005.28,100.0,0.0,2013-07-30 18:00:00,5,1251,15,1231,0.07,4,-111.62,"{'2012': -70.57, '2013': -929.43, '2014': 0.0, '2015': 0.0, '2016': 0.0, '2017': 0.0}",True
GBPUSD,1.5,60,4,100,10,0.0,-1000.0,-0.0223,-0.1142,1009.93,100.0,0.0,2013-11-05 10:00:00,5,1295,20,1270,0.08,4,-132.21,"{'2012': -43.41, '2013': -956.59, '2014': 0.0, '2015': 0.0, '2016': 0.0, '2017': 0.0}",True
GBPUSD,1.5,60,4,100,15,0.0,-1000.0,-0.0223,-0.0953,1015.29,100.0,0.0,2014-10-06 20:00:00,3,1675,34,1638,0.08,4,-132.21,"{'2012': -28.06, '2013': -865.88, '2014': -106.06, '2015': 0.0, '2016': 0.0, '2017': 0.0}",True
GBPUSD,1.5,60,4,150,6,0.0,-1000.0,-0.0223,-0.0789,1005.28,100.0,0.0,2014-09-05 06:00:00,10,2166,13,2143,0.1,4,-178.32,"{'2012': -119.71, '2013': -697.53, '2014': -182.76, '2015': 0.0, '2016': 0.0, '2017': 0.0}",True
GBPUSD,1.5,60,4,150,10,0.0,-1000.0,-0.0223,-0.0435,1009.93,100.0,0.0,2015-03-18 22:00:00,1,2371,21,2349,0.1,4,-178.32,"{'2012': -95.34, '2013': -369.5, '2014': -114.21, '2015': -420.95, '2016': 0.0, '2017': 0.0}",True
GBPUSD,1.5,60,4,150,15,0.0,-1000.0,-0.0223,-0.0089,1107.69,100.0,0.0,2016-06-24 05:00:00,0,3339,40,3299,0.1,4,-244.54,"{'2012': -78.63, '2013': -4.9, '2014': 49.3, '2015': -281.87, '2016': -683.9, '2017': 0.0}",True
GBPUSD,1.5,60,4,200,6,0.0,-1000.0,-0.0223,-0.1142,1005.28,100.0,0.0,2013-07-05 17:00:00,4,949,7,938,0.1,4,-211.82,"{'2012': -88.52, '2013': -911.48, '2014': 0.0, '2015': 0.0, '2016': 0.0, '2017': 0.0}",True
GBPUSD,1.5,60,4,200,10,0.0,-1000.0,-0.0223,-0.1142,1009.93,100.0,0.0,2013-10-04 12:00:00,2,1011,9,1000,0.1,4,-255.57,"{'2012': -68.17, '2013': -931.83, '2014': 0.0, '2015': 0.0, '2016': 0.0, '2017': 0.0}",True
GBPUSD,1.5,60,4,200,15,0.0,-1000.0,-0.0223,-0.0656,1015.29,100.0,0.0,2016-06-24 04:00:00,0,3081,29,3052,0.1,4,-255.13,"{'2012': -54.74, '2013': -571.76, '2014': 18.14, '2015': 17.33, '2016': -408.96, '2017': 0.0}",True
GBPUSD,1.5,60,6,60,6,0.0,-1000.0,-0.0223,-0.1142,1005.28,100.0,0.0,2013-11-01 19:00:00,4,1661,27,1630,0.07,4,-103.3,"{'2012': -83.48, '2013': -916.52, '2014': 0.0, '2015': 0.0, '2016': 0.0, '2017': 0.0}",True
GBPUSD,1.5,60,6,60,10,0.0,-1000.0,-0.0223,-0.0789,1009.93,100.0,0.0,2014-09-08 10:00:00,2,2128,45,2081,0.07,4,-102.64,"{'2012': -52.98, '2013': -695.6, '2014': -251.42, '2015': 0.0, '2016': 0.0, '2017': 0.0}",True
GBPUSD,1.5,60,6,60,15,0.0,-1000.0,-0.0223,-0.0394,1015.29,100.0,0.0,2015-11-06 15:00:00,2,3188,86,3100,0.07,4,-129.72,"{'2012': -36.42, '2013': -258.51, '2014': -132.25, '2015': -572.82, '2016': 0.0, '2017': 0.0}",True
GBPUSD,1.5,60,6,100,6,0.0,-1000.0,-0.0223,-0.1142,1047.66,100.0,0.0,2013-10-04 10:00:00,4,1497,16,1477,0.1,5,-138.52,"{'2012': 32.24, '2013': -1032.24, '2014': 0.0, '2015': 0.0, '2016': 0.0, '2017': 0.0}",True
GBPUSD,1.5,60,6,100,10,0.0,-1000.0,-0.0223,-0.1064,1073.75,100.0,0.0,2013-12-27 12:00:00,1,1449,22,1426,0.1,5,-138.52,"{'2012': 59.93, '2013': -1059.93, '2014': 0.0, '2015': 0.0, '2016': 0.0, '2017': 0.0}",True
GBPUSD,1.5,60,6,100,15,0.0,-1000.0,-0.0223,-0.0659,1095.69,100.0,0.0,2015-09-10 14:00:00,1,2814,50,2763,0.1,5,-215.26,"{'2012': 82.43, '2013': -607.18, '2014': 60.41, '2015': -535.66, '2016': 0.0, '2017': 0.0}",True
GBPUSD,1.5,60,6,150,6,0.0,-1000.0,-0.0223,-0.0691,1096.27,100.0,0.0,2014-09-08 00:00:00,1,2400,14,2385,0.15,6,-210.25,"{'2012': 32.24, '2013': -767.14, '2014': -265.1, '2015': 0.0, '2016': 0.0, '2017': 0.0}",True
GBPUSD,1.5,60,6,150,10,0.0,-1000.0,-0.0223,-0.0841,1114.11,100.0,0.0,2014-09-18 23:00:00,3,1946,17,1926,0.15,6,-210.25,"{'2012': 59.93, '2013': -885.44, '2014': -174.49, '2015': 0.0, '2016': 0.0, '2017': 0.0}",True
GBPUSD,1.5,60,6,150,15,0.0,-1000.0,-0.0223,-0.0437,1147.83,100.0,0.0,2015-09-25 14:00:00,4,2715,33,2678,0.15,6,-215.26,"{'2012': 82.43, '2013': -458.76, '2014': -36.08, '2015': -587.59, '2016': 0.0, '2017': 0.0}",True
GBPUSD,1.5,60,6,200,6,0.0,-1000.0,-0.0223,-0.054,1096.27,100.0,0.0,2014-09-19 02:00:00,0,2362,11,2351,0.15,6,-234.14,"{'2012': 32.24, '2013': -699.09, '2014': -333.15, '2015': 0.0, '2016': 0.0, '2017': 0.0}",True
GBPUSD,1.5,60,6,200,10,0.0,-1000.0,-0.0223,-0.035,1135.76,100.0,0.0,2015-03-06 16:00:00,1,2448,16,2431,0.16,6,-236.85,"{'2012': 59.93, '2013': -518.71, '2014': -252.77, '2015': -288.45, '2016': 0.0, '2017': 0.0}",True
GBPUSD,1.5,60,6,200,15,0.0,-1000.0,-0.0223,-0.0181,1181.0,100.0,0.0,2015-05-08 05:00:00,2,2183,21,2160,0.16,6,-237.93,"{'2012': 82.43, '2013': -297.17, '2014': -84.65, '2015': -700.61, '2016': 0.0, '2017': 0.0}",True
EURUSD,1.2,60,4,200,15,1361.53,361.53,0.0081,-0.0123,613.87,51.6,575.81,,0,2799,20,2779,0.08,4,-231.8,"{'2012': -80.16, '2013': 1.45, '2014': 108.39, '2015': -334.34, '2016': 389.34, '2017': 276.86}",False
EURUSD,1.3,60,4,200,15,938.52,-61.48,-0.0014,-0.022,1066.94,89.2,129.3,,0,3289,26,3263,0.1,4,-245.72,"{'2012': -83.13, '2013': -85.42, '2014': 180.39, '2015': -650.06, '2016': 170.91, '2017': 405.85}",False
EURUSD,1.0,30,4,200,15,920.94,-79.06,-0.0018,-0.0311,637.1,61.3,402.66,,0,2848,25,2823,0.08,4,-233.95,"{'2012': -5.15, '2013': -240.33, '2014': -19.26, '2015': -95.98, '2016': 325.88, '2017': -44.21}",False
EURUSD,1.0,60,5,200,15,1104.09,104.09,0.0023,-0.0475,716.03,71.0,292.91,,0,3240,25,3215,0.1,5,-221.32,"{'2012': -83.95, '2013': -306.71, '2014': 293.08, '2015': -233.21, '2016': 151.19, '2017': 283.71}",False
EURUSD,1.2,60,4,100,15,1047.25,47.25,0.0011,-0.0194,665.47,60.0,443.18,,0,3921,59,3862,0.08,4,-134.82,"{'2012': -64.31, '2013': -94.91, '2014': 213.06, '2015': -513.1, '2016': 255.71, '2017': 250.8}",False
EURUSD,1.3,60,4,100,15,1280.29,280.29,0.0062,-0.0079,600.95,47.1,675.23,,0,4074,60,4014,0.08,4,-156.29,"{'2012': -66.2, '2013': 28.73, '2014': 243.08, '2015': -411.72, '2016': 94.97, '2017': 391.44}",False
EURUSD,1.5,30,4,100,15,0.0,-1000.0,-0.0223,-0.0069,1167.27,100.0,0.0,2015-08-24 16:00:00,0,3013,60,2953,0.1,4,-183.45,"{'2012': 27.8, '2013': -22.1, '2014': -10.34, '2015': -995.35, '2016': 0.0, '2017': 0.0}",True
EURUSD,1.5,60,5,100,15,1261.71,261.71,0.0058,-0.0143,631.39,56.5,486.28,,0,4228,61,4167,0.1,5,-175.91,"{'2012': -56.84, '2013': -31.72, '2014': 5.26, '2015': -246.09, '2016': 181.48, '2017': 409.63}",False
EURUSD,1.2,60,6,100,15,1522.31,522.31,0.0116,-0.0299,550.21,52.2,503.28,,0,4057,57,4000,0.09,5,-146.2,"{'2012': -72.55, '2013': -182.89, '2014': 239.47, '2015': -136.07, '2016': 338.68, '2017': 335.67}",False
EURUSD,1.3,60,6,100,15,1211.9,211.9,0.0047,-0.0093,637.38,55.6,509.27,,0,4219,62,4157,0.09,5,-163.06,"{'2012': -49.11, '2013': 0.45, '2014': 36.18, '2015': -359.58, '2016': 166.75, '2017': 417.23}",False
EURUSD,1.5,30,6,100,15,0.0,-1000.0,-0.0223,0.0012,1230.26,100.0,0.0,2015-04-03 15:00:00,2,2677,52,2623,0.16,6,-274.28,"{'2012': -193.85, '2013': 133.29, '2014': -207.89, '2015': -731.54, '2016': 0.0, '2017': 0.0}",True
EURUSD,1.2,40,4,100,15,1111.31,111.31,0.0025,0.0151,636.55,49.6,647.83,,0,4400,70,4330,0.08,4,-141.89,"{'2012': -31.97, '2013': 195.62, '2014': 53.29, '2015': -312.59, '2016': 180.25, '2017': 26.72}",False
EURUSD,1.3,40,4,100,15,0.0,-1000.0,-0.0223,-0.0317,1030.97,100.0,0.0,2015-05-19 11:00:00,0,2416,47,2369,0.1,4,-167.65,"{'2012': -21.87, '2013': -214.21, '2014': -83.53, '2015': -680.38, '2016': 0.0, '2017': 0.0}",True
EURUSD,1.0,30,4,100,15,600.9,-399.1,-0.0089,0.0275,1221.59,91.7,110.22,,0,4667,82,4585,0.08,4,-152.83,"{'2012': 9.43, '2013': 279.41, '2014': -210.37, '2015': -794.18, '2016': 167.81, '2017': 148.81}",False
EURUSD,1.0,40,5,100,15,500.28,-499.72,-0.0111,-0.0067,1134.46,89.6,132.03,,0,4755,80,4675,0.09,5,-162.02,"{'2012': -35.82, '2013': 11.1, '2014': 135.55, '2015': -724.04, '2016': 98.96, '2017': 14.54}",False
EURUSD,1.2,60,6,200,15,0.0,-1000.0,-0.0223,-0.0174,1296.93,100.0,0.0,2015-04-29 17:00:00,0,1733,18,1715,0.11,6,-251.73,"{'2012': 72.77, '2013': -349.76, '2014': 188.7, '2015': -911.71, '2016': 0.0, '2017': 0.0}",True
EURUSD,1.3,60,6,200,15,0.0,-1000.0,-0.0223,-0.0154,1372.75,100.0,0.0,2015-03-18 22:00:00,0,1654,17,1637,0.13,6,-290.38,"{'2012': -103.64, '2013': -93.58, '2014': 31.1, '2015': -833.87, '2016': 0.0, '2017': 0.0}",True
EURUSD,1.0,30,6,200,15,0.0,-1000.0,-0.0223,-0.049,1056.01,100.0,0.0,2015-03-12 04:00:00,3,1737,19,1715,0.12,6,-272.18,"{'2012': 1.23, '2013': -496.71, '2014': -20.59, '2015': -483.93, '2016': 0.0, '2017': 0.0}",True
GBPUSD,1.2,40,3,200,15,0.0,-1000.0,-0.0223,-0.0237,1006.6,100.0,0.0,2016-10-07 02:00:00,1,2201,23,2177,0.06,3,-370.12,"{'2012': -6.4, '2013': -203.91, '2014': -50.35, '2015': -101.21, '2016': -638.13, '2017': 0.0}",True
GBPUSD,1.3,40,3,200,15,0.0,-1000.0,-0.0223,-0.0237,1006.6,100.0,0.0,2016-10-07 02:00:00,1,2201,23,2177,0.06,3,-370.12,"{'2012': -6.4, '2013': -203.91, '2014': -50.35, '2015': -101.21, '2016': -638.13, '2017': 0.0}",True
GBPUSD,1.0,30,3,200,15,0.0,-1000.0,-0.0223,-0.0102,1016.3,100.0,0.0,2016-10-07 02:00:00,1,2226,24,2201,0.06,3,-370.94,"{'2012': 5.37, '2013': -85.71, '2014': -45.74, '2015': -258.1, '2016': -615.82, '2017': 0.0}",True
GBPUSD,1.0,40,5,200,15,0.0,-1000.0,-0.0223,-0.0482,1010.19,100.0,0.0,2016-06-24 06:00:00,0,3420,34,3386,0.1,5,-244.54,"{'2012': -52.01, '2013': -390.34, '2014': 254.81, '2015': -374.88, '2016': -437.58, '2017': 0.0}",True
GBPUSD,1.2,60,3,150,15,0.0,-1000.0,-0.0223,-0.0056,1061.5,100.0,0.0,2016-10-07 02:00:00,1,2744,34,2709,0.06,3,-409.08,"{'2012': -18.62, '2013': -54.86, '2014': 13.21, '2015': -174.19, '2016': -765.54, '2017': 0.0}",True
GBPUSD,1.3,60,3,150,15,0.0,-1000.0,-0.0223,-0.0056,1061.5,100.0,0.0,2016-10-07 02:00:00,1,2744,34,2709,0.06,3,-409.08,"{'2012': -18.62, '2013': -54.86, '2014': 13.21, '2015': -174.19, '2016': -765.54, '2017': 0.0}",True
GBPUSD,1.0,30,3,150,15,0.0,-1000.0,-0.0223,-0.0209,1016.3,100.0,0.0,2016-06-24 07:00:00,0,2897,38,2859,0.06,3,-244.54,"{'2012': 5.37, '2013': -163.16, '2014': -50.08, '2015': -223.57, '2016': -568.56, '2017': 0.0}",True
GBPUSD,1.0,60,5,150,15,0.0,-1000.0,-0.0223,-0.0121,1071.08,100.0,0.0,2016-06-23 12:00:00,1,3299,40,3258,0.09,5,-196.62,"{'2012': -82.34, '2013': -22.32, '2014': 19.55, '2015': -536.12, '2016': -378.77, '2017': 0.0}",True
GBPUSD,1.2,40,3,150,15,0.0,-1000.0,-0.0223,-0.017,1023.62,100.0,0.0,2016-07-06 05:00:00,2,2782,35,2745,0.06,3,-244.54,"{'2012': -6.4, '2013': -124.19, '2014': -2.35, '2015': -213.71, '2016': -653.35, '2017': 0.0}",True
GBPUSD,1.3,40,3,150,15,0.0,-1000.0,-0.0223,-0.017,1023.62,100.0,0.0,2016-07-06 05:00:00,2,2782,35,2745,0.06,3,-244.54,"{'2012': -6.4, '2013': -124.19, '2014': -2.35, '2015': -213.71, '2016': -653.35, '2017': 0.0}",True
GBPUSD,1.0,40,5,150,15,0.0,-1000.0,-0.0223,-0.0659,1010.19,100.0,0.0,2016-01-19 16:00:00,1,2882,39,2842,0.1,5,-181.26,"{'2012': -71.33, '2013': -509.27, '2014': 242.3, '2015': -516.99, '2016': -144.71, '2017': 0.0}",True
GBPUSD,1.2,40,4,200,15,0.0,-1000.0,-0.0223,-0.0511,1010.19,100.0,0.0,2016-06-24 04:00:00,1,2819,29,2789,0.08,4,-244.54,"{'2012': -31.38, '2013': -433.51, '2014': -8.3, '2015': -182.34, '2016': -344.47, '2017': 0.0}",True
GBPUSD,1.3,40,4,200,15,0.0,-1000.0,-0.0223,-0.0413,1021.97,100.0,0.0,2016-06-24 07:00:00,0,3508,35,3473,0.1,4,-244.54,"{'2012': -57.8, '2013': -282.03, '2014': 302.39, '2015': -522.11, '2016': -440.44, '2017': 0.0}",True
GBPUSD,1.5,30,4,200,15,0.0,-1000.0,-0.0223,-0.0728,1016.98,100.0,0.0,2015-03-13 15:00:00,3,1923,21,1899,0.1,4,-262.05,"{'2012': -48.59, '2013': -605.19, '2014': -70.45, '2015': -275.77, '2016': 0.0, '2017': 0.0}",True
GBPUSD,1.5,40,5,200,15,0.0,-1000.0,-0.0223,-0.1142,1018.01,100.0,0.0,2013-07-04 13:00:00,1,648,10,637,0.16,5,-271.96,"{'2012': -104.67, '2013': -895.33, '2014': 0.0, '2015': 0.0, '2016': 0.0, '2017': 0.0}",True
GBPUSD,1.2,20,3,150,15,0.0,-1000.0,-0.0223,-0.0232,1022.4,100.0,0.0,2016-06-24 07:00:00,0,2717,38,2679,0.06,3,-244.54,"{'2012': 6.76, '2013': -201.21, '2014': 29.91, '2015': -202.18, '2016': -633.28, '2017': 0.0}",True
GBPUSD,1.3,20,3,150,15,0.0,-1000.0,-0.0223,-0.0232,1022.4,100.0,0.0,2016-06-24 07:00:00,0,2717,38,2679,0.06,3,-244.54,"{'2012': 6.76, '2013': -201.21, '2014': 29.91, '2015': -202.18, '2016': -633.28, '2017': 0.0}",True
GBPUSD,1.0,20,5,150,15,0.0,-1000.0,-0.0223,-0.084,1017.79,100.0,0.0,2014-10-15 15:00:00,2,1675,27,1646,0.1,5,-173.66,"{'2012': -39.64, '2013': -660.16, '2014': -300.19, '2015': 0.0, '2016': 0.0, '2017': 0.0}",True
