stage,sym,firm,risk,max_days,target,baseline_seed,sim,exit_hour,expire_hour,max_range_atr,min_range_atr,rng_type,rr,sl_frac,max_trades_day,is_n,is_pass_pct,is_pass_inc_pct,is_fail_pct,is_timeout_pct,is_days_med,is_trades,is_endbal,oos_n,oos_pass_pct,oos_pass_inc_pct,oos_fail_pct,oos_timeout_pct,oos_days_med,oos_trades,oos_endbal,trail,sl_atr,strat_key,exec_key,skip_dow,risk_on_balance,day_stop_pct
1,XAUUSD,ftmo_1step,2.0,,,,,18.0,14.0,3.0,0.3,asian,1.0,1.0,1,338,0.0,0.0,0.9,99.1,,3.3,99723.0,163,0.0,0.0,0.6,99.4,,3.2,99611.0,,,"(('rng_type', 'asian'), ('expire_hour', 14), ('exit_hour', 18), ('sl_frac', 1.0), ('rr', 1.0), ('min_range_atr', 0.3), ('max_range_atr', 3.0))","(('max_trades_day', 1),)",,,
1,XAUUSD,fundingpips_1step,2.0,,,,,18.0,14.0,3.0,0.3,asian,1.0,1.0,1,338,0.0,0.0,7.7,92.3,,3.2,99752.0,163,0.0,0.0,10.4,89.6,,3.2,99652.0,,,"(('rng_type', 'asian'), ('expire_hour', 14), ('exit_hour', 18), ('sl_frac', 1.0), ('rr', 1.0), ('min_range_atr', 0.3), ('max_range_atr', 3.0))","(('max_trades_day', 1),)",,,
1,XAUUSD,ftmo_1step,2.0,,,,,18.0,14.0,3.0,0.3,asian,2.0,1.0,1,338,1.8,0.0,1.5,96.7,5.6,3.3,99886.0,163,1.8,0.0,0.6,97.5,4.7,3.2,99838.0,,,"(('rng_type', 'asian'), ('expire_hour', 14), ('exit_hour', 18), ('sl_frac', 1.0), ('rr', 2.0), ('min_range_atr', 0.3), ('max_range_atr', 3.0))","(('max_trades_day', 1),)",,,
1,XAUUSD,fundingpips_1step,2.0,,,,,18.0,14.0,3.0,0.3,asian,2.0,1.0,1,338,1.8,0.0,10.7,87.6,5.6,3.2,99899.0,163,1.8,0.0,12.9,85.3,4.7,3.2,99857.0,,,"(('rng_type', 'asian'), ('expire_hour', 14), ('exit_hour', 18), ('sl_frac', 1.0), ('rr', 2.0), ('min_range_atr', 0.3), ('max_range_atr', 3.0))","(('max_trades_day', 1),)",,,
1,XAUUSD,ftmo_1step,2.0,,,,,18.0,14.0,3.0,0.3,asian,3.0,1.0,1,338,2.4,2.4,2.1,93.2,4.7,3.2,100016.0,163,1.2,0.6,1.2,96.9,5.7,3.2,100024.0,,,"(('rng_type', 'asian'), ('expire_hour', 14), ('exit_hour', 18), ('sl_frac', 1.0), ('rr', 3.0), ('min_range_atr', 0.3), ('max_range_atr', 3.0))","(('max_trades_day', 1),)",,,
1,XAUUSD,fundingpips_1step,2.0,,,,,18.0,14.0,3.0,0.3,asian,3.0,1.0,1,338,4.7,0.0,11.2,84.0,3.7,3.1,100034.0,163,1.8,0.0,12.9,85.3,4.7,3.2,100043.0,,,"(('rng_type', 'asian'), ('expire_hour', 14), ('exit_hour', 18), ('sl_frac', 1.0), ('rr', 3.0), ('min_range_atr', 0.3), ('max_range_atr', 3.0))","(('max_trades_day', 1),)",,,
1,XAUUSD,ftmo_1step,2.0,,,,,18.0,14.0,3.0,0.3,asian,0.0,1.0,1,338,0.0,2.1,0.3,97.6,,3.3,99733.0,163,0.0,0.6,0.0,99.4,,3.2,99758.0,1.5,,"(('rng_type', 'asian'), ('expire_hour', 14), ('exit_hour', 18), ('sl_frac', 1.0), ('rr', 0.0), ('trail', 1.5), ('min_range_atr', 0.3), ('max_range_atr', 3.0))","(('max_trades_day', 1),)",,,
1,XAUUSD,fundingpips_1step,2.0,,,,,18.0,14.0,3.0,0.3,asian,0.0,1.0,1,338,2.1,0.0,3.0,95.0,4.5,3.3,99735.0,163,0.6,0.0,2.5,96.9,3.7,3.2,99770.0,1.5,,"(('rng_type', 'asian'), ('expire_hour', 14), ('exit_hour', 18), ('sl_frac', 1.0), ('rr', 0.0), ('trail', 1.5), ('min_range_atr', 0.3), ('max_range_atr', 3.0))","(('max_trades_day', 1),)",,,
1,XAUUSD,ftmo_1step,2.0,,,,,18.0,14.0,3.0,0.3,asian,1.0,0.5,1,338,0.0,0.0,2.4,97.6,,3.3,98493.0,163,0.0,0.0,3.1,96.9,,3.2,98426.0,,,"(('rng_type', 'asian'), ('expire_hour', 14), ('exit_hour', 18), ('sl_frac', 0.5), ('rr', 1.0), ('min_range_atr', 0.3), ('max_range_atr', 3.0))","(('max_trades_day', 1),)",,,
1,XAUUSD,fundingpips_1step,2.0,,,,,18.0,14.0,3.0,0.3,asian,1.0,0.5,1,338,0.0,0.0,22.5,77.5,,3.2,98587.0,163,0.0,0.0,20.9,79.1,,3.1,98551.0,,,"(('rng_type', 'asian'), ('expire_hour', 14), ('exit_hour', 18), ('sl_frac', 0.5), ('rr', 1.0), ('min_range_atr', 0.3), ('max_range_atr', 3.0))","(('max_trades_day', 1),)",,,
1,XAUUSD,ftmo_1step,2.0,,,,,18.0,14.0,3.0,0.3,asian,2.0,0.5,1,338,2.7,0.0,6.5,90.8,6.4,3.3,98406.0,163,2.5,0.0,5.5,92.0,5.4,3.2,98524.0,,,"(('rng_type', 'asian'), ('expire_hour', 14), ('exit_hour', 18), ('sl_frac', 0.5), ('rr', 2.0), ('min_range_atr', 0.3), ('max_range_atr', 3.0))","(('max_trades_day', 1),)",,,
1,XAUUSD,fundingpips_1step,2.0,,,,,18.0,14.0,3.0,0.3,asian,2.0,0.5,1,338,3.0,0.0,27.2,69.8,6.4,3.1,98560.0,163,2.5,0.0,30.1,67.5,5.4,3.0,98465.0,,,"(('rng_type', 'asian'), ('expire_hour', 14), ('exit_hour', 18), ('sl_frac', 0.5), ('rr', 2.0), ('min_range_atr', 0.3), ('max_range_atr', 3.0))","(('max_trades_day', 1),)",,,
1,XAUUSD,ftmo_1step,2.0,,,,,18.0,14.0,3.0,0.3,asian,3.0,0.5,1,338,1.8,2.4,9.8,86.1,6.1,3.2,98547.0,163,0.6,4.9,9.2,85.3,3.6,3.1,98559.0,,,"(('rng_type', 'asian'), ('expire_hour', 14), ('exit_hour', 18), ('sl_frac', 0.5), ('rr', 3.0), ('min_range_atr', 0.3), ('max_range_atr', 3.0))","(('max_trades_day', 1),)",,,
1,XAUUSD,fundingpips_1step,2.0,,,,,18.0,14.0,3.0,0.3,asian,3.0,0.5,1,338,4.1,0.0,31.7,64.2,5.4,3.0,98669.0,163,6.1,0.0,35.0,58.9,3.6,2.9,98556.0,,,"(('rng_type', 'asian'), ('expire_hour', 14), ('exit_hour', 18), ('sl_frac', 0.5), ('rr', 3.0), ('min_range_atr', 0.3), ('max_range_atr', 3.0))","(('max_trades_day', 1),)",,,
1,XAUUSD,ftmo_1step,2.0,,,,,18.0,14.0,3.0,0.3,asian,0.0,0.5,1,338,0.6,6.8,7.1,85.5,6.7,3.1,98920.0,163,0.0,5.5,5.5,89.0,,3.1,98766.0,1.5,,"(('rng_type', 'asian'), ('expire_hour', 14), ('exit_hour', 18), ('sl_frac', 0.5), ('rr', 0.0), ('trail', 1.5), ('min_range_atr', 0.3), ('max_range_atr', 3.0))","(('max_trades_day', 1),)",,,
1,XAUUSD,fundingpips_1step,2.0,,,,,18.0,14.0,3.0,0.3,asian,0.0,0.5,1,338,8.3,0.0,21.0,70.7,3.7,3.0,99104.0,163,6.1,0.0,22.1,71.8,2.7,3.0,98789.0,1.5,,"(('rng_type', 'asian'), ('expire_hour', 14), ('exit_hour', 18), ('sl_frac', 0.5), ('rr', 0.0), ('trail', 1.5), ('min_range_atr', 0.3), ('max_range_atr', 3.0))","(('max_trades_day', 1),)",,,
1,XAUUSD,ftmo_1step,2.0,,,,,18.0,14.0,3.0,0.3,asian,1.0,1.0,1,338,0.0,0.0,2.4,97.6,,3.3,97999.0,163,0.0,0.0,2.5,97.5,,3.2,98187.0,,1.0,"(('rng_type', 'asian'), ('expire_hour', 14), ('exit_hour', 18), ('sl_frac', 1.0), ('sl_atr', 1.0), ('rr', 1.0), ('min_range_atr', 0.3), ('max_range_atr', 3.0))","(('max_trades_day', 1),)",,,
1,XAUUSD,fundingpips_1step,2.0,,,,,18.0,14.0,3.0,0.3,asian,1.0,1.0,1,338,0.0,0.0,24.6,75.4,,3.2,98050.0,163,0.0,0.0,22.1,77.9,,3.1,98220.0,,1.0,"(('rng_type', 'asian'), ('expire_hour', 14), ('exit_hour', 18), ('sl_frac', 1.0), ('sl_atr', 1.0), ('rr', 1.0), ('min_range_atr', 0.3), ('max_range_atr', 3.0))","(('max_trades_day', 1),)",,,
1,XAUUSD,ftmo_1step,2.0,,,,,18.0,14.0,3.0,0.3,asian,2.0,1.0,1,338,2.1,0.0,7.4,90.5,6.4,3.3,98010.0,163,1.2,0.0,7.4,91.4,3.1,3.2,98151.0,,1.0,"(('rng_type', 'asian'), ('expire_hour', 14), ('exit_hour', 18), ('sl_frac', 1.0), ('sl_atr', 1.0), ('rr', 2.0), ('min_range_atr', 0.3), ('max_range_atr', 3.0))","(('max_trades_day', 1),)",,,
1,XAUUSD,fundingpips_1step,2.0,,,,,18.0,14.0,3.0,0.3,asian,2.0,1.0,1,338,2.1,0.0,31.7,66.3,6.4,3.1,98132.0,163,1.2,0.0,32.5,66.3,3.1,3.0,98011.0,,1.0,"(('rng_type', 'asian'), ('expire_hour', 14), ('exit_hour', 18), ('sl_frac', 1.0), ('sl_atr', 1.0), ('rr', 2.0), ('min_range_atr', 0.3), ('max_range_atr', 3.0))","(('max_trades_day', 1),)",,,
1,XAUUSD,ftmo_1step,2.0,,,,,18.0,14.0,3.0,0.3,asian,3.0,1.0,1,338,1.5,2.4,12.1,84.0,6.6,3.2,98221.0,163,0.6,3.7,11.7,84.0,4.7,3.2,98387.0,,1.0,"(('rng_type', 'asian'), ('expire_hour', 14), ('exit_hour', 18), ('sl_frac', 1.0), ('sl_atr', 1.0), ('rr', 3.0), ('min_range_atr', 0.3), ('max_range_atr', 3.0))","(('max_trades_day', 1),)",,,
1,XAUUSD,fundingpips_1step,2.0,,,,,18.0,14.0,3.0,0.3,asian,3.0,1.0,1,338,3.8,0.0,37.6,58.6,5.5,3.0,98300.0,163,4.9,0.0,36.8,58.3,4.7,2.9,98175.0,,1.0,"(('rng_type', 'asian'), ('expire_hour', 14), ('exit_hour', 18), ('sl_frac', 1.0), ('sl_atr', 1.0), ('rr', 3.0), ('min_range_atr', 0.3), ('max_range_atr', 3.0))","(('max_trades_day', 1),)",,,
1,XAUUSD,ftmo_1step,2.0,,,,,18.0,14.0,3.0,0.3,asian,0.0,1.0,1,338,0.3,6.5,8.0,85.2,6.7,3.1,98159.0,163,0.0,3.7,7.4,89.0,,3.2,98396.0,1.5,1.0,"(('rng_type', 'asian'), ('expire_hour', 14), ('exit_hour', 18), ('sl_frac', 1.0), ('sl_atr', 1.0), ('rr', 0.0), ('trail', 1.5), ('min_range_atr', 0.3), ('max_range_atr', 3.0))","(('max_trades_day', 1),)",,,
1,XAUUSD,fundingpips_1step,2.0,,,,,18.0,14.0,3.0,0.3,asian,0.0,1.0,1,338,7.4,0.0,28.4,64.2,1.7,3.0,98393.0,163,4.3,0.0,26.4,69.3,1.7,3.0,98326.0,1.5,1.0,"(('rng_type', 'asian'), ('expire_hour', 14), ('exit_hour', 18), ('sl_frac', 1.0), ('sl_atr', 1.0), ('rr', 0.0), ('trail', 1.5), ('min_range_atr', 0.3), ('max_range_atr', 3.0))","(('max_trades_day', 1),)",,,
1,XAUUSD,ftmo_1step,2.0,,,,,23.0,17.0,3.0,0.3,asian,1.0,1.0,1,338,0.0,0.0,2.4,97.6,,3.6,99702.0,163,0.0,0.0,1.8,98.2,,3.5,99514.0,,,"(('rng_type', 'asian'), ('expire_hour', 17), ('exit_hour', 23), ('sl_frac', 1.0), ('rr', 1.0), ('min_range_atr', 0.3), ('max_range_atr', 3.0))","(('max_trades_day', 1),)",,,
1,XAUUSD,fundingpips_1step,2.0,,,,,23.0,17.0,3.0,0.3,asian,1.0,1.0,1,338,0.0,0.0,10.4,89.6,,3.5,99722.0,163,0.0,0.0,14.1,85.9,,3.4,99501.0,,,"(('rng_type', 'asian'), ('expire_hour', 17), ('exit_hour', 23), ('sl_frac', 1.0), ('rr', 1.0), ('min_range_atr', 0.3), ('max_range_atr', 3.0))","(('max_trades_day', 1),)",,,
1,XAUUSD,ftmo_1step,2.0,,,,,23.0,17.0,3.0,0.3,asian,2.0,1.0,1,338,2.7,0.0,4.8,92.6,6.6,3.5,99873.0,163,2.5,0.6,3.7,93.3,5.8,3.4,99891.0,,,"(('rng_type', 'asian'), ('expire_hour', 17), ('exit_hour', 23), ('sl_frac', 1.0), ('rr', 2.0), ('min_range_atr', 0.3), ('max_range_atr', 3.0))","(('max_trades_day', 1),)",,,
1,XAUUSD,fundingpips_1step,2.0,,,,,23.0,17.0,3.0,0.3,asian,2.0,1.0,1,338,2.7,0.0,15.4,82.0,6.6,3.4,99853.0,163,3.1,0.0,19.7,77.3,6.6,3.3,99848.0,,,"(('rng_type', 'asian'), ('expire_hour', 17), ('exit_hour', 23), ('sl_frac', 1.0), ('rr', 2.0), ('min_range_atr', 0.3), ('max_range_atr', 3.0))","(('max_trades_day', 1),)",,,
1,XAUUSD,ftmo_1step,2.0,,,,,23.0,17.0,3.0,0.3,asian,3.0,1.0,1,338,2.4,3.8,6.3,87.6,5.3,3.4,100137.0,163,3.7,0.6,6.2,89.6,4.8,3.4,99968.0,,,"(('rng_type', 'asian'), ('expire_hour', 17), ('exit_hour', 23), ('sl_frac', 1.0), ('rr', 3.0), ('min_range_atr', 0.3), ('max_range_atr', 3.0))","(('max_trades_day', 1),)",,,
1,XAUUSD,fundingpips_1step,2.0,,,,,23.0,17.0,3.0,0.3,asian,3.0,1.0,1,338,6.2,0.0,16.6,77.2,3.7,3.3,100122.0,163,4.3,0.0,20.3,75.5,4.6,3.3,99959.0,,,"(('rng_type', 'asian'), ('expire_hour', 17), ('exit_hour', 23), ('sl_frac', 1.0), ('rr', 3.0), ('min_range_atr', 0.3), ('max_range_atr', 3.0))","(('max_trades_day', 1),)",,,
1,XAUUSD,ftmo_1step,2.0,,,,,23.0,17.0,3.0,0.3,asian,0.0,1.0,1,338,0.0,3.0,0.3,96.7,,3.5,99810.0,163,0.6,1.2,0.0,98.2,6.9,3.5,99875.0,1.5,,"(('rng_type', 'asian'), ('expire_hour', 17), ('exit_hour', 23), ('sl_frac', 1.0), ('rr', 0.0), ('trail', 1.5), ('min_range_atr', 0.3), ('max_range_atr', 3.0))","(('max_trades_day', 1),)",,,
1,XAUUSD,fundingpips_1step,2.0,,,,,23.0,17.0,3.0,0.3,asian,0.0,1.0,1,338,3.0,0.0,3.8,93.2,2.3,3.5,99816.0,163,1.8,0.0,4.9,93.3,6.9,3.5,99883.0,1.5,,"(('rng_type', 'asian'), ('expire_hour', 17), ('exit_hour', 23), ('sl_frac', 1.0), ('rr', 0.0), ('trail', 1.5), ('min_range_atr', 0.3), ('max_range_atr', 3.0))","(('max_trades_day', 1),)",,,
1,XAUUSD,ftmo_1step,2.0,,,,,23.0,17.0,3.0,0.3,asian,1.0,0.5,1,338,0.0,0.0,3.8,96.2,,3.6,98324.0,163,0.0,0.0,4.9,95.1,,3.5,98251.0,,,"(('rng_type', 'asian'), ('expire_hour', 17), ('exit_hour', 23), ('sl_frac', 0.5), ('rr', 1.0), ('min_range_atr', 0.3), ('max_range_atr', 3.0))","(('max_trades_day', 1),)",,,
1,XAUUSD,fundingpips_1step,2.0,,,,,23.0,17.0,3.0,0.3,asian,1.0,0.5,1,338,0.0,0.0,25.4,74.6,,3.4,98404.0,163,0.0,0.0,23.9,76.1,,3.3,98416.0,,,"(('rng_type', 'asian'), ('expire_hour', 17), ('exit_hour', 23), ('sl_frac', 0.5), ('rr', 1.0), ('min_range_atr', 0.3), ('max_range_atr', 3.0))","(('max_trades_day', 1),)",,,
1,XAUUSD,ftmo_1step,2.0,,,,,23.0,17.0,3.0,0.3,asian,2.0,0.5,1,338,3.0,0.0,10.1,87.0,6.4,3.5,98424.0,163,1.8,0.0,9.2,89.0,4.4,3.4,98335.0,,,"(('rng_type', 'asian'), ('expire_hour', 17), ('exit_hour', 23), ('sl_frac', 0.5), ('rr', 2.0), ('min_range_atr', 0.3), ('max_range_atr', 3.0))","(('max_trades_day', 1),)",,,
1,XAUUSD,fundingpips_1step,2.0,,,,,23.0,17.0,3.0,0.3,asian,2.0,0.5,1,338,3.3,0.0,30.5,66.3,6.4,3.3,98590.0,163,1.8,0.0,33.1,65.0,4.4,3.1,98401.0,,,"(('rng_type', 'asian'), ('expire_hour', 17), ('exit_hour', 23), ('sl_frac', 0.5), ('rr', 2.0), ('min_range_atr', 0.3), ('max_range_atr', 3.0))","(('max_trades_day', 1),)",,,
1,XAUUSD,ftmo_1step,2.0,,,,,23.0,17.0,3.0,0.3,asian,3.0,0.5,1,338,1.2,3.0,16.0,79.9,6.6,3.4,98529.0,163,0.0,4.3,13.5,82.2,,3.3,98531.0,,,"(('rng_type', 'asian'), ('expire_hour', 17), ('exit_hour', 23), ('sl_frac', 0.5), ('rr', 3.0), ('min_range_atr', 0.3), ('max_range_atr', 3.0))","(('max_trades_day', 1),)",,,
1,XAUUSD,fundingpips_1step,2.0,,,,,23.0,17.0,3.0,0.3,asian,3.0,0.5,1,338,4.4,0.0,36.7,58.9,4.4,3.2,98665.0,163,5.5,0.0,38.6,55.8,3.6,3.0,98732.0,,,"(('rng_type', 'asian'), ('expire_hour', 17), ('exit_hour', 23), ('sl_frac', 0.5), ('rr', 3.0), ('min_range_atr', 0.3), ('max_range_atr', 3.0))","(('max_trades_day', 1),)",,,
1,XAUUSD,ftmo_1step,2.0,,,,,23.0,17.0,3.0,0.3,asian,0.0,0.5,1,338,0.6,7.7,9.2,82.5,6.8,3.4,98789.0,163,0.0,6.7,7.4,85.9,,3.3,98840.0,1.5,,"(('rng_type', 'asian'), ('expire_hour', 17), ('exit_hour', 23), ('sl_frac', 0.5), ('rr', 0.0), ('trail', 1.5), ('min_range_atr', 0.3), ('max_range_atr', 3.0))","(('max_trades_day', 1),)",,,
1,XAUUSD,fundingpips_1step,2.0,,,,,23.0,17.0,3.0,0.3,asian,0.0,0.5,1,338,9.5,0.0,25.4,65.1,3.8,3.2,99030.0,163,7.4,0.0,25.8,66.9,3.6,3.2,99005.0,1.5,,"(('rng_type', 'asian'), ('expire_hour', 17), ('exit_hour', 23), ('sl_frac', 0.5), ('rr', 0.0), ('trail', 1.5), ('min_range_atr', 0.3), ('max_range_atr', 3.0))","(('max_trades_day', 1),)",,,
1,XAUUSD,ftmo_1step,2.0,,,,,23.0,17.0,3.0,0.3,asian,1.0,1.0,1,338,0.0,0.0,3.3,96.7,,3.6,97662.0,163,0.0,0.0,3.1,96.9,,3.5,97802.0,,1.0,"(('rng_type', 'asian'), ('expire_hour', 17), ('exit_hour', 23), ('sl_frac', 1.0), ('sl_atr', 1.0), ('rr', 1.0), ('min_range_atr', 0.3), ('max_range_atr', 3.0))","(('max_trades_day', 1),)",,,
1,XAUUSD,fundingpips_1step,2.0,,,,,23.0,17.0,3.0,0.3,asian,1.0,1.0,1,338,0.0,0.0,28.4,71.6,,3.4,97727.0,163,0.0,0.0,28.8,71.2,,3.3,97821.0,,1.0,"(('rng_type', 'asian'), ('expire_hour', 17), ('exit_hour', 23), ('sl_frac', 1.0), ('sl_atr', 1.0), ('rr', 1.0), ('min_range_atr', 0.3), ('max_range_atr', 3.0))","(('max_trades_day', 1),)",,,
1,XAUUSD,ftmo_1step,2.0,,,,,23.0,17.0,3.0,0.3,asian,2.0,1.0,1,338,2.1,0.0,10.1,87.9,6.4,3.5,97666.0,163,1.2,0.0,10.4,88.3,3.1,3.5,97775.0,,1.0,"(('rng_type', 'asian'), ('expire_hour', 17), ('exit_hour', 23), ('sl_frac', 1.0), ('sl_atr', 1.0), ('rr', 2.0), ('min_range_atr', 0.3), ('max_range_atr', 3.0))","(('max_trades_day', 1),)",,,
1,XAUUSD,fundingpips_1step,2.0,,,,,23.0,17.0,3.0,0.3,asian,2.0,1.0,1,338,2.1,0.0,35.2,62.7,6.4,3.3,97854.0,163,1.2,0.0,40.5,58.3,3.1,3.1,97633.0,,1.0,"(('rng_type', 'asian'), ('expire_hour', 17), ('exit_hour', 23), ('sl_frac', 1.0), ('sl_atr', 1.0), ('rr', 2.0), ('min_range_atr', 0.3), ('max_range_atr', 3.0))","(('max_trades_day', 1),)",,,
1,XAUUSD,ftmo_1step,2.0,,,,,23.0,17.0,3.0,0.3,asian,3.0,1.0,1,338,2.1,2.7,15.7,79.6,6.6,3.5,97953.0,163,0.0,3.7,15.3,81.0,,3.4,97991.0,,1.0,"(('rng_type', 'asian'), ('expire_hour', 17), ('exit_hour', 23), ('sl_frac', 1.0), ('sl_atr', 1.0), ('rr', 3.0), ('min_range_atr', 0.3), ('max_range_atr', 3.0))","(('max_trades_day', 1),)",,,
1,XAUUSD,fundingpips_1step,2.0,,,,,23.0,17.0,3.0,0.3,asian,3.0,1.0,1,338,4.7,0.0,43.8,51.5,5.5,3.1,98039.0,163,4.3,0.0,46.0,49.7,3.6,3.0,97783.0,,1.0,"(('rng_type', 'asian'), ('expire_hour', 17), ('exit_hour', 23), ('sl_frac', 1.0), ('sl_atr', 1.0), ('rr', 3.0), ('min_range_atr', 0.3), ('max_range_atr', 3.0))","(('max_trades_day', 1),)",,,
1,XAUUSD,ftmo_1step,2.0,,,,,23.0,17.0,3.0,0.3,asian,0.0,1.0,1,338,0.6,7.1,10.4,82.0,6.8,3.4,97941.0,163,0.0,4.9,9.2,85.9,,3.4,98220.0,1.5,1.0,"(('rng_type', 'asian'), ('expire_hour', 17), ('exit_hour', 23), ('sl_frac', 1.0), ('sl_atr', 1.0), ('rr', 0.0), ('trail', 1.5), ('min_range_atr', 0.3), ('max_range_atr', 3.0))","(('max_trades_day', 1),)",,,
1,XAUUSD,fundingpips_1step,2.0,,,,,23.0,17.0,3.0,0.3,asian,0.0,1.0,1,338,8.6,0.0,32.8,58.6,3.9,3.2,98217.0,163,5.5,0.0,34.4,60.1,2.5,3.2,98140.0,1.5,1.0,"(('rng_type', 'asian'), ('expire_hour', 17), ('exit_hour', 23), ('sl_frac', 1.0), ('sl_atr', 1.0), ('rr', 0.0), ('trail', 1.5), ('min_range_atr', 0.3), ('max_range_atr', 3.0))","(('max_trades_day', 1),)",,,
1,XAUUSD,ftmo_1step,2.0,,,,,18.0,14.0,3.0,0.3,prelondon,1.0,1.0,1,338,0.0,0.0,5.3,94.7,,4.4,99650.0,163,0.0,0.0,3.1,96.9,,4.4,99182.0,,,"(('rng_type', 'prelondon'), ('expire_hour', 14), ('exit_hour', 18), ('sl_frac', 1.0), ('rr', 1.0), ('min_range_atr', 0.3), ('max_range_atr', 3.0))","(('max_trades_day', 1),)",,,
1,XAUUSD,fundingpips_1step,2.0,,,,,18.0,14.0,3.0,0.3,prelondon,1.0,1.0,1,338,0.0,0.0,16.0,84.0,,4.2,99741.0,163,0.0,0.0,17.2,82.8,,4.3,99229.0,,,"(('rng_type', 'prelondon'), ('expire_hour', 14), ('exit_hour', 18), ('sl_frac', 1.0), ('rr', 1.0), ('min_range_atr', 0.3), ('max_range_atr', 3.0))","(('max_trades_day', 1),)",,,
1,XAUUSD,ftmo_1step,2.0,,,,,18.0,14.0,3.0,0.3,prelondon,2.0,1.0,1,338,4.4,0.0,10.7,84.9,6.4,4.3,99819.0,163,1.8,0.0,8.6,89.6,4.6,4.3,99145.0,,,"(('rng_type', 'prelondon'), ('expire_hour', 14), ('exit_hour', 18), ('sl_frac', 1.0), ('rr', 2.0), ('min_range_atr', 0.3), ('max_range_atr', 3.0))","(('max_trades_day', 1),)",,,
1,XAUUSD,fundingpips_1step,2.0,,,,,18.0,14.0,3.0,0.3,prelondon,2.0,1.0,1,338,4.4,0.0,23.1,72.5,6.4,4.1,99900.0,163,1.8,0.0,23.9,74.2,4.6,4.1,99288.0,,,"(('rng_type', 'prelondon'), ('expire_hour', 14), ('exit_hour', 18), ('sl_frac', 1.0), ('rr', 2.0), ('min_range_atr', 0.3), ('max_range_atr', 3.0))","(('max_trades_day', 1),)",,,
1,XAUUSD,ftmo_1step,2.0,,,,,18.0,14.0,3.0,0.3,prelondon,3.0,1.0,1,338,4.4,4.1,13.6,77.8,5.7,4.2,99980.0,163,3.7,1.2,12.9,82.2,3.6,4.2,99290.0,,,"(('rng_type', 'prelondon'), ('expire_hour', 14), ('exit_hour', 18), ('sl_frac', 1.0), ('rr', 3.0), ('min_range_atr', 0.3), ('max_range_atr', 3.0))","(('max_trades_day', 1),)",,,
1,XAUUSD,fundingpips_1step,2.0,,,,,18.0,14.0,3.0,0.3,prelondon,3.0,1.0,1,338,8.9,0.0,26.9,64.2,4.6,4.0,100008.0,163,5.5,0.0,28.2,66.3,3.7,4.1,99379.0,,,"(('rng_type', 'prelondon'), ('expire_hour', 14), ('exit_hour', 18), ('sl_frac', 1.0), ('rr', 3.0), ('min_range_atr', 0.3), ('max_range_atr', 3.0))","(('max_trades_day', 1),)",,,
1,XAUUSD,ftmo_1step,2.0,,,,,18.0,14.0,3.0,0.3,prelondon,0.0,1.0,1,338,0.9,6.8,2.7,89.6,6.7,4.3,99910.0,163,1.2,3.7,1.8,93.3,4.7,4.3,99336.0,1.5,,"(('rng_type', 'prelondon'), ('expire_hour', 14), ('exit_hour', 18), ('sl_frac', 1.0), ('rr', 0.0), ('trail', 1.5), ('min_range_atr', 0.3), ('max_range_atr', 3.0))","(('max_trades_day', 1),)",,,
1,XAUUSD,fundingpips_1step,2.0,,,,,18.0,14.0,3.0,0.3,prelondon,0.0,1.0,1,338,8.3,0.0,16.0,75.7,3.6,4.2,100007.0,163,5.5,0.0,12.9,81.6,3.7,4.3,99380.0,1.5,,"(('rng_type', 'prelondon'), ('expire_hour', 14), ('exit_hour', 18), ('sl_frac', 1.0), ('rr', 0.0), ('trail', 1.5), ('min_range_atr', 0.3), ('max_range_atr', 3.0))","(('max_trades_day', 1),)",,,
1,XAUUSD,ftmo_1step,2.0,,,,,18.0,14.0,3.0,0.3,prelondon,1.0,0.5,1,338,0.0,0.0,13.3,86.7,,4.4,96320.0,163,0.0,0.0,11.7,88.3,,4.4,95968.0,,,"(('rng_type', 'prelondon'), ('expire_hour', 14), ('exit_hour', 18), ('sl_frac', 0.5), ('rr', 1.0), ('min_range_atr', 0.3), ('max_range_atr', 3.0))","(('max_trades_day', 1),)",,,
1,XAUUSD,fundingpips_1step,2.0,,,,,18.0,14.0,3.0,0.3,prelondon,1.0,0.5,1,338,0.0,0.0,42.9,57.1,,4.0,96721.0,163,0.0,0.0,44.2,55.8,,4.0,96376.0,,,"(('rng_type', 'prelondon'), ('expire_hour', 14), ('exit_hour', 18), ('sl_frac', 0.5), ('rr', 1.0), ('min_range_atr', 0.3), ('max_range_atr', 3.0))","(('max_trades_day', 1),)",,,
1,XAUUSD,ftmo_1step,2.0,,,,,18.0,14.0,3.0,0.3,prelondon,2.0,0.5,1,338,1.8,0.0,24.3,74.0,6.4,4.3,96639.0,163,0.6,0.0,24.5,74.8,4.6,4.3,96128.0,,,"(('rng_type', 'prelondon'), ('expire_hour', 14), ('exit_hour', 18), ('sl_frac', 0.5), ('rr', 2.0), ('min_range_atr', 0.3), ('max_range_atr', 3.0))","(('max_trades_day', 1),)",,,
1,XAUUSD,fundingpips_1step,2.0,,,,,18.0,14.0,3.0,0.3,prelondon,2.0,0.5,1,338,1.8,0.0,45.6,52.7,6.4,3.8,97123.0,163,0.6,0.0,48.5,50.9,4.6,3.7,96745.0,,,"(('rng_type', 'prelondon'), ('expire_hour', 14), ('exit_hour', 18), ('sl_frac', 0.5), ('rr', 2.0), ('min_range_atr', 0.3), ('max_range_atr', 3.0))","(('max_trades_day', 1),)",,,
1,XAUUSD,ftmo_1step,2.0,,,,,18.0,14.0,3.0,0.3,prelondon,3.0,0.5,1,338,2.4,2.4,33.7,61.5,6.5,4.2,96661.0,163,0.6,1.2,34.4,63.8,3.5,4.2,96014.0,,,"(('rng_type', 'prelondon'), ('expire_hour', 14), ('exit_hour', 18), ('sl_frac', 0.5), ('rr', 3.0), ('min_range_atr', 0.3), ('max_range_atr', 3.0))","(('max_trades_day', 1),)",,,
1,XAUUSD,fundingpips_1step,2.0,,,,,18.0,14.0,3.0,0.3,prelondon,3.0,0.5,1,338,4.7,0.0,55.6,39.6,5.0,3.6,97252.0,163,1.8,0.0,58.3,39.9,1.6,3.6,96773.0,,,"(('rng_type', 'prelondon'), ('expire_hour', 14), ('exit_hour', 18), ('sl_frac', 0.5), ('rr', 3.0), ('min_range_atr', 0.3), ('max_range_atr', 3.0))","(('max_trades_day', 1),)",,,
1,XAUUSD,ftmo_1step,2.0,,,,,18.0,14.0,3.0,0.3,prelondon,0.0,0.5,1,338,0.0,6.5,32.2,61.2,,4.1,96477.0,163,0.6,4.9,31.3,63.2,3.7,4.1,96251.0,1.5,,"(('rng_type', 'prelondon'), ('expire_hour', 14), ('exit_hour', 18), ('sl_frac', 0.5), ('rr', 0.0), ('trail', 1.5), ('min_range_atr', 0.3), ('max_range_atr', 3.0))","(('max_trades_day', 1),)",,,
1,XAUUSD,fundingpips_1step,2.0,,,,,18.0,14.0,3.0,0.3,prelondon,0.0,0.5,1,338,7.7,0.0,57.1,35.2,1.7,3.6,97030.0,163,7.4,0.0,58.9,33.7,3.2,3.6,96781.0,1.5,,"(('rng_type', 'prelondon'), ('expire_hour', 14), ('exit_hour', 18), ('sl_frac', 0.5), ('rr', 0.0), ('trail', 1.5), ('min_range_atr', 0.3), ('max_range_atr', 3.0))","(('max_trades_day', 1),)",,,
1,XAUUSD,ftmo_1step,2.0,,,,,18.0,14.0,3.0,0.3,prelondon,1.0,1.0,1,338,0.0,0.0,8.0,92.0,,4.4,98244.0,163,0.0,0.0,8.6,91.4,,4.4,97092.0,,1.0,"(('rng_type', 'prelondon'), ('expire_hour', 14), ('exit_hour', 18), ('sl_frac', 1.0), ('sl_atr', 1.0), ('rr', 1.0), ('min_range_atr', 0.3), ('max_range_atr', 3.0))","(('max_trades_day', 1),)",,,
1,XAUUSD,fundingpips_1step,2.0,,,,,18.0,14.0,3.0,0.3,prelondon,1.0,1.0,1,338,0.0,0.0,26.0,74.0,,4.1,98457.0,163,0.0,0.0,35.0,65.0,,4.0,97387.0,,1.0,"(('rng_type', 'prelondon'), ('expire_hour', 14), ('exit_hour', 18), ('sl_frac', 1.0), ('sl_atr', 1.0), ('rr', 1.0), ('min_range_atr', 0.3), ('max_range_atr', 3.0))","(('max_trades_day', 1),)",,,
1,XAUUSD,ftmo_1step,2.0,,,,,18.0,14.0,3.0,0.3,prelondon,2.0,1.0,1,338,3.3,0.0,18.6,78.1,4.4,4.3,98466.0,163,3.1,0.0,20.2,76.7,4.6,4.4,97129.0,,1.0,"(('rng_type', 'prelondon'), ('expire_hour', 14), ('exit_hour', 18), ('sl_frac', 1.0), ('sl_atr', 1.0), ('rr', 2.0), ('min_range_atr', 0.3), ('max_range_atr', 3.0))","(('max_trades_day', 1),)",,,
1,XAUUSD,fundingpips_1step,2.0,,,,,18.0,14.0,3.0,0.3,prelondon,2.0,1.0,1,338,3.3,0.0,33.4,63.3,4.4,3.9,98728.0,163,3.1,0.0,43.6,53.4,4.6,3.8,97519.0,,1.0,"(('rng_type', 'prelondon'), ('expire_hour', 14), ('exit_hour', 18), ('sl_frac', 1.0), ('sl_atr', 1.0), ('rr', 2.0), ('min_range_atr', 0.3), ('max_range_atr', 3.0))","(('max_trades_day', 1),)",,,
1,XAUUSD,ftmo_1step,2.0,,,,,18.0,14.0,3.0,0.3,prelondon,3.0,1.0,1,338,3.8,3.8,27.2,65.1,6.5,4.2,98749.0,163,3.7,1.8,28.2,66.3,3.6,4.3,97085.0,,1.0,"(('rng_type', 'prelondon'), ('expire_hour', 14), ('exit_hour', 18), ('sl_frac', 1.0), ('sl_atr', 1.0), ('rr', 3.0), ('min_range_atr', 0.3), ('max_range_atr', 3.0))","(('max_trades_day', 1),)",,,
1,XAUUSD,fundingpips_1step,2.0,,,,,18.0,14.0,3.0,0.3,prelondon,3.0,1.0,1,338,8.3,0.0,42.0,49.7,5.6,3.8,98971.0,163,5.5,0.0,52.8,41.7,3.5,3.6,97626.0,,1.0,"(('rng_type', 'prelondon'), ('expire_hour', 14), ('exit_hour', 18), ('sl_frac', 1.0), ('sl_atr', 1.0), ('rr', 3.0), ('min_range_atr', 0.3), ('max_range_atr', 3.0))","(('max_trades_day', 1),)",,,
1,XAUUSD,ftmo_1step,2.0,,,,,18.0,14.0,3.0,0.3,prelondon,0.0,1.0,1,338,0.0,9.5,18.9,71.6,,4.1,98656.0,163,0.6,6.7,22.1,70.6,4.7,4.3,97209.0,1.5,1.0,"(('rng_type', 'prelondon'), ('expire_hour', 14), ('exit_hour', 18), ('sl_frac', 1.0), ('sl_atr', 1.0), ('rr', 0.0), ('trail', 1.5), ('min_range_atr', 0.3), ('max_range_atr', 3.0))","(('max_trades_day', 1),)",,,
1,XAUUSD,fundingpips_1step,2.0,,,,,18.0,14.0,3.0,0.3,prelondon,0.0,1.0,1,338,10.7,0.0,37.9,51.5,3.6,3.8,98909.0,163,8.6,0.0,48.5,42.9,3.2,3.8,97521.0,1.5,1.0,"(('rng_type', 'prelondon'), ('expire_hour', 14), ('exit_hour', 18), ('sl_frac', 1.0), ('sl_atr', 1.0), ('rr', 0.0), ('trail', 1.5), ('min_range_atr', 0.3), ('max_range_atr', 3.0))","(('max_trades_day', 1),)",,,
1,XAUUSD,ftmo_1step,2.0,,,,,23.0,17.0,3.0,0.3,prelondon,1.0,1.0,1,338,0.0,0.0,6.8,93.2,,4.6,99664.0,163,0.0,0.0,7.4,92.6,,4.6,99308.0,,,"(('rng_type', 'prelondon'), ('expire_hour', 17), ('exit_hour', 23), ('sl_frac', 1.0), ('rr', 1.0), ('min_range_atr', 0.3), ('max_range_atr', 3.0))","(('max_trades_day', 1),)",,,
1,XAUUSD,fundingpips_1step,2.0,,,,,23.0,17.0,3.0,0.3,prelondon,1.0,1.0,1,338,0.0,0.0,19.5,80.5,,4.4,99746.0,163,0.0,0.0,20.9,79.1,,4.4,99409.0,,,"(('rng_type', 'prelondon'), ('expire_hour', 17), ('exit_hour', 23), ('sl_frac', 1.0), ('rr', 1.0), ('min_range_atr', 0.3), ('max_range_atr', 3.0))","(('max_trades_day', 1),)",,,
1,XAUUSD,ftmo_1step,2.0,,,,,23.0,17.0,3.0,0.3,prelondon,2.0,1.0,1,338,4.4,0.3,16.6,78.7,5.8,4.5,99754.0,163,0.6,0.0,18.4,81.0,4.6,4.4,99132.0,,,"(('rng_type', 'prelondon'), ('expire_hour', 17), ('exit_hour', 23), ('sl_frac', 1.0), ('rr', 2.0), ('min_range_atr', 0.3), ('max_range_atr', 3.0))","(('max_trades_day', 1),)",,,
1,XAUUSD,fundingpips_1step,2.0,,,,,23.0,17.0,3.0,0.3,prelondon,2.0,1.0,1,338,4.7,0.0,27.6,67.8,5.6,4.2,99855.0,163,0.6,0.0,31.3,68.1,4.6,4.1,99379.0,,,"(('rng_type', 'prelondon'), ('expire_hour', 17), ('exit_hour', 23), ('sl_frac', 1.0), ('rr', 2.0), ('min_range_atr', 0.3), ('max_range_atr', 3.0))","(('max_trades_day', 1),)",,,
1,XAUUSD,ftmo_1step,2.0,,,,,23.0,17.0,3.0,0.3,prelondon,3.0,1.0,1,338,6.2,3.6,23.9,66.3,6.4,4.3,99824.0,163,3.7,1.2,26.4,68.7,5.2,4.3,98925.0,,,"(('rng_type', 'prelondon'), ('expire_hour', 17), ('exit_hour', 23), ('sl_frac', 1.0), ('rr', 3.0), ('min_range_atr', 0.3), ('max_range_atr', 3.0))","(('max_trades_day', 1),)",,,
1,XAUUSD,fundingpips_1step,2.0,,,,,23.0,17.0,3.0,0.3,prelondon,3.0,1.0,1,338,10.4,0.0,34.9,54.7,5.5,4.0,99943.0,163,5.5,0.0,37.4,57.1,4.3,4.0,99207.0,,,"(('rng_type', 'prelondon'), ('expire_hour', 17), ('exit_hour', 23), ('sl_frac', 1.0), ('rr', 3.0), ('min_range_atr', 0.3), ('max_range_atr', 3.0))","(('max_trades_day', 1),)",,,
1,XAUUSD,ftmo_1step,2.0,,,,,23.0,17.0,3.0,0.3,prelondon,0.0,1.0,1,338,0.9,6.8,5.0,87.3,6.8,4.5,99874.0,163,0.0,6.1,5.0,89.0,,4.4,99313.0,1.5,,"(('rng_type', 'prelondon'), ('expire_hour', 17), ('exit_hour', 23), ('sl_frac', 1.0), ('rr', 0.0), ('trail', 1.5), ('min_range_atr', 0.3), ('max_range_atr', 3.0))","(('max_trades_day', 1),)",,,
1,XAUUSD,fundingpips_1step,2.0,,,,,23.0,17.0,3.0,0.3,prelondon,0.0,1.0,1,338,8.9,0.0,16.9,74.3,3.9,4.4,100107.0,163,6.1,0.0,17.8,76.1,3.8,4.4,99381.0,1.5,,"(('rng_type', 'prelondon'), ('expire_hour', 17), ('exit_hour', 23), ('sl_frac', 1.0), ('rr', 0.0), ('trail', 1.5), ('min_range_atr', 0.3), ('max_range_atr', 3.0))","(('max_trades_day', 1),)",,,
1,XAUUSD,ftmo_1step,2.0,,,,,23.0,17.0,3.0,0.3,prelondon,1.0,0.5,1,338,0.0,0.0,16.6,83.4,,4.6,96017.0,163,0.0,0.0,14.7,85.3,,4.6,95759.0,,,"(('rng_type', 'prelondon'), ('expire_hour', 17), ('exit_hour', 23), ('sl_frac', 0.5), ('rr', 1.0), ('min_range_atr', 0.3), ('max_range_atr', 3.0))","(('max_trades_day', 1),)",,,
1,XAUUSD,fundingpips_1step,2.0,,,,,23.0,17.0,3.0,0.3,prelondon,1.0,0.5,1,338,0.0,0.0,46.7,53.3,,4.2,96445.0,163,0.0,0.0,48.5,51.5,,4.1,96283.0,,,"(('rng_type', 'prelondon'), ('expire_hour', 17), ('exit_hour', 23), ('sl_frac', 0.5), ('rr', 1.0), ('min_range_atr', 0.3), ('max_range_atr', 3.0))","(('max_trades_day', 1),)",,,
1,XAUUSD,ftmo_1step,2.0,,,,,23.0,17.0,3.0,0.3,prelondon,2.0,0.5,1,338,1.2,0.0,30.2,68.6,6.4,4.5,96303.0,163,1.2,0.0,29.4,69.3,3.6,4.5,96016.0,,,"(('rng_type', 'prelondon'), ('expire_hour', 17), ('exit_hour', 23), ('sl_frac', 0.5), ('rr', 2.0), ('min_range_atr', 0.3), ('max_range_atr', 3.0))","(('max_trades_day', 1),)",,,
1,XAUUSD,fundingpips_1step,2.0,,,,,23.0,17.0,3.0,0.3,prelondon,2.0,0.5,1,338,1.2,0.0,45.9,53.0,6.4,3.9,96905.0,163,1.2,0.0,49.7,49.1,3.6,3.8,96758.0,,,"(('rng_type', 'prelondon'), ('expire_hour', 17), ('exit_hour', 23), ('sl_frac', 0.5), ('rr', 2.0), ('min_range_atr', 0.3), ('max_range_atr', 3.0))","(('max_trades_day', 1),)",,,
1,XAUUSD,ftmo_1step,2.0,,,,,23.0,17.0,3.0,0.3,prelondon,3.0,0.5,1,338,2.4,3.0,41.4,53.3,6.6,4.4,96388.0,163,2.5,1.2,42.3,54.0,5.6,4.4,95798.0,,,"(('rng_type', 'prelondon'), ('expire_hour', 17), ('exit_hour', 23), ('sl_frac', 0.5), ('rr', 3.0), ('min_range_atr', 0.3), ('max_range_atr', 3.0))","(('max_trades_day', 1),)",,,
1,XAUUSD,fundingpips_1step,2.0,,,,,23.0,17.0,3.0,0.3,prelondon,3.0,0.5,1,338,5.6,0.0,56.8,37.6,4.5,3.6,97130.0,163,3.7,0.0,62.6,33.7,4.0,3.6,96709.0,,,"(('rng_type', 'prelondon'), ('expire_hour', 17), ('exit_hour', 23), ('sl_frac', 0.5), ('rr', 3.0), ('min_range_atr', 0.3), ('max_range_atr', 3.0))","(('max_trades_day', 1),)",,,
1,XAUUSD,ftmo_1step,2.0,,,,,23.0,17.0,3.0,0.3,prelondon,0.0,0.5,1,338,0.3,7.1,39.4,53.3,2.6,4.3,96408.0,163,0.0,6.1,39.9,54.0,,4.3,95930.0,1.5,,"(('rng_type', 'prelondon'), ('expire_hour', 17), ('exit_hour', 23), ('sl_frac', 0.5), ('rr', 0.0), ('trail', 1.5), ('min_range_atr', 0.3), ('max_range_atr', 3.0))","(('max_trades_day', 1),)",,,
1,XAUUSD,fundingpips_1step,2.0,,,,,23.0,17.0,3.0,0.3,prelondon,0.0,0.5,1,338,8.3,0.0,58.3,33.4,1.7,3.7,96996.0,163,8.0,0.0,63.8,28.2,3.9,3.7,96795.0,1.5,,"(('rng_type', 'prelondon'), ('expire_hour', 17), ('exit_hour', 23), ('sl_frac', 0.5), ('rr', 0.0), ('trail', 1.5), ('min_range_atr', 0.3), ('max_range_atr', 3.0))","(('max_trades_day', 1),)",,,
1,XAUUSD,ftmo_1step,2.0,,,,,23.0,17.0,3.0,0.3,prelondon,1.0,1.0,1,338,0.0,0.0,9.8,90.2,,4.6,97948.0,163,0.0,0.0,10.4,89.6,,4.6,96904.0,,1.0,"(('rng_type', 'prelondon'), ('expire_hour', 17), ('exit_hour', 23), ('sl_frac', 1.0), ('sl_atr', 1.0), ('rr', 1.0), ('min_range_atr', 0.3), ('max_range_atr', 3.0))","(('max_trades_day', 1),)",,,
1,XAUUSD,fundingpips_1step,2.0,,,,,23.0,17.0,3.0,0.3,prelondon,1.0,1.0,1,338,0.0,0.0,30.8,69.2,,4.3,98179.0,163,0.0,0.0,41.1,58.9,,4.2,97203.0,,1.0,"(('rng_type', 'prelondon'), ('expire_hour', 17), ('exit_hour', 23), ('sl_frac', 1.0), ('sl_atr', 1.0), ('rr', 1.0), ('min_range_atr', 0.3), ('max_range_atr', 3.0))","(('max_trades_day', 1),)",,,
1,XAUUSD,ftmo_1step,2.0,,,,,23.0,17.0,3.0,0.3,prelondon,2.0,1.0,1,338,3.6,0.0,23.4,73.1,4.4,4.5,98177.0,163,2.5,0.0,26.4,71.2,4.1,4.5,96898.0,,1.0,"(('rng_type', 'prelondon'), ('expire_hour', 17), ('exit_hour', 23), ('sl_frac', 1.0), ('sl_atr', 1.0), ('rr', 2.0), ('min_range_atr', 0.3), ('max_range_atr', 3.0))","(('max_trades_day', 1),)",,,
1,XAUUSD,fundingpips_1step,2.0,,,,,23.0,17.0,3.0,0.3,prelondon,2.0,1.0,1,338,3.6,0.0,34.3,62.1,4.4,4.1,98540.0,163,2.5,0.0,48.4,49.1,4.1,3.8,97333.0,,1.0,"(('rng_type', 'prelondon'), ('expire_hour', 17), ('exit_hour', 23), ('sl_frac', 1.0), ('sl_atr', 1.0), ('rr', 2.0), ('min_range_atr', 0.3), ('max_range_atr', 3.0))","(('max_trades_day', 1),)",,,
1,XAUUSD,ftmo_1step,2.0,,,,,23.0,17.0,3.0,0.3,prelondon,3.0,1.0,1,338,4.4,3.8,35.2,56.5,6.6,4.3,98490.0,163,3.1,3.1,34.9,58.9,6.6,4.4,96801.0,,1.0,"(('rng_type', 'prelondon'), ('expire_hour', 17), ('exit_hour', 23), ('sl_frac', 1.0), ('sl_atr', 1.0), ('rr', 3.0), ('min_range_atr', 0.3), ('max_range_atr', 3.0))","(('max_trades_day', 1),)",,,
1,XAUUSD,fundingpips_1step,2.0,,,,,23.0,17.0,3.0,0.3,prelondon,3.0,1.0,1,338,9.2,0.0,45.0,45.9,5.6,3.8,98856.0,163,6.1,0.0,60.1,33.7,3.3,3.6,97360.0,,1.0,"(('rng_type', 'prelondon'), ('expire_hour', 17), ('exit_hour', 23), ('sl_frac', 1.0), ('sl_atr', 1.0), ('rr', 3.0), ('min_range_atr', 0.3), ('max_range_atr', 3.0))","(('max_trades_day', 1),)",,,
1,XAUUSD,ftmo_1step,2.0,,,,,23.0,17.0,3.0,0.3,prelondon,0.0,1.0,1,338,0.6,8.9,24.9,65.7,4.5,4.3,98522.0,163,1.2,5.5,27.0,66.3,5.8,4.4,97095.0,1.5,1.0,"(('rng_type', 'prelondon'), ('expire_hour', 17), ('exit_hour', 23), ('sl_frac', 1.0), ('sl_atr', 1.0), ('rr', 0.0), ('trail', 1.5), ('min_range_atr', 0.3), ('max_range_atr', 3.0))","(('max_trades_day', 1),)",,,
1,XAUUSD,fundingpips_1step,2.0,,,,,23.0,17.0,3.0,0.3,prelondon,0.0,1.0,1,338,10.9,0.0,41.7,47.3,3.5,4.0,98787.0,163,8.0,0.0,54.0,38.0,3.9,3.9,97480.0,1.5,1.0,"(('rng_type', 'prelondon'), ('expire_hour', 17), ('exit_hour', 23), ('sl_frac', 1.0), ('sl_atr', 1.0), ('rr', 0.0), ('trail', 1.5), ('min_range_atr', 0.3), ('max_range_atr', 3.0))","(('max_trades_day', 1),)",,,
1,XAUUSD,ftmo_1step,2.0,,,,,18.0,14.0,3.0,0.3,london1h,1.0,1.0,1,338,0.0,0.0,6.2,93.8,,4.6,98857.0,163,0.0,0.0,3.1,96.9,,4.6,99251.0,,,"(('rng_type', 'london1h'), ('expire_hour', 14), ('exit_hour', 18), ('sl_frac', 1.0), ('rr', 1.0), ('min_range_atr', 0.3), ('max_range_atr', 3.0))","(('max_trades_day', 1),)",,,
1,XAUUSD,fundingpips_1step,2.0,,,,,18.0,14.0,3.0,0.3,london1h,1.0,1.0,1,338,0.0,0.0,24.9,75.1,,4.4,98932.0,163,0.0,0.0,23.9,76.1,,4.3,99276.0,,,"(('rng_type', 'london1h'), ('expire_hour', 14), ('exit_hour', 18), ('sl_frac', 1.0), ('rr', 1.0), ('min_range_atr', 0.3), ('max_range_atr', 3.0))","(('max_trades_day', 1),)",,,
1,XAUUSD,ftmo_1step,2.0,,,,,18.0,14.0,3.0,0.3,london1h,2.0,1.0,1,338,5.3,0.0,19.8,74.9,4.7,4.5,98548.0,163,6.1,0.0,14.7,79.1,4.6,4.5,99370.0,,,"(('rng_type', 'london1h'), ('expire_hour', 14), ('exit_hour', 18), ('sl_frac', 1.0), ('rr', 2.0), ('min_range_atr', 0.3), ('max_range_atr', 3.0))","(('max_trades_day', 1),)",,,
1,XAUUSD,fundingpips_1step,2.0,,,,,18.0,14.0,3.0,0.3,london1h,2.0,1.0,1,338,5.6,0.0,33.4,60.9,4.7,4.1,98790.0,163,6.1,0.0,31.3,62.6,4.6,4.1,99344.0,,,"(('rng_type', 'london1h'), ('expire_hour', 14), ('exit_hour', 18), ('sl_frac', 1.0), ('rr', 2.0), ('min_range_atr', 0.3), ('max_range_atr', 3.0))","(('max_trades_day', 1),)",,,
1,XAUUSD,ftmo_1step,2.0,,,,,18.0,14.0,3.0,0.3,london1h,3.0,1.0,1,338,5.9,3.0,25.1,66.0,5.6,4.4,98665.0,163,6.7,1.2,17.2,74.8,4.7,4.4,99631.0,,,"(('rng_type', 'london1h'), ('expire_hour', 14), ('exit_hour', 18), ('sl_frac', 1.0), ('rr', 3.0), ('min_range_atr', 0.3), ('max_range_atr', 3.0))","(('max_trades_day', 1),)",,,
1,XAUUSD,fundingpips_1step,2.0,,,,,18.0,14.0,3.0,0.3,london1h,3.0,1.0,1,338,9.2,0.0,38.5,52.4,4.6,4.0,99126.0,163,9.8,0.0,33.7,56.4,4.2,4.1,99692.0,,,"(('rng_type', 'london1h'), ('expire_hour', 14), ('exit_hour', 18), ('sl_frac', 1.0), ('rr', 3.0), ('min_range_atr', 0.3), ('max_range_atr', 3.0))","(('max_trades_day', 1),)",,,
1,XAUUSD,ftmo_1step,2.0,,,,,18.0,14.0,3.0,0.3,london1h,0.0,1.0,1,338,0.3,7.1,14.5,78.1,5.7,4.4,98666.0,163,0.0,6.1,11.7,82.2,,4.4,99172.0,1.5,,"(('rng_type', 'london1h'), ('expire_hour', 14), ('exit_hour', 18), ('sl_frac', 1.0), ('rr', 0.0), ('trail', 1.5), ('min_range_atr', 0.3), ('max_range_atr', 3.0))","(('max_trades_day', 1),)",,,
1,XAUUSD,fundingpips_1step,2.0,,,,,18.0,14.0,3.0,0.3,london1h,0.0,1.0,1,338,8.6,0.0,31.1,60.4,3.7,4.2,98838.0,163,7.4,0.0,25.2,67.5,2.7,4.3,99288.0,1.5,,"(('rng_type', 'london1h'), ('expire_hour', 14), ('exit_hour', 18), ('sl_frac', 1.0), ('rr', 0.0), ('trail', 1.5), ('min_range_atr', 0.3), ('max_range_atr', 3.0))","(('max_trades_day', 1),)",,,
1,XAUUSD,ftmo_1step,2.0,,,,,18.0,14.0,3.0,0.3,london1h,1.0,0.5,1,338,0.0,0.0,26.9,73.1,,4.6,94228.0,163,0.0,0.0,14.1,85.9,,4.6,95817.0,,,"(('rng_type', 'london1h'), ('expire_hour', 14), ('exit_hour', 18), ('sl_frac', 0.5), ('rr', 1.0), ('min_range_atr', 0.3), ('max_range_atr', 3.0))","(('max_trades_day', 1),)",,,
1,XAUUSD,fundingpips_1step,2.0,,,,,18.0,14.0,3.0,0.3,london1h,1.0,0.5,1,338,0.0,0.0,65.1,34.9,,3.8,95002.0,163,0.0,0.0,49.7,50.3,,4.1,96254.0,,,"(('rng_type', 'london1h'), ('expire_hour', 14), ('exit_hour', 18), ('sl_frac', 0.5), ('rr', 1.0), ('min_range_atr', 0.3), ('max_range_atr', 3.0))","(('max_trades_day', 1),)",,,
1,XAUUSD,ftmo_1step,2.0,,,,,18.0,14.0,3.0,0.3,london1h,2.0,0.5,1,338,1.5,0.0,39.1,59.5,4.5,4.5,94207.0,163,1.2,0.0,27.6,71.2,2.5,4.5,96162.0,,,"(('rng_type', 'london1h'), ('expire_hour', 14), ('exit_hour', 18), ('sl_frac', 0.5), ('rr', 2.0), ('min_range_atr', 0.3), ('max_range_atr', 3.0))","(('max_trades_day', 1),)",,,
1,XAUUSD,fundingpips_1step,2.0,,,,,18.0,14.0,3.0,0.3,london1h,2.0,0.5,1,338,1.5,0.0,64.8,33.7,4.5,3.6,95295.0,163,1.2,0.0,46.0,52.8,2.5,3.8,97060.0,,,"(('rng_type', 'london1h'), ('expire_hour', 14), ('exit_hour', 18), ('sl_frac', 0.5), ('rr', 2.0), ('min_range_atr', 0.3), ('max_range_atr', 3.0))","(('max_trades_day', 1),)",,,
1,XAUUSD,ftmo_1step,2.0,,,,,18.0,14.0,3.0,0.3,london1h,3.0,0.5,1,338,1.2,1.5,48.5,48.8,5.5,4.4,93979.0,163,3.1,3.1,38.7,55.2,4.6,4.3,96300.0,,,"(('rng_type', 'london1h'), ('expire_hour', 14), ('exit_hour', 18), ('sl_frac', 0.5), ('rr', 3.0), ('min_range_atr', 0.3), ('max_range_atr', 3.0))","(('max_trades_day', 1),)",,,
1,XAUUSD,fundingpips_1step,2.0,,,,,18.0,14.0,3.0,0.3,london1h,3.0,0.5,1,338,3.0,0.0,73.4,23.7,3.5,3.4,95385.0,163,7.4,0.0,56.4,36.2,2.0,3.6,97507.0,,,"(('rng_type', 'london1h'), ('expire_hour', 14), ('exit_hour', 18), ('sl_frac', 0.5), ('rr', 3.0), ('min_range_atr', 0.3), ('max_range_atr', 3.0))","(('max_trades_day', 1),)",,,
1,XAUUSD,ftmo_1step,2.0,,,,,18.0,14.0,3.0,0.3,london1h,0.0,0.5,1,338,0.0,2.7,55.0,42.3,,4.3,93674.0,163,0.0,8.6,46.6,44.8,,4.1,96480.0,1.5,,"(('rng_type', 'london1h'), ('expire_hour', 14), ('exit_hour', 18), ('sl_frac', 0.5), ('rr', 0.0), ('trail', 1.5), ('min_range_atr', 0.3), ('max_range_atr', 3.0))","(('max_trades_day', 1),)",,,
1,XAUUSD,fundingpips_1step,2.0,,,,,18.0,14.0,3.0,0.3,london1h,0.0,0.5,1,338,4.4,0.0,78.4,17.2,3.6,3.4,95250.0,163,12.9,0.0,63.2,23.9,2.7,3.6,97701.0,1.5,,"(('rng_type', 'london1h'), ('expire_hour', 14), ('exit_hour', 18), ('sl_frac', 0.5), ('rr', 0.0), ('trail', 1.5), ('min_range_atr', 0.3), ('max_range_atr', 3.0))","(('max_trades_day', 1),)",,,
1,XAUUSD,ftmo_1step,2.0,,,,,18.0,14.0,3.0,0.3,london1h,1.0,1.0,1,338,0.0,0.0,10.4,89.6,,4.6,97849.0,163,0.0,0.0,6.7,93.3,,4.6,98929.0,,1.0,"(('rng_type', 'london1h'), ('expire_hour', 14), ('exit_hour', 18), ('sl_frac', 1.0), ('sl_atr', 1.0), ('rr', 1.0), ('min_range_atr', 0.3), ('max_range_atr', 3.0))","(('max_trades_day', 1),)",,,
1,XAUUSD,fundingpips_1step,2.0,,,,,18.0,14.0,3.0,0.3,london1h,1.0,1.0,1,338,0.0,0.0,30.5,69.5,,4.3,97963.0,163,0.0,0.0,23.3,76.7,,4.3,98943.0,,1.0,"(('rng_type', 'london1h'), ('expire_hour', 14), ('exit_hour', 18), ('sl_frac', 1.0), ('sl_atr', 1.0), ('rr', 1.0), ('min_range_atr', 0.3), ('max_range_atr', 3.0))","(('max_trades_day', 1),)",,,
1,XAUUSD,ftmo_1step,2.0,,,,,18.0,14.0,3.0,0.3,london1h,2.0,1.0,1,338,2.4,0.0,25.4,72.2,4.7,4.5,97717.0,163,4.9,0.0,18.4,76.7,4.6,4.5,99069.0,,1.0,"(('rng_type', 'london1h'), ('expire_hour', 14), ('exit_hour', 18), ('sl_frac', 1.0), ('sl_atr', 1.0), ('rr', 2.0), ('min_range_atr', 0.3), ('max_range_atr', 3.0))","(('max_trades_day', 1),)",,,
1,XAUUSD,fundingpips_1step,2.0,,,,,18.0,14.0,3.0,0.3,london1h,2.0,1.0,1,338,2.4,0.0,36.4,61.2,4.7,4.0,98172.0,163,4.9,0.0,33.7,61.3,4.6,4.1,99130.0,,1.0,"(('rng_type', 'london1h'), ('expire_hour', 14), ('exit_hour', 18), ('sl_frac', 1.0), ('sl_atr', 1.0), ('rr', 2.0), ('min_range_atr', 0.3), ('max_range_atr', 3.0))","(('max_trades_day', 1),)",,,
1,XAUUSD,ftmo_1step,2.0,,,,,18.0,14.0,3.0,0.3,london1h,3.0,1.0,1,338,2.1,4.1,36.4,57.4,6.5,4.3,97492.0,163,6.7,1.8,28.8,62.6,6.5,4.3,98994.0,,1.0,"(('rng_type', 'london1h'), ('expire_hour', 14), ('exit_hour', 18), ('sl_frac', 1.0), ('sl_atr', 1.0), ('rr', 3.0), ('min_range_atr', 0.3), ('max_range_atr', 3.0))","(('max_trades_day', 1),)",,,
1,XAUUSD,fundingpips_1step,2.0,,,,,18.0,14.0,3.0,0.3,london1h,3.0,1.0,1,338,7.1,0.0,47.0,45.9,3.5,3.8,98202.0,163,9.2,0.0,41.7,49.1,4.7,3.9,99304.0,,1.0,"(('rng_type', 'london1h'), ('expire_hour', 14), ('exit_hour', 18), ('sl_frac', 1.0), ('sl_atr', 1.0), ('rr', 3.0), ('min_range_atr', 0.3), ('max_range_atr', 3.0))","(('max_trades_day', 1),)",,,
1,XAUUSD,ftmo_1step,2.0,,,,,18.0,14.0,3.0,0.3,london1h,0.0,1.0,1,338,0.3,7.7,28.4,63.6,6.7,4.4,97509.0,163,0.0,11.0,22.7,66.3,,4.3,99170.0,1.5,1.0,"(('rng_type', 'london1h'), ('expire_hour', 14), ('exit_hour', 18), ('sl_frac', 1.0), ('sl_atr', 1.0), ('rr', 0.0), ('trail', 1.5), ('min_range_atr', 0.3), ('max_range_atr', 3.0))","(('max_trades_day', 1),)",,,
1,XAUUSD,fundingpips_1step,2.0,,,,,18.0,14.0,3.0,0.3,london1h,0.0,1.0,1,338,9.5,0.0,44.4,46.2,4.2,4.0,97934.0,163,12.9,0.0,38.0,49.1,2.7,4.0,99337.0,1.5,1.0,"(('rng_type', 'london1h'), ('expire_hour', 14), ('exit_hour', 18), ('sl_frac', 1.0), ('sl_atr', 1.0), ('rr', 0.0), ('trail', 1.5), ('min_range_atr', 0.3), ('max_range_atr', 3.0))","(('max_trades_day', 1),)",,,
1,XAUUSD,ftmo_1step,2.0,,,,,23.0,17.0,3.0,0.3,london1h,1.0,1.0,1,338,0.0,0.0,9.5,90.5,,4.8,98665.0,163,0.0,0.0,6.1,93.9,,4.8,99153.0,,,"(('rng_type', 'london1h'), ('expire_hour', 17), ('exit_hour', 23), ('sl_frac', 1.0), ('rr', 1.0), ('min_range_atr', 0.3), ('max_range_atr', 3.0))","(('max_trades_day', 1),)",,,
1,XAUUSD,fundingpips_1step,2.0,,,,,23.0,17.0,3.0,0.3,london1h,1.0,1.0,1,338,0.0,0.0,28.4,71.6,,4.5,98776.0,163,0.0,0.0,29.4,70.6,,4.6,99191.0,,,"(('rng_type', 'london1h'), ('expire_hour', 17), ('exit_hour', 23), ('sl_frac', 1.0), ('rr', 1.0), ('min_range_atr', 0.3), ('max_range_atr', 3.0))","(('max_trades_day', 1),)",,,
1,XAUUSD,ftmo_1step,2.0,,,,,23.0,17.0,3.0,0.3,london1h,2.0,1.0,1,338,4.4,0.3,28.7,66.6,4.7,4.7,98339.0,163,4.9,0.0,22.1,73.0,4.6,4.7,99213.0,,,"(('rng_type', 'london1h'), ('expire_hour', 17), ('exit_hour', 23), ('sl_frac', 1.0), ('rr', 2.0), ('min_range_atr', 0.3), ('max_range_atr', 3.0))","(('max_trades_day', 1),)",,,
1,XAUUSD,fundingpips_1step,2.0,,,,,23.0,17.0,3.0,0.3,london1h,2.0,1.0,1,338,5.0,0.0,36.7,58.3,4.7,4.2,98721.0,163,4.9,0.0,37.4,57.7,4.6,4.2,99038.0,,,"(('rng_type', 'london1h'), ('expire_hour', 17), ('exit_hour', 23), ('sl_frac', 1.0), ('rr', 2.0), ('min_range_atr', 0.3), ('max_range_atr', 3.0))","(('max_trades_day', 1),)",,,
1,XAUUSD,ftmo_1step,2.0,,,,,23.0,17.0,3.0,0.3,london1h,3.0,1.0,1,338,4.7,5.0,37.8,52.4,5.7,4.4,98503.0,163,6.1,2.5,31.9,59.5,4.2,4.5,99101.0,,,"(('rng_type', 'london1h'), ('expire_hour', 17), ('exit_hour', 23), ('sl_frac', 1.0), ('rr', 3.0), ('min_range_atr', 0.3), ('max_range_atr', 3.0))","(('max_trades_day', 1),)",,,
1,XAUUSD,fundingpips_1step,2.0,,,,,23.0,17.0,3.0,0.3,london1h,3.0,1.0,1,338,10.1,0.0,43.8,46.2,3.9,3.9,99071.0,163,9.8,0.0,45.4,44.8,3.7,3.9,99000.0,,,"(('rng_type', 'london1h'), ('expire_hour', 17), ('exit_hour', 23), ('sl_frac', 1.0), ('rr', 3.0), ('min_range_atr', 0.3), ('max_range_atr', 3.0))","(('max_trades_day', 1),)",,,
1,XAUUSD,ftmo_1step,2.0,,,,,23.0,17.0,3.0,0.3,london1h,0.0,1.0,1,338,0.0,9.2,19.5,71.3,,4.6,98702.0,163,0.0,7.4,15.3,77.3,,4.6,99128.0,1.5,,"(('rng_type', 'london1h'), ('expire_hour', 17), ('exit_hour', 23), ('sl_frac', 1.0), ('rr', 0.0), ('trail', 1.5), ('min_range_atr', 0.3), ('max_range_atr', 3.0))","(('max_trades_day', 1),)",,,
1,XAUUSD,fundingpips_1step,2.0,,,,,23.0,17.0,3.0,0.3,london1h,0.0,1.0,1,338,10.1,0.0,35.2,54.7,3.9,4.3,98924.0,163,9.2,0.0,32.5,58.3,2.6,4.5,99248.0,1.5,,"(('rng_type', 'london1h'), ('expire_hour', 17), ('exit_hour', 23), ('sl_frac', 1.0), ('rr', 0.0), ('trail', 1.5), ('min_range_atr', 0.3), ('max_range_atr', 3.0))","(('max_trades_day', 1),)",,,
1,XAUUSD,ftmo_1step,2.0,,,,,23.0,17.0,3.0,0.3,london1h,1.0,0.5,1,338,0.0,0.0,31.1,68.9,,4.8,93958.0,163,0.0,0.0,19.0,81.0,,4.9,95551.0,,,"(('rng_type', 'london1h'), ('expire_hour', 17), ('exit_hour', 23), ('sl_frac', 0.5), ('rr', 1.0), ('min_range_atr', 0.3), ('max_range_atr', 3.0))","(('max_trades_day', 1),)",,,
1,XAUUSD,fundingpips_1step,2.0,,,,,23.0,17.0,3.0,0.3,london1h,1.0,0.5,1,338,0.0,0.0,70.7,29.3,,3.9,94834.0,163,0.0,0.0,53.4,46.6,,4.3,96086.0,,,"(('rng_type', 'london1h'), ('expire_hour', 17), ('exit_hour', 23), ('sl_frac', 0.5), ('rr', 1.0), ('min_range_atr', 0.3), ('max_range_atr', 3.0))","(('max_trades_day', 1),)",,,
1,XAUUSD,ftmo_1step,2.0,,,,,23.0,17.0,3.0,0.3,london1h,2.0,0.5,1,338,1.5,0.0,47.9,50.6,4.5,4.7,93873.0,163,1.2,0.0,37.4,61.3,2.5,4.7,95818.0,,,"(('rng_type', 'london1h'), ('expire_hour', 17), ('exit_hour', 23), ('sl_frac', 0.5), ('rr', 2.0), ('min_range_atr', 0.3), ('max_range_atr', 3.0))","(('max_trades_day', 1),)",,,
1,XAUUSD,fundingpips_1step,2.0,,,,,23.0,17.0,3.0,0.3,london1h,2.0,0.5,1,338,1.5,0.0,66.6,32.0,4.5,3.6,95147.0,163,1.2,0.0,47.9,50.9,2.5,4.0,96888.0,,,"(('rng_type', 'london1h'), ('expire_hour', 17), ('exit_hour', 23), ('sl_frac', 0.5), ('rr', 2.0), ('min_range_atr', 0.3), ('max_range_atr', 3.0))","(('max_trades_day', 1),)",,,
1,XAUUSD,ftmo_1step,2.0,,,,,23.0,17.0,3.0,0.3,london1h,3.0,0.5,1,338,1.2,1.5,60.4,37.0,5.5,4.6,93690.0,163,2.5,2.5,50.9,44.2,5.6,4.5,96023.0,,,"(('rng_type', 'london1h'), ('expire_hour', 17), ('exit_hour', 23), ('sl_frac', 0.5), ('rr', 3.0), ('min_range_atr', 0.3), ('max_range_atr', 3.0))","(('max_trades_day', 1),)",,,
1,XAUUSD,fundingpips_1step,2.0,,,,,23.0,17.0,3.0,0.3,london1h,3.0,0.5,1,338,3.0,0.0,75.2,21.9,3.5,3.4,95291.0,163,6.7,0.0,58.9,34.4,1.6,3.7,97261.0,,,"(('rng_type', 'london1h'), ('expire_hour', 17), ('exit_hour', 23), ('sl_frac', 0.5), ('rr', 3.0), ('min_range_atr', 0.3), ('max_range_atr', 3.0))","(('max_trades_day', 1),)",,,
1,XAUUSD,ftmo_1step,2.0,,,,,23.0,17.0,3.0,0.3,london1h,0.0,0.5,1,338,0.0,2.7,66.6,30.8,,4.5,93261.0,163,0.0,6.7,60.7,32.5,,4.3,96175.0,1.5,,"(('rng_type', 'london1h'), ('expire_hour', 17), ('exit_hour', 23), ('sl_frac', 0.5), ('rr', 0.0), ('trail', 1.5), ('min_range_atr', 0.3), ('max_range_atr', 3.0))","(('max_trades_day', 1),)",,,
1,XAUUSD,fundingpips_1step,2.0,,,,,23.0,17.0,3.0,0.3,london1h,0.0,0.5,1,338,4.7,0.0,81.4,13.9,3.7,3.5,95114.0,163,11.7,0.0,67.5,20.9,2.7,3.7,97591.0,1.5,,"(('rng_type', 'london1h'), ('expire_hour', 17), ('exit_hour', 23), ('sl_frac', 0.5), ('rr', 0.0), ('trail', 1.5), ('min_range_atr', 0.3), ('max_range_atr', 3.0))","(('max_trades_day', 1),)",,,
1,XAUUSD,ftmo_1step,2.0,,,,,23.0,17.0,3.0,0.3,london1h,1.0,1.0,1,338,0.0,0.0,12.7,87.3,,4.8,97507.0,163,0.0,0.0,11.0,89.0,,4.9,98652.0,,1.0,"(('rng_type', 'london1h'), ('expire_hour', 17), ('exit_hour', 23), ('sl_frac', 1.0), ('sl_atr', 1.0), ('rr', 1.0), ('min_range_atr', 0.3), ('max_range_atr', 3.0))","(('max_trades_day', 1),)",,,
1,XAUUSD,fundingpips_1step,2.0,,,,,23.0,17.0,3.0,0.3,london1h,1.0,1.0,1,338,0.0,0.0,36.1,63.9,,4.5,97660.0,163,0.0,0.0,28.8,71.2,,4.5,98818.0,,1.0,"(('rng_type', 'london1h'), ('expire_hour', 17), ('exit_hour', 23), ('sl_frac', 1.0), ('sl_atr', 1.0), ('rr', 1.0), ('min_range_atr', 0.3), ('max_range_atr', 3.0))","(('max_trades_day', 1),)",,,
1,XAUUSD,ftmo_1step,2.0,,,,,23.0,17.0,3.0,0.3,london1h,2.0,1.0,1,338,2.4,0.0,31.1,66.6,4.7,4.7,97486.0,163,3.1,0.0,27.6,69.3,4.6,4.7,98400.0,,1.0,"(('rng_type', 'london1h'), ('expire_hour', 17), ('exit_hour', 23), ('sl_frac', 1.0), ('sl_atr', 1.0), ('rr', 2.0), ('min_range_atr', 0.3), ('max_range_atr', 3.0))","(('max_trades_day', 1),)",,,
1,XAUUSD,fundingpips_1step,2.0,,,,,23.0,17.0,3.0,0.3,london1h,2.0,1.0,1,338,2.4,0.0,40.3,57.4,4.7,4.1,97942.0,163,3.1,0.0,38.6,58.3,4.6,4.1,98686.0,,1.0,"(('rng_type', 'london1h'), ('expire_hour', 17), ('exit_hour', 23), ('sl_frac', 1.0), ('sl_atr', 1.0), ('rr', 2.0), ('min_range_atr', 0.3), ('max_range_atr', 3.0))","(('max_trades_day', 1),)",,,
1,XAUUSD,ftmo_1step,2.0,,,,,23.0,17.0,3.0,0.3,london1h,3.0,1.0,1,338,1.8,4.4,46.2,47.6,6.5,4.4,97196.0,163,4.3,3.1,39.9,52.8,6.5,4.4,98349.0,,1.0,"(('rng_type', 'london1h'), ('expire_hour', 17), ('exit_hour', 23), ('sl_frac', 1.0), ('sl_atr', 1.0), ('rr', 3.0), ('min_range_atr', 0.3), ('max_range_atr', 3.0))","(('max_trades_day', 1),)",,,
1,XAUUSD,fundingpips_1step,2.0,,,,,23.0,17.0,3.0,0.3,london1h,3.0,1.0,1,338,6.8,0.0,52.1,41.1,1.7,3.8,97939.0,163,8.0,0.0,47.3,44.8,3.7,3.9,98838.0,,1.0,"(('rng_type', 'london1h'), ('expire_hour', 17), ('exit_hour', 23), ('sl_frac', 1.0), ('sl_atr', 1.0), ('rr', 3.0), ('min_range_atr', 0.3), ('max_range_atr', 3.0))","(('max_trades_day', 1),)",,,
1,XAUUSD,ftmo_1step,2.0,,,,,23.0,17.0,3.0,0.3,london1h,0.0,1.0,1,338,0.0,8.0,36.1,55.9,,4.5,97402.0,163,0.0,9.8,32.5,57.7,,4.5,98688.0,1.5,1.0,"(('rng_type', 'london1h'), ('expire_hour', 17), ('exit_hour', 23), ('sl_frac', 1.0), ('sl_atr', 1.0), ('rr', 0.0), ('trail', 1.5), ('min_range_atr', 0.3), ('max_range_atr', 3.0))","(('max_trades_day', 1),)",,,
1,XAUUSD,fundingpips_1step,2.0,,,,,23.0,17.0,3.0,0.3,london1h,0.0,1.0,1,338,9.5,0.0,49.4,41.1,3.7,4.1,97951.0,163,12.3,0.0,43.5,44.2,3.3,4.1,99027.0,1.5,1.0,"(('rng_type', 'london1h'), ('expire_hour', 17), ('exit_hour', 23), ('sl_frac', 1.0), ('sl_atr', 1.0), ('rr', 0.0), ('trail', 1.5), ('min_range_atr', 0.3), ('max_range_atr', 3.0))","(('max_trades_day', 1),)",,,
1,XAUUSD,ftmo_1step,2.0,,,,,22.0,18.0,3.0,0.3,nypre,1.0,1.0,1,338,0.0,0.0,2.4,97.6,,3.3,99601.0,163,0.0,0.0,3.0,96.9,,3.5,99376.0,,,"(('rng_type', 'nypre'), ('expire_hour', 18), ('exit_hour', 22), ('sl_frac', 1.0), ('rr', 1.0), ('min_range_atr', 0.3), ('max_range_atr', 3.0))","(('max_trades_day', 1),)",,,
1,XAUUSD,fundingpips_1step,2.0,,,,,22.0,18.0,3.0,0.3,nypre,1.0,1.0,1,338,0.0,0.0,10.4,89.6,,3.3,99594.0,163,0.0,0.0,11.6,88.3,,3.4,99353.0,,,"(('rng_type', 'nypre'), ('expire_hour', 18), ('exit_hour', 22), ('sl_frac', 1.0), ('rr', 1.0), ('min_range_atr', 0.3), ('max_range_atr', 3.0))","(('max_trades_day', 1),)",,,
1,XAUUSD,ftmo_1step,2.0,,,,,22.0,18.0,3.0,0.3,nypre,2.0,1.0,1,338,1.2,0.0,3.6,95.3,4.1,3.3,99818.0,163,1.8,0.6,3.0,94.5,4.7,3.4,99471.0,,,"(('rng_type', 'nypre'), ('expire_hour', 18), ('exit_hour', 22), ('sl_frac', 1.0), ('rr', 2.0), ('min_range_atr', 0.3), ('max_range_atr', 3.0))","(('max_trades_day', 1),)",,,
1,XAUUSD,fundingpips_1step,2.0,,,,,22.0,18.0,3.0,0.3,nypre,2.0,1.0,1,338,1.2,0.0,14.2,84.6,4.1,3.2,99816.0,163,2.5,0.0,12.2,85.3,4.8,3.4,99416.0,,,"(('rng_type', 'nypre'), ('expire_hour', 18), ('exit_hour', 22), ('sl_frac', 1.0), ('rr', 2.0), ('min_range_atr', 0.3), ('max_range_atr', 3.0))","(('max_trades_day', 1),)",,,
1,XAUUSD,ftmo_1step,2.0,,,,,22.0,18.0,3.0,0.3,nypre,3.0,1.0,1,338,1.8,0.6,4.2,93.5,6.8,3.3,99842.0,163,1.2,3.1,3.0,92.6,4.4,3.4,99503.0,,,"(('rng_type', 'nypre'), ('expire_hour', 18), ('exit_hour', 22), ('sl_frac', 1.0), ('rr', 3.0), ('min_range_atr', 0.3), ('max_range_atr', 3.0))","(('max_trades_day', 1),)",,,
1,XAUUSD,fundingpips_1step,2.0,,,,,22.0,18.0,3.0,0.3,nypre,3.0,1.0,1,338,2.4,0.0,15.7,82.0,6.3,3.2,99857.0,163,4.3,0.0,13.5,82.2,3.9,3.3,99457.0,,,"(('rng_type', 'nypre'), ('expire_hour', 18), ('exit_hour', 22), ('sl_frac', 1.0), ('rr', 3.0), ('min_range_atr', 0.3), ('max_range_atr', 3.0))","(('max_trades_day', 1),)",,,
1,XAUUSD,ftmo_1step,2.0,,,,,22.0,18.0,3.0,0.3,nypre,0.0,1.0,1,338,0.6,2.4,0.9,96.2,6.9,3.3,100053.0,163,1.2,0.6,0.6,97.5,4.9,3.5,99399.0,1.5,,"(('rng_type', 'nypre'), ('expire_hour', 18), ('exit_hour', 22), ('sl_frac', 1.0), ('rr', 0.0), ('trail', 1.5), ('min_range_atr', 0.3), ('max_range_atr', 3.0))","(('max_trades_day', 1),)",,,
1,XAUUSD,fundingpips_1step,2.0,,,,,22.0,18.0,3.0,0.3,nypre,0.0,1.0,1,338,3.3,0.0,4.7,92.0,5.9,3.2,100094.0,163,1.8,0.0,4.3,93.9,4.9,3.4,99386.0,1.5,,"(('rng_type', 'nypre'), ('expire_hour', 18), ('exit_hour', 22), ('sl_frac', 1.0), ('rr', 0.0), ('trail', 1.5), ('min_range_atr', 0.3), ('max_range_atr', 3.0))","(('max_trades_day', 1),)",,,
1,XAUUSD,ftmo_1step,2.0,,,,,22.0,18.0,3.0,0.3,nypre,1.0,0.5,1,338,0.0,0.0,6.5,93.5,,3.3,96788.0,163,0.0,0.0,3.7,96.3,,3.5,97173.0,,,"(('rng_type', 'nypre'), ('expire_hour', 18), ('exit_hour', 22), ('sl_frac', 0.5), ('rr', 1.0), ('min_range_atr', 0.3), ('max_range_atr', 3.0))","(('max_trades_day', 1),)",,,
1,XAUUSD,fundingpips_1step,2.0,,,,,22.0,18.0,3.0,0.3,nypre,1.0,0.5,1,338,0.0,0.0,32.5,67.5,,3.1,96953.0,163,0.0,0.0,28.2,71.8,,3.2,97303.0,,,"(('rng_type', 'nypre'), ('expire_hour', 18), ('exit_hour', 22), ('sl_frac', 0.5), ('rr', 1.0), ('min_range_atr', 0.3), ('max_range_atr', 3.0))","(('max_trades_day', 1),)",,,
1,XAUUSD,ftmo_1step,2.0,,,,,22.0,18.0,3.0,0.3,nypre,2.0,0.5,1,338,0.6,0.0,8.3,91.1,6.2,3.3,97142.0,163,0.6,0.0,7.3,92.0,6.6,3.4,97306.0,,,"(('rng_type', 'nypre'), ('expire_hour', 18), ('exit_hour', 22), ('sl_frac', 0.5), ('rr', 2.0), ('min_range_atr', 0.3), ('max_range_atr', 3.0))","(('max_trades_day', 1),)",,,
1,XAUUSD,fundingpips_1step,2.0,,,,,22.0,18.0,3.0,0.3,nypre,2.0,0.5,1,338,0.6,0.0,37.3,62.1,6.2,3.1,97388.0,163,0.6,0.0,39.3,60.1,6.6,3.1,97435.0,,,"(('rng_type', 'nypre'), ('expire_hour', 18), ('exit_hour', 22), ('sl_frac', 0.5), ('rr', 2.0), ('min_range_atr', 0.3), ('max_range_atr', 3.0))","(('max_trades_day', 1),)",,,
1,XAUUSD,ftmo_1step,2.0,,,,,22.0,18.0,3.0,0.3,nypre,3.0,0.5,1,338,0.9,0.6,10.7,87.9,6.8,3.2,97188.0,163,1.2,0.6,9.2,89.0,5.1,3.4,97231.0,,,"(('rng_type', 'nypre'), ('expire_hour', 18), ('exit_hour', 22), ('sl_frac', 0.5), ('rr', 3.0), ('min_range_atr', 0.3), ('max_range_atr', 3.0))","(('max_trades_day', 1),)",,,
1,XAUUSD,fundingpips_1step,2.0,,,,,22.0,18.0,3.0,0.3,nypre,3.0,0.5,1,338,1.8,0.0,43.2,55.0,6.1,3.0,97538.0,163,1.8,0.0,42.3,55.8,4.7,3.1,97388.0,,,"(('rng_type', 'nypre'), ('expire_hour', 18), ('exit_hour', 22), ('sl_frac', 0.5), ('rr', 3.0), ('min_range_atr', 0.3), ('max_range_atr', 3.0))","(('max_trades_day', 1),)",,,
1,XAUUSD,ftmo_1step,2.0,,,,,22.0,18.0,3.0,0.3,nypre,0.0,0.5,1,338,0.0,4.7,9.8,85.5,,3.2,97493.0,163,0.6,4.9,4.9,89.6,6.9,3.4,97436.0,1.5,,"(('rng_type', 'nypre'), ('expire_hour', 18), ('exit_hour', 22), ('sl_frac', 0.5), ('rr', 0.0), ('trail', 1.5), ('min_range_atr', 0.3), ('max_range_atr', 3.0))","(('max_trades_day', 1),)",,,
1,XAUUSD,fundingpips_1step,2.0,,,,,22.0,18.0,3.0,0.3,nypre,0.0,0.5,1,338,6.2,0.0,37.6,56.2,2.9,3.0,97982.0,163,5.5,0.0,36.2,58.3,3.9,3.2,97529.0,1.5,,"(('rng_type', 'nypre'), ('expire_hour', 18), ('exit_hour', 22), ('sl_frac', 0.5), ('rr', 0.0), ('trail', 1.5), ('min_range_atr', 0.3), ('max_range_atr', 3.0))","(('max_trades_day', 1),)",,,
1,XAUUSD,ftmo_1step,2.0,,,,,22.0,18.0,3.0,0.3,nypre,1.0,1.0,1,338,0.0,0.0,6.2,93.8,,3.3,96665.0,163,0.0,0.0,3.7,96.3,,3.5,96957.0,,1.0,"(('rng_type', 'nypre'), ('expire_hour', 18), ('exit_hour', 22), ('sl_frac', 1.0), ('sl_atr', 1.0), ('rr', 1.0), ('min_range_atr', 0.3), ('max_range_atr', 3.0))","(('max_trades_day', 1),)",,,
1,XAUUSD,fundingpips_1step,2.0,,,,,22.0,18.0,3.0,0.3,nypre,1.0,1.0,1,338,0.0,0.0,33.4,66.6,,3.1,96770.0,163,0.0,0.0,30.7,69.3,,3.3,97084.0,,1.0,"(('rng_type', 'nypre'), ('expire_hour', 18), ('exit_hour', 22), ('sl_frac', 1.0), ('sl_atr', 1.0), ('rr', 1.0), ('min_range_atr', 0.3), ('max_range_atr', 3.0))","(('max_trades_day', 1),)",,,
1,XAUUSD,ftmo_1step,2.0,,,,,22.0,18.0,3.0,0.3,nypre,2.0,1.0,1,338,0.6,0.0,8.0,91.4,5.7,3.3,96891.0,163,0.0,0.0,9.2,90.8,,3.4,96875.0,,1.0,"(('rng_type', 'nypre'), ('expire_hour', 18), ('exit_hour', 22), ('sl_frac', 1.0), ('sl_atr', 1.0), ('rr', 2.0), ('min_range_atr', 0.3), ('max_range_atr', 3.0))","(('max_trades_day', 1),)",,,
1,XAUUSD,fundingpips_1step,2.0,,,,,22.0,18.0,3.0,0.3,nypre,2.0,1.0,1,338,0.6,0.0,41.7,57.7,5.7,3.0,97075.0,163,0.0,0.0,39.9,60.1,,3.2,97131.0,,1.0,"(('rng_type', 'nypre'), ('expire_hour', 18), ('exit_hour', 22), ('sl_frac', 1.0), ('sl_atr', 1.0), ('rr', 2.0), ('min_range_atr', 0.3), ('max_range_atr', 3.0))","(('max_trades_day', 1),)",,,
1,XAUUSD,ftmo_1step,2.0,,,,,22.0,18.0,3.0,0.3,nypre,3.0,1.0,1,338,0.9,1.2,10.4,87.6,5.6,3.3,96997.0,163,0.6,2.5,12.9,84.0,4.7,3.4,97024.0,,1.0,"(('rng_type', 'nypre'), ('expire_hour', 18), ('exit_hour', 22), ('sl_frac', 1.0), ('sl_atr', 1.0), ('rr', 3.0), ('min_range_atr', 0.3), ('max_range_atr', 3.0))","(('max_trades_day', 1),)",,,
1,XAUUSD,fundingpips_1step,2.0,,,,,22.0,18.0,3.0,0.3,nypre,3.0,1.0,1,338,2.1,0.0,46.5,51.5,5.7,3.0,97175.0,163,3.1,0.0,47.2,49.7,4.6,3.1,97203.0,,1.0,"(('rng_type', 'nypre'), ('expire_hour', 18), ('exit_hour', 22), ('sl_frac', 1.0), ('sl_atr', 1.0), ('rr', 3.0), ('min_range_atr', 0.3), ('max_range_atr', 3.0))","(('max_trades_day', 1),)",,,
1,XAUUSD,ftmo_1step,2.0,,,,,22.0,18.0,3.0,0.3,nypre,0.0,1.0,1,338,0.0,5.3,8.6,86.1,,3.2,97484.0,163,0.0,5.5,7.3,87.1,,3.3,97188.0,1.5,1.0,"(('rng_type', 'nypre'), ('expire_hour', 18), ('exit_hour', 22), ('sl_frac', 1.0), ('sl_atr', 1.0), ('rr', 0.0), ('trail', 1.5), ('min_range_atr', 0.3), ('max_range_atr', 3.0))","(('max_trades_day', 1),)",,,
1,XAUUSD,fundingpips_1step,2.0,,,,,22.0,18.0,3.0,0.3,nypre,0.0,1.0,1,338,6.2,0.0,40.5,53.3,2.9,3.0,97804.0,163,6.1,0.0,39.3,54.6,2.9,3.1,97434.0,1.5,1.0,"(('rng_type', 'nypre'), ('expire_hour', 18), ('exit_hour', 22), ('sl_frac', 1.0), ('sl_atr', 1.0), ('rr', 0.0), ('trail', 1.5), ('min_range_atr', 0.3), ('max_range_atr', 3.0))","(('max_trades_day', 1),)",,,
1,XAUUSD,ftmo_1step,2.0,,,,,23.0,20.0,3.0,0.3,nypre,1.0,1.0,1,338,0.0,0.0,3.3,96.7,,3.4,99616.0,163,0.0,0.0,4.9,95.1,,3.5,99277.0,,,"(('rng_type', 'nypre'), ('expire_hour', 20), ('exit_hour', 23), ('sl_frac', 1.0), ('rr', 1.0), ('min_range_atr', 0.3), ('max_range_atr', 3.0))","(('max_trades_day', 1),)",,,
1,XAUUSD,fundingpips_1step,2.0,,,,,23.0,20.0,3.0,0.3,nypre,1.0,1.0,1,338,0.0,0.0,11.6,88.5,,3.3,99614.0,163,0.0,0.0,14.8,85.3,,3.4,99237.0,,,"(('rng_type', 'nypre'), ('expire_hour', 20), ('exit_hour', 23), ('sl_frac', 1.0), ('rr', 1.0), ('min_range_atr', 0.3), ('max_range_atr', 3.0))","(('max_trades_day', 1),)",,,
1,XAUUSD,ftmo_1step,2.0,,,,,23.0,20.0,3.0,0.3,nypre,2.0,1.0,1,338,1.8,0.0,5.1,93.2,5.9,3.3,99805.0,163,1.8,0.6,4.9,92.6,4.7,3.4,99398.0,,,"(('rng_type', 'nypre'), ('expire_hour', 20), ('exit_hour', 23), ('sl_frac', 1.0), ('rr', 2.0), ('min_range_atr', 0.3), ('max_range_atr', 3.0))","(('max_trades_day', 1),)",,,
1,XAUUSD,fundingpips_1step,2.0,,,,,23.0,20.0,3.0,0.3,nypre,2.0,1.0,1,338,1.8,0.0,15.7,82.5,5.9,3.3,99821.0,163,2.5,0.0,16.6,81.0,4.8,3.4,99288.0,,,"(('rng_type', 'nypre'), ('expire_hour', 20), ('exit_hour', 23), ('sl_frac', 1.0), ('rr', 2.0), ('min_range_atr', 0.3), ('max_range_atr', 3.0))","(('max_trades_day', 1),)",,,
1,XAUUSD,ftmo_1step,2.0,,,,,23.0,20.0,3.0,0.3,nypre,3.0,1.0,1,338,2.1,0.9,6.0,91.1,6.7,3.3,99815.0,163,0.0,4.9,6.1,89.0,,3.4,99381.0,,,"(('rng_type', 'nypre'), ('expire_hour', 20), ('exit_hour', 23), ('sl_frac', 1.0), ('rr', 3.0), ('min_range_atr', 0.3), ('max_range_atr', 3.0))","(('max_trades_day', 1),)",,,
1,XAUUSD,fundingpips_1step,2.0,,,,,23.0,20.0,3.0,0.3,nypre,3.0,1.0,1,338,3.0,0.0,17.8,79.3,5.9,3.2,99843.0,163,4.9,0.0,19.0,76.1,4.2,3.3,99251.0,,,"(('rng_type', 'nypre'), ('expire_hour', 20), ('exit_hour', 23), ('sl_frac', 1.0), ('rr', 3.0), ('min_range_atr', 0.3), ('max_range_atr', 3.0))","(('max_trades_day', 1),)",,,
1,XAUUSD,ftmo_1step,2.0,,,,,23.0,20.0,3.0,0.3,nypre,0.0,1.0,1,338,0.9,2.7,0.9,95.6,6.9,3.3,100010.0,163,0.6,1.8,0.6,96.9,4.9,3.5,99447.0,1.5,,"(('rng_type', 'nypre'), ('expire_hour', 20), ('exit_hour', 23), ('sl_frac', 1.0), ('rr', 0.0), ('trail', 1.5), ('min_range_atr', 0.3), ('max_range_atr', 3.0))","(('max_trades_day', 1),)",,,
1,XAUUSD,fundingpips_1step,2.0,,,,,23.0,20.0,3.0,0.3,nypre,0.0,1.0,1,338,3.8,0.0,5.9,90.2,5.9,3.3,100058.0,163,2.5,0.0,4.9,92.6,4.9,3.5,99433.0,1.5,,"(('rng_type', 'nypre'), ('expire_hour', 20), ('exit_hour', 23), ('sl_frac', 1.0), ('rr', 0.0), ('trail', 1.5), ('min_range_atr', 0.3), ('max_range_atr', 3.0))","(('max_trades_day', 1),)",,,
1,XAUUSD,ftmo_1step,2.0,,,,,23.0,20.0,3.0,0.3,nypre,1.0,0.5,1,338,0.0,0.0,6.8,93.2,,3.4,96761.0,163,0.0,0.0,4.9,95.1,,3.5,97212.0,,,"(('rng_type', 'nypre'), ('expire_hour', 20), ('exit_hour', 23), ('sl_frac', 0.5), ('rr', 1.0), ('min_range_atr', 0.3), ('max_range_atr', 3.0))","(('max_trades_day', 1),)",,,
1,XAUUSD,fundingpips_1step,2.0,,,,,23.0,20.0,3.0,0.3,nypre,1.0,0.5,1,338,0.0,0.0,33.4,66.6,,3.2,96949.0,163,0.0,0.0,28.2,71.8,,3.3,97355.0,,,"(('rng_type', 'nypre'), ('expire_hour', 20), ('exit_hour', 23), ('sl_frac', 0.5), ('rr', 1.0), ('min_range_atr', 0.3), ('max_range_atr', 3.0))","(('max_trades_day', 1),)",,,
1,XAUUSD,ftmo_1step,2.0,,,,,23.0,20.0,3.0,0.3,nypre,2.0,0.5,1,338,0.6,0.0,8.9,90.5,6.2,3.3,97128.0,163,1.2,0.0,9.2,89.6,4.7,3.5,97366.0,,,"(('rng_type', 'nypre'), ('expire_hour', 20), ('exit_hour', 23), ('sl_frac', 0.5), ('rr', 2.0), ('min_range_atr', 0.3), ('max_range_atr', 3.0))","(('max_trades_day', 1),)",,,
1,XAUUSD,fundingpips_1step,2.0,,,,,23.0,20.0,3.0,0.3,nypre,2.0,0.5,1,338,0.6,0.0,39.1,60.4,6.2,3.1,97395.0,163,1.2,0.0,40.5,58.3,4.7,3.2,97542.0,,,"(('rng_type', 'nypre'), ('expire_hour', 20), ('exit_hour', 23), ('sl_frac', 0.5), ('rr', 2.0), ('min_range_atr', 0.3), ('max_range_atr', 3.0))","(('max_trades_day', 1),)",,,
1,XAUUSD,ftmo_1step,2.0,,,,,23.0,20.0,3.0,0.3,nypre,3.0,0.5,1,338,0.6,0.3,13.1,86.1,5.8,3.3,97075.0,163,1.8,0.6,11.1,86.5,4.7,3.4,97269.0,,,"(('rng_type', 'nypre'), ('expire_hour', 20), ('exit_hour', 23), ('sl_frac', 0.5), ('rr', 3.0), ('min_range_atr', 0.3), ('max_range_atr', 3.0))","(('max_trades_day', 1),)",,,
1,XAUUSD,fundingpips_1step,2.0,,,,,23.0,20.0,3.0,0.3,nypre,3.0,0.5,1,338,1.2,0.0,46.2,52.7,6.1,3.0,97452.0,163,2.5,0.0,44.1,53.4,4.7,3.1,97467.0,,,"(('rng_type', 'nypre'), ('expire_hour', 20), ('exit_hour', 23), ('sl_frac', 0.5), ('rr', 3.0), ('min_range_atr', 0.3), ('max_range_atr', 3.0))","(('max_trades_day', 1),)",,,
1,XAUUSD,ftmo_1step,2.0,,,,,23.0,20.0,3.0,0.3,nypre,0.0,0.5,1,338,0.0,4.1,11.0,84.9,,3.3,97413.0,163,0.6,5.5,6.1,87.7,6.9,3.4,97485.0,1.5,,"(('rng_type', 'nypre'), ('expire_hour', 20), ('exit_hour', 23), ('sl_frac', 0.5), ('rr', 0.0), ('trail', 1.5), ('min_range_atr', 0.3), ('max_range_atr', 3.0))","(('max_trades_day', 1),)",,,
1,XAUUSD,fundingpips_1step,2.0,,,,,23.0,20.0,3.0,0.3,nypre,0.0,0.5,1,338,5.6,0.0,38.8,55.6,2.9,3.0,97919.0,163,6.1,0.0,37.4,56.4,3.9,3.2,97589.0,1.5,,"(('rng_type', 'nypre'), ('expire_hour', 20), ('exit_hour', 23), ('sl_frac', 0.5), ('rr', 0.0), ('trail', 1.5), ('min_range_atr', 0.3), ('max_range_atr', 3.0))","(('max_trades_day', 1),)",,,
1,XAUUSD,ftmo_1step,2.0,,,,,23.0,20.0,3.0,0.3,nypre,1.0,1.0,1,338,0.0,0.0,6.5,93.5,,3.4,96635.0,163,0.0,0.0,4.3,95.7,,3.5,96974.0,,1.0,"(('rng_type', 'nypre'), ('expire_hour', 20), ('exit_hour', 23), ('sl_frac', 1.0), ('sl_atr', 1.0), ('rr', 1.0), ('min_range_atr', 0.3), ('max_range_atr', 3.0))","(('max_trades_day', 1),)",,,
1,XAUUSD,fundingpips_1step,2.0,,,,,23.0,20.0,3.0,0.3,nypre,1.0,1.0,1,338,0.0,0.0,33.7,66.3,,3.2,96766.0,163,0.0,0.0,31.3,68.7,,3.4,97101.0,,1.0,"(('rng_type', 'nypre'), ('expire_hour', 20), ('exit_hour', 23), ('sl_frac', 1.0), ('sl_atr', 1.0), ('rr', 1.0), ('min_range_atr', 0.3), ('max_range_atr', 3.0))","(('max_trades_day', 1),)",,,
1,XAUUSD,ftmo_1step,2.0,,,,,23.0,20.0,3.0,0.3,nypre,2.0,1.0,1,338,0.6,0.0,9.2,90.2,5.7,3.3,96866.0,163,0.6,0.0,11.7,87.7,2.8,3.5,96907.0,,1.0,"(('rng_type', 'nypre'), ('expire_hour', 20), ('exit_hour', 23), ('sl_frac', 1.0), ('sl_atr', 1.0), ('rr', 2.0), ('min_range_atr', 0.3), ('max_range_atr', 3.0))","(('max_trades_day', 1),)",,,
1,XAUUSD,fundingpips_1step,2.0,,,,,23.0,20.0,3.0,0.3,nypre,2.0,1.0,1,338,0.6,0.0,42.0,57.4,5.7,3.1,97054.0,163,0.6,0.0,42.4,57.1,2.8,3.2,97160.0,,1.0,"(('rng_type', 'nypre'), ('expire_hour', 20), ('exit_hour', 23), ('sl_frac', 1.0), ('sl_atr', 1.0), ('rr', 2.0), ('min_range_atr', 0.3), ('max_range_atr', 3.0))","(('max_trades_day', 1),)",,,
1,XAUUSD,ftmo_1step,2.0,,,,,23.0,20.0,3.0,0.3,nypre,3.0,1.0,1,338,0.9,1.2,12.2,85.8,5.6,3.3,96968.0,163,1.2,2.5,15.4,81.0,3.8,3.4,97020.0,,1.0,"(('rng_type', 'nypre'), ('expire_hour', 20), ('exit_hour', 23), ('sl_frac', 1.0), ('sl_atr', 1.0), ('rr', 3.0), ('min_range_atr', 0.3), ('max_range_atr', 3.0))","(('max_trades_day', 1),)",,,
1,XAUUSD,fundingpips_1step,2.0,,,,,23.0,20.0,3.0,0.3,nypre,3.0,1.0,1,338,2.1,0.0,47.4,50.6,5.7,3.0,97192.0,163,3.7,0.0,49.7,46.6,4.3,3.1,97195.0,,1.0,"(('rng_type', 'nypre'), ('expire_hour', 20), ('exit_hour', 23), ('sl_frac', 1.0), ('sl_atr', 1.0), ('rr', 3.0), ('min_range_atr', 0.3), ('max_range_atr', 3.0))","(('max_trades_day', 1),)",,,
1,XAUUSD,ftmo_1step,2.0,,,,,23.0,20.0,3.0,0.3,nypre,0.0,1.0,1,338,0.0,5.9,9.8,84.3,,3.2,97448.0,163,0.0,5.5,9.2,85.3,,3.4,97244.0,1.5,1.0,"(('rng_type', 'nypre'), ('expire_hour', 20), ('exit_hour', 23), ('sl_frac', 1.0), ('sl_atr', 1.0), ('rr', 0.0), ('trail', 1.5), ('min_range_atr', 0.3), ('max_range_atr', 3.0))","(('max_trades_day', 1),)",,,
1,XAUUSD,fundingpips_1step,2.0,,,,,23.0,20.0,3.0,0.3,nypre,0.0,1.0,1,338,6.8,0.0,40.6,52.7,3.9,3.0,97781.0,163,6.1,0.0,39.9,54.0,2.9,3.2,97514.0,1.5,1.0,"(('rng_type', 'nypre'), ('expire_hour', 20), ('exit_hour', 23), ('sl_frac', 1.0), ('sl_atr', 1.0), ('rr', 0.0), ('trail', 1.5), ('min_range_atr', 0.3), ('max_range_atr', 3.0))","(('max_trades_day', 1),)",,,
1,XAUUSD,ftmo_1step,2.0,,,,,18.0,14.0,12.0,1.0,prevday,1.0,1.0,1,338,0.0,0.0,0.0,100.0,,2.5,100058.0,163,0.0,0.0,0.0,100.0,,2.6,100191.0,,,"(('rng_type', 'prevday'), ('expire_hour', 14), ('exit_hour', 18), ('sl_frac', 1.0), ('rr', 1.0), ('min_range_atr', 1.0), ('max_range_atr', 12.0))","(('max_trades_day', 1),)",,,
1,XAUUSD,fundingpips_1step,2.0,,,,,18.0,14.0,12.0,1.0,prevday,1.0,1.0,1,338,0.0,0.0,0.3,99.7,,2.5,100058.0,163,0.0,0.0,0.0,100.0,,2.6,100191.0,,,"(('rng_type', 'prevday'), ('expire_hour', 14), ('exit_hour', 18), ('sl_frac', 1.0), ('rr', 1.0), ('min_range_atr', 1.0), ('max_range_atr', 12.0))","(('max_trades_day', 1),)",,,
1,XAUUSD,ftmo_1step,2.0,,,,,18.0,14.0,12.0,1.0,prevday,2.0,1.0,1,338,0.0,0.0,0.0,100.0,,2.5,100102.0,163,0.0,0.0,0.0,100.0,,2.6,100310.0,,,"(('rng_type', 'prevday'), ('expire_hour', 14), ('exit_hour', 18), ('sl_frac', 1.0), ('rr', 2.0), ('min_range_atr', 1.0), ('max_range_atr', 12.0))","(('max_trades_day', 1),)",,,
1,XAUUSD,fundingpips_1step,2.0,,,,,18.0,14.0,12.0,1.0,prevday,2.0,1.0,1,338,0.0,0.0,0.3,99.7,,2.5,100102.0,163,0.0,0.0,0.0,100.0,,2.6,100310.0,,,"(('rng_type', 'prevday'), ('expire_hour', 14), ('exit_hour', 18), ('sl_frac', 1.0), ('rr', 2.0), ('min_range_atr', 1.0), ('max_range_atr', 12.0))","(('max_trades_day', 1),)",,,
1,XAUUSD,ftmo_1step,2.0,,,,,18.0,14.0,12.0,1.0,prevday,3.0,1.0,1,338,0.0,0.3,0.0,99.7,,2.5,100132.0,163,0.0,0.0,0.0,100.0,,2.6,100260.0,,,"(('rng_type', 'prevday'), ('expire_hour', 14), ('exit_hour', 18), ('sl_frac', 1.0), ('rr', 3.0), ('min_range_atr', 1.0), ('max_range_atr', 12.0))","(('max_trades_day', 1),)",,,
1,XAUUSD,fundingpips_1step,2.0,,,,,18.0,14.0,12.0,1.0,prevday,3.0,1.0,1,338,0.3,0.0,0.3,99.4,6.7,2.5,100133.0,163,0.0,0.0,0.0,100.0,,2.6,100260.0,,,"(('rng_type', 'prevday'), ('expire_hour', 14), ('exit_hour', 18), ('sl_frac', 1.0), ('rr', 3.0), ('min_range_atr', 1.0), ('max_range_atr', 12.0))","(('max_trades_day', 1),)",,,
1,XAUUSD,ftmo_1step,2.0,,,,,18.0,14.0,12.0,1.0,prevday,0.0,1.0,1,338,0.0,0.3,0.0,99.7,,2.5,100099.0,163,0.0,0.0,0.0,100.0,,2.6,100003.0,1.5,,"(('rng_type', 'prevday'), ('expire_hour', 14), ('exit_hour', 18), ('sl_frac', 1.0), ('rr', 0.0), ('trail', 1.5), ('min_range_atr', 1.0), ('max_range_atr', 12.0))","(('max_trades_day', 1),)",,,
1,XAUUSD,fundingpips_1step,2.0,,,,,18.0,14.0,12.0,1.0,prevday,0.0,1.0,1,338,0.3,0.0,0.0,99.7,4.7,2.5,100099.0,163,0.0,0.0,0.0,100.0,,2.6,100003.0,1.5,,"(('rng_type', 'prevday'), ('expire_hour', 14), ('exit_hour', 18), ('sl_frac', 1.0), ('rr', 0.0), ('trail', 1.5), ('min_range_atr', 1.0), ('max_range_atr', 12.0))","(('max_trades_day', 1),)",,,
1,XAUUSD,ftmo_1step,2.0,,,,,18.0,14.0,12.0,1.0,prevday,1.0,0.5,1,338,0.0,0.0,0.0,100.0,,2.5,99856.0,163,0.0,0.0,0.0,100.0,,2.6,99764.0,,,"(('rng_type', 'prevday'), ('expire_hour', 14), ('exit_hour', 18), ('sl_frac', 0.5), ('rr', 1.0), ('min_range_atr', 1.0), ('max_range_atr', 12.0))","(('max_trades_day', 1),)",,,
1,XAUUSD,fundingpips_1step,2.0,,,,,18.0,14.0,12.0,1.0,prevday,1.0,0.5,1,338,0.0,0.0,1.2,98.8,,2.5,99845.0,163,0.0,0.0,3.1,96.9,,2.6,99752.0,,,"(('rng_type', 'prevday'), ('expire_hour', 14), ('exit_hour', 18), ('sl_frac', 0.5), ('rr', 1.0), ('min_range_atr', 1.0), ('max_range_atr', 12.0))","(('max_trades_day', 1),)",,,
1,XAUUSD,ftmo_1step,2.0,,,,,18.0,14.0,12.0,1.0,prevday,2.0,0.5,1,338,0.0,0.0,0.0,100.0,,2.5,100031.0,163,0.0,0.0,0.0,100.0,,2.6,100188.0,,,"(('rng_type', 'prevday'), ('expire_hour', 14), ('exit_hour', 18), ('sl_frac', 0.5), ('rr', 2.0), ('min_range_atr', 1.0), ('max_range_atr', 12.0))","(('max_trades_day', 1),)",,,
1,XAUUSD,fundingpips_1step,2.0,,,,,18.0,14.0,12.0,1.0,prevday,2.0,0.5,1,338,0.0,0.0,1.8,98.2,,2.5,100037.0,163,0.0,0.0,3.1,96.9,,2.6,100169.0,,,"(('rng_type', 'prevday'), ('expire_hour', 14), ('exit_hour', 18), ('sl_frac', 0.5), ('rr', 2.0), ('min_range_atr', 1.0), ('max_range_atr', 12.0))","(('max_trades_day', 1),)",,,
1,XAUUSD,ftmo_1step,2.0,,,,,18.0,14.0,12.0,1.0,prevday,3.0,0.5,1,338,0.0,1.2,0.0,98.8,,2.5,100028.0,163,0.0,1.2,0.0,98.8,,2.6,100279.0,,,"(('rng_type', 'prevday'), ('expire_hour', 14), ('exit_hour', 18), ('sl_frac', 0.5), ('rr', 3.0), ('min_range_atr', 1.0), ('max_range_atr', 12.0))","(('max_trades_day', 1),)",,,
1,XAUUSD,fundingpips_1step,2.0,,,,,18.0,14.0,12.0,1.0,prevday,3.0,0.5,1,338,1.2,0.0,1.8,97.0,5.1,2.5,100034.0,163,1.2,0.0,3.1,95.7,5.2,2.6,100260.0,,,"(('rng_type', 'prevday'), ('expire_hour', 14), ('exit_hour', 18), ('sl_frac', 0.5), ('rr', 3.0), ('min_range_atr', 1.0), ('max_range_atr', 12.0))","(('max_trades_day', 1),)",,,
1,XAUUSD,ftmo_1step,2.0,,,,,18.0,14.0,12.0,1.0,prevday,0.0,0.5,1,338,0.0,1.2,0.0,98.8,,2.5,100197.0,163,0.0,0.6,0.0,99.4,,2.6,100026.0,1.5,,"(('rng_type', 'prevday'), ('expire_hour', 14), ('exit_hour', 18), ('sl_frac', 0.5), ('rr', 0.0), ('trail', 1.5), ('min_range_atr', 1.0), ('max_range_atr', 12.0))","(('max_trades_day', 1),)",,,
1,XAUUSD,fundingpips_1step,2.0,,,,,18.0,14.0,12.0,1.0,prevday,0.0,0.5,1,338,1.2,0.0,0.0,98.8,5.7,2.5,100197.0,163,0.6,0.0,0.0,99.4,0.7,2.6,100026.0,1.5,,"(('rng_type', 'prevday'), ('expire_hour', 14), ('exit_hour', 18), ('sl_frac', 0.5), ('rr', 0.0), ('trail', 1.5), ('min_range_atr', 1.0), ('max_range_atr', 12.0))","(('max_trades_day', 1),)",,,
1,XAUUSD,ftmo_1step,2.0,,,,,18.0,14.0,12.0,1.0,prevday,1.0,1.0,1,338,0.0,0.0,0.6,99.4,,2.5,98601.0,163,0.0,0.0,0.6,99.4,,2.6,98805.0,,1.0,"(('rng_type', 'prevday'), ('expire_hour', 14), ('exit_hour', 18), ('sl_frac', 1.0), ('sl_atr', 1.0), ('rr', 1.0), ('min_range_atr', 1.0), ('max_range_atr', 12.0))","(('max_trades_day', 1),)",,,
1,XAUUSD,fundingpips_1step,2.0,,,,,18.0,14.0,12.0,1.0,prevday,1.0,1.0,1,338,0.0,0.0,12.7,87.3,,2.5,98662.0,163,0.0,0.0,11.0,89.0,,2.6,98747.0,,1.0,"(('rng_type', 'prevday'), ('expire_hour', 14), ('exit_hour', 18), ('sl_frac', 1.0), ('sl_atr', 1.0), ('rr', 1.0), ('min_range_atr', 1.0), ('max_range_atr', 12.0))","(('max_trades_day', 1),)",,,
1,XAUUSD,ftmo_1step,2.0,,,,,18.0,14.0,12.0,1.0,prevday,2.0,1.0,1,338,1.5,0.0,2.7,95.9,6.6,2.5,98721.0,163,1.8,0.0,0.6,97.5,6.5,2.6,99054.0,,1.0,"(('rng_type', 'prevday'), ('expire_hour', 14), ('exit_hour', 18), ('sl_frac', 1.0), ('sl_atr', 1.0), ('rr', 2.0), ('min_range_atr', 1.0), ('max_range_atr', 12.0))","(('max_trades_day', 1),)",,,
1,XAUUSD,fundingpips_1step,2.0,,,,,18.0,14.0,12.0,1.0,prevday,2.0,1.0,1,338,1.5,0.0,19.8,78.7,6.6,2.5,98830.0,163,1.8,0.0,19.6,78.5,6.5,2.6,99021.0,,1.0,"(('rng_type', 'prevday'), ('expire_hour', 14), ('exit_hour', 18), ('sl_frac', 1.0), ('sl_atr', 1.0), ('rr', 2.0), ('min_range_atr', 1.0), ('max_range_atr', 12.0))","(('max_trades_day', 1),)",,,
1,XAUUSD,ftmo_1step,2.0,,,,,18.0,14.0,12.0,1.0,prevday,3.0,1.0,1,338,0.6,2.4,3.6,93.5,6.6,2.5,98819.0,163,1.2,2.5,0.6,95.7,5.1,2.6,99417.0,,1.0,"(('rng_type', 'prevday'), ('expire_hour', 14), ('exit_hour', 18), ('sl_frac', 1.0), ('sl_atr', 1.0), ('rr', 3.0), ('min_range_atr', 1.0), ('max_range_atr', 12.0))","(('max_trades_day', 1),)",,,
1,XAUUSD,fundingpips_1step,2.0,,,,,18.0,14.0,12.0,1.0,prevday,3.0,1.0,1,338,3.6,0.0,22.5,74.0,4.6,2.4,98977.0,163,4.3,0.0,22.1,73.6,3.6,2.6,99381.0,,1.0,"(('rng_type', 'prevday'), ('expire_hour', 14), ('exit_hour', 18), ('sl_frac', 1.0), ('sl_atr', 1.0), ('rr', 3.0), ('min_range_atr', 1.0), ('max_range_atr', 12.0))","(('max_trades_day', 1),)",,,
1,XAUUSD,ftmo_1step,2.0,,,,,18.0,14.0,12.0,1.0,prevday,0.0,1.0,1,338,0.0,5.9,2.4,91.7,,2.5,98954.0,163,0.0,5.5,1.8,92.6,,2.6,99543.0,1.5,1.0,"(('rng_type', 'prevday'), ('expire_hour', 14), ('exit_hour', 18), ('sl_frac', 1.0), ('sl_atr', 1.0), ('rr', 0.0), ('trail', 1.5), ('min_range_atr', 1.0), ('max_range_atr', 12.0))","(('max_trades_day', 1),)",,,
1,XAUUSD,fundingpips_1step,2.0,,,,,18.0,14.0,12.0,1.0,prevday,0.0,1.0,1,338,5.6,0.0,16.0,78.4,4.7,2.4,99016.0,163,6.1,0.0,12.3,81.6,3.2,2.5,99498.0,1.5,1.0,"(('rng_type', 'prevday'), ('expire_hour', 14), ('exit_hour', 18), ('sl_frac', 1.0), ('sl_atr', 1.0), ('rr', 0.0), ('trail', 1.5), ('min_range_atr', 1.0), ('max_range_atr', 12.0))","(('max_trades_day', 1),)",,,
1,XAUUSD,ftmo_1step,2.0,,,,,23.0,17.0,12.0,1.0,prevday,1.0,1.0,1,338,0.0,0.0,0.3,99.7,,3.3,100066.0,163,0.0,0.0,0.6,99.4,,3.4,100201.0,,,"(('rng_type', 'prevday'), ('expire_hour', 17), ('exit_hour', 23), ('sl_frac', 1.0), ('rr', 1.0), ('min_range_atr', 1.0), ('max_range_atr', 12.0))","(('max_trades_day', 1),)",,,
1,XAUUSD,fundingpips_1step,2.0,,,,,23.0,17.0,12.0,1.0,prevday,1.0,1.0,1,338,0.0,0.0,0.3,99.7,,3.3,100066.0,163,0.0,0.0,0.6,99.4,,3.4,100201.0,,,"(('rng_type', 'prevday'), ('expire_hour', 17), ('exit_hour', 23), ('sl_frac', 1.0), ('rr', 1.0), ('min_range_atr', 1.0), ('max_range_atr', 12.0))","(('max_trades_day', 1),)",,,
1,XAUUSD,ftmo_1step,2.0,,,,,23.0,17.0,12.0,1.0,prevday,2.0,1.0,1,338,0.0,0.0,1.2,98.8,,3.2,100046.0,163,0.0,0.0,1.8,98.2,,3.4,100247.0,,,"(('rng_type', 'prevday'), ('expire_hour', 17), ('exit_hour', 23), ('sl_frac', 1.0), ('rr', 2.0), ('min_range_atr', 1.0), ('max_range_atr', 12.0))","(('max_trades_day', 1),)",,,
1,XAUUSD,fundingpips_1step,2.0,,,,,23.0,17.0,12.0,1.0,prevday,2.0,1.0,1,338,0.0,0.0,1.2,98.8,,3.2,100046.0,163,0.0,0.0,1.8,98.2,,3.4,100247.0,,,"(('rng_type', 'prevday'), ('expire_hour', 17), ('exit_hour', 23), ('sl_frac', 1.0), ('rr', 2.0), ('min_range_atr', 1.0), ('max_range_atr', 12.0))","(('max_trades_day', 1),)",,,
1,XAUUSD,ftmo_1step,2.0,,,,,23.0,17.0,12.0,1.0,prevday,3.0,1.0,1,338,0.0,0.0,1.5,98.5,,3.2,100078.0,163,0.0,0.0,3.1,96.9,,3.3,100143.0,,,"(('rng_type', 'prevday'), ('expire_hour', 17), ('exit_hour', 23), ('sl_frac', 1.0), ('rr', 3.0), ('min_range_atr', 1.0), ('max_range_atr', 12.0))","(('max_trades_day', 1),)",,,
1,XAUUSD,fundingpips_1step,2.0,,,,,23.0,17.0,12.0,1.0,prevday,3.0,1.0,1,338,0.0,0.0,1.5,98.5,,3.2,100078.0,163,0.0,0.0,3.1,96.9,,3.3,100143.0,,,"(('rng_type', 'prevday'), ('expire_hour', 17), ('exit_hour', 23), ('sl_frac', 1.0), ('rr', 3.0), ('min_range_atr', 1.0), ('max_range_atr', 12.0))","(('max_trades_day', 1),)",,,
1,XAUUSD,ftmo_1step,2.0,,,,,23.0,17.0,12.0,1.0,prevday,0.0,1.0,1,338,0.0,0.3,0.0,99.7,,3.4,100135.0,163,0.0,0.0,0.0,100.0,,3.5,99967.0,1.5,,"(('rng_type', 'prevday'), ('expire_hour', 17), ('exit_hour', 23), ('sl_frac', 1.0), ('rr', 0.0), ('trail', 1.5), ('min_range_atr', 1.0), ('max_range_atr', 12.0))","(('max_trades_day', 1),)",,,
1,XAUUSD,fundingpips_1step,2.0,,,,,23.0,17.0,12.0,1.0,prevday,0.0,1.0,1,338,0.3,0.0,0.0,99.7,4.9,3.4,100135.0,163,0.0,0.0,0.0,100.0,,3.5,99967.0,1.5,,"(('rng_type', 'prevday'), ('expire_hour', 17), ('exit_hour', 23), ('sl_frac', 1.0), ('rr', 0.0), ('trail', 1.5), ('min_range_atr', 1.0), ('max_range_atr', 12.0))","(('max_trades_day', 1),)",,,
1,XAUUSD,ftmo_1step,2.0,,,,,23.0,17.0,12.0,1.0,prevday,1.0,0.5,1,338,0.0,0.0,2.1,97.9,,3.4,99669.0,163,0.0,0.0,0.6,99.4,,3.5,99783.0,,,"(('rng_type', 'prevday'), ('expire_hour', 17), ('exit_hour', 23), ('sl_frac', 0.5), ('rr', 1.0), ('min_range_atr', 1.0), ('max_range_atr', 12.0))","(('max_trades_day', 1),)",,,
1,XAUUSD,fundingpips_1step,2.0,,,,,23.0,17.0,12.0,1.0,prevday,1.0,0.5,1,338,0.0,0.0,7.4,92.6,,3.3,99644.0,163,0.0,0.0,11.6,88.3,,3.4,99732.0,,,"(('rng_type', 'prevday'), ('expire_hour', 17), ('exit_hour', 23), ('sl_frac', 0.5), ('rr', 1.0), ('min_range_atr', 1.0), ('max_range_atr', 12.0))","(('max_trades_day', 1),)",,,
1,XAUUSD,ftmo_1step,2.0,,,,,23.0,17.0,12.0,1.0,prevday,2.0,0.5,1,338,0.3,0.0,4.4,95.3,6.8,3.3,99869.0,163,0.0,0.6,2.4,96.9,,3.5,100163.0,,,"(('rng_type', 'prevday'), ('expire_hour', 17), ('exit_hour', 23), ('sl_frac', 0.5), ('rr', 2.0), ('min_range_atr', 1.0), ('max_range_atr', 12.0))","(('max_trades_day', 1),)",,,
1,XAUUSD,fundingpips_1step,2.0,,,,,23.0,17.0,12.0,1.0,prevday,2.0,0.5,1,338,0.3,0.0,12.4,87.3,6.8,3.2,99838.0,163,0.6,0.0,14.1,85.3,6.8,3.4,100075.0,,,"(('rng_type', 'prevday'), ('expire_hour', 17), ('exit_hour', 23), ('sl_frac', 0.5), ('rr', 2.0), ('min_range_atr', 1.0), ('max_range_atr', 12.0))","(('max_trades_day', 1),)",,,
1,XAUUSD,ftmo_1step,2.0,,,,,23.0,17.0,12.0,1.0,prevday,3.0,0.5,1,338,0.3,1.5,5.6,92.6,6.7,3.2,99821.0,163,1.8,3.7,3.7,90.8,6.6,3.4,100161.0,,,"(('rng_type', 'prevday'), ('expire_hour', 17), ('exit_hour', 23), ('sl_frac', 0.5), ('rr', 3.0), ('min_range_atr', 1.0), ('max_range_atr', 12.0))","(('max_trades_day', 1),)",,,
1,XAUUSD,fundingpips_1step,2.0,,,,,23.0,17.0,12.0,1.0,prevday,3.0,0.5,1,338,1.8,0.0,13.9,84.3,4.9,3.2,99795.0,163,5.5,0.0,16.0,78.5,4.9,3.3,100060.0,,,"(('rng_type', 'prevday'), ('expire_hour', 17), ('exit_hour', 23), ('sl_frac', 0.5), ('rr', 3.0), ('min_range_atr', 1.0), ('max_range_atr', 12.0))","(('max_trades_day', 1),)",,,
1,XAUUSD,ftmo_1step,2.0,,,,,23.0,17.0,12.0,1.0,prevday,0.0,0.5,1,338,0.3,1.8,0.3,97.6,6.9,3.4,100145.0,163,0.0,2.5,0.0,97.5,,3.5,99868.0,1.5,,"(('rng_type', 'prevday'), ('expire_hour', 17), ('exit_hour', 23), ('sl_frac', 0.5), ('rr', 0.0), ('trail', 1.5), ('min_range_atr', 1.0), ('max_range_atr', 12.0))","(('max_trades_day', 1),)",,,
1,XAUUSD,fundingpips_1step,2.0,,,,,23.0,17.0,12.0,1.0,prevday,0.0,0.5,1,338,2.1,0.0,0.9,97.0,4.9,3.4,100145.0,163,2.5,0.0,0.6,96.9,4.5,3.5,99861.0,1.5,,"(('rng_type', 'prevday'), ('expire_hour', 17), ('exit_hour', 23), ('sl_frac', 0.5), ('rr', 0.0), ('trail', 1.5), ('min_range_atr', 1.0), ('max_range_atr', 12.0))","(('max_trades_day', 1),)",,,
1,XAUUSD,ftmo_1step,2.0,,,,,23.0,17.0,12.0,1.0,prevday,1.0,1.0,1,338,0.0,0.0,3.6,96.4,,3.4,97127.0,163,0.0,0.0,1.2,98.8,,3.5,97466.0,,1.0,"(('rng_type', 'prevday'), ('expire_hour', 17), ('exit_hour', 23), ('sl_frac', 1.0), ('sl_atr', 1.0), ('rr', 1.0), ('min_range_atr', 1.0), ('max_range_atr', 12.0))","(('max_trades_day', 1),)",,,
1,XAUUSD,fundingpips_1step,2.0,,,,,23.0,17.0,12.0,1.0,prevday,1.0,1.0,1,338,0.0,0.0,29.0,71.0,,3.2,97424.0,163,0.0,0.0,27.6,72.4,,3.4,97404.0,,1.0,"(('rng_type', 'prevday'), ('expire_hour', 17), ('exit_hour', 23), ('sl_frac', 1.0), ('sl_atr', 1.0), ('rr', 1.0), ('min_range_atr', 1.0), ('max_range_atr', 12.0))","(('max_trades_day', 1),)",,,
1,XAUUSD,ftmo_1step,2.0,,,,,23.0,17.0,12.0,1.0,prevday,2.0,1.0,1,338,1.2,0.0,7.4,91.4,6.0,3.4,97294.0,163,0.6,0.0,6.7,92.6,4.3,3.5,97635.0,,1.0,"(('rng_type', 'prevday'), ('expire_hour', 17), ('exit_hour', 23), ('sl_frac', 1.0), ('sl_atr', 1.0), ('rr', 2.0), ('min_range_atr', 1.0), ('max_range_atr', 12.0))","(('max_trades_day', 1),)",,,
1,XAUUSD,fundingpips_1step,2.0,,,,,23.0,17.0,12.0,1.0,prevday,2.0,1.0,1,338,1.2,0.0,39.4,59.5,6.0,3.1,97644.0,163,0.6,0.0,43.6,55.8,4.3,3.2,97560.0,,1.0,"(('rng_type', 'prevday'), ('expire_hour', 17), ('exit_hour', 23), ('sl_frac', 1.0), ('sl_atr', 1.0), ('rr', 2.0), ('min_range_atr', 1.0), ('max_range_atr', 12.0))","(('max_trades_day', 1),)",,,
1,XAUUSD,ftmo_1step,2.0,,,,,23.0,17.0,12.0,1.0,prevday,3.0,1.0,1,338,0.9,1.8,11.0,86.4,6.6,3.3,97248.0,163,1.2,1.8,8.6,88.3,5.1,3.4,98048.0,,1.0,"(('rng_type', 'prevday'), ('expire_hour', 17), ('exit_hour', 23), ('sl_frac', 1.0), ('sl_atr', 1.0), ('rr', 3.0), ('min_range_atr', 1.0), ('max_range_atr', 12.0))","(('max_trades_day', 1),)",,,
1,XAUUSD,fundingpips_1step,2.0,,,,,23.0,17.0,12.0,1.0,prevday,3.0,1.0,1,338,2.7,0.0,45.9,51.5,4.6,3.0,97628.0,163,3.7,0.0,48.5,47.9,3.0,3.2,98073.0,,1.0,"(('rng_type', 'prevday'), ('expire_hour', 17), ('exit_hour', 23), ('sl_frac', 1.0), ('sl_atr', 1.0), ('rr', 3.0), ('min_range_atr', 1.0), ('max_range_atr', 12.0))","(('max_trades_day', 1),)",,,
1,XAUUSD,ftmo_1step,2.0,,,,,23.0,17.0,12.0,1.0,prevday,0.0,1.0,1,338,0.0,5.9,8.0,86.1,,3.3,97546.0,163,0.0,5.5,7.3,87.1,,3.4,97964.0,1.5,1.0,"(('rng_type', 'prevday'), ('expire_hour', 17), ('exit_hour', 23), ('sl_frac', 1.0), ('sl_atr', 1.0), ('rr', 0.0), ('trail', 1.5), ('min_range_atr', 1.0), ('max_range_atr', 12.0))","(('max_trades_day', 1),)",,,
1,XAUUSD,fundingpips_1step,2.0,,,,,23.0,17.0,12.0,1.0,prevday,0.0,1.0,1,338,6.2,0.0,35.5,58.3,4.9,3.1,97832.0,163,5.5,0.0,35.0,59.5,2.6,3.3,97744.0,1.5,1.0,"(('rng_type', 'prevday'), ('expire_hour', 17), ('exit_hour', 23), ('sl_frac', 1.0), ('sl_atr', 1.0), ('rr', 0.0), ('trail', 1.5), ('min_range_atr', 1.0), ('max_range_atr', 12.0))","(('max_trades_day', 1),)",,,
1,GBPUSD,ftmo_1step,2.0,,,,,18.0,14.0,3.0,0.3,asian,1.0,1.0,1,395,0.0,0.0,1.8,98.2,,3.6,99936.0,205,0.0,0.0,0.5,99.5,,3.8,100159.0,,,"(('rng_type', 'asian'), ('expire_hour', 14), ('exit_hour', 18), ('sl_frac', 1.0), ('rr', 1.0), ('min_range_atr', 0.3), ('max_range_atr', 3.0))","(('max_trades_day', 1),)",,,
1,GBPUSD,fundingpips_1step,2.0,,,,,18.0,14.0,3.0,0.3,asian,1.0,1.0,1,395,0.0,0.0,11.1,88.9,,3.5,100013.0,205,0.0,0.0,11.7,88.3,,3.7,100089.0,,,"(('rng_type', 'asian'), ('expire_hour', 14), ('exit_hour', 18), ('sl_frac', 1.0), ('rr', 1.0), ('min_range_atr', 0.3), ('max_range_atr', 3.0))","(('max_trades_day', 1),)",,,
1,GBPUSD,ftmo_1step,2.0,,,,,18.0,14.0,3.0,0.3,asian,2.0,1.0,1,395,4.1,0.0,6.1,89.9,4.1,3.5,99814.0,205,2.0,0.0,3.9,94.1,4.6,3.8,100256.0,,,"(('rng_type', 'asian'), ('expire_hour', 14), ('exit_hour', 18), ('sl_frac', 1.0), ('rr', 2.0), ('min_range_atr', 0.3), ('max_range_atr', 3.0))","(('max_trades_day', 1),)",,,
1,GBPUSD,fundingpips_1step,2.0,,,,,18.0,14.0,3.0,0.3,asian,2.0,1.0,1,395,4.1,0.0,18.0,78.0,4.1,3.4,99923.0,205,2.0,0.0,19.5,78.5,4.6,3.6,100204.0,,,"(('rng_type', 'asian'), ('expire_hour', 14), ('exit_hour', 18), ('sl_frac', 1.0), ('rr', 2.0), ('min_range_atr', 0.3), ('max_range_atr', 3.0))","(('max_trades_day', 1),)",,,
1,GBPUSD,ftmo_1step,2.0,,,,,18.0,14.0,3.0,0.3,asian,3.0,1.0,1,395,2.8,1.8,7.8,87.6,5.4,3.5,99858.0,205,3.9,2.9,5.9,87.3,5.6,3.7,100372.0,,,"(('rng_type', 'asian'), ('expire_hour', 14), ('exit_hour', 18), ('sl_frac', 1.0), ('rr', 3.0), ('min_range_atr', 0.3), ('max_range_atr', 3.0))","(('max_trades_day', 1),)",,,
1,GBPUSD,fundingpips_1step,2.0,,,,,18.0,14.0,3.0,0.3,asian,3.0,1.0,1,395,4.6,0.0,19.5,75.9,5.4,3.4,99947.0,205,6.8,0.0,20.5,72.7,4.5,3.5,100256.0,,,"(('rng_type', 'asian'), ('expire_hour', 14), ('exit_hour', 18), ('sl_frac', 1.0), ('rr', 3.0), ('min_range_atr', 0.3), ('max_range_atr', 3.0))","(('max_trades_day', 1),)",,,
1,GBPUSD,ftmo_1step,2.0,,,,,18.0,14.0,3.0,0.3,asian,0.0,1.0,1,395,0.8,2.3,0.3,96.7,4.5,3.5,99958.0,205,0.5,2.4,0.0,97.1,6.5,3.8,99890.0,1.5,,"(('rng_type', 'asian'), ('expire_hour', 14), ('exit_hour', 18), ('sl_frac', 1.0), ('rr', 0.0), ('trail', 1.5), ('min_range_atr', 0.3), ('max_range_atr', 3.0))","(('max_trades_day', 1),)",,,
1,GBPUSD,fundingpips_1step,2.0,,,,,18.0,14.0,3.0,0.3,asian,0.0,1.0,1,395,3.0,0.0,4.3,92.7,3.2,3.5,99952.0,205,2.9,0.0,2.0,95.1,4.7,3.7,99868.0,1.5,,"(('rng_type', 'asian'), ('expire_hour', 14), ('exit_hour', 18), ('sl_frac', 1.0), ('rr', 0.0), ('trail', 1.5), ('min_range_atr', 0.3), ('max_range_atr', 3.0))","(('max_trades_day', 1),)",,,
1,GBPUSD,ftmo_1step,2.0,,,,,18.0,14.0,3.0,0.3,asian,1.0,0.5,1,395,0.0,0.0,2.0,98.0,,3.6,98016.0,205,0.0,0.0,3.9,96.1,,3.8,97596.0,,,"(('rng_type', 'asian'), ('expire_hour', 14), ('exit_hour', 18), ('sl_frac', 0.5), ('rr', 1.0), ('min_range_atr', 0.3), ('max_range_atr', 3.0))","(('max_trades_day', 1),)",,,
1,GBPUSD,fundingpips_1step,2.0,,,,,18.0,14.0,3.0,0.3,asian,1.0,0.5,1,395,0.0,0.0,25.3,74.7,,3.4,98007.0,205,0.0,0.0,28.3,71.7,,3.6,97813.0,,,"(('rng_type', 'asian'), ('expire_hour', 14), ('exit_hour', 18), ('sl_frac', 0.5), ('rr', 1.0), ('min_range_atr', 0.3), ('max_range_atr', 3.0))","(('max_trades_day', 1),)",,,
1,GBPUSD,ftmo_1step,2.0,,,,,18.0,14.0,3.0,0.3,asian,2.0,0.5,1,395,1.3,0.0,7.8,90.9,4.5,3.5,98418.0,205,2.0,0.0,9.8,88.3,3.9,3.8,97628.0,,,"(('rng_type', 'asian'), ('expire_hour', 14), ('exit_hour', 18), ('sl_frac', 0.5), ('rr', 2.0), ('min_range_atr', 0.3), ('max_range_atr', 3.0))","(('max_trades_day', 1),)",,,
1,GBPUSD,fundingpips_1step,2.0,,,,,18.0,14.0,3.0,0.3,asian,2.0,0.5,1,395,1.5,0.0,29.6,68.9,4.4,3.3,98433.0,205,2.0,0.0,38.5,59.5,3.9,3.4,97969.0,,,"(('rng_type', 'asian'), ('expire_hour', 14), ('exit_hour', 18), ('sl_frac', 0.5), ('rr', 2.0), ('min_range_atr', 0.3), ('max_range_atr', 3.0))","(('max_trades_day', 1),)",,,
1,GBPUSD,ftmo_1step,2.0,,,,,18.0,14.0,3.0,0.3,asian,3.0,0.5,1,395,2.0,3.3,15.7,79.0,6.0,3.4,98276.0,205,2.4,2.9,17.6,77.1,6.4,3.6,97689.0,,,"(('rng_type', 'asian'), ('expire_hour', 14), ('exit_hour', 18), ('sl_frac', 0.5), ('rr', 3.0), ('min_range_atr', 0.3), ('max_range_atr', 3.0))","(('max_trades_day', 1),)",,,
1,GBPUSD,fundingpips_1step,2.0,,,,,18.0,14.0,3.0,0.3,asian,3.0,0.5,1,395,5.6,0.0,38.7,55.7,4.4,3.1,98356.0,205,5.4,0.0,47.3,47.3,2.4,3.3,98040.0,,,"(('rng_type', 'asian'), ('expire_hour', 14), ('exit_hour', 18), ('sl_frac', 0.5), ('rr', 3.0), ('min_range_atr', 0.3), ('max_range_atr', 3.0))","(('max_trades_day', 1),)",,,
1,GBPUSD,ftmo_1step,2.0,,,,,18.0,14.0,3.0,0.3,asian,0.0,0.5,1,395,0.0,6.3,7.6,86.1,,3.4,98368.0,205,0.5,3.9,8.8,86.8,5.4,3.7,97177.0,1.5,,"(('rng_type', 'asian'), ('expire_hour', 14), ('exit_hour', 18), ('sl_frac', 0.5), ('rr', 0.0), ('trail', 1.5), ('min_range_atr', 0.3), ('max_range_atr', 3.0))","(('max_trades_day', 1),)",,,
1,GBPUSD,fundingpips_1step,2.0,,,,,18.0,14.0,3.0,0.3,asian,0.0,0.5,1,395,7.6,0.0,29.1,63.3,1.7,3.2,98566.0,205,4.4,0.0,35.6,60.0,4.5,3.4,97507.0,1.5,,"(('rng_type', 'asian'), ('expire_hour', 14), ('exit_hour', 18), ('sl_frac', 0.5), ('rr', 0.0), ('trail', 1.5), ('min_range_atr', 0.3), ('max_range_atr', 3.0))","(('max_trades_day', 1),)",,,
1,GBPUSD,ftmo_1step,2.0,,,,,18.0,14.0,3.0,0.3,asian,1.0,1.0,1,395,0.0,0.0,3.5,96.5,,3.6,97918.0,205,0.0,0.0,4.4,95.6,,3.8,97638.0,,1.0,"(('rng_type', 'asian'), ('expire_hour', 14), ('exit_hour', 18), ('sl_frac', 1.0), ('sl_atr', 1.0), ('rr', 1.0), ('min_range_atr', 0.3), ('max_range_atr', 3.0))","(('max_trades_day', 1),)",,,
1,GBPUSD,fundingpips_1step,2.0,,,,,18.0,14.0,3.0,0.3,asian,1.0,1.0,1,395,0.0,0.0,26.1,73.9,,3.4,97982.0,205,0.0,0.0,25.9,74.1,,3.6,97879.0,,1.0,"(('rng_type', 'asian'), ('expire_hour', 14), ('exit_hour', 18), ('sl_frac', 1.0), ('sl_atr', 1.0), ('rr', 1.0), ('min_range_atr', 0.3), ('max_range_atr', 3.0))","(('max_trades_day', 1),)",,,
1,GBPUSD,ftmo_1step,2.0,,,,,18.0,14.0,3.0,0.3,asian,2.0,1.0,1,395,0.8,0.0,9.4,89.9,3.5,3.5,98164.0,205,2.9,0.0,12.2,84.9,4.4,3.7,97854.0,,1.0,"(('rng_type', 'asian'), ('expire_hour', 14), ('exit_hour', 18), ('sl_frac', 1.0), ('sl_atr', 1.0), ('rr', 2.0), ('min_range_atr', 0.3), ('max_range_atr', 3.0))","(('max_trades_day', 1),)",,,
1,GBPUSD,fundingpips_1step,2.0,,,,,18.0,14.0,3.0,0.3,asian,2.0,1.0,1,395,1.0,0.0,32.4,66.6,3.5,3.3,98284.0,205,2.9,0.0,39.0,58.0,4.4,3.4,98144.0,,1.0,"(('rng_type', 'asian'), ('expire_hour', 14), ('exit_hour', 18), ('sl_frac', 1.0), ('sl_atr', 1.0), ('rr', 2.0), ('min_range_atr', 0.3), ('max_range_atr', 3.0))","(('max_trades_day', 1),)",,,
1,GBPUSD,ftmo_1step,2.0,,,,,18.0,14.0,3.0,0.3,asian,3.0,1.0,1,395,1.8,4.6,15.2,78.5,5.4,3.4,98245.0,205,0.5,2.9,22.0,74.6,6.4,3.6,97358.0,,1.0,"(('rng_type', 'asian'), ('expire_hour', 14), ('exit_hour', 18), ('sl_frac', 1.0), ('sl_atr', 1.0), ('rr', 3.0), ('min_range_atr', 0.3), ('max_range_atr', 3.0))","(('max_trades_day', 1),)",,,
1,GBPUSD,fundingpips_1step,2.0,,,,,18.0,14.0,3.0,0.3,asian,3.0,1.0,1,395,6.3,0.0,40.0,53.7,3.6,3.1,98421.0,205,3.4,0.0,48.8,47.8,1.5,3.2,97835.0,,1.0,"(('rng_type', 'asian'), ('expire_hour', 14), ('exit_hour', 18), ('sl_frac', 1.0), ('sl_atr', 1.0), ('rr', 3.0), ('min_range_atr', 0.3), ('max_range_atr', 3.0))","(('max_trades_day', 1),)",,,
1,GBPUSD,ftmo_1step,2.0,,,,,18.0,14.0,3.0,0.3,asian,0.0,1.0,1,395,0.0,5.8,10.4,83.8,,3.4,98214.0,205,0.0,6.8,10.2,82.9,,3.6,97413.0,1.5,1.0,"(('rng_type', 'asian'), ('expire_hour', 14), ('exit_hour', 18), ('sl_frac', 1.0), ('sl_atr', 1.0), ('rr', 0.0), ('trail', 1.5), ('min_range_atr', 0.3), ('max_range_atr', 3.0))","(('max_trades_day', 1),)",,,
1,GBPUSD,fundingpips_1step,2.0,,,,,18.0,14.0,3.0,0.3,asian,0.0,1.0,1,395,6.6,0.0,32.2,61.3,1.7,3.2,98435.0,205,7.3,0.0,35.1,57.6,3.6,3.4,97870.0,1.5,1.0,"(('rng_type', 'asian'), ('expire_hour', 14), ('exit_hour', 18), ('sl_frac', 1.0), ('sl_atr', 1.0), ('rr', 0.0), ('trail', 1.5), ('min_range_atr', 0.3), ('max_range_atr', 3.0))","(('max_trades_day', 1),)",,,
1,GBPUSD,ftmo_1step,2.0,,,,,23.0,17.0,3.0,0.3,asian,1.0,1.0,1,395,0.0,0.0,1.8,98.2,,3.6,99937.0,205,0.0,0.0,0.5,99.5,,3.8,100194.0,,,"(('rng_type', 'asian'), ('expire_hour', 17), ('exit_hour', 23), ('sl_frac', 1.0), ('rr', 1.0), ('min_range_atr', 0.3), ('max_range_atr', 3.0))","(('max_trades_day', 1),)",,,
1,GBPUSD,fundingpips_1step,2.0,,,,,23.0,17.0,3.0,0.3,asian,1.0,1.0,1,395,0.0,0.0,11.9,88.1,,3.5,100006.0,205,0.0,0.0,11.7,88.3,,3.7,100128.0,,,"(('rng_type', 'asian'), ('expire_hour', 17), ('exit_hour', 23), ('sl_frac', 1.0), ('rr', 1.0), ('min_range_atr', 0.3), ('max_range_atr', 3.0))","(('max_trades_day', 1),)",,,
1,GBPUSD,ftmo_1step,2.0,,,,,23.0,17.0,3.0,0.3,asian,2.0,1.0,1,395,3.8,0.3,6.3,89.6,3.9,3.5,99729.0,205,2.4,0.0,4.4,93.2,5.7,3.8,100232.0,,,"(('rng_type', 'asian'), ('expire_hour', 17), ('exit_hour', 23), ('sl_frac', 1.0), ('rr', 2.0), ('min_range_atr', 0.3), ('max_range_atr', 3.0))","(('max_trades_day', 1),)",,,
1,GBPUSD,fundingpips_1step,2.0,,,,,23.0,17.0,3.0,0.3,asian,2.0,1.0,1,395,4.1,0.0,19.7,76.2,4.2,3.4,99868.0,205,2.4,0.0,20.5,77.1,5.7,3.6,100255.0,,,"(('rng_type', 'asian'), ('expire_hour', 17), ('exit_hour', 23), ('sl_frac', 1.0), ('rr', 2.0), ('min_range_atr', 0.3), ('max_range_atr', 3.0))","(('max_trades_day', 1),)",,,
1,GBPUSD,ftmo_1step,2.0,,,,,23.0,17.0,3.0,0.3,asian,3.0,1.0,1,395,2.5,4.1,10.7,82.8,6.1,3.5,99792.0,205,3.9,3.9,7.3,84.9,5.1,3.7,100311.0,,,"(('rng_type', 'asian'), ('expire_hour', 17), ('exit_hour', 23), ('sl_frac', 1.0), ('rr', 3.0), ('min_range_atr', 0.3), ('max_range_atr', 3.0))","(('max_trades_day', 1),)",,,
1,GBPUSD,fundingpips_1step,2.0,,,,,23.0,17.0,3.0,0.3,asian,3.0,1.0,1,395,6.6,0.0,23.6,69.9,4.9,3.3,99937.0,205,7.8,0.0,22.9,69.3,3.7,3.5,100266.0,,,"(('rng_type', 'asian'), ('expire_hour', 17), ('exit_hour', 23), ('sl_frac', 1.0), ('rr', 3.0), ('min_range_atr', 0.3), ('max_range_atr', 3.0))","(('max_trades_day', 1),)",,,
1,GBPUSD,ftmo_1step,2.0,,,,,23.0,17.0,3.0,0.3,asian,0.0,1.0,1,395,1.0,2.3,0.3,96.5,5.0,3.5,99927.0,205,0.5,2.9,0.0,96.6,6.5,3.8,99882.0,1.5,,"(('rng_type', 'asian'), ('expire_hour', 17), ('exit_hour', 23), ('sl_frac', 1.0), ('rr', 0.0), ('trail', 1.5), ('min_range_atr', 0.3), ('max_range_atr', 3.0))","(('max_trades_day', 1),)",,,
1,GBPUSD,fundingpips_1step,2.0,,,,,23.0,17.0,3.0,0.3,asian,0.0,1.0,1,395,3.3,0.0,4.1,92.7,2.7,3.5,99921.0,205,3.4,0.0,2.4,94.1,4.6,3.8,99870.0,1.5,,"(('rng_type', 'asian'), ('expire_hour', 17), ('exit_hour', 23), ('sl_frac', 1.0), ('rr', 0.0), ('trail', 1.5), ('min_range_atr', 0.3), ('max_range_atr', 3.0))","(('max_trades_day', 1),)",,,
1,GBPUSD,ftmo_1step,2.0,,,,,23.0,17.0,3.0,0.3,asian,1.0,0.5,1,395,0.0,0.0,2.0,98.0,,3.6,98019.0,205,0.0,0.0,4.4,95.6,,3.8,97580.0,,,"(('rng_type', 'asian'), ('expire_hour', 17), ('exit_hour', 23), ('sl_frac', 0.5), ('rr', 1.0), ('min_range_atr', 0.3), ('max_range_atr', 3.0))","(('max_trades_day', 1),)",,,
1,GBPUSD,fundingpips_1step,2.0,,,,,23.0,17.0,3.0,0.3,asian,1.0,0.5,1,395,0.0,0.0,25.3,74.7,,3.4,98015.0,205,0.0,0.0,28.8,71.2,,3.6,97808.0,,,"(('rng_type', 'asian'), ('expire_hour', 17), ('exit_hour', 23), ('sl_frac', 0.5), ('rr', 1.0), ('min_range_atr', 0.3), ('max_range_atr', 3.0))","(('max_trades_day', 1),)",,,
1,GBPUSD,ftmo_1step,2.0,,,,,23.0,17.0,3.0,0.3,asian,2.0,0.5,1,395,1.3,0.0,8.4,90.4,4.5,3.6,98391.0,205,2.0,0.0,11.2,86.8,3.9,3.8,97554.0,,,"(('rng_type', 'asian'), ('expire_hour', 17), ('exit_hour', 23), ('sl_frac', 0.5), ('rr', 2.0), ('min_range_atr', 0.3), ('max_range_atr', 3.0))","(('max_trades_day', 1),)",,,
1,GBPUSD,fundingpips_1step,2.0,,,,,23.0,17.0,3.0,0.3,asian,2.0,0.5,1,395,1.5,0.0,29.6,68.9,4.4,3.3,98441.0,205,2.0,0.0,39.5,58.5,3.9,3.4,97912.0,,,"(('rng_type', 'asian'), ('expire_hour', 17), ('exit_hour', 23), ('sl_frac', 0.5), ('rr', 2.0), ('min_range_atr', 0.3), ('max_range_atr', 3.0))","(('max_trades_day', 1),)",,,
1,GBPUSD,ftmo_1step,2.0,,,,,23.0,17.0,3.0,0.3,asian,3.0,0.5,1,395,1.5,3.3,17.0,78.2,6.2,3.4,98184.0,205,2.9,3.4,20.0,73.7,6.5,3.7,97633.0,,,"(('rng_type', 'asian'), ('expire_hour', 17), ('exit_hour', 23), ('sl_frac', 0.5), ('rr', 3.0), ('min_range_atr', 0.3), ('max_range_atr', 3.0))","(('max_trades_day', 1),)",,,
1,GBPUSD,fundingpips_1step,2.0,,,,,23.0,17.0,3.0,0.3,asian,3.0,0.5,1,395,5.1,0.0,40.3,54.7,4.0,3.1,98294.0,205,6.3,0.0,49.3,44.4,2.9,3.3,98075.0,,,"(('rng_type', 'asian'), ('expire_hour', 17), ('exit_hour', 23), ('sl_frac', 0.5), ('rr', 3.0), ('min_range_atr', 0.3), ('max_range_atr', 3.0))","(('max_trades_day', 1),)",,,
1,GBPUSD,ftmo_1step,2.0,,,,,23.0,17.0,3.0,0.3,asian,0.0,0.5,1,395,0.3,4.8,8.4,86.6,4.5,3.4,98363.0,205,0.5,5.4,9.3,84.9,5.4,3.7,97210.0,1.5,,"(('rng_type', 'asian'), ('expire_hour', 17), ('exit_hour', 23), ('sl_frac', 0.5), ('rr', 0.0), ('trail', 1.5), ('min_range_atr', 0.3), ('max_range_atr', 3.0))","(('max_trades_day', 1),)",,,
1,GBPUSD,fundingpips_1step,2.0,,,,,23.0,17.0,3.0,0.3,asian,0.0,0.5,1,395,6.6,0.0,28.9,64.6,1.9,3.2,98588.0,205,5.9,0.0,36.6,57.6,4.0,3.4,97562.0,1.5,,"(('rng_type', 'asian'), ('expire_hour', 17), ('exit_hour', 23), ('sl_frac', 0.5), ('rr', 0.0), ('trail', 1.5), ('min_range_atr', 0.3), ('max_range_atr', 3.0))","(('max_trades_day', 1),)",,,
1,GBPUSD,ftmo_1step,2.0,,,,,23.0,17.0,3.0,0.3,asian,1.0,1.0,1,395,0.0,0.0,3.8,96.2,,3.6,97917.0,205,0.0,0.0,4.9,95.1,,3.8,97604.0,,1.0,"(('rng_type', 'asian'), ('expire_hour', 17), ('exit_hour', 23), ('sl_frac', 1.0), ('sl_atr', 1.0), ('rr', 1.0), ('min_range_atr', 0.3), ('max_range_atr', 3.0))","(('max_trades_day', 1),)",,,
1,GBPUSD,fundingpips_1step,2.0,,,,,23.0,17.0,3.0,0.3,asian,1.0,1.0,1,395,0.0,0.0,26.1,73.9,,3.4,97985.0,205,0.0,0.0,26.3,73.7,,3.6,97857.0,,1.0,"(('rng_type', 'asian'), ('expire_hour', 17), ('exit_hour', 23), ('sl_frac', 1.0), ('sl_atr', 1.0), ('rr', 1.0), ('min_range_atr', 0.3), ('max_range_atr', 3.0))","(('max_trades_day', 1),)",,,
1,GBPUSD,ftmo_1step,2.0,,,,,23.0,17.0,3.0,0.3,asian,2.0,1.0,1,395,0.8,0.0,9.6,89.6,3.5,3.5,98173.0,205,2.9,0.0,13.2,83.9,4.4,3.8,97776.0,,1.0,"(('rng_type', 'asian'), ('expire_hour', 17), ('exit_hour', 23), ('sl_frac', 1.0), ('sl_atr', 1.0), ('rr', 2.0), ('min_range_atr', 0.3), ('max_range_atr', 3.0))","(('max_trades_day', 1),)",,,
1,GBPUSD,fundingpips_1step,2.0,,,,,23.0,17.0,3.0,0.3,asian,2.0,1.0,1,395,1.0,0.0,32.4,66.6,3.5,3.3,98294.0,205,2.9,0.0,39.5,57.6,4.4,3.4,98059.0,,1.0,"(('rng_type', 'asian'), ('expire_hour', 17), ('exit_hour', 23), ('sl_frac', 1.0), ('sl_atr', 1.0), ('rr', 2.0), ('min_range_atr', 0.3), ('max_range_atr', 3.0))","(('max_trades_day', 1),)",,,
1,GBPUSD,ftmo_1step,2.0,,,,,23.0,17.0,3.0,0.3,asian,3.0,1.0,1,395,1.5,5.1,15.9,77.5,4.9,3.4,98311.0,205,1.0,3.4,24.4,71.2,6.6,3.6,97271.0,,1.0,"(('rng_type', 'asian'), ('expire_hour', 17), ('exit_hour', 23), ('sl_frac', 1.0), ('sl_atr', 1.0), ('rr', 3.0), ('min_range_atr', 0.3), ('max_range_atr', 3.0))","(('max_trades_day', 1),)",,,
1,GBPUSD,fundingpips_1step,2.0,,,,,23.0,17.0,3.0,0.3,asian,3.0,1.0,1,395,6.6,0.0,40.3,53.2,3.6,3.1,98499.0,205,4.4,0.0,50.2,45.4,1.5,3.2,97861.0,,1.0,"(('rng_type', 'asian'), ('expire_hour', 17), ('exit_hour', 23), ('sl_frac', 1.0), ('sl_atr', 1.0), ('rr', 3.0), ('min_range_atr', 0.3), ('max_range_atr', 3.0))","(('max_trades_day', 1),)",,,
1,GBPUSD,ftmo_1step,2.0,,,,,23.0,17.0,3.0,0.3,asian,0.0,1.0,1,395,0.0,5.6,11.4,83.0,,3.5,98234.0,205,0.5,5.9,11.2,82.4,6.9,3.7,97393.0,1.5,1.0,"(('rng_type', 'asian'), ('expire_hour', 17), ('exit_hour', 23), ('sl_frac', 1.0), ('sl_atr', 1.0), ('rr', 0.0), ('trail', 1.5), ('min_range_atr', 0.3), ('max_range_atr', 3.0))","(('max_trades_day', 1),)",,,
1,GBPUSD,fundingpips_1step,2.0,,,,,23.0,17.0,3.0,0.3,asian,0.0,1.0,1,395,6.3,0.0,31.9,61.8,2.7,3.2,98456.0,205,6.8,0.0,36.1,57.1,3.6,3.4,97907.0,1.5,1.0,"(('rng_type', 'asian'), ('expire_hour', 17), ('exit_hour', 23), ('sl_frac', 1.0), ('sl_atr', 1.0), ('rr', 0.0), ('trail', 1.5), ('min_range_atr', 0.3), ('max_range_atr', 3.0))","(('max_trades_day', 1),)",,,
1,GBPUSD,ftmo_1step,2.0,,,,,18.0,14.0,3.0,0.3,prelondon,1.0,1.0,1,395,0.0,0.0,2.0,98.0,,4.0,100014.0,205,0.0,0.0,2.4,97.6,,4.4,99818.0,,,"(('rng_type', 'prelondon'), ('expire_hour', 14), ('exit_hour', 18), ('sl_frac', 1.0), ('rr', 1.0), ('min_range_atr', 0.3), ('max_range_atr', 3.0))","(('max_trades_day', 1),)",,,
1,GBPUSD,fundingpips_1step,2.0,,,,,18.0,14.0,3.0,0.3,prelondon,1.0,1.0,1,395,0.0,0.0,12.2,87.8,,3.9,99990.0,205,0.0,0.0,17.1,82.9,,4.2,99801.0,,,"(('rng_type', 'prelondon'), ('expire_hour', 14), ('exit_hour', 18), ('sl_frac', 1.0), ('rr', 1.0), ('min_range_atr', 0.3), ('max_range_atr', 3.0))","(('max_trades_day', 1),)",,,
1,GBPUSD,ftmo_1step,2.0,,,,,18.0,14.0,3.0,0.3,prelondon,2.0,1.0,1,395,4.8,0.0,5.8,89.4,5.5,4.0,99983.0,205,2.9,0.0,7.8,89.3,4.1,4.3,99974.0,,,"(('rng_type', 'prelondon'), ('expire_hour', 14), ('exit_hour', 18), ('sl_frac', 1.0), ('rr', 2.0), ('min_range_atr', 0.3), ('max_range_atr', 3.0))","(('max_trades_day', 1),)",,,
1,GBPUSD,fundingpips_1step,2.0,,,,,18.0,14.0,3.0,0.3,prelondon,2.0,1.0,1,395,4.8,0.0,21.0,74.2,5.5,3.8,99968.0,205,2.9,0.0,22.9,74.1,4.1,4.1,100094.0,,,"(('rng_type', 'prelondon'), ('expire_hour', 14), ('exit_hour', 18), ('sl_frac', 1.0), ('rr', 2.0), ('min_range_atr', 0.3), ('max_range_atr', 3.0))","(('max_trades_day', 1),)",,,
1,GBPUSD,ftmo_1step,2.0,,,,,18.0,14.0,3.0,0.3,prelondon,3.0,1.0,1,395,4.1,3.0,7.3,85.6,5.6,3.9,100081.0,205,3.9,2.4,10.2,83.4,6.1,4.3,99891.0,,,"(('rng_type', 'prelondon'), ('expire_hour', 14), ('exit_hour', 18), ('sl_frac', 1.0), ('rr', 3.0), ('min_range_atr', 0.3), ('max_range_atr', 3.0))","(('max_trades_day', 1),)",,,
1,GBPUSD,fundingpips_1step,2.0,,,,,18.0,14.0,3.0,0.3,prelondon,3.0,1.0,1,395,7.1,0.0,22.8,70.1,4.6,3.7,100076.0,205,6.3,0.0,25.4,68.3,3.7,4.0,99961.0,,,"(('rng_type', 'prelondon'), ('expire_hour', 14), ('exit_hour', 18), ('sl_frac', 1.0), ('rr', 3.0), ('min_range_atr', 0.3), ('max_range_atr', 3.0))","(('max_trades_day', 1),)",,,
1,GBPUSD,ftmo_1step,2.0,,,,,18.0,14.0,3.0,0.3,prelondon,0.0,1.0,1,395,0.8,3.8,0.3,95.2,6.7,4.0,100006.0,205,0.5,2.9,0.0,96.6,6.6,4.3,99614.0,1.5,,"(('rng_type', 'prelondon'), ('expire_hour', 14), ('exit_hour', 18), ('sl_frac', 1.0), ('rr', 0.0), ('trail', 1.5), ('min_range_atr', 0.3), ('max_range_atr', 3.0))","(('max_trades_day', 1),)",,,
1,GBPUSD,fundingpips_1step,2.0,,,,,18.0,14.0,3.0,0.3,prelondon,0.0,1.0,1,395,4.6,0.0,9.1,86.3,2.7,3.9,99937.0,205,3.4,0.0,11.2,85.4,3.7,4.3,99550.0,1.5,,"(('rng_type', 'prelondon'), ('expire_hour', 14), ('exit_hour', 18), ('sl_frac', 1.0), ('rr', 0.0), ('trail', 1.5), ('min_range_atr', 0.3), ('max_range_atr', 3.0))","(('max_trades_day', 1),)",,,
1,GBPUSD,ftmo_1step,2.0,,,,,18.0,14.0,3.0,0.3,prelondon,1.0,0.5,1,395,0.0,0.0,7.8,92.2,,4.0,97119.0,205,0.0,0.0,8.3,91.7,,4.4,96237.0,,,"(('rng_type', 'prelondon'), ('expire_hour', 14), ('exit_hour', 18), ('sl_frac', 0.5), ('rr', 1.0), ('min_range_atr', 0.3), ('max_range_atr', 3.0))","(('max_trades_day', 1),)",,,
1,GBPUSD,fundingpips_1step,2.0,,,,,18.0,14.0,3.0,0.3,prelondon,1.0,0.5,1,395,0.0,0.0,32.7,67.3,,3.7,97357.0,205,0.0,0.0,42.9,57.1,,3.9,96527.0,,,"(('rng_type', 'prelondon'), ('expire_hour', 14), ('exit_hour', 18), ('sl_frac', 0.5), ('rr', 1.0), ('min_range_atr', 0.3), ('max_range_atr', 3.0))","(('max_trades_day', 1),)",,,
1,GBPUSD,ftmo_1step,2.0,,,,,18.0,14.0,3.0,0.3,prelondon,2.0,0.5,1,395,0.5,0.0,18.2,81.3,4.1,4.0,97289.0,205,2.4,0.0,17.6,80.0,3.5,4.3,96566.0,,,"(('rng_type', 'prelondon'), ('expire_hour', 14), ('exit_hour', 18), ('sl_frac', 0.5), ('rr', 2.0), ('min_range_atr', 0.3), ('max_range_atr', 3.0))","(('max_trades_day', 1),)",,,
1,GBPUSD,fundingpips_1step,2.0,,,,,18.0,14.0,3.0,0.3,prelondon,2.0,0.5,1,395,0.5,0.0,38.7,60.8,4.1,3.5,97789.0,205,2.4,0.0,45.4,52.2,3.5,3.7,97012.0,,,"(('rng_type', 'prelondon'), ('expire_hour', 14), ('exit_hour', 18), ('sl_frac', 0.5), ('rr', 2.0), ('min_range_atr', 0.3), ('max_range_atr', 3.0))","(('max_trades_day', 1),)",,,
1,GBPUSD,ftmo_1step,2.0,,,,,18.0,14.0,3.0,0.3,prelondon,3.0,0.5,1,395,1.8,1.5,27.1,69.6,6.4,3.9,97094.0,205,1.5,2.4,24.4,71.7,6.4,4.2,96544.0,,,"(('rng_type', 'prelondon'), ('expire_hour', 14), ('exit_hour', 18), ('sl_frac', 0.5), ('rr', 3.0), ('min_range_atr', 0.3), ('max_range_atr', 3.0))","(('max_trades_day', 1),)",,,
1,GBPUSD,fundingpips_1step,2.0,,,,,18.0,14.0,3.0,0.3,prelondon,3.0,0.5,1,395,3.5,0.0,47.8,48.6,5.1,3.4,97741.0,205,3.9,0.0,53.2,42.9,3.6,3.6,97053.0,,,"(('rng_type', 'prelondon'), ('expire_hour', 14), ('exit_hour', 18), ('sl_frac', 0.5), ('rr', 3.0), ('min_range_atr', 0.3), ('max_range_atr', 3.0))","(('max_trades_day', 1),)",,,
1,GBPUSD,ftmo_1step,2.0,,,,,18.0,14.0,3.0,0.3,prelondon,0.0,0.5,1,395,0.3,4.6,20.3,74.9,6.7,3.9,96820.0,205,0.0,5.9,19.0,75.1,,4.2,96272.0,1.5,,"(('rng_type', 'prelondon'), ('expire_hour', 14), ('exit_hour', 18), ('sl_frac', 0.5), ('rr', 0.0), ('trail', 1.5), ('min_range_atr', 0.3), ('max_range_atr', 3.0))","(('max_trades_day', 1),)",,,
1,GBPUSD,fundingpips_1step,2.0,,,,,18.0,14.0,3.0,0.3,prelondon,0.0,0.5,1,395,5.6,0.0,42.0,52.4,3.7,3.5,97467.0,205,5.9,0.0,49.8,44.4,3.7,3.7,96769.0,1.5,,"(('rng_type', 'prelondon'), ('expire_hour', 14), ('exit_hour', 18), ('sl_frac', 0.5), ('rr', 0.0), ('trail', 1.5), ('min_range_atr', 0.3), ('max_range_atr', 3.0))","(('max_trades_day', 1),)",,,
1,GBPUSD,ftmo_1step,2.0,,,,,18.0,14.0,3.0,0.3,prelondon,1.0,1.0,1,395,0.0,0.0,7.1,92.9,,4.0,97539.0,205,0.0,0.0,9.3,90.7,,4.4,96867.0,,1.0,"(('rng_type', 'prelondon'), ('expire_hour', 14), ('exit_hour', 18), ('sl_frac', 1.0), ('sl_atr', 1.0), ('rr', 1.0), ('min_range_atr', 0.3), ('max_range_atr', 3.0))","(('max_trades_day', 1),)",,,
1,GBPUSD,fundingpips_1step,2.0,,,,,18.0,14.0,3.0,0.3,prelondon,1.0,1.0,1,395,0.0,0.0,28.1,71.9,,3.7,97715.0,205,0.0,0.0,37.1,62.9,,3.9,97143.0,,1.0,"(('rng_type', 'prelondon'), ('expire_hour', 14), ('exit_hour', 18), ('sl_frac', 1.0), ('sl_atr', 1.0), ('rr', 1.0), ('min_range_atr', 0.3), ('max_range_atr', 3.0))","(('max_trades_day', 1),)",,,
1,GBPUSD,ftmo_1step,2.0,,,,,18.0,14.0,3.0,0.3,prelondon,2.0,1.0,1,395,2.5,0.0,15.4,82.0,5.0,4.0,97571.0,205,2.4,0.0,17.6,80.0,5.4,4.3,97342.0,,1.0,"(('rng_type', 'prelondon'), ('expire_hour', 14), ('exit_hour', 18), ('sl_frac', 1.0), ('sl_atr', 1.0), ('rr', 2.0), ('min_range_atr', 0.3), ('max_range_atr', 3.0))","(('max_trades_day', 1),)",,,
1,GBPUSD,fundingpips_1step,2.0,,,,,18.0,14.0,3.0,0.3,prelondon,2.0,1.0,1,395,2.8,0.0,39.7,57.5,5.4,3.5,97933.0,205,2.4,0.0,40.5,57.1,5.4,3.7,97654.0,,1.0,"(('rng_type', 'prelondon'), ('expire_hour', 14), ('exit_hour', 18), ('sl_frac', 1.0), ('sl_atr', 1.0), ('rr', 2.0), ('min_range_atr', 0.3), ('max_range_atr', 3.0))","(('max_trades_day', 1),)",,,
1,GBPUSD,ftmo_1step,2.0,,,,,18.0,14.0,3.0,0.3,prelondon,3.0,1.0,1,395,2.3,2.5,23.5,71.6,5.5,3.9,97536.0,205,2.4,3.9,26.3,67.3,6.4,4.2,97433.0,,1.0,"(('rng_type', 'prelondon'), ('expire_hour', 14), ('exit_hour', 18), ('sl_frac', 1.0), ('sl_atr', 1.0), ('rr', 3.0), ('min_range_atr', 0.3), ('max_range_atr', 3.0))","(('max_trades_day', 1),)",,,
1,GBPUSD,fundingpips_1step,2.0,,,,,18.0,14.0,3.0,0.3,prelondon,3.0,1.0,1,395,5.1,0.0,46.6,48.4,4.0,3.4,98058.0,205,6.3,0.0,49.3,44.4,3.7,3.6,97836.0,,1.0,"(('rng_type', 'prelondon'), ('expire_hour', 14), ('exit_hour', 18), ('sl_frac', 1.0), ('sl_atr', 1.0), ('rr', 3.0), ('min_range_atr', 0.3), ('max_range_atr', 3.0))","(('max_trades_day', 1),)",,,
1,GBPUSD,ftmo_1step,2.0,,,,,18.0,14.0,3.0,0.3,prelondon,0.0,1.0,1,395,0.5,6.1,17.7,75.7,6.6,3.9,97382.0,205,0.0,5.4,19.5,75.1,,4.2,97025.0,1.5,1.0,"(('rng_type', 'prelondon'), ('expire_hour', 14), ('exit_hour', 18), ('sl_frac', 1.0), ('sl_atr', 1.0), ('rr', 0.0), ('trail', 1.5), ('min_range_atr', 0.3), ('max_range_atr', 3.0))","(('max_trades_day', 1),)",,,
1,GBPUSD,fundingpips_1step,2.0,,,,,18.0,14.0,3.0,0.3,prelondon,0.0,1.0,1,395,7.3,0.0,39.2,53.4,2.7,3.5,97868.0,205,5.9,0.0,47.3,46.8,4.7,3.8,97268.0,1.5,1.0,"(('rng_type', 'prelondon'), ('expire_hour', 14), ('exit_hour', 18), ('sl_frac', 1.0), ('sl_atr', 1.0), ('rr', 0.0), ('trail', 1.5), ('min_range_atr', 0.3), ('max_range_atr', 3.0))","(('max_trades_day', 1),)",,,
1,GBPUSD,ftmo_1step,2.0,,,,,23.0,17.0,3.0,0.3,prelondon,1.0,1.0,1,395,0.0,0.0,2.3,97.7,,4.1,99995.0,205,0.0,0.0,3.9,96.1,,4.4,99799.0,,,"(('rng_type', 'prelondon'), ('expire_hour', 17), ('exit_hour', 23), ('sl_frac', 1.0), ('rr', 1.0), ('min_range_atr', 0.3), ('max_range_atr', 3.0))","(('max_trades_day', 1),)",,,
1,GBPUSD,fundingpips_1step,2.0,,,,,23.0,17.0,3.0,0.3,prelondon,1.0,1.0,1,395,0.0,0.0,13.0,87.1,,3.9,99962.0,205,0.0,0.0,18.5,81.5,,4.2,99796.0,,,"(('rng_type', 'prelondon'), ('expire_hour', 17), ('exit_hour', 23), ('sl_frac', 1.0), ('rr', 1.0), ('min_range_atr', 0.3), ('max_range_atr', 3.0))","(('max_trades_day', 1),)",,,
1,GBPUSD,ftmo_1step,2.0,,,,,23.0,17.0,3.0,0.3,prelondon,2.0,1.0,1,395,5.1,0.3,7.3,87.3,5.1,4.0,100093.0,205,3.9,0.0,9.8,86.3,4.4,4.4,99947.0,,,"(('rng_type', 'prelondon'), ('expire_hour', 17), ('exit_hour', 23), ('sl_frac', 1.0), ('rr', 2.0), ('min_range_atr', 0.3), ('max_range_atr', 3.0))","(('max_trades_day', 1),)",,,
1,GBPUSD,fundingpips_1step,2.0,,,,,23.0,17.0,3.0,0.3,prelondon,2.0,1.0,1,395,5.3,0.0,23.0,71.6,4.8,3.8,100079.0,205,3.9,0.0,25.9,70.2,4.4,4.0,100038.0,,,"(('rng_type', 'prelondon'), ('expire_hour', 17), ('exit_hour', 23), ('sl_frac', 1.0), ('rr', 2.0), ('min_range_atr', 0.3), ('max_range_atr', 3.0))","(('max_trades_day', 1),)",,,
1,GBPUSD,ftmo_1step,2.0,,,,,23.0,17.0,3.0,0.3,prelondon,3.0,1.0,1,395,5.3,5.1,10.1,79.5,5.9,3.9,100256.0,205,2.9,3.9,14.2,79.0,6.3,4.2,99903.0,,,"(('rng_type', 'prelondon'), ('expire_hour', 17), ('exit_hour', 23), ('sl_frac', 1.0), ('rr', 3.0), ('min_range_atr', 0.3), ('max_range_atr', 3.0))","(('max_trades_day', 1),)",,,
1,GBPUSD,fundingpips_1step,2.0,,,,,23.0,17.0,3.0,0.3,prelondon,3.0,1.0,1,395,10.4,0.0,25.1,64.6,4.9,3.7,100242.0,205,6.8,0.0,30.3,62.9,3.7,3.9,99878.0,,,"(('rng_type', 'prelondon'), ('expire_hour', 17), ('exit_hour', 23), ('sl_frac', 1.0), ('rr', 3.0), ('min_range_atr', 0.3), ('max_range_atr', 3.0))","(('max_trades_day', 1),)",,,
1,GBPUSD,ftmo_1step,2.0,,,,,23.0,17.0,3.0,0.3,prelondon,0.0,1.0,1,395,1.0,4.8,0.6,93.7,6.7,4.0,100021.0,205,0.5,2.4,0.0,97.1,6.6,4.3,99496.0,1.5,,"(('rng_type', 'prelondon'), ('expire_hour', 17), ('exit_hour', 23), ('sl_frac', 1.0), ('rr', 0.0), ('trail', 1.5), ('min_range_atr', 0.3), ('max_range_atr', 3.0))","(('max_trades_day', 1),)",,,
1,GBPUSD,fundingpips_1step,2.0,,,,,23.0,17.0,3.0,0.3,prelondon,0.0,1.0,1,395,5.8,0.0,9.4,84.8,2.9,3.9,99960.0,205,2.9,0.0,12.2,84.9,3.7,4.3,99372.0,1.5,,"(('rng_type', 'prelondon'), ('expire_hour', 17), ('exit_hour', 23), ('sl_frac', 1.0), ('rr', 0.0), ('trail', 1.5), ('min_range_atr', 0.3), ('max_range_atr', 3.0))","(('max_trades_day', 1),)",,,
1,GBPUSD,ftmo_1step,2.0,,,,,23.0,17.0,3.0,0.3,prelondon,1.0,0.5,1,395,0.0,0.0,7.8,92.2,,4.0,97125.0,205,0.0,0.0,9.3,90.7,,4.4,96236.0,,,"(('rng_type', 'prelondon'), ('expire_hour', 17), ('exit_hour', 23), ('sl_frac', 0.5), ('rr', 1.0), ('min_range_atr', 0.3), ('max_range_atr', 3.0))","(('max_trades_day', 1),)",,,
1,GBPUSD,fundingpips_1step,2.0,,,,,23.0,17.0,3.0,0.3,prelondon,1.0,0.5,1,395,0.0,0.0,32.9,67.1,,3.7,97362.0,205,0.0,0.0,42.9,57.1,,3.9,96536.0,,,"(('rng_type', 'prelondon'), ('expire_hour', 17), ('exit_hour', 23), ('sl_frac', 0.5), ('rr', 1.0), ('min_range_atr', 0.3), ('max_range_atr', 3.0))","(('max_trades_day', 1),)",,,
1,GBPUSD,ftmo_1step,2.0,,,,,23.0,17.0,3.0,0.3,prelondon,2.0,0.5,1,395,0.8,0.0,18.2,81.0,3.5,4.0,97328.0,205,2.4,0.0,19.5,78.0,3.5,4.3,96544.0,,,"(('rng_type', 'prelondon'), ('expire_hour', 17), ('exit_hour', 23), ('sl_frac', 0.5), ('rr', 2.0), ('min_range_atr', 0.3), ('max_range_atr', 3.0))","(('max_trades_day', 1),)",,,
1,GBPUSD,fundingpips_1step,2.0,,,,,23.0,17.0,3.0,0.3,prelondon,2.0,0.5,1,395,1.0,0.0,38.7,60.3,4.5,3.6,97830.0,205,2.4,0.0,45.4,52.2,3.5,3.7,96987.0,,,"(('rng_type', 'prelondon'), ('expire_hour', 17), ('exit_hour', 23), ('sl_frac', 0.5), ('rr', 2.0), ('min_range_atr', 0.3), ('max_range_atr', 3.0))","(('max_trades_day', 1),)",,,
1,GBPUSD,ftmo_1step,2.0,,,,,23.0,17.0,3.0,0.3,prelondon,3.0,0.5,1,395,1.5,1.5,27.1,69.9,6.5,3.9,97124.0,205,1.5,2.0,28.3,68.3,6.4,4.3,96555.0,,,"(('rng_type', 'prelondon'), ('expire_hour', 17), ('exit_hour', 23), ('sl_frac', 0.5), ('rr', 3.0), ('min_range_atr', 0.3), ('max_range_atr', 3.0))","(('max_trades_day', 1),)",,,
1,GBPUSD,fundingpips_1step,2.0,,,,,23.0,17.0,3.0,0.3,prelondon,3.0,0.5,1,395,3.3,0.0,49.4,47.3,3.6,3.4,97768.0,205,3.4,0.0,52.7,43.9,3.5,3.6,97046.0,,,"(('rng_type', 'prelondon'), ('expire_hour', 17), ('exit_hour', 23), ('sl_frac', 0.5), ('rr', 3.0), ('min_range_atr', 0.3), ('max_range_atr', 3.0))","(('max_trades_day', 1),)",,,
1,GBPUSD,ftmo_1step,2.0,,,,,23.0,17.0,3.0,0.3,prelondon,0.0,0.5,1,395,0.0,4.6,21.3,74.2,,3.9,96773.0,205,0.0,5.9,20.0,74.1,,4.2,96205.0,1.5,,"(('rng_type', 'prelondon'), ('expire_hour', 17), ('exit_hour', 23), ('sl_frac', 0.5), ('rr', 0.0), ('trail', 1.5), ('min_range_atr', 0.3), ('max_range_atr', 3.0))","(('max_trades_day', 1),)",,,
1,GBPUSD,fundingpips_1step,2.0,,,,,23.0,17.0,3.0,0.3,prelondon,0.0,0.5,1,395,5.3,0.0,42.8,51.9,3.8,3.6,97406.0,205,5.9,0.0,50.7,43.4,4.4,3.8,96666.0,1.5,,"(('rng_type', 'prelondon'), ('expire_hour', 17), ('exit_hour', 23), ('sl_frac', 0.5), ('rr', 0.0), ('trail', 1.5), ('min_range_atr', 0.3), ('max_range_atr', 3.0))","(('max_trades_day', 1),)",,,
1,GBPUSD,ftmo_1step,2.0,,,,,23.0,17.0,3.0,0.3,prelondon,1.0,1.0,1,395,0.0,0.0,7.3,92.7,,4.0,97538.0,205,0.0,0.0,9.8,90.2,,4.4,96850.0,,1.0,"(('rng_type', 'prelondon'), ('expire_hour', 17), ('exit_hour', 23), ('sl_frac', 1.0), ('sl_atr', 1.0), ('rr', 1.0), ('min_range_atr', 0.3), ('max_range_atr', 3.0))","(('max_trades_day', 1),)",,,
1,GBPUSD,fundingpips_1step,2.0,,,,,23.0,17.0,3.0,0.3,prelondon,1.0,1.0,1,395,0.0,0.0,28.4,71.6,,3.8,97723.0,205,0.0,0.0,37.1,62.9,,4.0,97138.0,,1.0,"(('rng_type', 'prelondon'), ('expire_hour', 17), ('exit_hour', 23), ('sl_frac', 1.0), ('sl_atr', 1.0), ('rr', 1.0), ('min_range_atr', 0.3), ('max_range_atr', 3.0))","(('max_trades_day', 1),)",,,
1,GBPUSD,ftmo_1step,2.0,,,,,23.0,17.0,3.0,0.3,prelondon,2.0,1.0,1,395,2.8,0.0,16.2,81.0,4.5,4.0,97584.0,205,2.4,0.0,18.0,79.5,5.4,4.3,97290.0,,1.0,"(('rng_type', 'prelondon'), ('expire_hour', 17), ('exit_hour', 23), ('sl_frac', 1.0), ('sl_atr', 1.0), ('rr', 2.0), ('min_range_atr', 0.3), ('max_range_atr', 3.0))","(('max_trades_day', 1),)",,,
1,GBPUSD,fundingpips_1step,2.0,,,,,23.0,17.0,3.0,0.3,prelondon,2.0,1.0,1,395,3.0,0.0,39.7,57.2,4.6,3.5,97971.0,205,2.4,0.0,41.0,56.6,5.4,3.7,97615.0,,1.0,"(('rng_type', 'prelondon'), ('expire_hour', 17), ('exit_hour', 23), ('sl_frac', 1.0), ('sl_atr', 1.0), ('rr', 2.0), ('min_range_atr', 0.3), ('max_range_atr', 3.0))","(('max_trades_day', 1),)",,,
1,GBPUSD,ftmo_1step,2.0,,,,,23.0,17.0,3.0,0.3,prelondon,3.0,1.0,1,395,2.0,3.0,23.8,71.1,6.1,3.9,97607.0,205,2.4,4.4,28.8,64.4,6.4,4.2,97440.0,,1.0,"(('rng_type', 'prelondon'), ('expire_hour', 17), ('exit_hour', 23), ('sl_frac', 1.0), ('sl_atr', 1.0), ('rr', 3.0), ('min_range_atr', 0.3), ('max_range_atr', 3.0))","(('max_trades_day', 1),)",,,
1,GBPUSD,fundingpips_1step,2.0,,,,,23.0,17.0,3.0,0.3,prelondon,3.0,1.0,1,395,5.3,0.0,48.1,46.6,2.7,3.4,98121.0,205,6.8,0.0,50.7,42.4,3.7,3.6,97862.0,,1.0,"(('rng_type', 'prelondon'), ('expire_hour', 17), ('exit_hour', 23), ('sl_frac', 1.0), ('sl_atr', 1.0), ('rr', 3.0), ('min_range_atr', 0.3), ('max_range_atr', 3.0))","(('max_trades_day', 1),)",,,
1,GBPUSD,ftmo_1step,2.0,,,,,23.0,17.0,3.0,0.3,prelondon,0.0,1.0,1,395,0.0,6.3,18.5,75.2,,3.9,97386.0,205,0.0,5.9,20.5,73.7,,4.2,96914.0,1.5,1.0,"(('rng_type', 'prelondon'), ('expire_hour', 17), ('exit_hour', 23), ('sl_frac', 1.0), ('sl_atr', 1.0), ('rr', 0.0), ('trail', 1.5), ('min_range_atr', 0.3), ('max_range_atr', 3.0))","(('max_trades_day', 1),)",,,
1,GBPUSD,fundingpips_1step,2.0,,,,,23.0,17.0,3.0,0.3,prelondon,0.0,1.0,1,395,6.8,0.0,40.0,53.2,2.9,3.6,97871.0,205,5.9,0.0,48.3,45.9,2.8,3.8,97126.0,1.5,1.0,"(('rng_type', 'prelondon'), ('expire_hour', 17), ('exit_hour', 23), ('sl_frac', 1.0), ('sl_atr', 1.0), ('rr', 0.0), ('trail', 1.5), ('min_range_atr', 0.3), ('max_range_atr', 3.0))","(('max_trades_day', 1),)",,,
1,GBPUSD,ftmo_1step,2.0,,,,,18.0,14.0,3.0,0.3,london1h,1.0,1.0,1,395,0.0,0.0,2.0,98.0,,4.1,99901.0,205,0.0,0.0,2.9,97.1,,4.5,99938.0,,,"(('rng_type', 'london1h'), ('expire_hour', 14), ('exit_hour', 18), ('sl_frac', 1.0), ('rr', 1.0), ('min_range_atr', 0.3), ('max_range_atr', 3.0))","(('max_trades_day', 1),)",,,
1,GBPUSD,fundingpips_1step,2.0,,,,,18.0,14.0,3.0,0.3,london1h,1.0,1.0,1,395,0.0,0.0,11.9,88.1,,4.0,99932.0,205,0.0,0.0,14.6,85.4,,4.3,99953.0,,,"(('rng_type', 'london1h'), ('expire_hour', 14), ('exit_hour', 18), ('sl_frac', 1.0), ('rr', 1.0), ('min_range_atr', 0.3), ('max_range_atr', 3.0))","(('max_trades_day', 1),)",,,
1,GBPUSD,ftmo_1step,2.0,,,,,18.0,14.0,3.0,0.3,london1h,2.0,1.0,1,395,3.8,0.0,6.3,89.9,4.7,4.1,99831.0,205,5.4,0.0,6.8,87.8,4.7,4.4,100197.0,,,"(('rng_type', 'london1h'), ('expire_hour', 14), ('exit_hour', 18), ('sl_frac', 1.0), ('rr', 2.0), ('min_range_atr', 0.3), ('max_range_atr', 3.0))","(('max_trades_day', 1),)",,,
1,GBPUSD,fundingpips_1step,2.0,,,,,18.0,14.0,3.0,0.3,london1h,2.0,1.0,1,395,4.1,0.0,20.0,75.9,5.1,3.9,99881.0,205,5.4,0.0,18.5,76.1,4.7,4.1,100239.0,,,"(('rng_type', 'london1h'), ('expire_hour', 14), ('exit_hour', 18), ('sl_frac', 1.0), ('rr', 2.0), ('min_range_atr', 0.3), ('max_range_atr', 3.0))","(('max_trades_day', 1),)",,,
1,GBPUSD,ftmo_1step,2.0,,,,,18.0,14.0,3.0,0.3,london1h,3.0,1.0,1,395,3.5,3.8,9.1,83.5,5.2,4.0,100022.0,205,5.4,4.9,10.2,79.5,4.7,4.3,100377.0,,,"(('rng_type', 'london1h'), ('expire_hour', 14), ('exit_hour', 18), ('sl_frac', 1.0), ('rr', 3.0), ('min_range_atr', 0.3), ('max_range_atr', 3.0))","(('max_trades_day', 1),)",,,
1,GBPUSD,fundingpips_1step,2.0,,,,,18.0,14.0,3.0,0.3,london1h,3.0,1.0,1,395,7.3,0.0,23.0,69.6,3.6,3.8,100105.0,205,10.2,0.0,22.0,67.8,3.7,4.0,100419.0,,,"(('rng_type', 'london1h'), ('expire_hour', 14), ('exit_hour', 18), ('sl_frac', 1.0), ('rr', 3.0), ('min_range_atr', 0.3), ('max_range_atr', 3.0))","(('max_trades_day', 1),)",,,
1,GBPUSD,ftmo_1step,2.0,,,,,18.0,14.0,3.0,0.3,london1h,0.0,1.0,1,395,0.8,4.3,2.3,92.7,3.6,4.1,99963.0,205,0.5,4.9,0.5,94.1,3.6,4.4,99888.0,1.5,,"(('rng_type', 'london1h'), ('expire_hour', 14), ('exit_hour', 18), ('sl_frac', 1.0), ('rr', 0.0), ('trail', 1.5), ('min_range_atr', 0.3), ('max_range_atr', 3.0))","(('max_trades_day', 1),)",,,
1,GBPUSD,fundingpips_1step,2.0,,,,,18.0,14.0,3.0,0.3,london1h,0.0,1.0,1,395,5.6,0.0,9.6,84.8,4.6,4.0,100021.0,205,5.4,0.0,10.7,83.9,4.7,4.4,99842.0,1.5,,"(('rng_type', 'london1h'), ('expire_hour', 14), ('exit_hour', 18), ('sl_frac', 1.0), ('rr', 0.0), ('trail', 1.5), ('min_range_atr', 0.3), ('max_range_atr', 3.0))","(('max_trades_day', 1),)",,,
1,GBPUSD,ftmo_1step,2.0,,,,,18.0,14.0,3.0,0.3,london1h,1.0,0.5,1,395,0.0,0.0,9.4,90.6,,4.1,96661.0,205,0.0,0.0,8.3,91.7,,4.4,97637.0,,,"(('rng_type', 'london1h'), ('expire_hour', 14), ('exit_hour', 18), ('sl_frac', 0.5), ('rr', 1.0), ('min_range_atr', 0.3), ('max_range_atr', 3.0))","(('max_trades_day', 1),)",,,
1,GBPUSD,fundingpips_1step,2.0,,,,,18.0,14.0,3.0,0.3,london1h,1.0,0.5,1,395,0.0,0.0,37.5,62.5,,3.8,96897.0,205,0.0,0.0,35.1,64.9,,4.1,97740.0,,,"(('rng_type', 'london1h'), ('expire_hour', 14), ('exit_hour', 18), ('sl_frac', 0.5), ('rr', 1.0), ('min_range_atr', 0.3), ('max_range_atr', 3.0))","(('max_trades_day', 1),)",,,
1,GBPUSD,ftmo_1step,2.0,,,,,18.0,14.0,3.0,0.3,london1h,2.0,0.5,1,395,0.8,0.0,17.7,81.5,6.4,4.1,97215.0,205,4.9,0.0,16.1,79.0,4.0,4.4,98418.0,,,"(('rng_type', 'london1h'), ('expire_hour', 14), ('exit_hour', 18), ('sl_frac', 0.5), ('rr', 2.0), ('min_range_atr', 0.3), ('max_range_atr', 3.0))","(('max_trades_day', 1),)",,,
1,GBPUSD,fundingpips_1step,2.0,,,,,18.0,14.0,3.0,0.3,london1h,2.0,0.5,1,395,1.0,0.0,39.0,60.0,5.0,3.7,97573.0,205,4.9,0.0,36.6,58.5,4.0,3.9,98492.0,,,"(('rng_type', 'london1h'), ('expire_hour', 14), ('exit_hour', 18), ('sl_frac', 0.5), ('rr', 2.0), ('min_range_atr', 0.3), ('max_range_atr', 3.0))","(('max_trades_day', 1),)",,,
1,GBPUSD,ftmo_1step,2.0,,,,,18.0,14.0,3.0,0.3,london1h,3.0,0.5,1,395,2.3,1.0,25.8,70.9,5.7,4.0,97284.0,205,3.4,2.9,22.0,71.7,6.5,4.3,98470.0,,,"(('rng_type', 'london1h'), ('expire_hour', 14), ('exit_hour', 18), ('sl_frac', 0.5), ('rr', 3.0), ('min_range_atr', 0.3), ('max_range_atr', 3.0))","(('max_trades_day', 1),)",,,
1,GBPUSD,fundingpips_1step,2.0,,,,,18.0,14.0,3.0,0.3,london1h,3.0,0.5,1,395,3.5,0.0,47.6,48.9,5.5,3.5,97844.0,205,6.3,0.0,42.0,51.7,3.5,3.8,98541.0,,,"(('rng_type', 'london1h'), ('expire_hour', 14), ('exit_hour', 18), ('sl_frac', 0.5), ('rr', 3.0), ('min_range_atr', 0.3), ('max_range_atr', 3.0))","(('max_trades_day', 1),)",,,
1,GBPUSD,ftmo_1step,2.0,,,,,18.0,14.0,3.0,0.3,london1h,0.0,0.5,1,395,0.3,5.8,24.1,69.9,6.7,3.9,97069.0,205,0.0,10.2,25.9,63.9,,4.2,98248.0,1.5,,"(('rng_type', 'london1h'), ('expire_hour', 14), ('exit_hour', 18), ('sl_frac', 0.5), ('rr', 0.0), ('trail', 1.5), ('min_range_atr', 0.3), ('max_range_atr', 3.0))","(('max_trades_day', 1),)",,,
1,GBPUSD,fundingpips_1step,2.0,,,,,18.0,14.0,3.0,0.3,london1h,0.0,0.5,1,395,8.9,0.0,44.6,46.6,2.6,3.6,97851.0,205,11.2,0.0,45.4,43.4,2.5,3.7,98682.0,1.5,,"(('rng_type', 'london1h'), ('expire_hour', 14), ('exit_hour', 18), ('sl_frac', 0.5), ('rr', 0.0), ('trail', 1.5), ('min_range_atr', 0.3), ('max_range_atr', 3.0))","(('max_trades_day', 1),)",,,
1,GBPUSD,ftmo_1step,2.0,,,,,18.0,14.0,3.0,0.3,london1h,1.0,1.0,1,395,0.0,0.0,5.6,94.4,,4.1,98002.0,205,0.0,0.0,3.9,96.1,,4.4,98431.0,,1.0,"(('rng_type', 'london1h'), ('expire_hour', 14), ('exit_hour', 18), ('sl_frac', 1.0), ('sl_atr', 1.0), ('rr', 1.0), ('min_range_atr', 0.3), ('max_range_atr', 3.0))","(('max_trades_day', 1),)",,,
1,GBPUSD,fundingpips_1step,2.0,,,,,18.0,14.0,3.0,0.3,london1h,1.0,1.0,1,395,0.0,0.0,25.3,74.7,,3.9,98044.0,205,0.0,0.0,27.8,72.2,,4.2,98435.0,,1.0,"(('rng_type', 'london1h'), ('expire_hour', 14), ('exit_hour', 18), ('sl_frac', 1.0), ('sl_atr', 1.0), ('rr', 1.0), ('min_range_atr', 0.3), ('max_range_atr', 3.0))","(('max_trades_day', 1),)",,,
1,GBPUSD,ftmo_1step,2.0,,,,,18.0,14.0,3.0,0.3,london1h,2.0,1.0,1,395,0.5,0.0,13.9,85.6,6.6,4.1,98345.0,205,2.4,0.0,12.7,84.9,5.5,4.4,98869.0,,1.0,"(('rng_type', 'london1h'), ('expire_hour', 14), ('exit_hour', 18), ('sl_frac', 1.0), ('sl_atr', 1.0), ('rr', 2.0), ('min_range_atr', 0.3), ('max_range_atr', 3.0))","(('max_trades_day', 1),)",,,
1,GBPUSD,fundingpips_1step,2.0,,,,,18.0,14.0,3.0,0.3,london1h,2.0,1.0,1,395,1.0,0.0,34.2,64.8,5.0,3.7,98472.0,205,2.4,0.0,35.1,62.4,5.5,3.9,98781.0,,1.0,"(('rng_type', 'london1h'), ('expire_hour', 14), ('exit_hour', 18), ('sl_frac', 1.0), ('sl_atr', 1.0), ('rr', 2.0), ('min_range_atr', 0.3), ('max_range_atr', 3.0))","(('max_trades_day', 1),)",,,
1,GBPUSD,ftmo_1step,2.0,,,,,18.0,14.0,3.0,0.3,london1h,3.0,1.0,1,395,2.3,2.8,21.5,73.4,5.5,3.9,98313.0,205,4.4,4.4,23.9,67.3,5.7,4.2,99072.0,,1.0,"(('rng_type', 'london1h'), ('expire_hour', 14), ('exit_hour', 18), ('sl_frac', 1.0), ('sl_atr', 1.0), ('rr', 3.0), ('min_range_atr', 0.3), ('max_range_atr', 3.0))","(('max_trades_day', 1),)",,,
1,GBPUSD,fundingpips_1step,2.0,,,,,18.0,14.0,3.0,0.3,london1h,3.0,1.0,1,395,6.3,0.0,42.8,50.9,4.5,3.6,98610.0,205,9.3,0.0,42.4,48.3,2.7,3.7,99229.0,,1.0,"(('rng_type', 'london1h'), ('expire_hour', 14), ('exit_hour', 18), ('sl_frac', 1.0), ('sl_atr', 1.0), ('rr', 3.0), ('min_range_atr', 0.3), ('max_range_atr', 3.0))","(('max_trades_day', 1),)",,,
1,GBPUSD,ftmo_1step,2.0,,,,,18.0,14.0,3.0,0.3,london1h,0.0,1.0,1,395,0.0,9.9,15.9,74.2,,3.9,98589.0,205,0.0,10.7,17.6,71.7,,4.2,98694.0,1.5,1.0,"(('rng_type', 'london1h'), ('expire_hour', 14), ('exit_hour', 18), ('sl_frac', 1.0), ('sl_atr', 1.0), ('rr', 0.0), ('trail', 1.5), ('min_range_atr', 0.3), ('max_range_atr', 3.0))","(('max_trades_day', 1),)",,,
1,GBPUSD,fundingpips_1step,2.0,,,,,18.0,14.0,3.0,0.3,london1h,0.0,1.0,1,395,11.4,0.0,36.7,51.9,2.7,3.6,98959.0,205,11.7,0.0,42.9,45.4,2.6,3.8,98945.0,1.5,1.0,"(('rng_type', 'london1h'), ('expire_hour', 14), ('exit_hour', 18), ('sl_frac', 1.0), ('sl_atr', 1.0), ('rr', 0.0), ('trail', 1.5), ('min_range_atr', 0.3), ('max_range_atr', 3.0))","(('max_trades_day', 1),)",,,
1,GBPUSD,ftmo_1step,2.0,,,,,23.0,17.0,3.0,0.3,london1h,1.0,1.0,1,395,0.0,0.0,2.3,97.7,,4.2,99969.0,205,0.0,0.0,3.9,96.1,,4.5,99802.0,,,"(('rng_type', 'london1h'), ('expire_hour', 17), ('exit_hour', 23), ('sl_frac', 1.0), ('rr', 1.0), ('min_range_atr', 0.3), ('max_range_atr', 3.0))","(('max_trades_day', 1),)",,,
1,GBPUSD,fundingpips_1step,2.0,,,,,23.0,17.0,3.0,0.3,london1h,1.0,1.0,1,395,0.0,0.0,13.5,86.6,,4.1,100009.0,205,0.0,0.0,16.6,83.4,,4.3,99820.0,,,"(('rng_type', 'london1h'), ('expire_hour', 17), ('exit_hour', 23), ('sl_frac', 1.0), ('rr', 1.0), ('min_range_atr', 0.3), ('max_range_atr', 3.0))","(('max_trades_day', 1),)",,,
1,GBPUSD,ftmo_1step,2.0,,,,,23.0,17.0,3.0,0.3,london1h,2.0,1.0,1,395,4.1,0.0,7.9,88.1,5.2,4.2,99831.0,205,4.4,0.0,8.8,86.8,4.5,4.5,99982.0,,,"(('rng_type', 'london1h'), ('expire_hour', 17), ('exit_hour', 23), ('sl_frac', 1.0), ('rr', 2.0), ('min_range_atr', 0.3), ('max_range_atr', 3.0))","(('max_trades_day', 1),)",,,
1,GBPUSD,fundingpips_1step,2.0,,,,,23.0,17.0,3.0,0.3,london1h,2.0,1.0,1,395,4.1,0.0,21.3,74.7,5.2,4.0,99924.0,205,4.4,0.0,21.5,74.1,4.5,4.2,100024.0,,,"(('rng_type', 'london1h'), ('expire_hour', 17), ('exit_hour', 23), ('sl_frac', 1.0), ('rr', 2.0), ('min_range_atr', 0.3), ('max_range_atr', 3.0))","(('max_trades_day', 1),)",,,
1,GBPUSD,ftmo_1step,2.0,,,,,23.0,17.0,3.0,0.3,london1h,3.0,1.0,1,395,5.1,3.0,12.4,79.5,5.7,4.1,99972.0,205,5.4,6.3,14.1,74.1,5.7,4.4,100304.0,,,"(('rng_type', 'london1h'), ('expire_hour', 17), ('exit_hour', 23), ('sl_frac', 1.0), ('rr', 3.0), ('min_range_atr', 0.3), ('max_range_atr', 3.0))","(('max_trades_day', 1),)",,,
1,GBPUSD,fundingpips_1step,2.0,,,,,23.0,17.0,3.0,0.3,london1h,3.0,1.0,1,395,8.6,0.0,24.8,66.6,4.8,3.9,100131.0,205,11.7,0.0,27.3,61.0,3.7,4.0,100324.0,,,"(('rng_type', 'london1h'), ('expire_hour', 17), ('exit_hour', 23), ('sl_frac', 1.0), ('rr', 3.0), ('min_range_atr', 0.3), ('max_range_atr', 3.0))","(('max_trades_day', 1),)",,,
1,GBPUSD,ftmo_1step,2.0,,,,,23.0,17.0,3.0,0.3,london1h,0.0,1.0,1,395,0.3,5.3,2.3,92.2,2.5,4.1,99914.0,205,1.0,3.9,1.0,94.1,5.3,4.5,99744.0,1.5,,"(('rng_type', 'london1h'), ('expire_hour', 17), ('exit_hour', 23), ('sl_frac', 1.0), ('rr', 0.0), ('trail', 1.5), ('min_range_atr', 0.3), ('max_range_atr', 3.0))","(('max_trades_day', 1),)",,,
1,GBPUSD,fundingpips_1step,2.0,,,,,23.0,17.0,3.0,0.3,london1h,0.0,1.0,1,395,6.1,0.0,10.4,83.5,4.6,4.1,99992.0,205,4.9,0.0,11.2,83.9,4.3,4.4,99723.0,1.5,,"(('rng_type', 'london1h'), ('expire_hour', 17), ('exit_hour', 23), ('sl_frac', 1.0), ('rr', 0.0), ('trail', 1.5), ('min_range_atr', 0.3), ('max_range_atr', 3.0))","(('max_trades_day', 1),)",,,
1,GBPUSD,ftmo_1step,2.0,,,,,23.0,17.0,3.0,0.3,london1h,1.0,0.5,1,395,0.0,0.0,10.4,89.6,,4.2,96579.0,205,0.0,0.0,10.2,89.8,,4.5,97513.0,,,"(('rng_type', 'london1h'), ('expire_hour', 17), ('exit_hour', 23), ('sl_frac', 0.5), ('rr', 1.0), ('min_range_atr', 0.3), ('max_range_atr', 3.0))","(('max_trades_day', 1),)",,,
1,GBPUSD,fundingpips_1step,2.0,,,,,23.0,17.0,3.0,0.3,london1h,1.0,0.5,1,395,0.0,0.0,38.2,61.8,,3.9,96863.0,205,0.0,0.0,36.6,63.4,,4.1,97688.0,,,"(('rng_type', 'london1h'), ('expire_hour', 17), ('exit_hour', 23), ('sl_frac', 0.5), ('rr', 1.0), ('min_range_atr', 0.3), ('max_range_atr', 3.0))","(('max_trades_day', 1),)",,,
1,GBPUSD,ftmo_1step,2.0,,,,,23.0,17.0,3.0,0.3,london1h,2.0,0.5,1,395,1.0,0.0,20.3,78.7,6.5,4.2,97139.0,205,4.4,0.0,19.5,76.1,3.5,4.4,98162.0,,,"(('rng_type', 'london1h'), ('expire_hour', 17), ('exit_hour', 23), ('sl_frac', 0.5), ('rr', 2.0), ('min_range_atr', 0.3), ('max_range_atr', 3.0))","(('max_trades_day', 1),)",,,
1,GBPUSD,fundingpips_1step,2.0,,,,,23.0,17.0,3.0,0.3,london1h,2.0,0.5,1,395,1.3,0.0,39.3,59.5,6.4,3.7,97568.0,205,4.4,0.0,38.0,57.6,3.5,3.9,98384.0,,,"(('rng_type', 'london1h'), ('expire_hour', 17), ('exit_hour', 23), ('sl_frac', 0.5), ('rr', 2.0), ('min_range_atr', 0.3), ('max_range_atr', 3.0))","(('max_trades_day', 1),)",,,
1,GBPUSD,ftmo_1step,2.0,,,,,23.0,17.0,3.0,0.3,london1h,3.0,0.5,1,395,2.3,1.0,28.4,68.4,5.7,4.1,97267.0,205,2.9,3.9,26.3,66.8,6.5,4.3,98338.0,,,"(('rng_type', 'london1h'), ('expire_hour', 17), ('exit_hour', 23), ('sl_frac', 0.5), ('rr', 3.0), ('min_range_atr', 0.3), ('max_range_atr', 3.0))","(('max_trades_day', 1),)",,,
1,GBPUSD,fundingpips_1step,2.0,,,,,23.0,17.0,3.0,0.3,london1h,3.0,0.5,1,395,3.5,0.0,47.6,48.9,5.5,3.6,97885.0,205,7.3,0.0,44.4,48.3,3.2,3.7,98558.0,,,"(('rng_type', 'london1h'), ('expire_hour', 17), ('exit_hour', 23), ('sl_frac', 0.5), ('rr', 3.0), ('min_range_atr', 0.3), ('max_range_atr', 3.0))","(('max_trades_day', 1),)",,,
1,GBPUSD,ftmo_1step,2.0,,,,,23.0,17.0,3.0,0.3,london1h,0.0,0.5,1,395,0.3,5.3,27.9,66.6,6.9,4.0,96967.0,205,0.0,10.2,30.2,59.5,,4.2,98008.0,1.5,,"(('rng_type', 'london1h'), ('expire_hour', 17), ('exit_hour', 23), ('sl_frac', 0.5), ('rr', 0.0), ('trail', 1.5), ('min_range_atr', 0.3), ('max_range_atr', 3.0))","(('max_trades_day', 1),)",,,
1,GBPUSD,fundingpips_1step,2.0,,,,,23.0,17.0,3.0,0.3,london1h,0.0,0.5,1,395,8.1,0.0,45.9,46.1,2.6,3.6,97779.0,205,12.2,0.0,48.3,39.5,2.5,3.8,98478.0,1.5,,"(('rng_type', 'london1h'), ('expire_hour', 17), ('exit_hour', 23), ('sl_frac', 0.5), ('rr', 0.0), ('trail', 1.5), ('min_range_atr', 0.3), ('max_range_atr', 3.0))","(('max_trades_day', 1),)",,,
1,GBPUSD,ftmo_1step,2.0,,,,,23.0,17.0,3.0,0.3,london1h,1.0,1.0,1,395,0.0,0.0,6.6,93.4,,4.2,97928.0,205,0.0,0.0,5.4,94.6,,4.5,98318.0,,1.0,"(('rng_type', 'london1h'), ('expire_hour', 17), ('exit_hour', 23), ('sl_frac', 1.0), ('sl_atr', 1.0), ('rr', 1.0), ('min_range_atr', 0.3), ('max_range_atr', 3.0))","(('max_trades_day', 1),)",,,
1,GBPUSD,fundingpips_1step,2.0,,,,,23.0,17.0,3.0,0.3,london1h,1.0,1.0,1,395,0.0,0.0,26.6,73.4,,4.0,97988.0,205,0.0,0.0,28.3,71.7,,4.2,98388.0,,1.0,"(('rng_type', 'london1h'), ('expire_hour', 17), ('exit_hour', 23), ('sl_frac', 1.0), ('sl_atr', 1.0), ('rr', 1.0), ('min_range_atr', 0.3), ('max_range_atr', 3.0))","(('max_trades_day', 1),)",,,
1,GBPUSD,ftmo_1step,2.0,,,,,23.0,17.0,3.0,0.3,london1h,2.0,1.0,1,395,0.5,0.0,16.4,83.0,6.7,4.2,98232.0,205,2.4,0.0,15.6,82.0,5.5,4.5,98627.0,,1.0,"(('rng_type', 'london1h'), ('expire_hour', 17), ('exit_hour', 23), ('sl_frac', 1.0), ('sl_atr', 1.0), ('rr', 2.0), ('min_range_atr', 0.3), ('max_range_atr', 3.0))","(('max_trades_day', 1),)",,,
1,GBPUSD,fundingpips_1step,2.0,,,,,23.0,17.0,3.0,0.3,london1h,2.0,1.0,1,395,1.0,0.0,35.5,63.5,5.0,3.8,98388.0,205,2.4,0.0,36.1,61.5,5.5,4.0,98696.0,,1.0,"(('rng_type', 'london1h'), ('expire_hour', 17), ('exit_hour', 23), ('sl_frac', 1.0), ('sl_atr', 1.0), ('rr', 2.0), ('min_range_atr', 0.3), ('max_range_atr', 3.0))","(('max_trades_day', 1),)",,,
1,GBPUSD,ftmo_1step,2.0,,,,,23.0,17.0,3.0,0.3,london1h,3.0,1.0,1,395,2.5,3.3,24.8,69.4,6.0,4.0,98301.0,205,4.9,4.4,27.8,62.9,6.1,4.3,98905.0,,1.0,"(('rng_type', 'london1h'), ('expire_hour', 17), ('exit_hour', 23), ('sl_frac', 1.0), ('sl_atr', 1.0), ('rr', 3.0), ('min_range_atr', 0.3), ('max_range_atr', 3.0))","(('max_trades_day', 1),)",,,
1,GBPUSD,fundingpips_1step,2.0,,,,,23.0,17.0,3.0,0.3,london1h,3.0,1.0,1,395,6.8,0.0,44.9,48.4,4.5,3.6,98617.0,205,9.8,0.0,43.9,46.3,4.3,3.7,99154.0,,1.0,"(('rng_type', 'london1h'), ('expire_hour', 17), ('exit_hour', 23), ('sl_frac', 1.0), ('sl_atr', 1.0), ('rr', 3.0), ('min_range_atr', 0.3), ('max_range_atr', 3.0))","(('max_trades_day', 1),)",,,
1,GBPUSD,ftmo_1step,2.0,,,,,23.0,17.0,3.0,0.3,london1h,0.0,1.0,1,395,0.0,8.4,19.7,71.9,,4.0,98463.0,205,0.0,10.2,21.0,68.8,,4.3,98465.0,1.5,1.0,"(('rng_type', 'london1h'), ('expire_hour', 17), ('exit_hour', 23), ('sl_frac', 1.0), ('sl_atr', 1.0), ('rr', 0.0), ('trail', 1.5), ('min_range_atr', 0.3), ('max_range_atr', 3.0))","(('max_trades_day', 1),)",,,
1,GBPUSD,fundingpips_1step,2.0,,,,,23.0,17.0,3.0,0.3,london1h,0.0,1.0,1,395,10.1,0.0,38.3,51.6,2.7,3.7,98857.0,205,11.2,0.0,44.9,43.9,1.7,3.9,98806.0,1.5,1.0,"(('rng_type', 'london1h'), ('expire_hour', 17), ('exit_hour', 23), ('sl_frac', 1.0), ('sl_atr', 1.0), ('rr', 0.0), ('trail', 1.5), ('min_range_atr', 0.3), ('max_range_atr', 3.0))","(('max_trades_day', 1),)",,,
1,GBPUSD,ftmo_1step,2.0,,,,,22.0,18.0,3.0,0.3,nypre,1.0,1.0,1,395,0.0,0.0,0.0,100.0,,1.7,100204.0,205,0.0,0.0,0.0,100.0,,2.0,99925.0,,,"(('rng_type', 'nypre'), ('expire_hour', 18), ('exit_hour', 22), ('sl_frac', 1.0), ('rr', 1.0), ('min_range_atr', 0.3), ('max_range_atr', 3.0))","(('max_trades_day', 1),)",,,
1,GBPUSD,fundingpips_1step,2.0,,,,,22.0,18.0,3.0,0.3,nypre,1.0,1.0,1,395,0.0,0.0,0.5,99.5,,1.7,100195.0,205,0.0,0.0,1.0,99.0,,2.0,99918.0,,,"(('rng_type', 'nypre'), ('expire_hour', 18), ('exit_hour', 22), ('sl_frac', 1.0), ('rr', 1.0), ('min_range_atr', 0.3), ('max_range_atr', 3.0))","(('max_trades_day', 1),)",,,
1,GBPUSD,ftmo_1step,2.0,,,,,22.0,18.0,3.0,0.3,nypre,2.0,1.0,1,395,0.3,0.0,0.3,99.5,4.9,1.7,100236.0,205,0.0,0.0,0.0,100.0,,2.0,100050.0,,,"(('rng_type', 'nypre'), ('expire_hour', 18), ('exit_hour', 22), ('sl_frac', 1.0), ('rr', 2.0), ('min_range_atr', 0.3), ('max_range_atr', 3.0))","(('max_trades_day', 1),)",,,
1,GBPUSD,fundingpips_1step,2.0,,,,,22.0,18.0,3.0,0.3,nypre,2.0,1.0,1,395,0.3,0.0,0.8,99.0,4.9,1.7,100232.0,205,0.0,0.0,1.0,99.0,,2.0,100043.0,,,"(('rng_type', 'nypre'), ('expire_hour', 18), ('exit_hour', 22), ('sl_frac', 1.0), ('rr', 2.0), ('min_range_atr', 0.3), ('max_range_atr', 3.0))","(('max_trades_day', 1),)",,,
1,GBPUSD,ftmo_1step,2.0,,,,,22.0,18.0,3.0,0.3,nypre,3.0,1.0,1,395,0.0,0.3,0.3,99.5,,1.7,100221.0,205,0.0,0.0,0.5,99.5,,2.0,99963.0,,,"(('rng_type', 'nypre'), ('expire_hour', 18), ('exit_hour', 22), ('sl_frac', 1.0), ('rr', 3.0), ('min_range_atr', 0.3), ('max_range_atr', 3.0))","(('max_trades_day', 1),)",,,
1,GBPUSD,fundingpips_1step,2.0,,,,,22.0,18.0,3.0,0.3,nypre,3.0,1.0,1,395,0.3,0.0,0.8,99.0,6.9,1.7,100217.0,205,0.0,0.0,1.5,98.5,,2.0,99957.0,,,"(('rng_type', 'nypre'), ('expire_hour', 18), ('exit_hour', 22), ('sl_frac', 1.0), ('rr', 3.0), ('min_range_atr', 0.3), ('max_range_atr', 3.0))","(('max_trades_day', 1),)",,,
1,GBPUSD,ftmo_1step,2.0,,,,,22.0,18.0,3.0,0.3,nypre,0.0,1.0,1,395,0.0,0.0,0.0,100.0,,1.7,100225.0,205,0.0,0.0,0.0,100.0,,2.0,100022.0,1.5,,"(('rng_type', 'nypre'), ('expire_hour', 18), ('exit_hour', 22), ('sl_frac', 1.0), ('rr', 0.0), ('trail', 1.5), ('min_range_atr', 0.3), ('max_range_atr', 3.0))","(('max_trades_day', 1),)",,,
1,GBPUSD,fundingpips_1step,2.0,,,,,22.0,18.0,3.0,0.3,nypre,0.0,1.0,1,395,0.0,0.0,0.0,100.0,,1.7,100225.0,205,0.0,0.0,0.0,100.0,,2.0,100022.0,1.5,,"(('rng_type', 'nypre'), ('expire_hour', 18), ('exit_hour', 22), ('sl_frac', 1.0), ('rr', 0.0), ('trail', 1.5), ('min_range_atr', 0.3), ('max_range_atr', 3.0))","(('max_trades_day', 1),)",,,
1,GBPUSD,ftmo_1step,2.0,,,,,22.0,18.0,3.0,0.3,nypre,1.0,0.5,1,395,0.0,0.0,0.3,99.7,,1.7,99633.0,205,0.0,0.0,0.0,100.0,,2.0,99018.0,,,"(('rng_type', 'nypre'), ('expire_hour', 18), ('exit_hour', 22), ('sl_frac', 0.5), ('rr', 1.0), ('min_range_atr', 0.3), ('max_range_atr', 3.0))","(('max_trades_day', 1),)",,,
1,GBPUSD,fundingpips_1step,2.0,,,,,22.0,18.0,3.0,0.3,nypre,1.0,0.5,1,395,0.0,0.0,2.3,97.7,,1.7,99634.0,205,0.0,0.0,4.9,95.1,,2.0,99039.0,,,"(('rng_type', 'nypre'), ('expire_hour', 18), ('exit_hour', 22), ('sl_frac', 0.5), ('rr', 1.0), ('min_range_atr', 0.3), ('max_range_atr', 3.0))","(('max_trades_day', 1),)",,,
1,GBPUSD,ftmo_1step,2.0,,,,,22.0,18.0,3.0,0.3,nypre,2.0,0.5,1,395,1.0,0.0,0.3,98.7,6.2,1.7,99758.0,205,0.5,0.0,0.5,99.0,5.7,2.0,99359.0,,,"(('rng_type', 'nypre'), ('expire_hour', 18), ('exit_hour', 22), ('sl_frac', 0.5), ('rr', 2.0), ('min_range_atr', 0.3), ('max_range_atr', 3.0))","(('max_trades_day', 1),)",,,
1,GBPUSD,fundingpips_1step,2.0,,,,,22.0,18.0,3.0,0.3,nypre,2.0,0.5,1,395,1.0,0.0,3.3,95.7,6.2,1.7,99757.0,205,0.5,0.0,6.3,93.2,5.7,1.9,99380.0,,,"(('rng_type', 'nypre'), ('expire_hour', 18), ('exit_hour', 22), ('sl_frac', 0.5), ('rr', 2.0), ('min_range_atr', 0.3), ('max_range_atr', 3.0))","(('max_trades_day', 1),)",,,
1,GBPUSD,ftmo_1step,2.0,,,,,22.0,18.0,3.0,0.3,nypre,3.0,0.5,1,395,0.3,1.0,0.8,98.0,6.7,1.7,99818.0,205,0.5,3.4,1.0,95.1,6.7,2.0,99528.0,,,"(('rng_type', 'nypre'), ('expire_hour', 18), ('exit_hour', 22), ('sl_frac', 0.5), ('rr', 3.0), ('min_range_atr', 0.3), ('max_range_atr', 3.0))","(('max_trades_day', 1),)",,,
1,GBPUSD,fundingpips_1step,2.0,,,,,22.0,18.0,3.0,0.3,nypre,3.0,0.5,1,395,1.3,0.0,3.5,95.2,4.8,1.7,99834.0,205,3.9,0.0,7.8,88.3,3.4,1.9,99534.0,,,"(('rng_type', 'nypre'), ('expire_hour', 18), ('exit_hour', 22), ('sl_frac', 0.5), ('rr', 3.0), ('min_range_atr', 0.3), ('max_range_atr', 3.0))","(('max_trades_day', 1),)",,,
1,GBPUSD,ftmo_1step,2.0,,,,,22.0,18.0,3.0,0.3,nypre,0.0,0.5,1,395,0.3,1.5,0.3,98.0,4.9,1.7,99876.0,205,0.0,4.4,0.5,95.1,,1.9,99474.0,1.5,,"(('rng_type', 'nypre'), ('expire_hour', 18), ('exit_hour', 22), ('sl_frac', 0.5), ('rr', 0.0), ('trail', 1.5), ('min_range_atr', 0.3), ('max_range_atr', 3.0))","(('max_trades_day', 1),)",,,
1,GBPUSD,fundingpips_1step,2.0,,,,,22.0,18.0,3.0,0.3,nypre,0.0,0.5,1,395,2.0,0.0,2.0,95.9,2.9,1.7,99878.0,205,4.4,0.0,6.8,88.8,1.9,1.9,99484.0,1.5,,"(('rng_type', 'nypre'), ('expire_hour', 18), ('exit_hour', 22), ('sl_frac', 0.5), ('rr', 0.0), ('trail', 1.5), ('min_range_atr', 0.3), ('max_range_atr', 3.0))","(('max_trades_day', 1),)",,,
1,GBPUSD,ftmo_1step,2.0,,,,,22.0,18.0,3.0,0.3,nypre,1.0,1.0,1,395,0.0,0.0,0.3,99.7,,1.7,99379.0,205,0.0,0.0,0.5,99.5,,2.0,98711.0,,1.0,"(('rng_type', 'nypre'), ('expire_hour', 18), ('exit_hour', 22), ('sl_frac', 1.0), ('sl_atr', 1.0), ('rr', 1.0), ('min_range_atr', 0.3), ('max_range_atr', 3.0))","(('max_trades_day', 1),)",,,
1,GBPUSD,fundingpips_1step,2.0,,,,,22.0,18.0,3.0,0.3,nypre,1.0,1.0,1,395,0.0,0.0,3.5,96.5,,1.7,99370.0,205,0.0,0.0,7.8,92.2,,2.0,98712.0,,1.0,"(('rng_type', 'nypre'), ('expire_hour', 18), ('exit_hour', 22), ('sl_frac', 1.0), ('sl_atr', 1.0), ('rr', 1.0), ('min_range_atr', 0.3), ('max_range_atr', 3.0))","(('max_trades_day', 1),)",,,
1,GBPUSD,ftmo_1step,2.0,,,,,22.0,18.0,3.0,0.3,nypre,2.0,1.0,1,395,1.0,0.0,0.3,98.7,6.2,1.7,99667.0,205,0.5,0.0,0.5,99.0,5.7,2.0,98900.0,,1.0,"(('rng_type', 'nypre'), ('expire_hour', 18), ('exit_hour', 22), ('sl_frac', 1.0), ('sl_atr', 1.0), ('rr', 2.0), ('min_range_atr', 0.3), ('max_range_atr', 3.0))","(('max_trades_day', 1),)",,,
1,GBPUSD,fundingpips_1step,2.0,,,,,22.0,18.0,3.0,0.3,nypre,2.0,1.0,1,395,1.0,0.0,4.3,94.7,6.2,1.7,99676.0,205,0.5,0.0,10.2,89.3,5.7,1.9,98911.0,,1.0,"(('rng_type', 'nypre'), ('expire_hour', 18), ('exit_hour', 22), ('sl_frac', 1.0), ('sl_atr', 1.0), ('rr', 2.0), ('min_range_atr', 0.3), ('max_range_atr', 3.0))","(('max_trades_day', 1),)",,,
1,GBPUSD,ftmo_1step,2.0,,,,,22.0,18.0,3.0,0.3,nypre,3.0,1.0,1,395,0.3,0.8,1.1,98.0,6.7,1.7,99760.0,205,0.0,3.4,1.0,95.6,,2.0,99267.0,,1.0,"(('rng_type', 'nypre'), ('expire_hour', 18), ('exit_hour', 22), ('sl_frac', 1.0), ('sl_atr', 1.0), ('rr', 3.0), ('min_range_atr', 0.3), ('max_range_atr', 3.0))","(('max_trades_day', 1),)",,,
1,GBPUSD,fundingpips_1step,2.0,,,,,22.0,18.0,3.0,0.3,nypre,3.0,1.0,1,395,1.0,0.0,5.1,93.9,5.2,1.7,99785.0,205,3.4,0.0,12.2,84.4,2.8,1.9,99280.0,,1.0,"(('rng_type', 'nypre'), ('expire_hour', 18), ('exit_hour', 22), ('sl_frac', 1.0), ('sl_atr', 1.0), ('rr', 3.0), ('min_range_atr', 0.3), ('max_range_atr', 3.0))","(('max_trades_day', 1),)",,,
1,GBPUSD,ftmo_1step,2.0,,,,,22.0,18.0,3.0,0.3,nypre,0.0,1.0,1,395,0.3,3.0,0.3,96.5,4.9,1.7,99766.0,205,0.0,5.4,1.0,93.7,,1.9,99300.0,1.5,1.0,"(('rng_type', 'nypre'), ('expire_hour', 18), ('exit_hour', 22), ('sl_frac', 1.0), ('sl_atr', 1.0), ('rr', 0.0), ('trail', 1.5), ('min_range_atr', 0.3), ('max_range_atr', 3.0))","(('max_trades_day', 1),)",,,
1,GBPUSD,fundingpips_1step,2.0,,,,,22.0,18.0,3.0,0.3,nypre,0.0,1.0,1,395,3.3,0.0,3.5,93.2,3.9,1.6,99778.0,205,5.4,0.0,9.3,85.4,2.9,1.9,99311.0,1.5,1.0,"(('rng_type', 'nypre'), ('expire_hour', 18), ('exit_hour', 22), ('sl_frac', 1.0), ('sl_atr', 1.0), ('rr', 0.0), ('trail', 1.5), ('min_range_atr', 0.3), ('max_range_atr', 3.0))","(('max_trades_day', 1),)",,,
1,GBPUSD,ftmo_1step,2.0,,,,,23.0,20.0,3.0,0.3,nypre,1.0,1.0,1,395,0.0,0.0,0.3,99.7,,1.8,100200.0,205,0.0,0.0,0.5,99.5,,2.0,99889.0,,,"(('rng_type', 'nypre'), ('expire_hour', 20), ('exit_hour', 23), ('sl_frac', 1.0), ('rr', 1.0), ('min_range_atr', 0.3), ('max_range_atr', 3.0))","(('max_trades_day', 1),)",,,
1,GBPUSD,fundingpips_1step,2.0,,,,,23.0,20.0,3.0,0.3,nypre,1.0,1.0,1,395,0.0,0.0,0.8,99.2,,1.8,100190.0,205,0.0,0.0,1.5,98.5,,2.0,99881.0,,,"(('rng_type', 'nypre'), ('expire_hour', 20), ('exit_hour', 23), ('sl_frac', 1.0), ('rr', 1.0), ('min_range_atr', 0.3), ('max_range_atr', 3.0))","(('max_trades_day', 1),)",,,
1,GBPUSD,ftmo_1step,2.0,,,,,23.0,20.0,3.0,0.3,nypre,2.0,1.0,1,395,0.3,0.0,1.0,98.7,4.9,1.7,100267.0,205,0.0,0.0,0.5,99.5,,2.0,99962.0,,,"(('rng_type', 'nypre'), ('expire_hour', 20), ('exit_hour', 23), ('sl_frac', 1.0), ('rr', 2.0), ('min_range_atr', 0.3), ('max_range_atr', 3.0))","(('max_trades_day', 1),)",,,
1,GBPUSD,fundingpips_1step,2.0,,,,,23.0,20.0,3.0,0.3,nypre,2.0,1.0,1,395,0.3,0.0,1.5,98.2,4.9,1.7,100258.0,205,0.0,0.0,1.5,98.5,,2.0,99955.0,,,"(('rng_type', 'nypre'), ('expire_hour', 20), ('exit_hour', 23), ('sl_frac', 1.0), ('rr', 2.0), ('min_range_atr', 0.3), ('max_range_atr', 3.0))","(('max_trades_day', 1),)",,,
1,GBPUSD,ftmo_1step,2.0,,,,,23.0,20.0,3.0,0.3,nypre,3.0,1.0,1,395,0.0,0.3,1.0,98.7,,1.7,100229.0,205,0.0,0.0,1.0,99.0,,2.0,99849.0,,,"(('rng_type', 'nypre'), ('expire_hour', 20), ('exit_hour', 23), ('sl_frac', 1.0), ('rr', 3.0), ('min_range_atr', 0.3), ('max_range_atr', 3.0))","(('max_trades_day', 1),)",,,
1,GBPUSD,fundingpips_1step,2.0,,,,,23.0,20.0,3.0,0.3,nypre,3.0,1.0,1,395,0.3,0.0,1.5,98.2,6.9,1.7,100220.0,205,0.0,0.0,2.0,98.0,,2.0,99840.0,,,"(('rng_type', 'nypre'), ('expire_hour', 20), ('exit_hour', 23), ('sl_frac', 1.0), ('rr', 3.0), ('min_range_atr', 0.3), ('max_range_atr', 3.0))","(('max_trades_day', 1),)",,,
1,GBPUSD,ftmo_1step,2.0,,,,,23.0,20.0,3.0,0.3,nypre,0.0,1.0,1,395,0.0,0.0,0.3,99.7,,1.8,100235.0,205,0.0,0.0,0.0,100.0,,2.1,99946.0,1.5,,"(('rng_type', 'nypre'), ('expire_hour', 20), ('exit_hour', 23), ('sl_frac', 1.0), ('rr', 0.0), ('trail', 1.5), ('min_range_atr', 0.3), ('max_range_atr', 3.0))","(('max_trades_day', 1),)",,,
1,GBPUSD,fundingpips_1step,2.0,,,,,23.0,20.0,3.0,0.3,nypre,0.0,1.0,1,395,0.0,0.0,0.3,99.7,,1.8,100235.0,205,0.0,0.0,0.0,100.0,,2.1,99946.0,1.5,,"(('rng_type', 'nypre'), ('expire_hour', 20), ('exit_hour', 23), ('sl_frac', 1.0), ('rr', 0.0), ('trail', 1.5), ('min_range_atr', 0.3), ('max_range_atr', 3.0))","(('max_trades_day', 1),)",,,
1,GBPUSD,ftmo_1step,2.0,,,,,23.0,20.0,3.0,0.3,nypre,1.0,0.5,1,395,0.0,0.0,0.8,99.2,,1.8,99615.0,205,0.0,0.0,0.5,99.5,,2.1,98984.0,,,"(('rng_type', 'nypre'), ('expire_hour', 20), ('exit_hour', 23), ('sl_frac', 0.5), ('rr', 1.0), ('min_range_atr', 0.3), ('max_range_atr', 3.0))","(('max_trades_day', 1),)",,,
1,GBPUSD,fundingpips_1step,2.0,,,,,23.0,20.0,3.0,0.3,nypre,1.0,0.5,1,395,0.0,0.0,3.0,97.0,,1.8,99617.0,205,0.0,0.0,5.4,94.6,,2.0,99006.0,,,"(('rng_type', 'nypre'), ('expire_hour', 20), ('exit_hour', 23), ('sl_frac', 0.5), ('rr', 1.0), ('min_range_atr', 0.3), ('max_range_atr', 3.0))","(('max_trades_day', 1),)",,,
1,GBPUSD,ftmo_1step,2.0,,,,,23.0,20.0,3.0,0.3,nypre,2.0,0.5,1,395,1.0,0.0,0.8,98.2,6.2,1.8,99750.0,205,0.5,0.0,1.0,98.5,5.7,2.0,99321.0,,,"(('rng_type', 'nypre'), ('expire_hour', 20), ('exit_hour', 23), ('sl_frac', 0.5), ('rr', 2.0), ('min_range_atr', 0.3), ('max_range_atr', 3.0))","(('max_trades_day', 1),)",,,
1,GBPUSD,fundingpips_1step,2.0,,,,,23.0,20.0,3.0,0.3,nypre,2.0,0.5,1,395,1.0,0.0,4.1,94.9,6.2,1.8,99746.0,205,0.5,0.0,6.8,92.7,5.7,2.0,99348.0,,,"(('rng_type', 'nypre'), ('expire_hour', 20), ('exit_hour', 23), ('sl_frac', 0.5), ('rr', 2.0), ('min_range_atr', 0.3), ('max_range_atr', 3.0))","(('max_trades_day', 1),)",,,
1,GBPUSD,ftmo_1step,2.0,,,,,23.0,20.0,3.0,0.3,nypre,3.0,0.5,1,395,0.3,1.0,1.8,97.0,6.7,1.7,99805.0,205,0.5,2.0,1.5,96.1,6.7,2.0,99492.0,,,"(('rng_type', 'nypre'), ('expire_hour', 20), ('exit_hour', 23), ('sl_frac', 0.5), ('rr', 3.0), ('min_range_atr', 0.3), ('max_range_atr', 3.0))","(('max_trades_day', 1),)",,,
1,GBPUSD,fundingpips_1step,2.0,,,,,23.0,20.0,3.0,0.3,nypre,3.0,0.5,1,395,1.3,0.0,5.0,93.7,4.8,1.7,99801.0,205,2.4,0.0,8.3,89.3,5.7,2.0,99495.0,,,"(('rng_type', 'nypre'), ('expire_hour', 20), ('exit_hour', 23), ('sl_frac', 0.5), ('rr', 3.0), ('min_range_atr', 0.3), ('max_range_atr', 3.0))","(('max_trades_day', 1),)",,,
1,GBPUSD,ftmo_1step,2.0,,,,,23.0,20.0,3.0,0.3,nypre,0.0,0.5,1,395,0.3,1.8,1.6,96.5,4.9,1.7,99875.0,205,0.0,3.4,0.5,96.1,,2.0,99330.0,1.5,,"(('rng_type', 'nypre'), ('expire_hour', 20), ('exit_hour', 23), ('sl_frac', 0.5), ('rr', 0.0), ('trail', 1.5), ('min_range_atr', 0.3), ('max_range_atr', 3.0))","(('max_trades_day', 1),)",,,
1,GBPUSD,fundingpips_1step,2.0,,,,,23.0,20.0,3.0,0.3,nypre,0.0,0.5,1,395,2.3,0.0,3.8,93.9,2.9,1.7,99868.0,205,3.4,0.0,7.8,88.8,1.9,2.0,99344.0,1.5,,"(('rng_type', 'nypre'), ('expire_hour', 20), ('exit_hour', 23), ('sl_frac', 0.5), ('rr', 0.0), ('trail', 1.5), ('min_range_atr', 0.3), ('max_range_atr', 3.0))","(('max_trades_day', 1),)",,,
1,GBPUSD,ftmo_1step,2.0,,,,,23.0,20.0,3.0,0.3,nypre,1.0,1.0,1,395,0.0,0.0,0.8,99.2,,1.8,99331.0,205,0.0,0.0,1.5,98.5,,2.0,98641.0,,1.0,"(('rng_type', 'nypre'), ('expire_hour', 20), ('exit_hour', 23), ('sl_frac', 1.0), ('sl_atr', 1.0), ('rr', 1.0), ('min_range_atr', 0.3), ('max_range_atr', 3.0))","(('max_trades_day', 1),)",,,
1,GBPUSD,fundingpips_1step,2.0,,,,,23.0,20.0,3.0,0.3,nypre,1.0,1.0,1,395,0.0,0.0,4.6,95.4,,1.8,99311.0,205,0.0,0.0,9.3,90.7,,2.0,98648.0,,1.0,"(('rng_type', 'nypre'), ('expire_hour', 20), ('exit_hour', 23), ('sl_frac', 1.0), ('sl_atr', 1.0), ('rr', 1.0), ('min_range_atr', 0.3), ('max_range_atr', 3.0))","(('max_trades_day', 1),)",,,
1,GBPUSD,ftmo_1step,2.0,,,,,23.0,20.0,3.0,0.3,nypre,2.0,1.0,1,395,1.0,0.0,0.8,98.2,6.2,1.8,99645.0,205,0.5,0.0,2.0,97.6,5.7,2.0,98801.0,,1.0,"(('rng_type', 'nypre'), ('expire_hour', 20), ('exit_hour', 23), ('sl_frac', 1.0), ('sl_atr', 1.0), ('rr', 2.0), ('min_range_atr', 0.3), ('max_range_atr', 3.0))","(('max_trades_day', 1),)",,,
1,GBPUSD,fundingpips_1step,2.0,,,,,23.0,20.0,3.0,0.3,nypre,2.0,1.0,1,395,1.0,0.0,5.3,93.7,6.2,1.7,99647.0,205,0.5,0.0,11.7,87.8,5.7,2.0,98818.0,,1.0,"(('rng_type', 'nypre'), ('expire_hour', 20), ('exit_hour', 23), ('sl_frac', 1.0), ('sl_atr', 1.0), ('rr', 2.0), ('min_range_atr', 0.3), ('max_range_atr', 3.0))","(('max_trades_day', 1),)",,,
1,GBPUSD,ftmo_1step,2.0,,,,,23.0,20.0,3.0,0.3,nypre,3.0,1.0,1,395,0.5,1.0,1.6,97.0,5.7,1.8,99771.0,205,0.0,2.9,3.5,93.7,,2.0,99138.0,,1.0,"(('rng_type', 'nypre'), ('expire_hour', 20), ('exit_hour', 23), ('sl_frac', 1.0), ('sl_atr', 1.0), ('rr', 3.0), ('min_range_atr', 0.3), ('max_range_atr', 3.0))","(('max_trades_day', 1),)",,,
1,GBPUSD,fundingpips_1step,2.0,,,,,23.0,20.0,3.0,0.3,nypre,3.0,1.0,1,395,1.5,0.0,6.4,92.2,5.2,1.7,99772.0,205,2.9,0.0,14.2,82.9,3.3,2.0,99166.0,,1.0,"(('rng_type', 'nypre'), ('expire_hour', 20), ('exit_hour', 23), ('sl_frac', 1.0), ('sl_atr', 1.0), ('rr', 3.0), ('min_range_atr', 0.3), ('max_range_atr', 3.0))","(('max_trades_day', 1),)",,,
1,GBPUSD,ftmo_1step,2.0,,,,,23.0,20.0,3.0,0.3,nypre,0.0,1.0,1,395,0.3,3.0,1.8,94.9,4.9,1.7,99756.0,205,0.0,3.9,1.5,94.6,,2.0,99147.0,1.5,1.0,"(('rng_type', 'nypre'), ('expire_hour', 20), ('exit_hour', 23), ('sl_frac', 1.0), ('sl_atr', 1.0), ('rr', 0.0), ('trail', 1.5), ('min_range_atr', 0.3), ('max_range_atr', 3.0))","(('max_trades_day', 1),)",,,
1,GBPUSD,fundingpips_1step,2.0,,,,,23.0,20.0,3.0,0.3,nypre,0.0,1.0,1,395,3.3,0.0,5.6,91.1,3.9,1.7,99759.0,205,3.9,0.0,11.2,84.9,2.4,2.0,99163.0,1.5,1.0,"(('rng_type', 'nypre'), ('expire_hour', 20), ('exit_hour', 23), ('sl_frac', 1.0), ('sl_atr', 1.0), ('rr', 0.0), ('trail', 1.5), ('min_range_atr', 0.3), ('max_range_atr', 3.0))","(('max_trades_day', 1),)",,,
1,GBPUSD,ftmo_1step,2.0,,,,,18.0,14.0,12.0,1.0,prevday,1.0,1.0,1,395,0.0,0.0,0.0,100.0,,3.0,99889.0,205,0.0,0.0,0.0,100.0,,3.2,100155.0,,,"(('rng_type', 'prevday'), ('expire_hour', 14), ('exit_hour', 18), ('sl_frac', 1.0), ('rr', 1.0), ('min_range_atr', 1.0), ('max_range_atr', 12.0))","(('max_trades_day', 1),)",,,
1,GBPUSD,fundingpips_1step,2.0,,,,,18.0,14.0,12.0,1.0,prevday,1.0,1.0,1,395,0.0,0.0,0.5,99.5,,3.0,99890.0,205,0.0,0.0,1.5,98.5,,3.2,100156.0,,,"(('rng_type', 'prevday'), ('expire_hour', 14), ('exit_hour', 18), ('sl_frac', 1.0), ('rr', 1.0), ('min_range_atr', 1.0), ('max_range_atr', 12.0))","(('max_trades_day', 1),)",,,
1,GBPUSD,ftmo_1step,2.0,,,,,18.0,14.0,12.0,1.0,prevday,2.0,1.0,1,395,0.0,0.0,0.0,100.0,,3.0,99884.0,205,0.0,0.0,0.0,100.0,,3.2,100130.0,,,"(('rng_type', 'prevday'), ('expire_hour', 14), ('exit_hour', 18), ('sl_frac', 1.0), ('rr', 2.0), ('min_range_atr', 1.0), ('max_range_atr', 12.0))","(('max_trades_day', 1),)",,,
1,GBPUSD,fundingpips_1step,2.0,,,,,18.0,14.0,12.0,1.0,prevday,2.0,1.0,1,395,0.0,0.0,0.5,99.5,,3.0,99885.0,205,0.0,0.0,1.5,98.5,,3.2,100130.0,,,"(('rng_type', 'prevday'), ('expire_hour', 14), ('exit_hour', 18), ('sl_frac', 1.0), ('rr', 2.0), ('min_range_atr', 1.0), ('max_range_atr', 12.0))","(('max_trades_day', 1),)",,,
1,GBPUSD,ftmo_1step,2.0,,,,,18.0,14.0,12.0,1.0,prevday,3.0,1.0,1,395,0.0,0.0,0.0,100.0,,3.0,99888.0,205,0.0,0.0,0.0,100.0,,3.2,100135.0,,,"(('rng_type', 'prevday'), ('expire_hour', 14), ('exit_hour', 18), ('sl_frac', 1.0), ('rr', 3.0), ('min_range_atr', 1.0), ('max_range_atr', 12.0))","(('max_trades_day', 1),)",,,
1,GBPUSD,fundingpips_1step,2.0,,,,,18.0,14.0,12.0,1.0,prevday,3.0,1.0,1,395,0.0,0.0,0.5,99.5,,3.0,99889.0,205,0.0,0.0,1.5,98.5,,3.2,100136.0,,,"(('rng_type', 'prevday'), ('expire_hour', 14), ('exit_hour', 18), ('sl_frac', 1.0), ('rr', 3.0), ('min_range_atr', 1.0), ('max_range_atr', 12.0))","(('max_trades_day', 1),)",,,
1,GBPUSD,ftmo_1step,2.0,,,,,18.0,14.0,12.0,1.0,prevday,0.0,1.0,1,395,0.0,0.0,0.0,100.0,,3.0,100072.0,205,0.0,0.0,0.0,100.0,,3.2,100174.0,1.5,,"(('rng_type', 'prevday'), ('expire_hour', 14), ('exit_hour', 18), ('sl_frac', 1.0), ('rr', 0.0), ('trail', 1.5), ('min_range_atr', 1.0), ('max_range_atr', 12.0))","(('max_trades_day', 1),)",,,
1,GBPUSD,fundingpips_1step,2.0,,,,,18.0,14.0,12.0,1.0,prevday,0.0,1.0,1,395,0.0,0.0,0.0,100.0,,3.0,100072.0,205,0.0,0.0,0.0,100.0,,3.2,100174.0,1.5,,"(('rng_type', 'prevday'), ('expire_hour', 14), ('exit_hour', 18), ('sl_frac', 1.0), ('rr', 0.0), ('trail', 1.5), ('min_range_atr', 1.0), ('max_range_atr', 12.0))","(('max_trades_day', 1),)",,,
1,GBPUSD,ftmo_1step,2.0,,,,,18.0,14.0,12.0,1.0,prevday,1.0,0.5,1,395,0.0,0.0,0.0,100.0,,3.0,99765.0,205,0.0,0.0,0.0,100.0,,3.2,100259.0,,,"(('rng_type', 'prevday'), ('expire_hour', 14), ('exit_hour', 18), ('sl_frac', 0.5), ('rr', 1.0), ('min_range_atr', 1.0), ('max_range_atr', 12.0))","(('max_trades_day', 1),)",,,
1,GBPUSD,fundingpips_1step,2.0,,,,,18.0,14.0,12.0,1.0,prevday,1.0,0.5,1,395,0.0,0.0,4.3,95.7,,3.0,99769.0,205,0.0,0.0,3.4,96.6,,3.1,100255.0,,,"(('rng_type', 'prevday'), ('expire_hour', 14), ('exit_hour', 18), ('sl_frac', 0.5), ('rr', 1.0), ('min_range_atr', 1.0), ('max_range_atr', 12.0))","(('max_trades_day', 1),)",,,
1,GBPUSD,ftmo_1step,2.0,,,,,18.0,14.0,12.0,1.0,prevday,2.0,0.5,1,395,0.3,0.0,0.3,99.5,4.7,3.0,99976.0,205,1.0,0.0,0.5,98.5,6.7,3.2,100356.0,,,"(('rng_type', 'prevday'), ('expire_hour', 14), ('exit_hour', 18), ('sl_frac', 0.5), ('rr', 2.0), ('min_range_atr', 1.0), ('max_range_atr', 12.0))","(('max_trades_day', 1),)",,,
1,GBPUSD,fundingpips_1step,2.0,,,,,18.0,14.0,12.0,1.0,prevday,2.0,0.5,1,395,0.3,0.0,5.6,94.2,4.7,3.0,99985.0,205,1.0,0.0,3.9,95.1,6.7,3.1,100342.0,,,"(('rng_type', 'prevday'), ('expire_hour', 14), ('exit_hour', 18), ('sl_frac', 0.5), ('rr', 2.0), ('min_range_atr', 1.0), ('max_range_atr', 12.0))","(('max_trades_day', 1),)",,,
1,GBPUSD,ftmo_1step,2.0,,,,,18.0,14.0,12.0,1.0,prevday,3.0,0.5,1,395,0.5,0.3,0.3,99.0,5.7,3.0,100031.0,205,0.0,0.5,1.0,98.5,,3.1,100280.0,,,"(('rng_type', 'prevday'), ('expire_hour', 14), ('exit_hour', 18), ('sl_frac', 0.5), ('rr', 3.0), ('min_range_atr', 1.0), ('max_range_atr', 12.0))","(('max_trades_day', 1),)",,,
1,GBPUSD,fundingpips_1step,2.0,,,,,18.0,14.0,12.0,1.0,prevday,3.0,0.5,1,395,0.8,0.0,5.8,93.4,4.7,3.0,100039.0,205,0.5,0.0,4.4,95.1,3.7,3.1,100240.0,,,"(('rng_type', 'prevday'), ('expire_hour', 14), ('exit_hour', 18), ('sl_frac', 0.5), ('rr', 3.0), ('min_range_atr', 1.0), ('max_range_atr', 12.0))","(('max_trades_day', 1),)",,,
1,GBPUSD,ftmo_1step,2.0,,,,,18.0,14.0,12.0,1.0,prevday,0.0,0.5,1,395,0.0,0.8,0.0,99.2,,3.0,100093.0,205,0.0,0.5,0.0,99.5,,3.2,100338.0,1.5,,"(('rng_type', 'prevday'), ('expire_hour', 14), ('exit_hour', 18), ('sl_frac', 0.5), ('rr', 0.0), ('trail', 1.5), ('min_range_atr', 1.0), ('max_range_atr', 12.0))","(('max_trades_day', 1),)",,,
1,GBPUSD,fundingpips_1step,2.0,,,,,18.0,14.0,12.0,1.0,prevday,0.0,0.5,1,395,0.8,0.0,0.0,99.2,1.7,3.0,100093.0,205,0.5,0.0,0.0,99.5,5.7,3.2,100338.0,1.5,,"(('rng_type', 'prevday'), ('expire_hour', 14), ('exit_hour', 18), ('sl_frac', 0.5), ('rr', 0.0), ('trail', 1.5), ('min_range_atr', 1.0), ('max_range_atr', 12.0))","(('max_trades_day', 1),)",,,
1,GBPUSD,ftmo_1step,2.0,,,,,18.0,14.0,12.0,1.0,prevday,1.0,1.0,1,395,0.0,0.0,1.5,98.5,,3.0,97340.0,205,0.0,0.0,2.0,98.0,,3.2,98232.0,,1.0,"(('rng_type', 'prevday'), ('expire_hour', 14), ('exit_hour', 18), ('sl_frac', 1.0), ('sl_atr', 1.0), ('rr', 1.0), ('min_range_atr', 1.0), ('max_range_atr', 12.0))","(('max_trades_day', 1),)",,,
1,GBPUSD,fundingpips_1step,2.0,,,,,18.0,14.0,12.0,1.0,prevday,1.0,1.0,1,395,0.0,0.0,21.3,78.7,,2.9,97454.0,205,0.0,0.0,18.0,82.0,,3.0,98338.0,,1.0,"(('rng_type', 'prevday'), ('expire_hour', 14), ('exit_hour', 18), ('sl_frac', 1.0), ('sl_atr', 1.0), ('rr', 1.0), ('min_range_atr', 1.0), ('max_range_atr', 12.0))","(('max_trades_day', 1),)",,,
1,GBPUSD,ftmo_1step,2.0,,,,,18.0,14.0,12.0,1.0,prevday,2.0,1.0,1,395,0.5,0.0,3.5,95.9,4.0,3.0,97501.0,205,2.4,0.0,6.3,91.2,5.3,3.1,98420.0,,1.0,"(('rng_type', 'prevday'), ('expire_hour', 14), ('exit_hour', 18), ('sl_frac', 1.0), ('sl_atr', 1.0), ('rr', 2.0), ('min_range_atr', 1.0), ('max_range_atr', 12.0))","(('max_trades_day', 1),)",,,
1,GBPUSD,fundingpips_1step,2.0,,,,,18.0,14.0,12.0,1.0,prevday,2.0,1.0,1,395,0.5,0.0,29.1,70.4,4.0,2.8,97739.0,205,2.4,0.0,31.7,65.9,5.3,2.9,98562.0,,1.0,"(('rng_type', 'prevday'), ('expire_hour', 14), ('exit_hour', 18), ('sl_frac', 1.0), ('sl_atr', 1.0), ('rr', 2.0), ('min_range_atr', 1.0), ('max_range_atr', 12.0))","(('max_trades_day', 1),)",,,
1,GBPUSD,ftmo_1step,2.0,,,,,18.0,14.0,12.0,1.0,prevday,3.0,1.0,1,395,0.3,2.3,7.1,90.4,5.4,3.0,97503.0,205,1.0,4.4,10.7,83.9,5.5,3.1,98372.0,,1.0,"(('rng_type', 'prevday'), ('expire_hour', 14), ('exit_hour', 18), ('sl_frac', 1.0), ('sl_atr', 1.0), ('rr', 3.0), ('min_range_atr', 1.0), ('max_range_atr', 12.0))","(('max_trades_day', 1),)",,,
1,GBPUSD,fundingpips_1step,2.0,,,,,18.0,14.0,12.0,1.0,prevday,3.0,1.0,1,395,2.5,0.0,37.2,60.3,3.5,2.8,97783.0,205,5.4,0.0,40.5,54.1,3.6,2.8,98485.0,,1.0,"(('rng_type', 'prevday'), ('expire_hour', 14), ('exit_hour', 18), ('sl_frac', 1.0), ('sl_atr', 1.0), ('rr', 3.0), ('min_range_atr', 1.0), ('max_range_atr', 12.0))","(('max_trades_day', 1),)",,,
1,GBPUSD,ftmo_1step,2.0,,,,,18.0,14.0,12.0,1.0,prevday,0.0,1.0,1,395,0.0,5.6,5.3,89.1,,3.0,97537.0,205,0.5,6.8,5.4,87.3,5.6,3.1,98780.0,1.5,1.0,"(('rng_type', 'prevday'), ('expire_hour', 14), ('exit_hour', 18), ('sl_frac', 1.0), ('sl_atr', 1.0), ('rr', 0.0), ('trail', 1.5), ('min_range_atr', 1.0), ('max_range_atr', 12.0))","(('max_trades_day', 1),)",,,
1,GBPUSD,fundingpips_1step,2.0,,,,,18.0,14.0,12.0,1.0,prevday,0.0,1.0,1,395,6.3,0.0,29.6,64.1,2.7,2.8,97763.0,205,7.3,0.0,26.8,65.9,4.5,2.9,98929.0,1.5,1.0,"(('rng_type', 'prevday'), ('expire_hour', 14), ('exit_hour', 18), ('sl_frac', 1.0), ('sl_atr', 1.0), ('rr', 0.0), ('trail', 1.5), ('min_range_atr', 1.0), ('max_range_atr', 12.0))","(('max_trades_day', 1),)",,,
1,GBPUSD,ftmo_1step,2.0,,,,,23.0,17.0,12.0,1.0,prevday,1.0,1.0,1,395,0.0,0.0,0.8,99.2,,3.5,99899.0,205,0.0,0.0,0.0,100.0,,3.7,100112.0,,,"(('rng_type', 'prevday'), ('expire_hour', 17), ('exit_hour', 23), ('sl_frac', 1.0), ('rr', 1.0), ('min_range_atr', 1.0), ('max_range_atr', 12.0))","(('max_trades_day', 1),)",,,
1,GBPUSD,fundingpips_1step,2.0,,,,,23.0,17.0,12.0,1.0,prevday,1.0,1.0,1,395,0.0,0.0,0.8,99.2,,3.5,99899.0,205,0.0,0.0,1.5,98.5,,3.7,100122.0,,,"(('rng_type', 'prevday'), ('expire_hour', 17), ('exit_hour', 23), ('sl_frac', 1.0), ('rr', 1.0), ('min_range_atr', 1.0), ('max_range_atr', 12.0))","(('max_trades_day', 1),)",,,
1,GBPUSD,ftmo_1step,2.0,,,,,23.0,17.0,12.0,1.0,prevday,2.0,1.0,1,395,0.0,0.0,0.8,99.2,,3.4,99894.0,205,0.0,0.0,0.0,100.0,,3.7,100071.0,,,"(('rng_type', 'prevday'), ('expire_hour', 17), ('exit_hour', 23), ('sl_frac', 1.0), ('rr', 2.0), ('min_range_atr', 1.0), ('max_range_atr', 12.0))","(('max_trades_day', 1),)",,,
1,GBPUSD,fundingpips_1step,2.0,,,,,23.0,17.0,12.0,1.0,prevday,2.0,1.0,1,395,0.0,0.0,0.8,99.2,,3.4,99894.0,205,0.0,0.0,1.5,98.5,,3.7,100080.0,,,"(('rng_type', 'prevday'), ('expire_hour', 17), ('exit_hour', 23), ('sl_frac', 1.0), ('rr', 2.0), ('min_range_atr', 1.0), ('max_range_atr', 12.0))","(('max_trades_day', 1),)",,,
1,GBPUSD,ftmo_1step,2.0,,,,,23.0,17.0,12.0,1.0,prevday,3.0,1.0,1,395,0.0,0.0,0.8,99.2,,3.4,99891.0,205,0.0,0.0,0.0,100.0,,3.7,100075.0,,,"(('rng_type', 'prevday'), ('expire_hour', 17), ('exit_hour', 23), ('sl_frac', 1.0), ('rr', 3.0), ('min_range_atr', 1.0), ('max_range_atr', 12.0))","(('max_trades_day', 1),)",,,
1,GBPUSD,fundingpips_1step,2.0,,,,,23.0,17.0,12.0,1.0,prevday,3.0,1.0,1,395,0.0,0.0,0.8,99.2,,3.4,99891.0,205,0.0,0.0,1.5,98.5,,3.7,100084.0,,,"(('rng_type', 'prevday'), ('expire_hour', 17), ('exit_hour', 23), ('sl_frac', 1.0), ('rr', 3.0), ('min_range_atr', 1.0), ('max_range_atr', 12.0))","(('max_trades_day', 1),)",,,
1,GBPUSD,ftmo_1step,2.0,,,,,23.0,17.0,12.0,1.0,prevday,0.0,1.0,1,395,0.0,0.0,0.0,100.0,,3.5,100083.0,205,0.0,0.0,0.0,100.0,,3.7,100125.0,1.5,,"(('rng_type', 'prevday'), ('expire_hour', 17), ('exit_hour', 23), ('sl_frac', 1.0), ('rr', 0.0), ('trail', 1.5), ('min_range_atr', 1.0), ('max_range_atr', 12.0))","(('max_trades_day', 1),)",,,
1,GBPUSD,fundingpips_1step,2.0,,,,,23.0,17.0,12.0,1.0,prevday,0.0,1.0,1,395,0.0,0.0,0.0,100.0,,3.5,100083.0,205,0.0,0.0,0.0,100.0,,3.7,100125.0,1.5,,"(('rng_type', 'prevday'), ('expire_hour', 17), ('exit_hour', 23), ('sl_frac', 1.0), ('rr', 0.0), ('trail', 1.5), ('min_range_atr', 1.0), ('max_range_atr', 12.0))","(('max_trades_day', 1),)",,,
1,GBPUSD,ftmo_1step,2.0,,,,,23.0,17.0,12.0,1.0,prevday,1.0,0.5,1,395,0.0,0.0,0.8,99.2,,3.5,99817.0,205,0.0,0.0,0.0,100.0,,3.7,100074.0,,,"(('rng_type', 'prevday'), ('expire_hour', 17), ('exit_hour', 23), ('sl_frac', 0.5), ('rr', 1.0), ('min_range_atr', 1.0), ('max_range_atr', 12.0))","(('max_trades_day', 1),)",,,
1,GBPUSD,fundingpips_1step,2.0,,,,,23.0,17.0,12.0,1.0,prevday,1.0,0.5,1,395,0.0,0.0,6.1,93.9,,3.5,99830.0,205,0.0,0.0,6.8,93.2,,3.6,100072.0,,,"(('rng_type', 'prevday'), ('expire_hour', 17), ('exit_hour', 23), ('sl_frac', 0.5), ('rr', 1.0), ('min_range_atr', 1.0), ('max_range_atr', 12.0))","(('max_trades_day', 1),)",,,
1,GBPUSD,ftmo_1step,2.0,,,,,23.0,17.0,12.0,1.0,prevday,2.0,0.5,1,395,0.5,0.0,2.5,97.0,4.7,3.5,99959.0,205,2.0,0.0,0.5,97.6,6.0,3.7,100166.0,,,"(('rng_type', 'prevday'), ('expire_hour', 17), ('exit_hour', 23), ('sl_frac', 0.5), ('rr', 2.0), ('min_range_atr', 1.0), ('max_range_atr', 12.0))","(('max_trades_day', 1),)",,,
1,GBPUSD,fundingpips_1step,2.0,,,,,23.0,17.0,12.0,1.0,prevday,2.0,0.5,1,395,0.5,0.0,8.8,90.6,4.7,3.4,99979.0,205,2.0,0.0,8.3,89.8,6.0,3.6,100135.0,,,"(('rng_type', 'prevday'), ('expire_hour', 17), ('exit_hour', 23), ('sl_frac', 0.5), ('rr', 2.0), ('min_range_atr', 1.0), ('max_range_atr', 12.0))","(('max_trades_day', 1),)",,,
1,GBPUSD,ftmo_1step,2.0,,,,,23.0,17.0,12.0,1.0,prevday,3.0,0.5,1,395,0.3,0.8,2.8,96.2,6.9,3.5,100051.0,205,2.0,0.5,1.0,96.6,6.4,3.6,100180.0,,,"(('rng_type', 'prevday'), ('expire_hour', 17), ('exit_hour', 23), ('sl_frac', 0.5), ('rr', 3.0), ('min_range_atr', 1.0), ('max_range_atr', 12.0))","(('max_trades_day', 1),)",,,
1,GBPUSD,fundingpips_1step,2.0,,,,,23.0,17.0,12.0,1.0,prevday,3.0,0.5,1,395,1.0,0.0,9.1,89.9,6.3,3.4,100069.0,205,2.4,0.0,8.8,88.8,5.8,3.6,100128.0,,,"(('rng_type', 'prevday'), ('expire_hour', 17), ('exit_hour', 23), ('sl_frac', 0.5), ('rr', 3.0), ('min_range_atr', 1.0), ('max_range_atr', 12.0))","(('max_trades_day', 1),)",,,
1,GBPUSD,ftmo_1step,2.0,,,,,23.0,17.0,12.0,1.0,prevday,0.0,0.5,1,395,0.0,0.8,0.0,99.2,,3.5,100117.0,205,0.0,1.0,0.0,99.0,,3.7,100182.0,1.5,,"(('rng_type', 'prevday'), ('expire_hour', 17), ('exit_hour', 23), ('sl_frac', 0.5), ('rr', 0.0), ('trail', 1.5), ('min_range_atr', 1.0), ('max_range_atr', 12.0))","(('max_trades_day', 1),)",,,
1,GBPUSD,fundingpips_1step,2.0,,,,,23.0,17.0,12.0,1.0,prevday,0.0,0.5,1,395,0.8,0.0,0.3,99.0,1.9,3.5,100119.0,205,1.0,0.0,0.0,99.0,5.2,3.7,100182.0,1.5,,"(('rng_type', 'prevday'), ('expire_hour', 17), ('exit_hour', 23), ('sl_frac', 0.5), ('rr', 0.0), ('trail', 1.5), ('min_range_atr', 1.0), ('max_range_atr', 12.0))","(('max_trades_day', 1),)",,,
1,GBPUSD,ftmo_1step,2.0,,,,,23.0,17.0,12.0,1.0,prevday,1.0,1.0,1,395,0.0,0.0,3.0,97.0,,3.5,96977.0,205,0.0,0.0,2.9,97.1,,3.7,97708.0,,1.0,"(('rng_type', 'prevday'), ('expire_hour', 17), ('exit_hour', 23), ('sl_frac', 1.0), ('sl_atr', 1.0), ('rr', 1.0), ('min_range_atr', 1.0), ('max_range_atr', 12.0))","(('max_trades_day', 1),)",,,
1,GBPUSD,fundingpips_1step,2.0,,,,,23.0,17.0,12.0,1.0,prevday,1.0,1.0,1,395,0.0,0.0,30.4,69.6,,3.3,97129.0,205,0.0,0.0,25.4,74.6,,3.5,97822.0,,1.0,"(('rng_type', 'prevday'), ('expire_hour', 17), ('exit_hour', 23), ('sl_frac', 1.0), ('sl_atr', 1.0), ('rr', 1.0), ('min_range_atr', 1.0), ('max_range_atr', 12.0))","(('max_trades_day', 1),)",,,
1,GBPUSD,ftmo_1step,2.0,,,,,23.0,17.0,12.0,1.0,prevday,2.0,1.0,1,395,0.8,0.0,6.6,92.7,5.4,3.5,97184.0,205,2.4,0.0,11.7,85.9,5.3,3.7,97885.0,,1.0,"(('rng_type', 'prevday'), ('expire_hour', 17), ('exit_hour', 23), ('sl_frac', 1.0), ('sl_atr', 1.0), ('rr', 2.0), ('min_range_atr', 1.0), ('max_range_atr', 12.0))","(('max_trades_day', 1),)",,,
1,GBPUSD,fundingpips_1step,2.0,,,,,23.0,17.0,12.0,1.0,prevday,2.0,1.0,1,395,0.8,0.0,40.8,58.5,5.4,3.2,97411.0,205,2.4,0.0,39.0,58.5,5.3,3.3,98168.0,,1.0,"(('rng_type', 'prevday'), ('expire_hour', 17), ('exit_hour', 23), ('sl_frac', 1.0), ('sl_atr', 1.0), ('rr', 2.0), ('min_range_atr', 1.0), ('max_range_atr', 12.0))","(('max_trades_day', 1),)",,,
1,GBPUSD,ftmo_1step,2.0,,,,,23.0,17.0,12.0,1.0,prevday,3.0,1.0,1,395,0.5,2.0,11.6,85.8,5.6,3.4,97156.0,205,1.0,3.4,17.1,78.5,5.5,3.6,97755.0,,1.0,"(('rng_type', 'prevday'), ('expire_hour', 17), ('exit_hour', 23), ('sl_frac', 1.0), ('sl_atr', 1.0), ('rr', 3.0), ('min_range_atr', 1.0), ('max_range_atr', 12.0))","(('max_trades_day', 1),)",,,
1,GBPUSD,fundingpips_1step,2.0,,,,,23.0,17.0,12.0,1.0,prevday,3.0,1.0,1,395,2.5,0.0,49.1,48.4,4.0,3.1,97425.0,205,4.4,0.0,48.3,47.3,3.5,3.2,97998.0,,1.0,"(('rng_type', 'prevday'), ('expire_hour', 17), ('exit_hour', 23), ('sl_frac', 1.0), ('sl_atr', 1.0), ('rr', 3.0), ('min_range_atr', 1.0), ('max_range_atr', 12.0))","(('max_trades_day', 1),)",,,
1,GBPUSD,ftmo_1step,2.0,,,,,23.0,17.0,12.0,1.0,prevday,0.0,1.0,1,395,0.0,4.8,10.2,85.1,,3.5,97201.0,205,0.5,6.3,9.3,83.9,5.6,3.6,98156.0,1.5,1.0,"(('rng_type', 'prevday'), ('expire_hour', 17), ('exit_hour', 23), ('sl_frac', 1.0), ('sl_atr', 1.0), ('rr', 0.0), ('trail', 1.5), ('min_range_atr', 1.0), ('max_range_atr', 12.0))","(('max_trades_day', 1),)",,,
1,GBPUSD,fundingpips_1step,2.0,,,,,23.0,17.0,12.0,1.0,prevday,0.0,1.0,1,395,5.6,0.0,40.3,54.2,3.5,3.2,97380.0,205,6.8,0.0,36.1,57.1,4.5,3.3,98382.0,1.5,1.0,"(('rng_type', 'prevday'), ('expire_hour', 17), ('exit_hour', 23), ('sl_frac', 1.0), ('sl_atr', 1.0), ('rr', 0.0), ('trail', 1.5), ('min_range_atr', 1.0), ('max_range_atr', 12.0))","(('max_trades_day', 1),)",,,
1,EURUSD,ftmo_1step,2.0,,,,,18.0,14.0,3.0,0.3,asian,1.0,1.0,1,395,0.0,0.0,1.0,99.0,,3.6,99836.0,205,0.0,0.0,0.0,100.0,,3.6,99270.0,,,"(('rng_type', 'asian'), ('expire_hour', 14), ('exit_hour', 18), ('sl_frac', 1.0), ('rr', 1.0), ('min_range_atr', 0.3), ('max_range_atr', 3.0))","(('max_trades_day', 1),)",,,
1,EURUSD,fundingpips_1step,2.0,,,,,18.0,14.0,3.0,0.3,asian,1.0,1.0,1,395,0.0,0.0,11.4,88.6,,3.5,99811.0,205,0.0,0.0,12.7,87.3,,3.5,99194.0,,,"(('rng_type', 'asian'), ('expire_hour', 14), ('exit_hour', 18), ('sl_frac', 1.0), ('rr', 1.0), ('min_range_atr', 0.3), ('max_range_atr', 3.0))","(('max_trades_day', 1),)",,,
1,EURUSD,ftmo_1step,2.0,,,,,18.0,14.0,3.0,0.3,asian,2.0,1.0,1,395,2.5,0.0,5.1,92.4,3.6,3.5,99885.0,205,2.9,0.0,4.9,92.2,5.1,3.5,99145.0,,,"(('rng_type', 'asian'), ('expire_hour', 14), ('exit_hour', 18), ('sl_frac', 1.0), ('rr', 2.0), ('min_range_atr', 0.3), ('max_range_atr', 3.0))","(('max_trades_day', 1),)",,,
1,EURUSD,fundingpips_1step,2.0,,,,,18.0,14.0,3.0,0.3,asian,2.0,1.0,1,395,2.5,0.0,16.2,81.3,3.6,3.4,99933.0,205,2.9,0.0,22.9,74.1,5.1,3.4,99111.0,,,"(('rng_type', 'asian'), ('expire_hour', 14), ('exit_hour', 18), ('sl_frac', 1.0), ('rr', 2.0), ('min_range_atr', 0.3), ('max_range_atr', 3.0))","(('max_trades_day', 1),)",,,
1,EURUSD,ftmo_1step,2.0,,,,,18.0,14.0,3.0,0.3,asian,3.0,1.0,1,395,2.0,2.0,6.1,89.9,4.6,3.5,100027.0,205,2.0,1.0,6.3,90.7,5.1,3.5,99186.0,,,"(('rng_type', 'asian'), ('expire_hour', 14), ('exit_hour', 18), ('sl_frac', 1.0), ('rr', 3.0), ('min_range_atr', 0.3), ('max_range_atr', 3.0))","(('max_trades_day', 1),)",,,
1,EURUSD,fundingpips_1step,2.0,,,,,18.0,14.0,3.0,0.3,asian,3.0,1.0,1,395,4.3,0.0,18.0,77.7,3.7,3.4,100102.0,205,2.9,0.0,23.9,73.2,3.7,3.4,99140.0,,,"(('rng_type', 'asian'), ('expire_hour', 14), ('exit_hour', 18), ('sl_frac', 1.0), ('rr', 3.0), ('min_range_atr', 0.3), ('max_range_atr', 3.0))","(('max_trades_day', 1),)",,,
1,EURUSD,ftmo_1step,2.0,,,,,18.0,14.0,3.0,0.3,asian,0.0,1.0,1,395,0.3,0.3,0.5,99.0,2.7,3.5,99833.0,205,0.5,0.5,0.0,99.0,2.6,3.5,99375.0,1.5,,"(('rng_type', 'asian'), ('expire_hour', 14), ('exit_hour', 18), ('sl_frac', 1.0), ('rr', 0.0), ('trail', 1.5), ('min_range_atr', 0.3), ('max_range_atr', 3.0))","(('max_trades_day', 1),)",,,
1,EURUSD,fundingpips_1step,2.0,,,,,18.0,14.0,3.0,0.3,asian,0.0,1.0,1,395,0.5,0.0,3.5,95.9,4.1,3.5,99830.0,205,1.0,0.0,3.4,95.6,3.2,3.5,99343.0,1.5,,"(('rng_type', 'asian'), ('expire_hour', 14), ('exit_hour', 18), ('sl_frac', 1.0), ('rr', 0.0), ('trail', 1.5), ('min_range_atr', 0.3), ('max_range_atr', 3.0))","(('max_trades_day', 1),)",,,
1,EURUSD,ftmo_1step,2.0,,,,,18.0,14.0,3.0,0.3,asian,1.0,0.5,1,395,0.0,0.0,2.3,97.7,,3.6,98511.0,205,0.0,0.0,4.9,95.1,,3.5,97837.0,,,"(('rng_type', 'asian'), ('expire_hour', 14), ('exit_hour', 18), ('sl_frac', 0.5), ('rr', 1.0), ('min_range_atr', 0.3), ('max_range_atr', 3.0))","(('max_trades_day', 1),)",,,
1,EURUSD,fundingpips_1step,2.0,,,,,18.0,14.0,3.0,0.3,asian,1.0,0.5,1,395,0.0,0.0,17.5,82.5,,3.4,98614.0,205,0.0,0.0,23.9,76.1,,3.4,98017.0,,,"(('rng_type', 'asian'), ('expire_hour', 14), ('exit_hour', 18), ('sl_frac', 0.5), ('rr', 1.0), ('min_range_atr', 0.3), ('max_range_atr', 3.0))","(('max_trades_day', 1),)",,,
1,EURUSD,ftmo_1step,2.0,,,,,18.0,14.0,3.0,0.3,asian,2.0,0.5,1,395,1.5,0.0,10.6,87.8,3.0,3.5,98374.0,205,2.4,0.0,5.9,91.7,6.4,3.5,97987.0,,,"(('rng_type', 'asian'), ('expire_hour', 14), ('exit_hour', 18), ('sl_frac', 0.5), ('rr', 2.0), ('min_range_atr', 0.3), ('max_range_atr', 3.0))","(('max_trades_day', 1),)",,,
1,EURUSD,fundingpips_1step,2.0,,,,,18.0,14.0,3.0,0.3,asian,2.0,0.5,1,395,1.5,0.0,28.4,70.1,3.0,3.3,98585.0,205,2.4,0.0,31.7,65.9,6.4,3.3,98189.0,,,"(('rng_type', 'asian'), ('expire_hour', 14), ('exit_hour', 18), ('sl_frac', 0.5), ('rr', 2.0), ('min_range_atr', 0.3), ('max_range_atr', 3.0))","(('max_trades_day', 1),)",,,
1,EURUSD,ftmo_1step,2.0,,,,,18.0,14.0,3.0,0.3,asian,3.0,0.5,1,395,2.5,2.3,15.4,79.7,6.5,3.5,98631.0,205,2.0,2.4,13.7,82.0,6.0,3.4,98279.0,,,"(('rng_type', 'asian'), ('expire_hour', 14), ('exit_hour', 18), ('sl_frac', 0.5), ('rr', 3.0), ('min_range_atr', 0.3), ('max_range_atr', 3.0))","(('max_trades_day', 1),)",,,
1,EURUSD,fundingpips_1step,2.0,,,,,18.0,14.0,3.0,0.3,asian,3.0,0.5,1,395,4.8,0.0,34.9,60.3,6.3,3.2,98895.0,205,4.4,0.0,39.5,56.1,4.5,3.2,98398.0,,,"(('rng_type', 'asian'), ('expire_hour', 14), ('exit_hour', 18), ('sl_frac', 0.5), ('rr', 3.0), ('min_range_atr', 0.3), ('max_range_atr', 3.0))","(('max_trades_day', 1),)",,,
1,EURUSD,ftmo_1step,2.0,,,,,18.0,14.0,3.0,0.3,asian,0.0,0.5,1,395,0.3,5.1,5.8,88.9,6.4,3.5,98571.0,205,1.0,7.3,5.9,85.9,6.7,3.4,98381.0,1.5,,"(('rng_type', 'asian'), ('expire_hour', 14), ('exit_hour', 18), ('sl_frac', 0.5), ('rr', 0.0), ('trail', 1.5), ('min_range_atr', 0.3), ('max_range_atr', 3.0))","(('max_trades_day', 1),)",,,
1,EURUSD,fundingpips_1step,2.0,,,,,18.0,14.0,3.0,0.3,asian,0.0,0.5,1,395,5.6,0.0,24.1,70.4,4.1,3.3,98659.0,205,7.8,0.0,29.8,62.4,2.6,3.3,98293.0,1.5,,"(('rng_type', 'asian'), ('expire_hour', 14), ('exit_hour', 18), ('sl_frac', 0.5), ('rr', 0.0), ('trail', 1.5), ('min_range_atr', 0.3), ('max_range_atr', 3.0))","(('max_trades_day', 1),)",,,
1,EURUSD,ftmo_1step,2.0,,,,,18.0,14.0,3.0,0.3,asian,1.0,1.0,1,395,0.0,0.0,3.3,96.7,,3.5,98074.0,205,0.0,0.0,3.4,96.6,,3.6,97909.0,,1.0,"(('rng_type', 'asian'), ('expire_hour', 14), ('exit_hour', 18), ('sl_frac', 1.0), ('sl_atr', 1.0), ('rr', 1.0), ('min_range_atr', 0.3), ('max_range_atr', 3.0))","(('max_trades_day', 1),)",,,
1,EURUSD,fundingpips_1step,2.0,,,,,18.0,14.0,3.0,0.3,asian,1.0,1.0,1,395,0.0,0.0,22.8,77.2,,3.4,98200.0,205,0.0,0.0,23.4,76.6,,3.4,97947.0,,1.0,"(('rng_type', 'asian'), ('expire_hour', 14), ('exit_hour', 18), ('sl_frac', 1.0), ('sl_atr', 1.0), ('rr', 1.0), ('min_range_atr', 0.3), ('max_range_atr', 3.0))","(('max_trades_day', 1),)",,,
1,EURUSD,ftmo_1step,2.0,,,,,18.0,14.0,3.0,0.3,asian,2.0,1.0,1,395,1.8,0.0,11.1,87.1,4.6,3.5,98052.0,205,2.4,0.0,8.3,89.3,4.6,3.5,97755.0,,1.0,"(('rng_type', 'asian'), ('expire_hour', 14), ('exit_hour', 18), ('sl_frac', 1.0), ('sl_atr', 1.0), ('rr', 2.0), ('min_range_atr', 0.3), ('max_range_atr', 3.0))","(('max_trades_day', 1),)",,,
1,EURUSD,fundingpips_1step,2.0,,,,,18.0,14.0,3.0,0.3,asian,2.0,1.0,1,395,1.8,0.0,33.9,64.3,4.6,3.2,98235.0,205,2.4,0.0,36.1,61.5,4.6,3.3,97898.0,,1.0,"(('rng_type', 'asian'), ('expire_hour', 14), ('exit_hour', 18), ('sl_frac', 1.0), ('sl_atr', 1.0), ('rr', 2.0), ('min_range_atr', 0.3), ('max_range_atr', 3.0))","(('max_trades_day', 1),)",,,
1,EURUSD,ftmo_1step,2.0,,,,,18.0,14.0,3.0,0.3,asian,3.0,1.0,1,395,1.8,1.8,15.9,80.5,6.5,3.5,98091.0,205,2.0,2.0,12.2,83.9,6.4,3.5,98239.0,,1.0,"(('rng_type', 'asian'), ('expire_hour', 14), ('exit_hour', 18), ('sl_frac', 1.0), ('sl_atr', 1.0), ('rr', 3.0), ('min_range_atr', 0.3), ('max_range_atr', 3.0))","(('max_trades_day', 1),)",,,
1,EURUSD,fundingpips_1step,2.0,,,,,18.0,14.0,3.0,0.3,asian,3.0,1.0,1,395,4.1,0.0,40.5,55.4,3.5,3.1,98262.0,205,3.9,0.0,40.5,55.6,5.0,3.2,98300.0,,1.0,"(('rng_type', 'asian'), ('expire_hour', 14), ('exit_hour', 18), ('sl_frac', 1.0), ('sl_atr', 1.0), ('rr', 3.0), ('min_range_atr', 0.3), ('max_range_atr', 3.0))","(('max_trades_day', 1),)",,,
1,EURUSD,ftmo_1step,2.0,,,,,18.0,14.0,3.0,0.3,asian,0.0,1.0,1,395,0.0,6.3,10.4,83.3,,3.4,98121.0,205,0.0,7.3,9.3,83.4,,3.4,98183.0,1.5,1.0,"(('rng_type', 'asian'), ('expire_hour', 14), ('exit_hour', 18), ('sl_frac', 1.0), ('sl_atr', 1.0), ('rr', 0.0), ('trail', 1.5), ('min_range_atr', 0.3), ('max_range_atr', 3.0))","(('max_trades_day', 1),)",,,
1,EURUSD,fundingpips_1step,2.0,,,,,18.0,14.0,3.0,0.3,asian,0.0,1.0,1,395,7.1,0.0,32.2,60.8,2.2,3.2,98320.0,205,7.3,0.0,34.6,58.0,1.6,3.2,98101.0,1.5,1.0,"(('rng_type', 'asian'), ('expire_hour', 14), ('exit_hour', 18), ('sl_frac', 1.0), ('sl_atr', 1.0), ('rr', 0.0), ('trail', 1.5), ('min_range_atr', 0.3), ('max_range_atr', 3.0))","(('max_trades_day', 1),)",,,
1,EURUSD,ftmo_1step,2.0,,,,,23.0,17.0,3.0,0.3,asian,1.0,1.0,1,395,0.0,0.0,1.3,98.7,,3.6,99800.0,205,0.0,0.0,0.0,100.0,,3.6,99236.0,,,"(('rng_type', 'asian'), ('expire_hour', 17), ('exit_hour', 23), ('sl_frac', 1.0), ('rr', 1.0), ('min_range_atr', 0.3), ('max_range_atr', 3.0))","(('max_trades_day', 1),)",,,
1,EURUSD,fundingpips_1step,2.0,,,,,23.0,17.0,3.0,0.3,asian,1.0,1.0,1,395,0.0,0.0,12.2,87.8,,3.5,99809.0,205,0.0,0.0,13.2,86.8,,3.5,99154.0,,,"(('rng_type', 'asian'), ('expire_hour', 17), ('exit_hour', 23), ('sl_frac', 1.0), ('rr', 1.0), ('min_range_atr', 0.3), ('max_range_atr', 3.0))","(('max_trades_day', 1),)",,,
1,EURUSD,ftmo_1step,2.0,,,,,23.0,17.0,3.0,0.3,asian,2.0,1.0,1,395,3.0,0.0,6.4,90.6,4.1,3.5,99923.0,205,2.4,0.0,6.4,91.2,4.6,3.6,99179.0,,,"(('rng_type', 'asian'), ('expire_hour', 17), ('exit_hour', 23), ('sl_frac', 1.0), ('rr', 2.0), ('min_range_atr', 0.3), ('max_range_atr', 3.0))","(('max_trades_day', 1),)",,,
1,EURUSD,fundingpips_1step,2.0,,,,,23.0,17.0,3.0,0.3,asian,2.0,1.0,1,395,3.0,0.0,19.0,78.0,4.1,3.4,99971.0,205,2.4,0.0,25.9,71.7,4.6,3.4,99138.0,,,"(('rng_type', 'asian'), ('expire_hour', 17), ('exit_hour', 23), ('sl_frac', 1.0), ('rr', 2.0), ('min_range_atr', 0.3), ('max_range_atr', 3.0))","(('max_trades_day', 1),)",,,
1,EURUSD,ftmo_1step,2.0,,,,,23.0,17.0,3.0,0.3,asian,3.0,1.0,1,395,2.0,3.8,8.9,85.3,5.0,3.5,100053.0,205,1.5,2.4,7.8,88.3,5.5,3.5,99311.0,,,"(('rng_type', 'asian'), ('expire_hour', 17), ('exit_hour', 23), ('sl_frac', 1.0), ('rr', 3.0), ('min_range_atr', 0.3), ('max_range_atr', 3.0))","(('max_trades_day', 1),)",,,
1,EURUSD,fundingpips_1step,2.0,,,,,23.0,17.0,3.0,0.3,asian,3.0,1.0,1,395,6.3,0.0,22.6,71.1,3.9,3.3,100141.0,205,3.9,0.0,28.3,67.8,3.8,3.4,99223.0,,,"(('rng_type', 'asian'), ('expire_hour', 17), ('exit_hour', 23), ('sl_frac', 1.0), ('rr', 3.0), ('min_range_atr', 0.3), ('max_range_atr', 3.0))","(('max_trades_day', 1),)",,,
1,EURUSD,ftmo_1step,2.0,,,,,23.0,17.0,3.0,0.3,asian,0.0,1.0,1,395,0.0,1.0,0.5,98.5,,3.6,99803.0,205,0.0,0.5,0.0,99.5,,3.6,99321.0,1.5,,"(('rng_type', 'asian'), ('expire_hour', 17), ('exit_hour', 23), ('sl_frac', 1.0), ('rr', 0.0), ('trail', 1.5), ('min_range_atr', 0.3), ('max_range_atr', 3.0))","(('max_trades_day', 1),)",,,
1,EURUSD,fundingpips_1step,2.0,,,,,23.0,17.0,3.0,0.3,asian,0.0,1.0,1,395,1.0,0.0,3.8,95.2,3.2,3.6,99797.0,205,0.5,0.0,3.4,96.1,4.9,3.6,99282.0,1.5,,"(('rng_type', 'asian'), ('expire_hour', 17), ('exit_hour', 23), ('sl_frac', 1.0), ('rr', 0.0), ('trail', 1.5), ('min_range_atr', 0.3), ('max_range_atr', 3.0))","(('max_trades_day', 1),)",,,
1,EURUSD,ftmo_1step,2.0,,,,,23.0,17.0,3.0,0.3,asian,1.0,0.5,1,395,0.0,0.0,2.3,97.7,,3.6,98449.0,205,0.0,0.0,5.4,94.6,,3.6,97841.0,,,"(('rng_type', 'asian'), ('expire_hour', 17), ('exit_hour', 23), ('sl_frac', 0.5), ('rr', 1.0), ('min_range_atr', 0.3), ('max_range_atr', 3.0))","(('max_trades_day', 1),)",,,
1,EURUSD,fundingpips_1step,2.0,,,,,23.0,17.0,3.0,0.3,asian,1.0,0.5,1,395,0.0,0.0,18.5,81.5,,3.4,98558.0,205,0.0,0.0,24.9,75.1,,3.4,98021.0,,,"(('rng_type', 'asian'), ('expire_hour', 17), ('exit_hour', 23), ('sl_frac', 0.5), ('rr', 1.0), ('min_range_atr', 0.3), ('max_range_atr', 3.0))","(('max_trades_day', 1),)",,,
1,EURUSD,ftmo_1step,2.0,,,,,23.0,17.0,3.0,0.3,asian,2.0,0.5,1,395,1.3,0.3,10.9,87.6,2.7,3.6,98316.0,205,2.4,0.0,6.4,91.2,6.4,3.6,97993.0,,,"(('rng_type', 'asian'), ('expire_hour', 17), ('exit_hour', 23), ('sl_frac', 0.5), ('rr', 2.0), ('min_range_atr', 0.3), ('max_range_atr', 3.0))","(('max_trades_day', 1),)",,,
1,EURUSD,fundingpips_1step,2.0,,,,,23.0,17.0,3.0,0.3,asian,2.0,0.5,1,395,1.5,0.0,29.6,68.9,4.5,3.3,98539.0,205,2.4,0.0,32.7,64.9,6.4,3.4,98209.0,,,"(('rng_type', 'asian'), ('expire_hour', 17), ('exit_hour', 23), ('sl_frac', 0.5), ('rr', 2.0), ('min_range_atr', 0.3), ('max_range_atr', 3.0))","(('max_trades_day', 1),)",,,
1,EURUSD,ftmo_1step,2.0,,,,,23.0,17.0,3.0,0.3,asian,3.0,0.5,1,395,2.0,2.5,16.2,79.2,6.6,3.5,98564.0,205,2.9,3.4,14.7,79.0,6.4,3.5,98375.0,,,"(('rng_type', 'asian'), ('expire_hour', 17), ('exit_hour', 23), ('sl_frac', 0.5), ('rr', 3.0), ('min_range_atr', 0.3), ('max_range_atr', 3.0))","(('max_trades_day', 1),)",,,
1,EURUSD,fundingpips_1step,2.0,,,,,23.0,17.0,3.0,0.3,asian,3.0,0.5,1,395,4.6,0.0,37.0,58.5,5.4,3.2,98843.0,205,6.3,0.0,41.0,52.7,4.5,3.2,98509.0,,,"(('rng_type', 'asian'), ('expire_hour', 17), ('exit_hour', 23), ('sl_frac', 0.5), ('rr', 3.0), ('min_range_atr', 0.3), ('max_range_atr', 3.0))","(('max_trades_day', 1),)",,,
1,EURUSD,ftmo_1step,2.0,,,,,23.0,17.0,3.0,0.3,asian,0.0,0.5,1,395,0.3,5.6,7.1,87.1,6.4,3.5,98555.0,205,1.0,5.9,6.8,86.3,6.7,3.5,98283.0,1.5,,"(('rng_type', 'asian'), ('expire_hour', 17), ('exit_hour', 23), ('sl_frac', 0.5), ('rr', 0.0), ('trail', 1.5), ('min_range_atr', 0.3), ('max_range_atr', 3.0))","(('max_trades_day', 1),)",,,
1,EURUSD,fundingpips_1step,2.0,,,,,23.0,17.0,3.0,0.3,asian,0.0,0.5,1,395,5.8,0.0,25.6,68.6,3.5,3.3,98607.0,205,6.8,0.0,31.2,62.0,2.6,3.3,98208.0,1.5,,"(('rng_type', 'asian'), ('expire_hour', 17), ('exit_hour', 23), ('sl_frac', 0.5), ('rr', 0.0), ('trail', 1.5), ('min_range_atr', 0.3), ('max_range_atr', 3.0))","(('max_trades_day', 1),)",,,
1,EURUSD,ftmo_1step,2.0,,,,,23.0,17.0,3.0,0.3,asian,1.0,1.0,1,395,0.0,0.0,3.3,96.7,,3.6,98038.0,205,0.0,0.0,3.4,96.6,,3.6,97916.0,,1.0,"(('rng_type', 'asian'), ('expire_hour', 17), ('exit_hour', 23), ('sl_frac', 1.0), ('sl_atr', 1.0), ('rr', 1.0), ('min_range_atr', 0.3), ('max_range_atr', 3.0))","(('max_trades_day', 1),)",,,
1,EURUSD,fundingpips_1step,2.0,,,,,23.0,17.0,3.0,0.3,asian,1.0,1.0,1,395,0.0,0.0,23.5,76.5,,3.4,98165.0,205,0.0,0.0,24.4,75.6,,3.4,97954.0,,1.0,"(('rng_type', 'asian'), ('expire_hour', 17), ('exit_hour', 23), ('sl_frac', 1.0), ('sl_atr', 1.0), ('rr', 1.0), ('min_range_atr', 0.3), ('max_range_atr', 3.0))","(('max_trades_day', 1),)",,,
1,EURUSD,ftmo_1step,2.0,,,,,23.0,17.0,3.0,0.3,asian,2.0,1.0,1,395,1.3,0.0,11.4,87.3,6.3,3.6,97998.0,205,2.4,0.0,8.3,89.3,4.6,3.6,97735.0,,1.0,"(('rng_type', 'asian'), ('expire_hour', 17), ('exit_hour', 23), ('sl_frac', 1.0), ('sl_atr', 1.0), ('rr', 2.0), ('min_range_atr', 0.3), ('max_range_atr', 3.0))","(('max_trades_day', 1),)",,,
1,EURUSD,fundingpips_1step,2.0,,,,,23.0,17.0,3.0,0.3,asian,2.0,1.0,1,395,1.3,0.0,34.4,64.3,6.3,3.3,98190.0,205,2.4,0.0,37.1,60.5,4.6,3.3,97887.0,,1.0,"(('rng_type', 'asian'), ('expire_hour', 17), ('exit_hour', 23), ('sl_frac', 1.0), ('sl_atr', 1.0), ('rr', 2.0), ('min_range_atr', 0.3), ('max_range_atr', 3.0))","(('max_trades_day', 1),)",,,
1,EURUSD,ftmo_1step,2.0,,,,,23.0,17.0,3.0,0.3,asian,3.0,1.0,1,395,1.5,2.3,17.2,79.0,6.5,3.5,98026.0,205,1.5,2.0,12.2,84.4,6.4,3.5,98238.0,,1.0,"(('rng_type', 'asian'), ('expire_hour', 17), ('exit_hour', 23), ('sl_frac', 1.0), ('sl_atr', 1.0), ('rr', 3.0), ('min_range_atr', 0.3), ('max_range_atr', 3.0))","(('max_trades_day', 1),)",,,
1,EURUSD,fundingpips_1step,2.0,,,,,23.0,17.0,3.0,0.3,asian,3.0,1.0,1,395,4.3,0.0,42.5,53.2,3.5,3.1,98221.0,205,3.4,0.0,42.4,54.1,4.4,3.2,98283.0,,1.0,"(('rng_type', 'asian'), ('expire_hour', 17), ('exit_hour', 23), ('sl_frac', 1.0), ('sl_atr', 1.0), ('rr', 3.0), ('min_range_atr', 0.3), ('max_range_atr', 3.0))","(('max_trades_day', 1),)",,,
1,EURUSD,ftmo_1step,2.0,,,,,23.0,17.0,3.0,0.3,asian,0.0,1.0,1,395,0.3,5.8,12.1,81.8,6.6,3.5,98091.0,205,0.5,4.9,9.8,84.9,6.8,3.5,97993.0,1.5,1.0,"(('rng_type', 'asian'), ('expire_hour', 17), ('exit_hour', 23), ('sl_frac', 1.0), ('sl_atr', 1.0), ('rr', 0.0), ('trail', 1.5), ('min_range_atr', 0.3), ('max_range_atr', 3.0))","(('max_trades_day', 1),)",,,
1,EURUSD,fundingpips_1step,2.0,,,,,23.0,17.0,3.0,0.3,asian,0.0,1.0,1,395,6.8,0.0,33.7,59.5,3.3,3.2,98299.0,205,5.4,0.0,36.1,58.5,1.9,3.3,97895.0,1.5,1.0,"(('rng_type', 'asian'), ('expire_hour', 17), ('exit_hour', 23), ('sl_frac', 1.0), ('sl_atr', 1.0), ('rr', 0.0), ('trail', 1.5), ('min_range_atr', 0.3), ('max_range_atr', 3.0))","(('max_trades_day', 1),)",,,
1,EURUSD,ftmo_1step,2.0,,,,,18.0,14.0,3.0,0.3,prelondon,1.0,1.0,1,395,0.0,0.0,3.0,97.0,,4.0,100044.0,205,0.0,0.0,5.4,94.6,,4.6,99277.0,,,"(('rng_type', 'prelondon'), ('expire_hour', 14), ('exit_hour', 18), ('sl_frac', 1.0), ('rr', 1.0), ('min_range_atr', 0.3), ('max_range_atr', 3.0))","(('max_trades_day', 1),)",,,
1,EURUSD,fundingpips_1step,2.0,,,,,18.0,14.0,3.0,0.3,prelondon,1.0,1.0,1,395,0.0,0.0,12.4,87.6,,3.9,100017.0,205,0.0,0.0,21.5,78.5,,4.3,99226.0,,,"(('rng_type', 'prelondon'), ('expire_hour', 14), ('exit_hour', 18), ('sl_frac', 1.0), ('rr', 1.0), ('min_range_atr', 0.3), ('max_range_atr', 3.0))","(('max_trades_day', 1),)",,,
1,EURUSD,ftmo_1step,2.0,,,,,18.0,14.0,3.0,0.3,prelondon,2.0,1.0,1,395,3.0,0.0,7.1,89.9,3.6,3.9,100072.0,205,4.9,0.0,12.7,82.4,5.2,4.5,99484.0,,,"(('rng_type', 'prelondon'), ('expire_hour', 14), ('exit_hour', 18), ('sl_frac', 1.0), ('rr', 2.0), ('min_range_atr', 0.3), ('max_range_atr', 3.0))","(('max_trades_day', 1),)",,,
1,EURUSD,fundingpips_1step,2.0,,,,,18.0,14.0,3.0,0.3,prelondon,2.0,1.0,1,395,3.3,0.0,19.0,77.7,3.6,3.8,100122.0,205,4.9,0.0,30.7,64.4,5.2,4.1,99191.0,,,"(('rng_type', 'prelondon'), ('expire_hour', 14), ('exit_hour', 18), ('sl_frac', 1.0), ('rr', 2.0), ('min_range_atr', 0.3), ('max_range_atr', 3.0))","(('max_trades_day', 1),)",,,
1,EURUSD,ftmo_1step,2.0,,,,,18.0,14.0,3.0,0.3,prelondon,3.0,1.0,1,395,2.5,2.8,10.4,84.3,3.6,3.9,100041.0,205,5.9,1.5,17.6,75.1,4.5,4.5,99261.0,,,"(('rng_type', 'prelondon'), ('expire_hour', 14), ('exit_hour', 18), ('sl_frac', 1.0), ('rr', 3.0), ('min_range_atr', 0.3), ('max_range_atr', 3.0))","(('max_trades_day', 1),)",,,
1,EURUSD,fundingpips_1step,2.0,,,,,18.0,14.0,3.0,0.3,prelondon,3.0,1.0,1,395,6.1,0.0,22.3,71.6,3.6,3.7,100120.0,205,7.3,0.0,35.6,57.1,4.6,4.1,99031.0,,,"(('rng_type', 'prelondon'), ('expire_hour', 14), ('exit_hour', 18), ('sl_frac', 1.0), ('rr', 3.0), ('min_range_atr', 0.3), ('max_range_atr', 3.0))","(('max_trades_day', 1),)",,,
1,EURUSD,ftmo_1step,2.0,,,,,18.0,14.0,3.0,0.3,prelondon,0.0,1.0,1,395,0.3,2.5,1.8,95.4,2.7,3.9,99895.0,205,0.5,4.4,2.0,93.2,6.7,4.5,99259.0,1.5,,"(('rng_type', 'prelondon'), ('expire_hour', 14), ('exit_hour', 18), ('sl_frac', 1.0), ('rr', 0.0), ('trail', 1.5), ('min_range_atr', 0.3), ('max_range_atr', 3.0))","(('max_trades_day', 1),)",,,
1,EURUSD,fundingpips_1step,2.0,,,,,18.0,14.0,3.0,0.3,prelondon,0.0,1.0,1,395,3.8,0.0,5.3,90.9,1.7,3.9,100090.0,205,4.9,0.0,15.1,80.0,5.2,4.5,99246.0,1.5,,"(('rng_type', 'prelondon'), ('expire_hour', 14), ('exit_hour', 18), ('sl_frac', 1.0), ('rr', 0.0), ('trail', 1.5), ('min_range_atr', 0.3), ('max_range_atr', 3.0))","(('max_trades_day', 1),)",,,
1,EURUSD,ftmo_1step,2.0,,,,,18.0,14.0,3.0,0.3,prelondon,1.0,0.5,1,395,0.0,0.0,6.1,93.9,,4.0,97950.0,205,0.0,0.0,14.1,85.9,,4.6,96287.0,,,"(('rng_type', 'prelondon'), ('expire_hour', 14), ('exit_hour', 18), ('sl_frac', 0.5), ('rr', 1.0), ('min_range_atr', 0.3), ('max_range_atr', 3.0))","(('max_trades_day', 1),)",,,
1,EURUSD,fundingpips_1step,2.0,,,,,18.0,14.0,3.0,0.3,prelondon,1.0,0.5,1,395,0.0,0.0,27.6,72.4,,3.7,98051.0,205,0.0,0.0,41.5,58.5,,4.1,96724.0,,,"(('rng_type', 'prelondon'), ('expire_hour', 14), ('exit_hour', 18), ('sl_frac', 0.5), ('rr', 1.0), ('min_range_atr', 0.3), ('max_range_atr', 3.0))","(('max_trades_day', 1),)",,,
1,EURUSD,ftmo_1step,2.0,,,,,18.0,14.0,3.0,0.3,prelondon,2.0,0.5,1,395,2.3,0.0,15.2,82.5,5.5,3.9,98321.0,205,1.5,0.0,28.8,69.8,4.4,4.5,96257.0,,,"(('rng_type', 'prelondon'), ('expire_hour', 14), ('exit_hour', 18), ('sl_frac', 0.5), ('rr', 2.0), ('min_range_atr', 0.3), ('max_range_atr', 3.0))","(('max_trades_day', 1),)",,,
1,EURUSD,fundingpips_1step,2.0,,,,,18.0,14.0,3.0,0.3,prelondon,2.0,0.5,1,395,2.3,0.0,32.9,64.8,5.5,3.6,98538.0,205,1.5,0.0,48.3,50.2,4.4,3.8,96972.0,,,"(('rng_type', 'prelondon'), ('expire_hour', 14), ('exit_hour', 18), ('sl_frac', 0.5), ('rr', 2.0), ('min_range_atr', 0.3), ('max_range_atr', 3.0))","(('max_trades_day', 1),)",,,
1,EURUSD,ftmo_1step,2.0,,,,,18.0,14.0,3.0,0.3,prelondon,3.0,0.5,1,395,3.5,2.8,23.5,70.1,6.0,3.8,98118.0,205,2.0,1.5,39.0,57.6,4.5,4.4,96165.0,,,"(('rng_type', 'prelondon'), ('expire_hour', 14), ('exit_hour', 18), ('sl_frac', 0.5), ('rr', 3.0), ('min_range_atr', 0.3), ('max_range_atr', 3.0))","(('max_trades_day', 1),)",,,
1,EURUSD,fundingpips_1step,2.0,,,,,18.0,14.0,3.0,0.3,prelondon,3.0,0.5,1,395,6.3,0.0,40.8,52.9,4.7,3.5,98499.0,205,3.4,0.0,59.5,37.1,3.5,3.6,96966.0,,,"(('rng_type', 'prelondon'), ('expire_hour', 14), ('exit_hour', 18), ('sl_frac', 0.5), ('rr', 3.0), ('min_range_atr', 0.3), ('max_range_atr', 3.0))","(('max_trades_day', 1),)",,,
1,EURUSD,ftmo_1step,2.0,,,,,18.0,14.0,3.0,0.3,prelondon,0.0,0.5,1,395,0.8,5.1,18.0,76.2,6.6,3.8,97865.0,205,0.0,6.8,31.2,62.0,,4.4,96391.0,1.5,,"(('rng_type', 'prelondon'), ('expire_hour', 14), ('exit_hour', 18), ('sl_frac', 0.5), ('rr', 0.0), ('trail', 1.5), ('min_range_atr', 0.3), ('max_range_atr', 3.0))","(('max_trades_day', 1),)",,,
1,EURUSD,fundingpips_1step,2.0,,,,,18.0,14.0,3.0,0.3,prelondon,0.0,0.5,1,395,7.1,0.0,34.7,58.2,3.1,3.6,98436.0,205,7.8,0.0,59.0,33.2,2.7,3.8,97004.0,1.5,,"(('rng_type', 'prelondon'), ('expire_hour', 14), ('exit_hour', 18), ('sl_frac', 0.5), ('rr', 0.0), ('trail', 1.5), ('min_range_atr', 0.3), ('max_range_atr', 3.0))","(('max_trades_day', 1),)",,,
1,EURUSD,ftmo_1step,2.0,,,,,18.0,14.0,3.0,0.3,prelondon,1.0,1.0,1,395,0.0,0.0,4.1,95.9,,4.0,98264.0,205,0.0,0.0,10.2,89.8,,4.6,97577.0,,1.0,"(('rng_type', 'prelondon'), ('expire_hour', 14), ('exit_hour', 18), ('sl_frac', 1.0), ('sl_atr', 1.0), ('rr', 1.0), ('min_range_atr', 0.3), ('max_range_atr', 3.0))","(('max_trades_day', 1),)",,,
1,EURUSD,fundingpips_1step,2.0,,,,,18.0,14.0,3.0,0.3,prelondon,1.0,1.0,1,395,0.0,0.0,23.5,76.5,,3.8,98322.0,205,0.0,0.0,32.2,67.8,,4.2,97694.0,,1.0,"(('rng_type', 'prelondon'), ('expire_hour', 14), ('exit_hour', 18), ('sl_frac', 1.0), ('sl_atr', 1.0), ('rr', 1.0), ('min_range_atr', 0.3), ('max_range_atr', 3.0))","(('max_trades_day', 1),)",,,
1,EURUSD,ftmo_1step,2.0,,,,,18.0,14.0,3.0,0.3,prelondon,2.0,1.0,1,395,2.0,0.0,12.9,85.1,2.6,3.9,98097.0,205,2.4,0.0,25.9,71.7,4.5,4.5,97055.0,,1.0,"(('rng_type', 'prelondon'), ('expire_hour', 14), ('exit_hour', 18), ('sl_frac', 1.0), ('sl_atr', 1.0), ('rr', 2.0), ('min_range_atr', 0.3), ('max_range_atr', 3.0))","(('max_trades_day', 1),)",,,
1,EURUSD,fundingpips_1step,2.0,,,,,18.0,14.0,3.0,0.3,prelondon,2.0,1.0,1,395,2.0,0.0,32.4,65.6,2.6,3.6,98383.0,205,2.4,0.0,44.9,52.7,4.5,3.8,97466.0,,1.0,"(('rng_type', 'prelondon'), ('expire_hour', 14), ('exit_hour', 18), ('sl_frac', 1.0), ('sl_atr', 1.0), ('rr', 2.0), ('min_range_atr', 0.3), ('max_range_atr', 3.0))","(('max_trades_day', 1),)",,,
1,EURUSD,ftmo_1step,2.0,,,,,18.0,14.0,3.0,0.3,prelondon,3.0,1.0,1,395,2.8,4.1,21.5,71.6,6.5,3.8,98408.0,205,2.9,1.5,35.1,60.5,5.5,4.4,97144.0,,1.0,"(('rng_type', 'prelondon'), ('expire_hour', 14), ('exit_hour', 18), ('sl_frac', 1.0), ('sl_atr', 1.0), ('rr', 3.0), ('min_range_atr', 0.3), ('max_range_atr', 3.0))","(('max_trades_day', 1),)",,,
1,EURUSD,fundingpips_1step,2.0,,,,,18.0,14.0,3.0,0.3,prelondon,3.0,1.0,1,395,7.6,0.0,41.3,51.1,3.6,3.4,98736.0,205,4.4,0.0,54.1,41.5,4.6,3.7,97602.0,,1.0,"(('rng_type', 'prelondon'), ('expire_hour', 14), ('exit_hour', 18), ('sl_frac', 1.0), ('sl_atr', 1.0), ('rr', 3.0), ('min_range_atr', 0.3), ('max_range_atr', 3.0))","(('max_trades_day', 1),)",,,
1,EURUSD,ftmo_1step,2.0,,,,,18.0,14.0,3.0,0.3,prelondon,0.0,1.0,1,395,0.5,4.8,14.7,80.0,6.2,3.8,97979.0,205,0.0,7.8,26.3,65.9,,4.4,97184.0,1.5,1.0,"(('rng_type', 'prelondon'), ('expire_hour', 14), ('exit_hour', 18), ('sl_frac', 1.0), ('sl_atr', 1.0), ('rr', 0.0), ('trail', 1.5), ('min_range_atr', 0.3), ('max_range_atr', 3.0))","(('max_trades_day', 1),)",,,
1,EURUSD,fundingpips_1step,2.0,,,,,18.0,14.0,3.0,0.3,prelondon,0.0,1.0,1,395,6.8,0.0,33.4,59.7,1.7,3.6,98529.0,205,7.8,0.0,52.2,40.0,2.6,3.9,97502.0,1.5,1.0,"(('rng_type', 'prelondon'), ('expire_hour', 14), ('exit_hour', 18), ('sl_frac', 1.0), ('sl_atr', 1.0), ('rr', 0.0), ('trail', 1.5), ('min_range_atr', 0.3), ('max_range_atr', 3.0))","(('max_trades_day', 1),)",,,
1,EURUSD,ftmo_1step,2.0,,,,,23.0,17.0,3.0,0.3,prelondon,1.0,1.0,1,395,0.0,0.0,4.1,95.9,,4.0,100022.0,205,0.0,0.0,5.9,94.1,,4.6,99284.0,,,"(('rng_type', 'prelondon'), ('expire_hour', 17), ('exit_hour', 23), ('sl_frac', 1.0), ('rr', 1.0), ('min_range_atr', 0.3), ('max_range_atr', 3.0))","(('max_trades_day', 1),)",,,
1,EURUSD,fundingpips_1step,2.0,,,,,23.0,17.0,3.0,0.3,prelondon,1.0,1.0,1,395,0.0,0.0,14.7,85.3,,3.9,100016.0,205,0.0,0.0,22.4,77.6,,4.3,99216.0,,,"(('rng_type', 'prelondon'), ('expire_hour', 17), ('exit_hour', 23), ('sl_frac', 1.0), ('rr', 1.0), ('min_range_atr', 0.3), ('max_range_atr', 3.0))","(('max_trades_day', 1),)",,,
1,EURUSD,ftmo_1step,2.0,,,,,23.0,17.0,3.0,0.3,prelondon,2.0,1.0,1,395,3.8,0.0,10.4,85.8,4.7,4.0,100032.0,205,6.8,0.0,15.6,77.6,6.5,4.5,99375.0,,,"(('rng_type', 'prelondon'), ('expire_hour', 17), ('exit_hour', 23), ('sl_frac', 1.0), ('rr', 2.0), ('min_range_atr', 0.3), ('max_range_atr', 3.0))","(('max_trades_day', 1),)",,,
1,EURUSD,fundingpips_1step,2.0,,,,,23.0,17.0,3.0,0.3,prelondon,2.0,1.0,1,395,4.1,0.0,22.1,73.9,4.6,3.8,100121.0,205,6.8,0.0,32.7,60.5,6.5,4.1,99163.0,,,"(('rng_type', 'prelondon'), ('expire_hour', 17), ('exit_hour', 23), ('sl_frac', 1.0), ('rr', 2.0), ('min_range_atr', 0.3), ('max_range_atr', 3.0))","(('max_trades_day', 1),)",,,
1,EURUSD,ftmo_1step,2.0,,,,,23.0,17.0,3.0,0.3,prelondon,3.0,1.0,1,395,4.8,3.3,15.7,76.2,4.7,3.9,100033.0,205,5.4,2.4,23.0,69.3,5.7,4.4,99199.0,,,"(('rng_type', 'prelondon'), ('expire_hour', 17), ('exit_hour', 23), ('sl_frac', 1.0), ('rr', 3.0), ('min_range_atr', 0.3), ('max_range_atr', 3.0))","(('max_trades_day', 1),)",,,
1,EURUSD,fundingpips_1step,2.0,,,,,23.0,17.0,3.0,0.3,prelondon,3.0,1.0,1,395,8.6,0.0,26.9,64.6,3.6,3.7,100117.0,205,7.8,0.0,41.0,51.2,4.6,3.9,99064.0,,,"(('rng_type', 'prelondon'), ('expire_hour', 17), ('exit_hour', 23), ('sl_frac', 1.0), ('rr', 3.0), ('min_range_atr', 0.3), ('max_range_atr', 3.0))","(('max_trades_day', 1),)",,,
1,EURUSD,ftmo_1step,2.0,,,,,23.0,17.0,3.0,0.3,prelondon,0.0,1.0,1,395,0.3,3.8,1.8,94.2,3.8,4.0,99909.0,205,0.0,4.4,2.0,93.7,,4.5,99187.0,1.5,,"(('rng_type', 'prelondon'), ('expire_hour', 17), ('exit_hour', 23), ('sl_frac', 1.0), ('rr', 0.0), ('trail', 1.5), ('min_range_atr', 0.3), ('max_range_atr', 3.0))","(('max_trades_day', 1),)",,,
1,EURUSD,fundingpips_1step,2.0,,,,,23.0,17.0,3.0,0.3,prelondon,0.0,1.0,1,395,5.1,0.0,5.3,89.6,1.9,4.0,100105.0,205,4.4,0.0,15.6,80.0,4.9,4.5,99179.0,1.5,,"(('rng_type', 'prelondon'), ('expire_hour', 17), ('exit_hour', 23), ('sl_frac', 1.0), ('rr', 0.0), ('trail', 1.5), ('min_range_atr', 0.3), ('max_range_atr', 3.0))","(('max_trades_day', 1),)",,,
1,EURUSD,ftmo_1step,2.0,,,,,23.0,17.0,3.0,0.3,prelondon,1.0,0.5,1,395,0.0,0.0,6.1,93.9,,4.1,97915.0,205,0.0,0.0,14.6,85.4,,4.6,96281.0,,,"(('rng_type', 'prelondon'), ('expire_hour', 17), ('exit_hour', 23), ('sl_frac', 0.5), ('rr', 1.0), ('min_range_atr', 0.3), ('max_range_atr', 3.0))","(('max_trades_day', 1),)",,,
1,EURUSD,fundingpips_1step,2.0,,,,,23.0,17.0,3.0,0.3,prelondon,1.0,0.5,1,395,0.0,0.0,28.9,71.1,,3.8,98016.0,205,0.0,0.0,41.5,58.5,,4.2,96728.0,,,"(('rng_type', 'prelondon'), ('expire_hour', 17), ('exit_hour', 23), ('sl_frac', 0.5), ('rr', 1.0), ('min_range_atr', 0.3), ('max_range_atr', 3.0))","(('max_trades_day', 1),)",,,
1,EURUSD,ftmo_1step,2.0,,,,,23.0,17.0,3.0,0.3,prelondon,2.0,0.5,1,395,2.3,0.0,16.2,81.5,5.5,4.0,98246.0,205,1.5,0.0,29.3,69.3,4.4,4.6,96352.0,,,"(('rng_type', 'prelondon'), ('expire_hour', 17), ('exit_hour', 23), ('sl_frac', 0.5), ('rr', 2.0), ('min_range_atr', 0.3), ('max_range_atr', 3.0))","(('max_trades_day', 1),)",,,
1,EURUSD,fundingpips_1step,2.0,,,,,23.0,17.0,3.0,0.3,prelondon,2.0,0.5,1,395,2.3,0.0,34.4,63.3,5.5,3.6,98490.0,205,1.5,0.0,47.8,50.7,4.4,3.8,97086.0,,,"(('rng_type', 'prelondon'), ('expire_hour', 17), ('exit_hour', 23), ('sl_frac', 0.5), ('rr', 2.0), ('min_range_atr', 0.3), ('max_range_atr', 3.0))","(('max_trades_day', 1),)",,,
1,EURUSD,ftmo_1step,2.0,,,,,23.0,17.0,3.0,0.3,prelondon,3.0,0.5,1,395,3.5,3.0,25.8,67.6,6.4,3.9,98083.0,205,2.9,2.0,41.5,53.7,6.1,4.4,96293.0,,,"(('rng_type', 'prelondon'), ('expire_hour', 17), ('exit_hour', 23), ('sl_frac', 0.5), ('rr', 3.0), ('min_range_atr', 0.3), ('max_range_atr', 3.0))","(('max_trades_day', 1),)",,,
1,EURUSD,fundingpips_1step,2.0,,,,,23.0,17.0,3.0,0.3,prelondon,3.0,0.5,1,395,6.6,0.0,43.5,49.9,5.1,3.5,98452.0,205,4.9,0.0,60.0,35.1,4.7,3.6,97102.0,,,"(('rng_type', 'prelondon'), ('expire_hour', 17), ('exit_hour', 23), ('sl_frac', 0.5), ('rr', 3.0), ('min_range_atr', 0.3), ('max_range_atr', 3.0))","(('max_trades_day', 1),)",,,
1,EURUSD,ftmo_1step,2.0,,,,,23.0,17.0,3.0,0.3,prelondon,0.0,0.5,1,395,0.5,5.8,19.0,74.7,6.7,3.9,97827.0,205,0.0,5.4,33.7,61.0,,4.4,96251.0,1.5,,"(('rng_type', 'prelondon'), ('expire_hour', 17), ('exit_hour', 23), ('sl_frac', 0.5), ('rr', 0.0), ('trail', 1.5), ('min_range_atr', 0.3), ('max_range_atr', 3.0))","(('max_trades_day', 1),)",,,
1,EURUSD,fundingpips_1step,2.0,,,,,23.0,17.0,3.0,0.3,prelondon,0.0,0.5,1,395,7.6,0.0,35.5,57.0,2.9,3.6,98418.0,205,6.3,0.0,59.5,34.1,2.5,3.8,96898.0,1.5,,"(('rng_type', 'prelondon'), ('expire_hour', 17), ('exit_hour', 23), ('sl_frac', 0.5), ('rr', 0.0), ('trail', 1.5), ('min_range_atr', 0.3), ('max_range_atr', 3.0))","(('max_trades_day', 1),)",,,
1,EURUSD,ftmo_1step,2.0,,,,,23.0,17.0,3.0,0.3,prelondon,1.0,1.0,1,395,0.0,0.0,4.1,95.9,,4.1,98223.0,205,0.0,0.0,11.2,88.8,,4.6,97570.0,,1.0,"(('rng_type', 'prelondon'), ('expire_hour', 17), ('exit_hour', 23), ('sl_frac', 1.0), ('sl_atr', 1.0), ('rr', 1.0), ('min_range_atr', 0.3), ('max_range_atr', 3.0))","(('max_trades_day', 1),)",,,
1,EURUSD,fundingpips_1step,2.0,,,,,23.0,17.0,3.0,0.3,prelondon,1.0,1.0,1,395,0.0,0.0,24.8,75.2,,3.9,98277.0,205,0.0,0.0,33.2,66.8,,4.3,97681.0,,1.0,"(('rng_type', 'prelondon'), ('expire_hour', 17), ('exit_hour', 23), ('sl_frac', 1.0), ('sl_atr', 1.0), ('rr', 1.0), ('min_range_atr', 0.3), ('max_range_atr', 3.0))","(('max_trades_day', 1),)",,,
1,EURUSD,ftmo_1step,2.0,,,,,23.0,17.0,3.0,0.3,prelondon,2.0,1.0,1,395,2.3,0.0,13.7,84.1,2.6,4.0,98025.0,205,2.4,0.0,26.8,70.7,4.5,4.5,97118.0,,1.0,"(('rng_type', 'prelondon'), ('expire_hour', 17), ('exit_hour', 23), ('sl_frac', 1.0), ('sl_atr', 1.0), ('rr', 2.0), ('min_range_atr', 0.3), ('max_range_atr', 3.0))","(('max_trades_day', 1),)",,,
1,EURUSD,fundingpips_1step,2.0,,,,,23.0,17.0,3.0,0.3,prelondon,2.0,1.0,1,395,2.3,0.0,33.7,64.1,2.6,3.6,98327.0,205,2.4,0.0,44.9,52.7,4.5,3.9,97528.0,,1.0,"(('rng_type', 'prelondon'), ('expire_hour', 17), ('exit_hour', 23), ('sl_frac', 1.0), ('sl_atr', 1.0), ('rr', 2.0), ('min_range_atr', 0.3), ('max_range_atr', 3.0))","(('max_trades_day', 1),)",,,
1,EURUSD,ftmo_1step,2.0,,,,,23.0,17.0,3.0,0.3,prelondon,3.0,1.0,1,395,2.8,3.8,23.5,69.9,6.5,3.8,98297.0,205,3.9,2.4,38.5,55.1,5.8,4.3,97285.0,,1.0,"(('rng_type', 'prelondon'), ('expire_hour', 17), ('exit_hour', 23), ('sl_frac', 1.0), ('sl_atr', 1.0), ('rr', 3.0), ('min_range_atr', 0.3), ('max_range_atr', 3.0))","(('max_trades_day', 1),)",,,
1,EURUSD,fundingpips_1step,2.0,,,,,23.0,17.0,3.0,0.3,prelondon,3.0,1.0,1,395,7.3,0.0,43.0,49.6,3.6,3.4,98641.0,205,6.3,0.0,56.6,37.1,4.6,3.6,97786.0,,1.0,"(('rng_type', 'prelondon'), ('expire_hour', 17), ('exit_hour', 23), ('sl_frac', 1.0), ('sl_atr', 1.0), ('rr', 3.0), ('min_range_atr', 0.3), ('max_range_atr', 3.0))","(('max_trades_day', 1),)",,,
1,EURUSD,ftmo_1step,2.0,,,,,23.0,17.0,3.0,0.3,prelondon,0.0,1.0,1,395,0.3,4.8,16.0,79.0,6.7,3.9,97910.0,205,0.0,8.8,28.3,62.9,,4.4,97255.0,1.5,1.0,"(('rng_type', 'prelondon'), ('expire_hour', 17), ('exit_hour', 23), ('sl_frac', 1.0), ('sl_atr', 1.0), ('rr', 0.0), ('trail', 1.5), ('min_range_atr', 0.3), ('max_range_atr', 3.0))","(('max_trades_day', 1),)",,,
1,EURUSD,fundingpips_1step,2.0,,,,,23.0,17.0,3.0,0.3,prelondon,0.0,1.0,1,395,6.8,0.0,34.5,58.7,1.9,3.6,98475.0,205,8.8,0.0,53.7,37.6,2.8,3.9,97582.0,1.5,1.0,"(('rng_type', 'prelondon'), ('expire_hour', 17), ('exit_hour', 23), ('sl_frac', 1.0), ('sl_atr', 1.0), ('rr', 0.0), ('trail', 1.5), ('min_range_atr', 0.3), ('max_range_atr', 3.0))","(('max_trades_day', 1),)",,,
1,EURUSD,ftmo_1step,2.0,,,,,18.0,14.0,3.0,0.3,london1h,1.0,1.0,1,395,0.0,0.0,3.8,96.2,,4.4,99527.0,205,0.0,0.0,2.9,97.1,,4.5,99479.0,,,"(('rng_type', 'london1h'), ('expire_hour', 14), ('exit_hour', 18), ('sl_frac', 1.0), ('rr', 1.0), ('min_range_atr', 0.3), ('max_range_atr', 3.0))","(('max_trades_day', 1),)",,,
1,EURUSD,fundingpips_1step,2.0,,,,,18.0,14.0,3.0,0.3,london1h,1.0,1.0,1,395,0.0,0.0,14.2,85.8,,4.2,99518.0,205,0.0,0.0,19.5,80.5,,4.3,99470.0,,,"(('rng_type', 'london1h'), ('expire_hour', 14), ('exit_hour', 18), ('sl_frac', 1.0), ('rr', 1.0), ('min_range_atr', 0.3), ('max_range_atr', 3.0))","(('max_trades_day', 1),)",,,
1,EURUSD,ftmo_1step,2.0,,,,,18.0,14.0,3.0,0.3,london1h,2.0,1.0,1,395,3.3,0.0,7.6,89.1,5.5,4.3,99735.0,205,1.5,0.0,10.2,88.3,4.7,4.4,99268.0,,,"(('rng_type', 'london1h'), ('expire_hour', 14), ('exit_hour', 18), ('sl_frac', 1.0), ('rr', 2.0), ('min_range_atr', 0.3), ('max_range_atr', 3.0))","(('max_trades_day', 1),)",,,
1,EURUSD,fundingpips_1step,2.0,,,,,18.0,14.0,3.0,0.3,london1h,2.0,1.0,1,395,3.3,0.0,22.8,73.9,5.5,4.1,99696.0,205,1.5,0.0,23.4,75.1,4.7,4.2,99411.0,,,"(('rng_type', 'london1h'), ('expire_hour', 14), ('exit_hour', 18), ('sl_frac', 1.0), ('rr', 2.0), ('min_range_atr', 0.3), ('max_range_atr', 3.0))","(('max_trades_day', 1),)",,,
1,EURUSD,ftmo_1step,2.0,,,,,18.0,14.0,3.0,0.3,london1h,3.0,1.0,1,395,4.1,4.6,12.7,78.7,5.6,4.2,99968.0,205,4.4,2.4,13.2,80.0,5.7,4.4,99200.0,,,"(('rng_type', 'london1h'), ('expire_hour', 14), ('exit_hour', 18), ('sl_frac', 1.0), ('rr', 3.0), ('min_range_atr', 0.3), ('max_range_atr', 3.0))","(('max_trades_day', 1),)",,,
1,EURUSD,fundingpips_1step,2.0,,,,,18.0,14.0,3.0,0.3,london1h,3.0,1.0,1,395,8.9,0.0,26.3,64.8,4.5,4.0,99979.0,205,6.8,0.0,28.3,64.9,5.7,4.1,99362.0,,,"(('rng_type', 'london1h'), ('expire_hour', 14), ('exit_hour', 18), ('sl_frac', 1.0), ('rr', 3.0), ('min_range_atr', 0.3), ('max_range_atr', 3.0))","(('max_trades_day', 1),)",,,
1,EURUSD,ftmo_1step,2.0,,,,,18.0,14.0,3.0,0.3,london1h,0.0,1.0,1,395,0.8,5.1,2.8,91.4,6.7,4.3,99628.0,205,1.0,4.9,0.5,93.7,5.2,4.4,99604.0,1.5,,"(('rng_type', 'london1h'), ('expire_hour', 14), ('exit_hour', 18), ('sl_frac', 1.0), ('rr', 0.0), ('trail', 1.5), ('min_range_atr', 0.3), ('max_range_atr', 3.0))","(('max_trades_day', 1),)",,,
1,EURUSD,fundingpips_1step,2.0,,,,,18.0,14.0,3.0,0.3,london1h,0.0,1.0,1,395,6.3,0.0,12.4,81.3,3.7,4.2,99793.0,205,5.9,0.0,11.7,82.4,4.6,4.3,99531.0,1.5,,"(('rng_type', 'london1h'), ('expire_hour', 14), ('exit_hour', 18), ('sl_frac', 1.0), ('rr', 0.0), ('trail', 1.5), ('min_range_atr', 0.3), ('max_range_atr', 3.0))","(('max_trades_day', 1),)",,,
1,EURUSD,ftmo_1step,2.0,,,,,18.0,14.0,3.0,0.3,london1h,1.0,0.5,1,395,0.0,0.0,7.8,92.2,,4.4,97210.0,205,0.0,0.0,7.8,92.2,,4.5,97383.0,,,"(('rng_type', 'london1h'), ('expire_hour', 14), ('exit_hour', 18), ('sl_frac', 0.5), ('rr', 1.0), ('min_range_atr', 0.3), ('max_range_atr', 3.0))","(('max_trades_day', 1),)",,,
1,EURUSD,fundingpips_1step,2.0,,,,,18.0,14.0,3.0,0.3,london1h,1.0,0.5,1,395,0.0,0.0,32.2,67.8,,4.1,97476.0,205,0.0,0.0,32.7,67.3,,4.1,97563.0,,,"(('rng_type', 'london1h'), ('expire_hour', 14), ('exit_hour', 18), ('sl_frac', 0.5), ('rr', 1.0), ('min_range_atr', 0.3), ('max_range_atr', 3.0))","(('max_trades_day', 1),)",,,
1,EURUSD,ftmo_1step,2.0,,,,,18.0,14.0,3.0,0.3,london1h,2.0,0.5,1,395,1.8,0.0,19.7,78.5,4.6,4.3,97156.0,205,2.0,0.0,21.5,76.6,5.1,4.4,97263.0,,,"(('rng_type', 'london1h'), ('expire_hour', 14), ('exit_hour', 18), ('sl_frac', 0.5), ('rr', 2.0), ('min_range_atr', 0.3), ('max_range_atr', 3.0))","(('max_trades_day', 1),)",,,
1,EURUSD,fundingpips_1step,2.0,,,,,18.0,14.0,3.0,0.3,london1h,2.0,0.5,1,395,2.0,0.0,41.3,56.7,5.6,3.8,97617.0,205,2.0,0.0,46.8,51.2,5.1,3.8,97501.0,,,"(('rng_type', 'london1h'), ('expire_hour', 14), ('exit_hour', 18), ('sl_frac', 0.5), ('rr', 2.0), ('min_range_atr', 0.3), ('max_range_atr', 3.0))","(('max_trades_day', 1),)",,,
1,EURUSD,ftmo_1step,2.0,,,,,18.0,14.0,3.0,0.3,london1h,3.0,0.5,1,395,1.3,4.6,28.6,65.6,4.6,4.1,97367.0,205,2.0,4.9,29.8,63.4,6.1,4.3,97376.0,,,"(('rng_type', 'london1h'), ('expire_hour', 14), ('exit_hour', 18), ('sl_frac', 0.5), ('rr', 3.0), ('min_range_atr', 0.3), ('max_range_atr', 3.0))","(('max_trades_day', 1),)",,,
1,EURUSD,fundingpips_1step,2.0,,,,,18.0,14.0,3.0,0.3,london1h,3.0,0.5,1,395,6.3,0.0,49.9,43.8,2.6,3.6,97965.0,205,7.8,0.0,53.2,39.0,4.5,3.6,97612.0,,,"(('rng_type', 'london1h'), ('expire_hour', 14), ('exit_hour', 18), ('sl_frac', 0.5), ('rr', 3.0), ('min_range_atr', 0.3), ('max_range_atr', 3.0))","(('max_trades_day', 1),)",,,
1,EURUSD,ftmo_1step,2.0,,,,,18.0,14.0,3.0,0.3,london1h,0.0,0.5,1,395,0.3,6.8,30.9,62.0,4.7,4.0,97092.0,205,1.0,6.8,24.4,67.8,4.6,4.3,97351.0,1.5,,"(('rng_type', 'london1h'), ('expire_hour', 14), ('exit_hour', 18), ('sl_frac', 0.5), ('rr', 0.0), ('trail', 1.5), ('min_range_atr', 0.3), ('max_range_atr', 3.0))","(('max_trades_day', 1),)",,,
1,EURUSD,fundingpips_1step,2.0,,,,,18.0,14.0,3.0,0.3,london1h,0.0,0.5,1,395,9.6,0.0,48.4,42.0,2.2,3.7,97848.0,205,8.8,0.0,50.2,41.0,3.2,3.8,97865.0,1.5,,"(('rng_type', 'london1h'), ('expire_hour', 14), ('exit_hour', 18), ('sl_frac', 0.5), ('rr', 0.0), ('trail', 1.5), ('min_range_atr', 0.3), ('max_range_atr', 3.0))","(('max_trades_day', 1),)",,,
1,EURUSD,ftmo_1step,2.0,,,,,18.0,14.0,3.0,0.3,london1h,1.0,1.0,1,395,0.0,0.0,5.1,94.9,,4.4,98383.0,205,0.0,0.0,5.9,94.1,,4.5,98325.0,,1.0,"(('rng_type', 'london1h'), ('expire_hour', 14), ('exit_hour', 18), ('sl_frac', 1.0), ('sl_atr', 1.0), ('rr', 1.0), ('min_range_atr', 0.3), ('max_range_atr', 3.0))","(('max_trades_day', 1),)",,,
1,EURUSD,fundingpips_1step,2.0,,,,,18.0,14.0,3.0,0.3,london1h,1.0,1.0,1,395,0.0,0.0,23.8,76.2,,4.1,98470.0,205,0.0,0.0,29.8,70.2,,4.1,98399.0,,1.0,"(('rng_type', 'london1h'), ('expire_hour', 14), ('exit_hour', 18), ('sl_frac', 1.0), ('sl_atr', 1.0), ('rr', 1.0), ('min_range_atr', 0.3), ('max_range_atr', 3.0))","(('max_trades_day', 1),)",,,
1,EURUSD,ftmo_1step,2.0,,,,,18.0,14.0,3.0,0.3,london1h,2.0,1.0,1,395,1.0,0.0,18.2,80.8,5.0,4.3,98401.0,205,2.4,0.0,21.5,76.1,5.4,4.4,97974.0,,1.0,"(('rng_type', 'london1h'), ('expire_hour', 14), ('exit_hour', 18), ('sl_frac', 1.0), ('sl_atr', 1.0), ('rr', 2.0), ('min_range_atr', 0.3), ('max_range_atr', 3.0))","(('max_trades_day', 1),)",,,
1,EURUSD,fundingpips_1step,2.0,,,,,18.0,14.0,3.0,0.3,london1h,2.0,1.0,1,395,1.5,0.0,33.9,64.6,5.0,3.9,98681.0,205,3.4,0.0,40.0,56.6,6.5,3.9,98228.0,,1.0,"(('rng_type', 'london1h'), ('expire_hour', 14), ('exit_hour', 18), ('sl_frac', 1.0), ('sl_atr', 1.0), ('rr', 2.0), ('min_range_atr', 0.3), ('max_range_atr', 3.0))","(('max_trades_day', 1),)",,,
1,EURUSD,ftmo_1step,2.0,,,,,18.0,14.0,3.0,0.3,london1h,3.0,1.0,1,395,2.5,5.3,26.6,65.6,5.1,4.1,98781.0,205,3.4,4.4,32.2,60.0,6.5,4.2,97817.0,,1.0,"(('rng_type', 'london1h'), ('expire_hour', 14), ('exit_hour', 18), ('sl_frac', 1.0), ('sl_atr', 1.0), ('rr', 3.0), ('min_range_atr', 0.3), ('max_range_atr', 3.0))","(('max_trades_day', 1),)",,,
1,EURUSD,fundingpips_1step,2.0,,,,,18.0,14.0,3.0,0.3,london1h,3.0,1.0,1,395,8.9,0.0,41.8,49.4,3.5,3.7,99264.0,205,8.8,0.0,50.2,41.0,4.7,3.6,97938.0,,1.0,"(('rng_type', 'london1h'), ('expire_hour', 14), ('exit_hour', 18), ('sl_frac', 1.0), ('sl_atr', 1.0), ('rr', 3.0), ('min_range_atr', 0.3), ('max_range_atr', 3.0))","(('max_trades_day', 1),)",,,
1,EURUSD,ftmo_1step,2.0,,,,,18.0,14.0,3.0,0.3,london1h,0.0,1.0,1,395,0.5,9.1,19.7,70.6,5.7,4.1,98526.0,205,0.0,10.2,15.1,74.6,,4.2,98468.0,1.5,1.0,"(('rng_type', 'london1h'), ('expire_hour', 14), ('exit_hour', 18), ('sl_frac', 1.0), ('sl_atr', 1.0), ('rr', 0.0), ('trail', 1.5), ('min_range_atr', 0.3), ('max_range_atr', 3.0))","(('max_trades_day', 1),)",,,
1,EURUSD,fundingpips_1step,2.0,,,,,18.0,14.0,3.0,0.3,london1h,0.0,1.0,1,395,11.1,0.0,36.2,52.7,3.7,3.9,99019.0,205,11.2,0.0,42.9,45.9,3.7,3.9,98536.0,1.5,1.0,"(('rng_type', 'london1h'), ('expire_hour', 14), ('exit_hour', 18), ('sl_frac', 1.0), ('sl_atr', 1.0), ('rr', 0.0), ('trail', 1.5), ('min_range_atr', 0.3), ('max_range_atr', 3.0))","(('max_trades_day', 1),)",,,
1,EURUSD,ftmo_1step,2.0,,,,,23.0,17.0,3.0,0.3,london1h,1.0,1.0,1,395,0.0,0.0,5.9,94.2,,4.6,99586.0,205,0.0,0.0,3.9,96.1,,4.6,99410.0,,,"(('rng_type', 'london1h'), ('expire_hour', 17), ('exit_hour', 23), ('sl_frac', 1.0), ('rr', 1.0), ('min_range_atr', 0.3), ('max_range_atr', 3.0))","(('max_trades_day', 1),)",,,
1,EURUSD,fundingpips_1step,2.0,,,,,23.0,17.0,3.0,0.3,london1h,1.0,1.0,1,395,0.0,0.0,16.2,83.8,,4.4,99584.0,205,0.0,0.0,22.4,77.6,,4.4,99347.0,,,"(('rng_type', 'london1h'), ('expire_hour', 17), ('exit_hour', 23), ('sl_frac', 1.0), ('rr', 1.0), ('min_range_atr', 0.3), ('max_range_atr', 3.0))","(('max_trades_day', 1),)",,,
1,EURUSD,ftmo_1step,2.0,,,,,23.0,17.0,3.0,0.3,london1h,2.0,1.0,1,395,4.3,0.0,11.4,84.3,4.9,4.5,99810.0,205,2.9,0.0,12.7,84.4,5.3,4.5,99198.0,,,"(('rng_type', 'london1h'), ('expire_hour', 17), ('exit_hour', 23), ('sl_frac', 1.0), ('rr', 2.0), ('min_range_atr', 0.3), ('max_range_atr', 3.0))","(('max_trades_day', 1),)",,,
1,EURUSD,fundingpips_1step,2.0,,,,,23.0,17.0,3.0,0.3,london1h,2.0,1.0,1,395,4.3,0.0,25.3,70.4,4.9,4.2,99782.0,205,2.9,0.0,27.3,69.8,5.3,4.2,99371.0,,,"(('rng_type', 'london1h'), ('expire_hour', 17), ('exit_hour', 23), ('sl_frac', 1.0), ('rr', 2.0), ('min_range_atr', 0.3), ('max_range_atr', 3.0))","(('max_trades_day', 1),)",,,
1,EURUSD,ftmo_1step,2.0,,,,,23.0,17.0,3.0,0.3,london1h,3.0,1.0,1,395,6.8,3.8,19.2,70.1,4.7,4.3,100014.0,205,4.9,1.5,19.0,74.6,5.8,4.4,99093.0,,,"(('rng_type', 'london1h'), ('expire_hour', 17), ('exit_hour', 23), ('sl_frac', 1.0), ('rr', 3.0), ('min_range_atr', 0.3), ('max_range_atr', 3.0))","(('max_trades_day', 1),)",,,
1,EURUSD,fundingpips_1step,2.0,,,,,23.0,17.0,3.0,0.3,london1h,3.0,1.0,1,395,10.9,0.0,32.1,57.0,4.5,4.0,100019.0,205,6.8,0.0,34.7,58.5,5.7,4.0,99269.0,,,"(('rng_type', 'london1h'), ('expire_hour', 17), ('exit_hour', 23), ('sl_frac', 1.0), ('rr', 3.0), ('min_range_atr', 0.3), ('max_range_atr', 3.0))","(('max_trades_day', 1),)",,,
1,EURUSD,ftmo_1step,2.0,,,,,23.0,17.0,3.0,0.3,london1h,0.0,1.0,1,395,0.8,5.6,3.8,89.9,6.6,4.4,99706.0,205,1.5,5.4,1.0,92.2,4.9,4.5,99644.0,1.5,,"(('rng_type', 'london1h'), ('expire_hour', 17), ('exit_hour', 23), ('sl_frac', 1.0), ('rr', 0.0), ('trail', 1.5), ('min_range_atr', 0.3), ('max_range_atr', 3.0))","(('max_trades_day', 1),)",,,
1,EURUSD,fundingpips_1step,2.0,,,,,23.0,17.0,3.0,0.3,london1h,0.0,1.0,1,395,6.8,0.0,13.4,79.7,2.8,4.4,99869.0,205,6.8,0.0,13.7,79.5,4.7,4.4,99552.0,1.5,,"(('rng_type', 'london1h'), ('expire_hour', 17), ('exit_hour', 23), ('sl_frac', 1.0), ('rr', 0.0), ('trail', 1.5), ('min_range_atr', 0.3), ('max_range_atr', 3.0))","(('max_trades_day', 1),)",,,
1,EURUSD,ftmo_1step,2.0,,,,,23.0,17.0,3.0,0.3,london1h,1.0,0.5,1,395,0.0,0.0,10.4,89.6,,4.5,97194.0,205,0.0,0.0,8.8,91.2,,4.6,97319.0,,,"(('rng_type', 'london1h'), ('expire_hour', 17), ('exit_hour', 23), ('sl_frac', 0.5), ('rr', 1.0), ('min_range_atr', 0.3), ('max_range_atr', 3.0))","(('max_trades_day', 1),)",,,
1,EURUSD,fundingpips_1step,2.0,,,,,23.0,17.0,3.0,0.3,london1h,1.0,0.5,1,395,0.0,0.0,34.4,65.6,,4.2,97458.0,205,0.0,0.0,33.7,66.3,,4.2,97515.0,,,"(('rng_type', 'london1h'), ('expire_hour', 17), ('exit_hour', 23), ('sl_frac', 0.5), ('rr', 1.0), ('min_range_atr', 0.3), ('max_range_atr', 3.0))","(('max_trades_day', 1),)",,,
1,EURUSD,ftmo_1step,2.0,,,,,23.0,17.0,3.0,0.3,london1h,2.0,0.5,1,395,1.8,0.0,24.9,73.4,4.6,4.4,97068.0,205,2.0,0.0,22.4,75.6,5.5,4.5,97277.0,,,"(('rng_type', 'london1h'), ('expire_hour', 17), ('exit_hour', 23), ('sl_frac', 0.5), ('rr', 2.0), ('min_range_atr', 0.3), ('max_range_atr', 3.0))","(('max_trades_day', 1),)",,,
1,EURUSD,fundingpips_1step,2.0,,,,,23.0,17.0,3.0,0.3,london1h,2.0,0.5,1,395,2.0,0.0,42.8,55.2,5.6,3.9,97599.0,205,2.0,0.0,46.8,51.2,5.5,3.8,97529.0,,,"(('rng_type', 'london1h'), ('expire_hour', 17), ('exit_hour', 23), ('sl_frac', 0.5), ('rr', 2.0), ('min_range_atr', 0.3), ('max_range_atr', 3.0))","(('max_trades_day', 1),)",,,
1,EURUSD,ftmo_1step,2.0,,,,,23.0,17.0,3.0,0.3,london1h,3.0,0.5,1,395,1.5,5.3,34.5,58.7,5.1,4.2,97417.0,205,2.0,5.4,35.1,57.6,6.7,4.3,97329.0,,,"(('rng_type', 'london1h'), ('expire_hour', 17), ('exit_hour', 23), ('sl_frac', 0.5), ('rr', 3.0), ('min_range_atr', 0.3), ('max_range_atr', 3.0))","(('max_trades_day', 1),)",,,
1,EURUSD,fundingpips_1step,2.0,,,,,23.0,17.0,3.0,0.3,london1h,3.0,0.5,1,395,7.3,0.0,50.7,42.0,2.5,3.6,98038.0,205,7.8,0.0,55.6,36.6,2.6,3.6,97689.0,,,"(('rng_type', 'london1h'), ('expire_hour', 17), ('exit_hour', 23), ('sl_frac', 0.5), ('rr', 3.0), ('min_range_atr', 0.3), ('max_range_atr', 3.0))","(('max_trades_day', 1),)",,,
1,EURUSD,ftmo_1step,2.0,,,,,23.0,17.0,3.0,0.3,london1h,0.0,0.5,1,395,0.3,7.6,36.5,55.7,4.7,4.2,97161.0,205,1.0,7.8,27.8,63.4,4.7,4.3,97324.0,1.5,,"(('rng_type', 'london1h'), ('expire_hour', 17), ('exit_hour', 23), ('sl_frac', 0.5), ('rr', 0.0), ('trail', 1.5), ('min_range_atr', 0.3), ('max_range_atr', 3.0))","(('max_trades_day', 1),)",,,
1,EURUSD,fundingpips_1step,2.0,,,,,23.0,17.0,3.0,0.3,london1h,0.0,0.5,1,395,10.6,0.0,50.4,39.0,2.9,3.8,97998.0,205,9.8,0.0,53.2,37.1,3.4,3.8,97793.0,1.5,,"(('rng_type', 'london1h'), ('expire_hour', 17), ('exit_hour', 23), ('sl_frac', 0.5), ('rr', 0.0), ('trail', 1.5), ('min_range_atr', 0.3), ('max_range_atr', 3.0))","(('max_trades_day', 1),)",,,
1,EURUSD,ftmo_1step,2.0,,,,,23.0,17.0,3.0,0.3,london1h,1.0,1.0,1,395,0.0,0.0,6.6,93.4,,4.6,98408.0,205,0.0,0.0,6.8,93.2,,4.6,98271.0,,1.0,"(('rng_type', 'london1h'), ('expire_hour', 17), ('exit_hour', 23), ('sl_frac', 1.0), ('sl_atr', 1.0), ('rr', 1.0), ('min_range_atr', 0.3), ('max_range_atr', 3.0))","(('max_trades_day', 1),)",,,
1,EURUSD,fundingpips_1step,2.0,,,,,23.0,17.0,3.0,0.3,london1h,1.0,1.0,1,395,0.0,0.0,25.8,74.2,,4.3,98479.0,205,0.0,0.0,31.2,68.8,,4.2,98352.0,,1.0,"(('rng_type', 'london1h'), ('expire_hour', 17), ('exit_hour', 23), ('sl_frac', 1.0), ('sl_atr', 1.0), ('rr', 1.0), ('min_range_atr', 0.3), ('max_range_atr', 3.0))","(('max_trades_day', 1),)",,,
1,EURUSD,ftmo_1step,2.0,,,,,23.0,17.0,3.0,0.3,london1h,2.0,1.0,1,395,1.5,0.0,21.5,77.0,3.9,4.4,98393.0,205,2.4,0.0,23.9,73.7,5.4,4.5,97880.0,,1.0,"(('rng_type', 'london1h'), ('expire_hour', 17), ('exit_hour', 23), ('sl_frac', 1.0), ('sl_atr', 1.0), ('rr', 2.0), ('min_range_atr', 0.3), ('max_range_atr', 3.0))","(('max_trades_day', 1),)",,,
1,EURUSD,fundingpips_1step,2.0,,,,,23.0,17.0,3.0,0.3,london1h,2.0,1.0,1,395,2.0,0.0,34.9,63.0,3.9,4.0,98665.0,205,2.9,0.0,41.0,56.1,5.9,3.9,98120.0,,1.0,"(('rng_type', 'london1h'), ('expire_hour', 17), ('exit_hour', 23), ('sl_frac', 1.0), ('sl_atr', 1.0), ('rr', 2.0), ('min_range_atr', 0.3), ('max_range_atr', 3.0))","(('max_trades_day', 1),)",,,
1,EURUSD,ftmo_1step,2.0,,,,,23.0,17.0,3.0,0.3,london1h,3.0,1.0,1,395,2.5,6.8,31.4,59.2,6.1,4.2,98937.0,205,2.9,4.4,36.1,56.6,6.1,4.3,97809.0,,1.0,"(('rng_type', 'london1h'), ('expire_hour', 17), ('exit_hour', 23), ('sl_frac', 1.0), ('sl_atr', 1.0), ('rr', 3.0), ('min_range_atr', 0.3), ('max_range_atr', 3.0))","(('max_trades_day', 1),)",,,
1,EURUSD,fundingpips_1step,2.0,,,,,23.0,17.0,3.0,0.3,london1h,3.0,1.0,1,395,10.1,0.0,42.8,47.1,3.1,3.7,99403.0,205,8.8,0.0,50.7,40.5,4.6,3.6,98006.0,,1.0,"(('rng_type', 'london1h'), ('expire_hour', 17), ('exit_hour', 23), ('sl_frac', 1.0), ('sl_atr', 1.0), ('rr', 3.0), ('min_range_atr', 0.3), ('max_range_atr', 3.0))","(('max_trades_day', 1),)",,,
1,EURUSD,ftmo_1step,2.0,,,,,23.0,17.0,3.0,0.3,london1h,0.0,1.0,1,395,0.5,9.6,25.6,64.3,5.8,4.2,98575.0,205,0.5,10.2,20.0,69.3,6.9,4.3,98541.0,1.5,1.0,"(('rng_type', 'london1h'), ('expire_hour', 17), ('exit_hour', 23), ('sl_frac', 1.0), ('sl_atr', 1.0), ('rr', 0.0), ('trail', 1.5), ('min_range_atr', 0.3), ('max_range_atr', 3.0))","(('max_trades_day', 1),)",,,
1,EURUSD,fundingpips_1step,2.0,,,,,23.0,17.0,3.0,0.3,london1h,0.0,1.0,1,395,12.4,0.0,39.0,48.6,2.9,3.9,99162.0,205,11.7,0.0,45.9,42.4,2.9,3.8,98485.0,1.5,1.0,"(('rng_type', 'london1h'), ('expire_hour', 17), ('exit_hour', 23), ('sl_frac', 1.0), ('sl_atr', 1.0), ('rr', 0.0), ('trail', 1.5), ('min_range_atr', 0.3), ('max_range_atr', 3.0))","(('max_trades_day', 1),)",,,
1,EURUSD,ftmo_1step,2.0,,,,,22.0,18.0,3.0,0.3,nypre,1.0,1.0,1,395,0.0,0.0,0.6,99.5,,2.3,99953.0,205,0.0,0.0,0.0,100.0,,2.1,100056.0,,,"(('rng_type', 'nypre'), ('expire_hour', 18), ('exit_hour', 22), ('sl_frac', 1.0), ('rr', 1.0), ('min_range_atr', 0.3), ('max_range_atr', 3.0))","(('max_trades_day', 1),)",,,
1,EURUSD,fundingpips_1step,2.0,,,,,22.0,18.0,3.0,0.3,nypre,1.0,1.0,1,395,0.0,0.0,2.1,98.0,,2.3,99948.0,205,0.0,0.0,1.0,99.0,,2.1,100049.0,,,"(('rng_type', 'nypre'), ('expire_hour', 18), ('exit_hour', 22), ('sl_frac', 1.0), ('rr', 1.0), ('min_range_atr', 0.3), ('max_range_atr', 3.0))","(('max_trades_day', 1),)",,,
1,EURUSD,ftmo_1step,2.0,,,,,22.0,18.0,3.0,0.3,nypre,2.0,1.0,1,395,0.0,0.0,0.8,99.2,,2.3,100052.0,205,0.0,0.0,0.0,100.0,,2.1,100048.0,,,"(('rng_type', 'nypre'), ('expire_hour', 18), ('exit_hour', 22), ('sl_frac', 1.0), ('rr', 2.0), ('min_range_atr', 0.3), ('max_range_atr', 3.0))","(('max_trades_day', 1),)",,,
1,EURUSD,fundingpips_1step,2.0,,,,,22.0,18.0,3.0,0.3,nypre,2.0,1.0,1,395,0.0,0.0,2.1,98.0,,2.3,100041.0,205,0.0,0.0,1.5,98.5,,2.1,100033.0,,,"(('rng_type', 'nypre'), ('expire_hour', 18), ('exit_hour', 22), ('sl_frac', 1.0), ('rr', 2.0), ('min_range_atr', 0.3), ('max_range_atr', 3.0))","(('max_trades_day', 1),)",,,
1,EURUSD,ftmo_1step,2.0,,,,,22.0,18.0,3.0,0.3,nypre,3.0,1.0,1,395,0.8,0.3,0.8,98.2,3.9,2.2,100103.0,205,0.0,0.0,0.0,100.0,,2.1,100096.0,,,"(('rng_type', 'nypre'), ('expire_hour', 18), ('exit_hour', 22), ('sl_frac', 1.0), ('rr', 3.0), ('min_range_atr', 0.3), ('max_range_atr', 3.0))","(('max_trades_day', 1),)",,,
1,EURUSD,fundingpips_1step,2.0,,,,,22.0,18.0,3.0,0.3,nypre,3.0,1.0,1,395,1.0,0.0,2.1,97.0,3.8,2.2,100091.0,205,0.0,0.0,1.5,98.5,,2.1,100074.0,,,"(('rng_type', 'nypre'), ('expire_hour', 18), ('exit_hour', 22), ('sl_frac', 1.0), ('rr', 3.0), ('min_range_atr', 0.3), ('max_range_atr', 3.0))","(('max_trades_day', 1),)",,,
1,EURUSD,ftmo_1step,2.0,,,,,22.0,18.0,3.0,0.3,nypre,0.0,1.0,1,395,0.3,0.5,0.3,99.0,3.9,2.3,100047.0,205,0.0,0.0,0.0,100.0,,2.1,100164.0,1.5,,"(('rng_type', 'nypre'), ('expire_hour', 18), ('exit_hour', 22), ('sl_frac', 1.0), ('rr', 0.0), ('trail', 1.5), ('min_range_atr', 0.3), ('max_range_atr', 3.0))","(('max_trades_day', 1),)",,,
1,EURUSD,fundingpips_1step,2.0,,,,,22.0,18.0,3.0,0.3,nypre,0.0,1.0,1,395,0.8,0.0,0.5,98.7,3.9,2.3,100044.0,205,0.0,0.0,0.5,99.5,,2.1,100133.0,1.5,,"(('rng_type', 'nypre'), ('expire_hour', 18), ('exit_hour', 22), ('sl_frac', 1.0), ('rr', 0.0), ('trail', 1.5), ('min_range_atr', 0.3), ('max_range_atr', 3.0))","(('max_trades_day', 1),)",,,
1,EURUSD,ftmo_1step,2.0,,,,,22.0,18.0,3.0,0.3,nypre,1.0,0.5,1,395,0.0,0.0,1.5,98.5,,2.2,99120.0,205,0.0,0.0,2.5,97.6,,2.1,99595.0,,,"(('rng_type', 'nypre'), ('expire_hour', 18), ('exit_hour', 22), ('sl_frac', 0.5), ('rr', 1.0), ('min_range_atr', 0.3), ('max_range_atr', 3.0))","(('max_trades_day', 1),)",,,
1,EURUSD,fundingpips_1step,2.0,,,,,22.0,18.0,3.0,0.3,nypre,1.0,0.5,1,395,0.0,0.0,6.6,93.4,,2.2,99109.0,205,0.0,0.0,5.9,94.1,,2.1,99586.0,,,"(('rng_type', 'nypre'), ('expire_hour', 18), ('exit_hour', 22), ('sl_frac', 0.5), ('rr', 1.0), ('min_range_atr', 0.3), ('max_range_atr', 3.0))","(('max_trades_day', 1),)",,,
1,EURUSD,ftmo_1step,2.0,,,,,22.0,18.0,3.0,0.3,nypre,2.0,0.5,1,395,0.8,0.0,2.8,96.5,6.6,2.2,99286.0,205,1.0,0.0,3.9,95.1,5.2,2.1,99696.0,,,"(('rng_type', 'nypre'), ('expire_hour', 18), ('exit_hour', 22), ('sl_frac', 0.5), ('rr', 2.0), ('min_range_atr', 0.3), ('max_range_atr', 3.0))","(('max_trades_day', 1),)",,,
1,EURUSD,fundingpips_1step,2.0,,,,,22.0,18.0,3.0,0.3,nypre,2.0,0.5,1,395,0.8,0.0,9.9,89.4,6.6,2.2,99295.0,205,1.0,0.0,8.8,90.2,5.2,2.1,99746.0,,,"(('rng_type', 'nypre'), ('expire_hour', 18), ('exit_hour', 22), ('sl_frac', 0.5), ('rr', 2.0), ('min_range_atr', 0.3), ('max_range_atr', 3.0))","(('max_trades_day', 1),)",,,
1,EURUSD,ftmo_1step,2.0,,,,,22.0,18.0,3.0,0.3,nypre,3.0,0.5,1,395,0.5,1.3,3.3,94.9,6.7,2.2,99340.0,205,2.0,1.5,3.9,92.7,6.3,2.1,99888.0,,,"(('rng_type', 'nypre'), ('expire_hour', 18), ('exit_hour', 22), ('sl_frac', 0.5), ('rr', 3.0), ('min_range_atr', 0.3), ('max_range_atr', 3.0))","(('max_trades_day', 1),)",,,
1,EURUSD,fundingpips_1step,2.0,,,,,22.0,18.0,3.0,0.3,nypre,3.0,0.5,1,395,1.8,0.0,10.9,87.3,4.7,2.2,99386.0,205,3.4,0.0,9.3,87.3,5.8,2.1,99965.0,,,"(('rng_type', 'nypre'), ('expire_hour', 18), ('exit_hour', 22), ('sl_frac', 0.5), ('rr', 3.0), ('min_range_atr', 0.3), ('max_range_atr', 3.0))","(('max_trades_day', 1),)",,,
1,EURUSD,ftmo_1step,2.0,,,,,22.0,18.0,3.0,0.3,nypre,0.0,0.5,1,395,0.3,1.5,2.3,95.9,6.7,2.2,99239.0,205,0.0,2.9,2.9,94.1,,2.1,99731.0,1.5,,"(('rng_type', 'nypre'), ('expire_hour', 18), ('exit_hour', 22), ('sl_frac', 0.5), ('rr', 0.0), ('trail', 1.5), ('min_range_atr', 0.3), ('max_range_atr', 3.0))","(('max_trades_day', 1),)",,,
1,EURUSD,fundingpips_1step,2.0,,,,,22.0,18.0,3.0,0.3,nypre,0.0,0.5,1,395,2.0,0.0,5.8,92.2,3.9,2.2,99314.0,205,2.9,0.0,6.4,90.7,3.4,2.1,99760.0,1.5,,"(('rng_type', 'nypre'), ('expire_hour', 18), ('exit_hour', 22), ('sl_frac', 0.5), ('rr', 0.0), ('trail', 1.5), ('min_range_atr', 0.3), ('max_range_atr', 3.0))","(('max_trades_day', 1),)",,,
1,EURUSD,ftmo_1step,2.0,,,,,22.0,18.0,3.0,0.3,nypre,1.0,1.0,1,395,0.0,0.0,1.3,98.7,,2.2,99006.0,205,0.0,0.0,1.5,98.5,,2.1,99163.0,,1.0,"(('rng_type', 'nypre'), ('expire_hour', 18), ('exit_hour', 22), ('sl_frac', 1.0), ('sl_atr', 1.0), ('rr', 1.0), ('min_range_atr', 0.3), ('max_range_atr', 3.0))","(('max_trades_day', 1),)",,,
1,EURUSD,fundingpips_1step,2.0,,,,,22.0,18.0,3.0,0.3,nypre,1.0,1.0,1,395,0.0,0.0,6.3,93.7,,2.2,98978.0,205,0.0,0.0,4.9,95.1,,2.1,99137.0,,1.0,"(('rng_type', 'nypre'), ('expire_hour', 18), ('exit_hour', 22), ('sl_frac', 1.0), ('sl_atr', 1.0), ('rr', 1.0), ('min_range_atr', 0.3), ('max_range_atr', 3.0))","(('max_trades_day', 1),)",,,
1,EURUSD,ftmo_1step,2.0,,,,,22.0,18.0,3.0,0.3,nypre,2.0,1.0,1,395,0.8,0.0,2.5,96.7,3.7,2.2,99041.0,205,1.5,0.0,3.4,95.1,5.7,2.1,99412.0,,1.0,"(('rng_type', 'nypre'), ('expire_hour', 18), ('exit_hour', 22), ('sl_frac', 1.0), ('sl_atr', 1.0), ('rr', 2.0), ('min_range_atr', 0.3), ('max_range_atr', 3.0))","(('max_trades_day', 1),)",,,
1,EURUSD,fundingpips_1step,2.0,,,,,22.0,18.0,3.0,0.3,nypre,2.0,1.0,1,395,0.8,0.0,11.9,87.3,3.7,2.2,99087.0,205,1.5,0.0,10.2,88.3,5.7,2.1,99404.0,,1.0,"(('rng_type', 'nypre'), ('expire_hour', 18), ('exit_hour', 22), ('sl_frac', 1.0), ('sl_atr', 1.0), ('rr', 2.0), ('min_range_atr', 0.3), ('max_range_atr', 3.0))","(('max_trades_day', 1),)",,,
1,EURUSD,ftmo_1step,2.0,,,,,22.0,18.0,3.0,0.3,nypre,3.0,1.0,1,395,0.3,2.0,2.8,94.9,6.6,2.2,99213.0,205,2.0,1.5,3.9,92.7,6.7,2.1,99574.0,,1.0,"(('rng_type', 'nypre'), ('expire_hour', 18), ('exit_hour', 22), ('sl_frac', 1.0), ('sl_atr', 1.0), ('rr', 3.0), ('min_range_atr', 0.3), ('max_range_atr', 3.0))","(('max_trades_day', 1),)",,,
1,EURUSD,fundingpips_1step,2.0,,,,,22.0,18.0,3.0,0.3,nypre,3.0,1.0,1,395,2.3,0.0,12.9,84.8,4.7,2.2,99297.0,205,3.4,0.0,11.2,85.4,5.8,2.1,99579.0,,1.0,"(('rng_type', 'nypre'), ('expire_hour', 18), ('exit_hour', 22), ('sl_frac', 1.0), ('sl_atr', 1.0), ('rr', 3.0), ('min_range_atr', 0.3), ('max_range_atr', 3.0))","(('max_trades_day', 1),)",,,
1,EURUSD,ftmo_1step,2.0,,,,,22.0,18.0,3.0,0.3,nypre,0.0,1.0,1,395,0.5,1.8,1.8,95.9,4.8,2.2,99129.0,205,0.5,4.4,3.9,91.2,6.9,2.0,99478.0,1.5,1.0,"(('rng_type', 'nypre'), ('expire_hour', 18), ('exit_hour', 22), ('sl_frac', 1.0), ('sl_atr', 1.0), ('rr', 0.0), ('trail', 1.5), ('min_range_atr', 0.3), ('max_range_atr', 3.0))","(('max_trades_day', 1),)",,,
1,EURUSD,fundingpips_1step,2.0,,,,,22.0,18.0,3.0,0.3,nypre,0.0,1.0,1,395,2.5,0.0,8.6,88.9,3.4,2.2,99207.0,205,5.9,0.0,7.8,86.3,3.8,2.0,99543.0,1.5,1.0,"(('rng_type', 'nypre'), ('expire_hour', 18), ('exit_hour', 22), ('sl_frac', 1.0), ('sl_atr', 1.0), ('rr', 0.0), ('trail', 1.5), ('min_range_atr', 0.3), ('max_range_atr', 3.0))","(('max_trades_day', 1),)",,,
1,EURUSD,ftmo_1step,2.0,,,,,23.0,20.0,3.0,0.3,nypre,1.0,1.0,1,395,0.0,0.0,0.6,99.5,,2.3,99923.0,205,0.0,0.0,0.5,99.5,,2.2,100041.0,,,"(('rng_type', 'nypre'), ('expire_hour', 20), ('exit_hour', 23), ('sl_frac', 1.0), ('rr', 1.0), ('min_range_atr', 0.3), ('max_range_atr', 3.0))","(('max_trades_day', 1),)",,,
1,EURUSD,fundingpips_1step,2.0,,,,,23.0,20.0,3.0,0.3,nypre,1.0,1.0,1,395,0.0,0.0,2.3,97.7,,2.3,99916.0,205,0.0,0.0,2.5,97.6,,2.2,100025.0,,,"(('rng_type', 'nypre'), ('expire_hour', 20), ('exit_hour', 23), ('sl_frac', 1.0), ('rr', 1.0), ('min_range_atr', 0.3), ('max_range_atr', 3.0))","(('max_trades_day', 1),)",,,
1,EURUSD,ftmo_1step,2.0,,,,,23.0,20.0,3.0,0.3,nypre,2.0,1.0,1,395,0.3,0.0,1.8,98.0,3.6,2.3,99981.0,205,0.0,0.0,0.5,99.5,,2.2,100000.0,,,"(('rng_type', 'nypre'), ('expire_hour', 20), ('exit_hour', 23), ('sl_frac', 1.0), ('rr', 2.0), ('min_range_atr', 0.3), ('max_range_atr', 3.0))","(('max_trades_day', 1),)",,,
1,EURUSD,fundingpips_1step,2.0,,,,,23.0,20.0,3.0,0.3,nypre,2.0,1.0,1,395,0.3,0.0,3.3,96.5,3.6,2.3,99968.0,205,0.0,0.0,2.9,97.1,,2.2,99977.0,,,"(('rng_type', 'nypre'), ('expire_hour', 20), ('exit_hour', 23), ('sl_frac', 1.0), ('rr', 2.0), ('min_range_atr', 0.3), ('max_range_atr', 3.0))","(('max_trades_day', 1),)",,,
1,EURUSD,ftmo_1step,2.0,,,,,23.0,20.0,3.0,0.3,nypre,3.0,1.0,1,395,0.8,0.3,1.8,97.2,3.9,2.3,100030.0,205,0.0,0.0,0.5,99.5,,2.2,100057.0,,,"(('rng_type', 'nypre'), ('expire_hour', 20), ('exit_hour', 23), ('sl_frac', 1.0), ('rr', 3.0), ('min_range_atr', 0.3), ('max_range_atr', 3.0))","(('max_trades_day', 1),)",,,
1,EURUSD,fundingpips_1step,2.0,,,,,23.0,20.0,3.0,0.3,nypre,3.0,1.0,1,395,1.0,0.0,3.5,95.4,3.8,2.3,100013.0,205,0.0,0.0,2.9,97.1,,2.2,100025.0,,,"(('rng_type', 'nypre'), ('expire_hour', 20), ('exit_hour', 23), ('sl_frac', 1.0), ('rr', 3.0), ('min_range_atr', 0.3), ('max_range_atr', 3.0))","(('max_trades_day', 1),)",,,
1,EURUSD,ftmo_1step,2.0,,,,,23.0,20.0,3.0,0.3,nypre,0.0,1.0,1,395,0.0,0.8,0.6,98.7,,2.4,99993.0,205,0.0,1.0,0.0,99.0,,2.2,100228.0,1.5,,"(('rng_type', 'nypre'), ('expire_hour', 20), ('exit_hour', 23), ('sl_frac', 1.0), ('rr', 0.0), ('trail', 1.5), ('min_range_atr', 0.3), ('max_range_atr', 3.0))","(('max_trades_day', 1),)",,,
1,EURUSD,fundingpips_1step,2.0,,,,,23.0,20.0,3.0,0.3,nypre,0.0,1.0,1,395,0.8,0.0,0.8,98.5,3.9,2.4,99989.0,205,1.0,0.0,0.5,98.5,6.4,2.2,100190.0,1.5,,"(('rng_type', 'nypre'), ('expire_hour', 20), ('exit_hour', 23), ('sl_frac', 1.0), ('rr', 0.0), ('trail', 1.5), ('min_range_atr', 0.3), ('max_range_atr', 3.0))","(('max_trades_day', 1),)",,,
1,EURUSD,ftmo_1step,2.0,,,,,23.0,20.0,3.0,0.3,nypre,1.0,0.5,1,395,0.0,0.0,2.3,97.7,,2.3,99031.0,205,0.0,0.0,2.9,97.1,,2.2,99614.0,,,"(('rng_type', 'nypre'), ('expire_hour', 20), ('exit_hour', 23), ('sl_frac', 0.5), ('rr', 1.0), ('min_range_atr', 0.3), ('max_range_atr', 3.0))","(('max_trades_day', 1),)",,,
1,EURUSD,fundingpips_1step,2.0,,,,,23.0,20.0,3.0,0.3,nypre,1.0,0.5,1,395,0.0,0.0,8.4,91.6,,2.3,99024.0,205,0.0,0.0,6.4,93.7,,2.2,99604.0,,,"(('rng_type', 'nypre'), ('expire_hour', 20), ('exit_hour', 23), ('sl_frac', 0.5), ('rr', 1.0), ('min_range_atr', 0.3), ('max_range_atr', 3.0))","(('max_trades_day', 1),)",,,
1,EURUSD,ftmo_1step,2.0,,,,,23.0,20.0,3.0,0.3,nypre,2.0,0.5,1,395,0.8,0.0,4.3,94.9,6.6,2.3,99208.0,205,1.0,0.0,4.4,94.6,5.2,2.2,99710.0,,,"(('rng_type', 'nypre'), ('expire_hour', 20), ('exit_hour', 23), ('sl_frac', 0.5), ('rr', 2.0), ('min_range_atr', 0.3), ('max_range_atr', 3.0))","(('max_trades_day', 1),)",,,
1,EURUSD,fundingpips_1step,2.0,,,,,23.0,20.0,3.0,0.3,nypre,2.0,0.5,1,395,0.8,0.0,12.9,86.3,6.6,2.3,99225.0,205,1.5,0.0,8.8,89.8,5.7,2.2,99788.0,,,"(('rng_type', 'nypre'), ('expire_hour', 20), ('exit_hour', 23), ('sl_frac', 0.5), ('rr', 2.0), ('min_range_atr', 0.3), ('max_range_atr', 3.0))","(('max_trades_day', 1),)",,,
1,EURUSD,ftmo_1step,2.0,,,,,23.0,20.0,3.0,0.3,nypre,3.0,0.5,1,395,0.5,2.5,6.1,90.9,6.7,2.3,99278.0,205,2.0,1.5,4.4,92.2,6.3,2.2,99845.0,,,"(('rng_type', 'nypre'), ('expire_hour', 20), ('exit_hour', 23), ('sl_frac', 0.5), ('rr', 3.0), ('min_range_atr', 0.3), ('max_range_atr', 3.0))","(('max_trades_day', 1),)",,,
1,EURUSD,fundingpips_1step,2.0,,,,,23.0,20.0,3.0,0.3,nypre,3.0,0.5,1,395,3.0,0.0,15.2,81.8,4.9,2.3,99322.0,205,3.9,0.0,9.3,86.8,5.9,2.1,99955.0,,,"(('rng_type', 'nypre'), ('expire_hour', 20), ('exit_hour', 23), ('sl_frac', 0.5), ('rr', 3.0), ('min_range_atr', 0.3), ('max_range_atr', 3.0))","(('max_trades_day', 1),)",,,
1,EURUSD,ftmo_1step,2.0,,,,,23.0,20.0,3.0,0.3,nypre,0.0,0.5,1,395,0.3,1.8,3.8,94.2,6.7,2.3,99191.0,205,0.5,3.9,3.4,92.2,5.9,2.1,99796.0,1.5,,"(('rng_type', 'nypre'), ('expire_hour', 20), ('exit_hour', 23), ('sl_frac', 0.5), ('rr', 0.0), ('trail', 1.5), ('min_range_atr', 0.3), ('max_range_atr', 3.0))","(('max_trades_day', 1),)",,,
1,EURUSD,fundingpips_1step,2.0,,,,,23.0,20.0,3.0,0.3,nypre,0.0,0.5,1,395,2.3,0.0,8.8,88.9,3.9,2.3,99270.0,205,4.9,0.0,7.3,87.8,3.8,2.1,99879.0,1.5,,"(('rng_type', 'nypre'), ('expire_hour', 20), ('exit_hour', 23), ('sl_frac', 0.5), ('rr', 0.0), ('trail', 1.5), ('min_range_atr', 0.3), ('max_range_atr', 3.0))","(('max_trades_day', 1),)",,,
1,EURUSD,ftmo_1step,2.0,,,,,23.0,20.0,3.0,0.3,nypre,1.0,1.0,1,395,0.0,0.0,1.8,98.2,,2.3,98962.0,205,0.0,0.0,2.0,98.0,,2.2,99170.0,,1.0,"(('rng_type', 'nypre'), ('expire_hour', 20), ('exit_hour', 23), ('sl_frac', 1.0), ('sl_atr', 1.0), ('rr', 1.0), ('min_range_atr', 0.3), ('max_range_atr', 3.0))","(('max_trades_day', 1),)",,,
1,EURUSD,fundingpips_1step,2.0,,,,,23.0,20.0,3.0,0.3,nypre,1.0,1.0,1,395,0.0,0.0,7.3,92.7,,2.3,98935.0,205,0.0,0.0,4.9,95.1,,2.2,99149.0,,1.0,"(('rng_type', 'nypre'), ('expire_hour', 20), ('exit_hour', 23), ('sl_frac', 1.0), ('sl_atr', 1.0), ('rr', 1.0), ('min_range_atr', 0.3), ('max_range_atr', 3.0))","(('max_trades_day', 1),)",,,
1,EURUSD,ftmo_1step,2.0,,,,,23.0,20.0,3.0,0.3,nypre,2.0,1.0,1,395,0.8,0.3,4.1,94.9,4.9,2.3,99001.0,205,2.0,0.0,4.4,93.7,6.1,2.2,99366.0,,1.0,"(('rng_type', 'nypre'), ('expire_hour', 20), ('exit_hour', 23), ('sl_frac', 1.0), ('sl_atr', 1.0), ('rr', 2.0), ('min_range_atr', 0.3), ('max_range_atr', 3.0))","(('max_trades_day', 1),)",,,
1,EURUSD,fundingpips_1step,2.0,,,,,23.0,20.0,3.0,0.3,nypre,2.0,1.0,1,395,1.0,0.0,14.2,84.8,5.3,2.3,99049.0,205,2.4,0.0,10.7,86.8,6.6,2.2,99422.0,,1.0,"(('rng_type', 'nypre'), ('expire_hour', 20), ('exit_hour', 23), ('sl_frac', 1.0), ('sl_atr', 1.0), ('rr', 2.0), ('min_range_atr', 0.3), ('max_range_atr', 3.0))","(('max_trades_day', 1),)",,,
1,EURUSD,ftmo_1step,2.0,,,,,23.0,20.0,3.0,0.3,nypre,3.0,1.0,1,395,0.5,2.8,5.8,90.9,5.8,2.3,99128.0,205,2.0,1.5,4.9,91.7,6.7,2.1,99558.0,,1.0,"(('rng_type', 'nypre'), ('expire_hour', 20), ('exit_hour', 23), ('sl_frac', 1.0), ('sl_atr', 1.0), ('rr', 3.0), ('min_range_atr', 0.3), ('max_range_atr', 3.0))","(('max_trades_day', 1),)",,,
1,EURUSD,fundingpips_1step,2.0,,,,,23.0,20.0,3.0,0.3,nypre,3.0,1.0,1,395,3.3,0.0,16.4,80.3,4.9,2.3,99220.0,205,3.9,0.0,11.7,84.4,6.2,2.1,99645.0,,1.0,"(('rng_type', 'nypre'), ('expire_hour', 20), ('exit_hour', 23), ('sl_frac', 1.0), ('sl_atr', 1.0), ('rr', 3.0), ('min_range_atr', 0.3), ('max_range_atr', 3.0))","(('max_trades_day', 1),)",,,
1,EURUSD,ftmo_1step,2.0,,,,,23.0,20.0,3.0,0.3,nypre,0.0,1.0,1,395,0.0,3.3,3.8,92.9,,2.3,99109.0,205,0.5,3.9,4.9,90.7,6.9,2.1,99477.0,1.5,1.0,"(('rng_type', 'nypre'), ('expire_hour', 20), ('exit_hour', 23), ('sl_frac', 1.0), ('sl_atr', 1.0), ('rr', 0.0), ('trail', 1.5), ('min_range_atr', 0.3), ('max_range_atr', 3.0))","(('max_trades_day', 1),)",,,
1,EURUSD,fundingpips_1step,2.0,,,,,23.0,20.0,3.0,0.3,nypre,0.0,1.0,1,395,3.5,0.0,10.9,85.6,3.9,2.3,99204.0,205,5.9,0.0,8.8,85.4,3.3,2.1,99612.0,1.5,1.0,"(('rng_type', 'nypre'), ('expire_hour', 20), ('exit_hour', 23), ('sl_frac', 1.0), ('sl_atr', 1.0), ('rr', 0.0), ('trail', 1.5), ('min_range_atr', 0.3), ('max_range_atr', 3.0))","(('max_trades_day', 1),)",,,
1,EURUSD,ftmo_1step,2.0,,,,,18.0,14.0,12.0,1.0,prevday,1.0,1.0,1,395,0.0,0.0,0.0,100.0,,2.8,99936.0,205,0.0,0.0,0.0,100.0,,3.0,100074.0,,,"(('rng_type', 'prevday'), ('expire_hour', 14), ('exit_hour', 18), ('sl_frac', 1.0), ('rr', 1.0), ('min_range_atr', 1.0), ('max_range_atr', 12.0))","(('max_trades_day', 1),)",,,
1,EURUSD,fundingpips_1step,2.0,,,,,18.0,14.0,12.0,1.0,prevday,1.0,1.0,1,395,0.0,0.0,0.0,100.0,,2.8,99936.0,205,0.0,0.0,0.5,99.5,,3.0,100075.0,,,"(('rng_type', 'prevday'), ('expire_hour', 14), ('exit_hour', 18), ('sl_frac', 1.0), ('rr', 1.0), ('min_range_atr', 1.0), ('max_range_atr', 12.0))","(('max_trades_day', 1),)",,,
1,EURUSD,ftmo_1step,2.0,,,,,18.0,14.0,12.0,1.0,prevday,2.0,1.0,1,395,0.0,0.0,0.0,100.0,,2.8,99956.0,205,0.0,0.0,0.0,100.0,,3.0,99994.0,,,"(('rng_type', 'prevday'), ('expire_hour', 14), ('exit_hour', 18), ('sl_frac', 1.0), ('rr', 2.0), ('min_range_atr', 1.0), ('max_range_atr', 12.0))","(('max_trades_day', 1),)",,,
1,EURUSD,fundingpips_1step,2.0,,,,,18.0,14.0,12.0,1.0,prevday,2.0,1.0,1,395,0.0,0.0,0.0,100.0,,2.8,99956.0,205,0.0,0.0,0.5,99.5,,3.0,99994.0,,,"(('rng_type', 'prevday'), ('expire_hour', 14), ('exit_hour', 18), ('sl_frac', 1.0), ('rr', 2.0), ('min_range_atr', 1.0), ('max_range_atr', 12.0))","(('max_trades_day', 1),)",,,
1,EURUSD,ftmo_1step,2.0,,,,,18.0,14.0,12.0,1.0,prevday,3.0,1.0,1,395,0.0,0.0,0.0,100.0,,2.8,99971.0,205,0.0,0.0,0.0,100.0,,3.0,99992.0,,,"(('rng_type', 'prevday'), ('expire_hour', 14), ('exit_hour', 18), ('sl_frac', 1.0), ('rr', 3.0), ('min_range_atr', 1.0), ('max_range_atr', 12.0))","(('max_trades_day', 1),)",,,
1,EURUSD,fundingpips_1step,2.0,,,,,18.0,14.0,12.0,1.0,prevday,3.0,1.0,1,395,0.0,0.0,0.0,100.0,,2.8,99971.0,205,0.0,0.0,0.5,99.5,,3.0,99993.0,,,"(('rng_type', 'prevday'), ('expire_hour', 14), ('exit_hour', 18), ('sl_frac', 1.0), ('rr', 3.0), ('min_range_atr', 1.0), ('max_range_atr', 12.0))","(('max_trades_day', 1),)",,,
1,EURUSD,ftmo_1step,2.0,,,,,18.0,14.0,12.0,1.0,prevday,0.0,1.0,1,395,0.0,0.0,0.0,100.0,,2.8,100005.0,205,0.0,0.0,0.0,100.0,,3.0,99993.0,1.5,,"(('rng_type', 'prevday'), ('expire_hour', 14), ('exit_hour', 18), ('sl_frac', 1.0), ('rr', 0.0), ('trail', 1.5), ('min_range_atr', 1.0), ('max_range_atr', 12.0))","(('max_trades_day', 1),)",,,
1,EURUSD,fundingpips_1step,2.0,,,,,18.0,14.0,12.0,1.0,prevday,0.0,1.0,1,395,0.0,0.0,0.0,100.0,,2.8,100005.0,205,0.0,0.0,0.0,100.0,,3.0,99993.0,1.5,,"(('rng_type', 'prevday'), ('expire_hour', 14), ('exit_hour', 18), ('sl_frac', 1.0), ('rr', 0.0), ('trail', 1.5), ('min_range_atr', 1.0), ('max_range_atr', 12.0))","(('max_trades_day', 1),)",,,
1,EURUSD,ftmo_1step,2.0,,,,,18.0,14.0,12.0,1.0,prevday,1.0,0.5,1,395,0.0,0.0,0.0,100.0,,2.8,99651.0,205,0.0,0.0,0.0,100.0,,3.0,100025.0,,,"(('rng_type', 'prevday'), ('expire_hour', 14), ('exit_hour', 18), ('sl_frac', 0.5), ('rr', 1.0), ('min_range_atr', 1.0), ('max_range_atr', 12.0))","(('max_trades_day', 1),)",,,
1,EURUSD,fundingpips_1step,2.0,,,,,18.0,14.0,12.0,1.0,prevday,1.0,0.5,1,395,0.0,0.0,4.6,95.4,,2.8,99647.0,205,0.0,0.0,3.9,96.1,,3.0,99998.0,,,"(('rng_type', 'prevday'), ('expire_hour', 14), ('exit_hour', 18), ('sl_frac', 0.5), ('rr', 1.0), ('min_range_atr', 1.0), ('max_range_atr', 12.0))","(('max_trades_day', 1),)",,,
1,EURUSD,ftmo_1step,2.0,,,,,18.0,14.0,12.0,1.0,prevday,2.0,0.5,1,395,0.3,0.0,0.0,99.7,6.7,2.8,99770.0,205,0.0,0.0,0.0,100.0,,3.0,100155.0,,,"(('rng_type', 'prevday'), ('expire_hour', 14), ('exit_hour', 18), ('sl_frac', 0.5), ('rr', 2.0), ('min_range_atr', 1.0), ('max_range_atr', 12.0))","(('max_trades_day', 1),)",,,
1,EURUSD,fundingpips_1step,2.0,,,,,18.0,14.0,12.0,1.0,prevday,2.0,0.5,1,395,0.3,0.0,6.1,93.7,6.7,2.8,99763.0,205,0.0,0.0,4.4,95.6,,3.0,100130.0,,,"(('rng_type', 'prevday'), ('expire_hour', 14), ('exit_hour', 18), ('sl_frac', 0.5), ('rr', 2.0), ('min_range_atr', 1.0), ('max_range_atr', 12.0))","(('max_trades_day', 1),)",,,
1,EURUSD,ftmo_1step,2.0,,,,,18.0,14.0,12.0,1.0,prevday,3.0,0.5,1,395,0.3,0.0,0.0,99.7,3.6,2.8,99807.0,205,0.0,0.0,0.0,100.0,,3.0,100101.0,,,"(('rng_type', 'prevday'), ('expire_hour', 14), ('exit_hour', 18), ('sl_frac', 0.5), ('rr', 3.0), ('min_range_atr', 1.0), ('max_range_atr', 12.0))","(('max_trades_day', 1),)",,,
1,EURUSD,fundingpips_1step,2.0,,,,,18.0,14.0,12.0,1.0,prevday,3.0,0.5,1,395,0.3,0.0,6.1,93.7,3.6,2.8,99800.0,205,0.0,0.0,4.4,95.6,,3.0,100059.0,,,"(('rng_type', 'prevday'), ('expire_hour', 14), ('exit_hour', 18), ('sl_frac', 0.5), ('rr', 3.0), ('min_range_atr', 1.0), ('max_range_atr', 12.0))","(('max_trades_day', 1),)",,,
1,EURUSD,ftmo_1step,2.0,,,,,18.0,14.0,12.0,1.0,prevday,0.0,0.5,1,395,0.0,0.0,0.3,99.7,,2.8,99797.0,205,0.0,0.0,0.0,100.0,,3.0,99962.0,1.5,,"(('rng_type', 'prevday'), ('expire_hour', 14), ('exit_hour', 18), ('sl_frac', 0.5), ('rr', 0.0), ('trail', 1.5), ('min_range_atr', 1.0), ('max_range_atr', 12.0))","(('max_trades_day', 1),)",,,
1,EURUSD,fundingpips_1step,2.0,,,,,18.0,14.0,12.0,1.0,prevday,0.0,0.5,1,395,0.3,0.0,0.3,99.5,4.5,2.8,99809.0,205,0.0,0.0,0.0,100.0,,3.0,99962.0,1.5,,"(('rng_type', 'prevday'), ('expire_hour', 14), ('exit_hour', 18), ('sl_frac', 0.5), ('rr', 0.0), ('trail', 1.5), ('min_range_atr', 1.0), ('max_range_atr', 12.0))","(('max_trades_day', 1),)",,,
1,EURUSD,ftmo_1step,2.0,,,,,18.0,14.0,12.0,1.0,prevday,1.0,1.0,1,395,0.0,0.0,1.8,98.2,,2.8,97706.0,205,0.0,0.0,2.4,97.6,,3.0,98124.0,,1.0,"(('rng_type', 'prevday'), ('expire_hour', 14), ('exit_hour', 18), ('sl_frac', 1.0), ('sl_atr', 1.0), ('rr', 1.0), ('min_range_atr', 1.0), ('max_range_atr', 12.0))","(('max_trades_day', 1),)",,,
1,EURUSD,fundingpips_1step,2.0,,,,,18.0,14.0,12.0,1.0,prevday,1.0,1.0,1,395,0.0,0.0,19.7,80.3,,2.7,97799.0,205,0.0,0.0,19.0,81.0,,2.9,98220.0,,1.0,"(('rng_type', 'prevday'), ('expire_hour', 14), ('exit_hour', 18), ('sl_frac', 1.0), ('sl_atr', 1.0), ('rr', 1.0), ('min_range_atr', 1.0), ('max_range_atr', 12.0))","(('max_trades_day', 1),)",,,
1,EURUSD,ftmo_1step,2.0,,,,,18.0,14.0,12.0,1.0,prevday,2.0,1.0,1,395,0.8,0.0,4.1,95.2,5.3,2.8,97588.0,205,0.5,0.0,3.9,95.6,4.5,3.0,97961.0,,1.0,"(('rng_type', 'prevday'), ('expire_hour', 14), ('exit_hour', 18), ('sl_frac', 1.0), ('sl_atr', 1.0), ('rr', 2.0), ('min_range_atr', 1.0), ('max_range_atr', 12.0))","(('max_trades_day', 1),)",,,
1,EURUSD,fundingpips_1step,2.0,,,,,18.0,14.0,12.0,1.0,prevday,2.0,1.0,1,395,0.8,0.0,29.4,69.9,5.3,2.7,97756.0,205,0.5,0.0,30.7,68.8,4.5,2.8,98091.0,,1.0,"(('rng_type', 'prevday'), ('expire_hour', 14), ('exit_hour', 18), ('sl_frac', 1.0), ('sl_atr', 1.0), ('rr', 2.0), ('min_range_atr', 1.0), ('max_range_atr', 12.0))","(('max_trades_day', 1),)",,,
1,EURUSD,ftmo_1step,2.0,,,,,18.0,14.0,12.0,1.0,prevday,3.0,1.0,1,395,0.3,2.0,7.6,90.1,5.5,2.8,97501.0,205,0.0,2.4,5.9,91.7,,3.0,98137.0,,1.0,"(('rng_type', 'prevday'), ('expire_hour', 14), ('exit_hour', 18), ('sl_frac', 1.0), ('sl_atr', 1.0), ('rr', 3.0), ('min_range_atr', 1.0), ('max_range_atr', 12.0))","(('max_trades_day', 1),)",,,
1,EURUSD,fundingpips_1step,2.0,,,,,18.0,14.0,12.0,1.0,prevday,3.0,1.0,1,395,2.3,0.0,35.7,62.0,4.5,2.6,97683.0,205,2.4,0.0,33.7,63.9,2.4,2.8,98271.0,,1.0,"(('rng_type', 'prevday'), ('expire_hour', 14), ('exit_hour', 18), ('sl_frac', 1.0), ('sl_atr', 1.0), ('rr', 3.0), ('min_range_atr', 1.0), ('max_range_atr', 12.0))","(('max_trades_day', 1),)",,,
1,EURUSD,ftmo_1step,2.0,,,,,18.0,14.0,12.0,1.0,prevday,0.0,1.0,1,395,0.0,3.0,4.1,92.9,,2.8,97509.0,205,0.0,6.3,2.9,90.7,,2.9,98315.0,1.5,1.0,"(('rng_type', 'prevday'), ('expire_hour', 14), ('exit_hour', 18), ('sl_frac', 1.0), ('sl_atr', 1.0), ('rr', 0.0), ('trail', 1.5), ('min_range_atr', 1.0), ('max_range_atr', 12.0))","(('max_trades_day', 1),)",,,
1,EURUSD,fundingpips_1step,2.0,,,,,18.0,14.0,12.0,1.0,prevday,0.0,1.0,1,395,3.3,0.0,25.6,71.1,2.7,2.7,97624.0,205,6.3,0.0,23.9,69.8,4.7,2.8,98465.0,1.5,1.0,"(('rng_type', 'prevday'), ('expire_hour', 14), ('exit_hour', 18), ('sl_frac', 1.0), ('sl_atr', 1.0), ('rr', 0.0), ('trail', 1.5), ('min_range_atr', 1.0), ('max_range_atr', 12.0))","(('max_trades_day', 1),)",,,
1,EURUSD,ftmo_1step,2.0,,,,,23.0,17.0,12.0,1.0,prevday,1.0,1.0,1,395,0.0,0.0,0.8,99.2,,3.5,100001.0,205,0.0,0.0,1.0,99.0,,3.7,99927.0,,,"(('rng_type', 'prevday'), ('expire_hour', 17), ('exit_hour', 23), ('sl_frac', 1.0), ('rr', 1.0), ('min_range_atr', 1.0), ('max_range_atr', 12.0))","(('max_trades_day', 1),)",,,
1,EURUSD,fundingpips_1step,2.0,,,,,23.0,17.0,12.0,1.0,prevday,1.0,1.0,1,395,0.0,0.0,1.1,99.0,,3.5,100001.0,205,0.0,0.0,2.0,98.0,,3.7,99918.0,,,"(('rng_type', 'prevday'), ('expire_hour', 17), ('exit_hour', 23), ('sl_frac', 1.0), ('rr', 1.0), ('min_range_atr', 1.0), ('max_range_atr', 12.0))","(('max_trades_day', 1),)",,,
1,EURUSD,ftmo_1step,2.0,,,,,23.0,17.0,12.0,1.0,prevday,2.0,1.0,1,395,0.0,0.0,1.8,98.2,,3.4,99895.0,205,0.0,0.0,1.0,99.0,,3.7,99902.0,,,"(('rng_type', 'prevday'), ('expire_hour', 17), ('exit_hour', 23), ('sl_frac', 1.0), ('rr', 2.0), ('min_range_atr', 1.0), ('max_range_atr', 12.0))","(('max_trades_day', 1),)",,,
1,EURUSD,fundingpips_1step,2.0,,,,,23.0,17.0,12.0,1.0,prevday,2.0,1.0,1,395,0.0,0.0,2.1,98.0,,3.4,99895.0,205,0.0,0.0,2.0,98.0,,3.7,99894.0,,,"(('rng_type', 'prevday'), ('expire_hour', 17), ('exit_hour', 23), ('sl_frac', 1.0), ('rr', 2.0), ('min_range_atr', 1.0), ('max_range_atr', 12.0))","(('max_trades_day', 1),)",,,
1,EURUSD,ftmo_1step,2.0,,,,,23.0,17.0,12.0,1.0,prevday,3.0,1.0,1,395,0.0,0.0,1.8,98.2,,3.4,99929.0,205,0.0,0.0,1.0,99.0,,3.7,99909.0,,,"(('rng_type', 'prevday'), ('expire_hour', 17), ('exit_hour', 23), ('sl_frac', 1.0), ('rr', 3.0), ('min_range_atr', 1.0), ('max_range_atr', 12.0))","(('max_trades_day', 1),)",,,
1,EURUSD,fundingpips_1step,2.0,,,,,23.0,17.0,12.0,1.0,prevday,3.0,1.0,1,395,0.0,0.0,2.1,98.0,,3.4,99929.0,205,0.0,0.0,2.0,98.0,,3.7,99901.0,,,"(('rng_type', 'prevday'), ('expire_hour', 17), ('exit_hour', 23), ('sl_frac', 1.0), ('rr', 3.0), ('min_range_atr', 1.0), ('max_range_atr', 12.0))","(('max_trades_day', 1),)",,,
1,EURUSD,ftmo_1step,2.0,,,,,23.0,17.0,12.0,1.0,prevday,0.0,1.0,1,395,0.0,0.0,0.0,100.0,,3.5,100139.0,205,0.0,0.0,0.0,100.0,,3.7,99984.0,1.5,,"(('rng_type', 'prevday'), ('expire_hour', 17), ('exit_hour', 23), ('sl_frac', 1.0), ('rr', 0.0), ('trail', 1.5), ('min_range_atr', 1.0), ('max_range_atr', 12.0))","(('max_trades_day', 1),)",,,
1,EURUSD,fundingpips_1step,2.0,,,,,23.0,17.0,12.0,1.0,prevday,0.0,1.0,1,395,0.0,0.0,0.0,100.0,,3.5,100139.0,205,0.0,0.0,0.0,100.0,,3.7,99984.0,1.5,,"(('rng_type', 'prevday'), ('expire_hour', 17), ('exit_hour', 23), ('sl_frac', 1.0), ('rr', 0.0), ('trail', 1.5), ('min_range_atr', 1.0), ('max_range_atr', 12.0))","(('max_trades_day', 1),)",,,
1,EURUSD,ftmo_1step,2.0,,,,,23.0,17.0,12.0,1.0,prevday,1.0,0.5,1,395,0.0,0.0,1.5,98.5,,3.5,99675.0,205,0.0,0.0,0.5,99.5,,3.7,99876.0,,,"(('rng_type', 'prevday'), ('expire_hour', 17), ('exit_hour', 23), ('sl_frac', 0.5), ('rr', 1.0), ('min_range_atr', 1.0), ('max_range_atr', 12.0))","(('max_trades_day', 1),)",,,
1,EURUSD,fundingpips_1step,2.0,,,,,23.0,17.0,12.0,1.0,prevday,1.0,0.5,1,395,0.0,0.0,8.4,91.6,,3.5,99682.0,205,0.0,0.0,9.8,90.2,,3.6,99878.0,,,"(('rng_type', 'prevday'), ('expire_hour', 17), ('exit_hour', 23), ('sl_frac', 0.5), ('rr', 1.0), ('min_range_atr', 1.0), ('max_range_atr', 12.0))","(('max_trades_day', 1),)",,,
1,EURUSD,ftmo_1step,2.0,,,,,23.0,17.0,12.0,1.0,prevday,2.0,0.5,1,395,0.5,0.0,2.6,97.0,5.2,3.5,99808.0,205,0.0,0.0,1.0,99.0,,3.7,99837.0,,,"(('rng_type', 'prevday'), ('expire_hour', 17), ('exit_hour', 23), ('sl_frac', 0.5), ('rr', 2.0), ('min_range_atr', 1.0), ('max_range_atr', 12.0))","(('max_trades_day', 1),)",,,
1,EURUSD,fundingpips_1step,2.0,,,,,23.0,17.0,12.0,1.0,prevday,2.0,0.5,1,395,0.5,0.0,10.4,89.1,5.2,3.4,99816.0,205,0.0,0.0,10.7,89.3,,3.6,99840.0,,,"(('rng_type', 'prevday'), ('expire_hour', 17), ('exit_hour', 23), ('sl_frac', 0.5), ('rr', 2.0), ('min_range_atr', 1.0), ('max_range_atr', 12.0))","(('max_trades_day', 1),)",,,
1,EURUSD,ftmo_1step,2.0,,,,,23.0,17.0,12.0,1.0,prevday,3.0,0.5,1,395,0.3,0.3,3.3,96.2,6.4,3.5,99688.0,205,0.0,1.0,1.0,98.0,,3.7,99883.0,,,"(('rng_type', 'prevday'), ('expire_hour', 17), ('exit_hour', 23), ('sl_frac', 0.5), ('rr', 3.0), ('min_range_atr', 1.0), ('max_range_atr', 12.0))","(('max_trades_day', 1),)",,,
1,EURUSD,fundingpips_1step,2.0,,,,,23.0,17.0,12.0,1.0,prevday,3.0,0.5,1,395,0.5,0.0,11.4,88.1,5.0,3.4,99709.0,205,1.0,0.0,11.2,87.8,6.9,3.6,99863.0,,,"(('rng_type', 'prevday'), ('expire_hour', 17), ('exit_hour', 23), ('sl_frac', 0.5), ('rr', 3.0), ('min_range_atr', 1.0), ('max_range_atr', 12.0))","(('max_trades_day', 1),)",,,
1,EURUSD,ftmo_1step,2.0,,,,,23.0,17.0,12.0,1.0,prevday,0.0,0.5,1,395,0.0,1.5,0.3,98.2,,3.5,99945.0,205,0.0,0.0,0.0,100.0,,3.7,99832.0,1.5,,"(('rng_type', 'prevday'), ('expire_hour', 17), ('exit_hour', 23), ('sl_frac', 0.5), ('rr', 0.0), ('trail', 1.5), ('min_range_atr', 1.0), ('max_range_atr', 12.0))","(('max_trades_day', 1),)",,,
1,EURUSD,fundingpips_1step,2.0,,,,,23.0,17.0,12.0,1.0,prevday,0.0,0.5,1,395,1.8,0.0,0.5,97.7,4.9,3.5,99957.0,205,0.0,0.0,1.5,98.5,,3.7,99832.0,1.5,,"(('rng_type', 'prevday'), ('expire_hour', 17), ('exit_hour', 23), ('sl_frac', 0.5), ('rr', 0.0), ('trail', 1.5), ('min_range_atr', 1.0), ('max_range_atr', 12.0))","(('max_trades_day', 1),)",,,
1,EURUSD,ftmo_1step,2.0,,,,,23.0,17.0,12.0,1.0,prevday,1.0,1.0,1,395,0.0,0.0,2.8,97.2,,3.5,97128.0,205,0.0,0.0,5.9,94.1,,3.7,97427.0,,1.0,"(('rng_type', 'prevday'), ('expire_hour', 17), ('exit_hour', 23), ('sl_frac', 1.0), ('sl_atr', 1.0), ('rr', 1.0), ('min_range_atr', 1.0), ('max_range_atr', 12.0))","(('max_trades_day', 1),)",,,
1,EURUSD,fundingpips_1step,2.0,,,,,23.0,17.0,12.0,1.0,prevday,1.0,1.0,1,395,0.0,0.0,31.6,68.4,,3.3,97274.0,205,0.0,0.0,26.3,73.7,,3.5,97678.0,,1.0,"(('rng_type', 'prevday'), ('expire_hour', 17), ('exit_hour', 23), ('sl_frac', 1.0), ('sl_atr', 1.0), ('rr', 1.0), ('min_range_atr', 1.0), ('max_range_atr', 12.0))","(('max_trades_day', 1),)",,,
1,EURUSD,ftmo_1step,2.0,,,,,23.0,17.0,12.0,1.0,prevday,2.0,1.0,1,395,1.5,0.0,7.3,91.1,5.4,3.5,97072.0,205,0.5,0.0,13.2,86.3,4.9,3.7,97447.0,,1.0,"(('rng_type', 'prevday'), ('expire_hour', 17), ('exit_hour', 23), ('sl_frac', 1.0), ('sl_atr', 1.0), ('rr', 2.0), ('min_range_atr', 1.0), ('max_range_atr', 12.0))","(('max_trades_day', 1),)",,,
1,EURUSD,fundingpips_1step,2.0,,,,,23.0,17.0,12.0,1.0,prevday,2.0,1.0,1,395,1.5,0.0,42.3,56.2,5.4,3.2,97312.0,205,0.5,0.0,39.5,60.0,4.9,3.3,97684.0,,1.0,"(('rng_type', 'prevday'), ('expire_hour', 17), ('exit_hour', 23), ('sl_frac', 1.0), ('sl_atr', 1.0), ('rr', 2.0), ('min_range_atr', 1.0), ('max_range_atr', 12.0))","(('max_trades_day', 1),)",,,
1,EURUSD,ftmo_1step,2.0,,,,,23.0,17.0,12.0,1.0,prevday,3.0,1.0,1,395,1.0,2.3,12.4,84.3,6.8,3.4,97079.0,205,0.5,3.9,19.0,76.6,6.9,3.6,97690.0,,1.0,"(('rng_type', 'prevday'), ('expire_hour', 17), ('exit_hour', 23), ('sl_frac', 1.0), ('sl_atr', 1.0), ('rr', 3.0), ('min_range_atr', 1.0), ('max_range_atr', 12.0))","(('max_trades_day', 1),)",,,
1,EURUSD,fundingpips_1step,2.0,,,,,23.0,17.0,12.0,1.0,prevday,3.0,1.0,1,395,3.3,0.0,48.9,47.8,3.8,3.1,97354.0,205,3.9,0.0,46.4,49.8,2.1,3.2,97995.0,,1.0,"(('rng_type', 'prevday'), ('expire_hour', 17), ('exit_hour', 23), ('sl_frac', 1.0), ('sl_atr', 1.0), ('rr', 3.0), ('min_range_atr', 1.0), ('max_range_atr', 12.0))","(('max_trades_day', 1),)",,,
1,EURUSD,ftmo_1step,2.0,,,,,23.0,17.0,12.0,1.0,prevday,0.0,1.0,1,395,0.3,2.5,8.7,88.6,6.9,3.5,97088.0,205,0.0,7.3,9.8,82.9,,3.6,97847.0,1.5,1.0,"(('rng_type', 'prevday'), ('expire_hour', 17), ('exit_hour', 23), ('sl_frac', 1.0), ('sl_atr', 1.0), ('rr', 0.0), ('trail', 1.5), ('min_range_atr', 1.0), ('max_range_atr', 12.0))","(('max_trades_day', 1),)",,,
1,EURUSD,fundingpips_1step,2.0,,,,,23.0,17.0,12.0,1.0,prevday,0.0,1.0,1,395,2.8,0.0,39.3,58.0,2.5,3.2,97207.0,205,7.3,0.0,36.6,56.1,3.8,3.3,98143.0,1.5,1.0,"(('rng_type', 'prevday'), ('expire_hour', 17), ('exit_hour', 23), ('sl_frac', 1.0), ('sl_atr', 1.0), ('rr', 0.0), ('trail', 1.5), ('min_range_atr', 1.0), ('max_range_atr', 12.0))","(('max_trades_day', 1),)",,,
1,BTCUSD,ftmo_1step,2.0,,,,,18.0,14.0,3.0,0.3,asian,1.0,1.0,1,390,0.0,0.0,1.0,99.0,,3.8,99323.0,396,0.0,0.0,0.0,100.0,,3.4,100063.0,,,"(('rng_type', 'asian'), ('expire_hour', 14), ('exit_hour', 18), ('sl_frac', 1.0), ('rr', 1.0), ('min_range_atr', 0.3), ('max_range_atr', 3.0))","(('max_trades_day', 1),)",,,
1,BTCUSD,fundingpips_1step,2.0,,,,,18.0,14.0,3.0,0.3,asian,1.0,1.0,1,390,0.0,0.0,8.7,91.3,,3.7,99340.0,396,0.0,0.0,4.8,95.2,,3.4,100015.0,,,"(('rng_type', 'asian'), ('expire_hour', 14), ('exit_hour', 18), ('sl_frac', 1.0), ('rr', 1.0), ('min_range_atr', 0.3), ('max_range_atr', 3.0))","(('max_trades_day', 1),)",,,
1,BTCUSD,ftmo_1step,2.0,,,,,18.0,14.0,3.0,0.3,asian,2.0,1.0,1,390,0.3,0.0,1.3,98.5,6.7,3.8,99618.0,396,1.3,0.0,0.0,98.7,5.6,3.4,100165.0,,,"(('rng_type', 'asian'), ('expire_hour', 14), ('exit_hour', 18), ('sl_frac', 1.0), ('rr', 2.0), ('min_range_atr', 0.3), ('max_range_atr', 3.0))","(('max_trades_day', 1),)",,,
1,BTCUSD,fundingpips_1step,2.0,,,,,18.0,14.0,3.0,0.3,asian,2.0,1.0,1,390,0.3,0.0,11.5,88.2,6.7,3.7,99627.0,396,1.3,0.0,5.3,93.4,5.6,3.4,100090.0,,,"(('rng_type', 'asian'), ('expire_hour', 14), ('exit_hour', 18), ('sl_frac', 1.0), ('rr', 2.0), ('min_range_atr', 0.3), ('max_range_atr', 3.0))","(('max_trades_day', 1),)",,,
1,BTCUSD,ftmo_1step,2.0,,,,,18.0,14.0,3.0,0.3,asian,3.0,1.0,1,390,1.5,0.3,2.3,95.9,5.2,3.8,99496.0,396,0.5,0.5,0.8,98.2,4.1,3.4,100090.0,,,"(('rng_type', 'asian'), ('expire_hour', 14), ('exit_hour', 18), ('sl_frac', 1.0), ('rr', 3.0), ('min_range_atr', 0.3), ('max_range_atr', 3.0))","(('max_trades_day', 1),)",,,
1,BTCUSD,fundingpips_1step,2.0,,,,,18.0,14.0,3.0,0.3,asian,3.0,1.0,1,390,1.8,0.0,12.3,85.9,4.7,3.7,99501.0,396,1.0,0.0,5.6,93.4,4.7,3.4,100055.0,,,"(('rng_type', 'asian'), ('expire_hour', 14), ('exit_hour', 18), ('sl_frac', 1.0), ('rr', 3.0), ('min_range_atr', 0.3), ('max_range_atr', 3.0))","(('max_trades_day', 1),)",,,
1,BTCUSD,ftmo_1step,2.0,,,,,18.0,14.0,3.0,0.3,asian,0.0,1.0,1,390,0.0,2.1,0.0,97.9,,3.8,99768.0,396,0.0,0.0,1.3,98.7,,3.4,100156.0,1.5,,"(('rng_type', 'asian'), ('expire_hour', 14), ('exit_hour', 18), ('sl_frac', 1.0), ('rr', 0.0), ('trail', 1.5), ('min_range_atr', 0.3), ('max_range_atr', 3.0))","(('max_trades_day', 1),)",,,
1,BTCUSD,fundingpips_1step,2.0,,,,,18.0,14.0,3.0,0.3,asian,0.0,1.0,1,390,1.8,0.0,1.8,96.4,2.7,3.8,99731.0,396,1.3,0.0,0.0,98.7,2.6,3.4,100243.0,1.5,,"(('rng_type', 'asian'), ('expire_hour', 14), ('exit_hour', 18), ('sl_frac', 1.0), ('rr', 0.0), ('trail', 1.5), ('min_range_atr', 0.3), ('max_range_atr', 3.0))","(('max_trades_day', 1),)",,,
1,BTCUSD,ftmo_1step,2.0,,,,,18.0,14.0,3.0,0.3,asian,1.0,0.5,1,390,0.0,0.0,5.4,94.6,,3.8,98281.0,396,0.0,0.0,1.5,98.5,,3.4,99215.0,,,"(('rng_type', 'asian'), ('expire_hour', 14), ('exit_hour', 18), ('sl_frac', 0.5), ('rr', 1.0), ('min_range_atr', 0.3), ('max_range_atr', 3.0))","(('max_trades_day', 1),)",,,
1,BTCUSD,fundingpips_1step,2.0,,,,,18.0,14.0,3.0,0.3,asian,1.0,0.5,1,390,0.0,0.0,26.4,73.6,,3.5,98433.0,396,0.0,0.0,12.9,87.1,,3.3,99219.0,,,"(('rng_type', 'asian'), ('expire_hour', 14), ('exit_hour', 18), ('sl_frac', 0.5), ('rr', 1.0), ('min_range_atr', 0.3), ('max_range_atr', 3.0))","(('max_trades_day', 1),)",,,
1,BTCUSD,ftmo_1step,2.0,,,,,18.0,14.0,3.0,0.3,asian,2.0,0.5,1,390,2.6,0.0,13.1,84.4,5.6,3.7,98522.0,396,0.0,0.0,3.8,96.2,,3.4,99148.0,,,"(('rng_type', 'asian'), ('expire_hour', 14), ('exit_hour', 18), ('sl_frac', 0.5), ('rr', 2.0), ('min_range_atr', 0.3), ('max_range_atr', 3.0))","(('max_trades_day', 1),)",,,
1,BTCUSD,fundingpips_1step,2.0,,,,,18.0,14.0,3.0,0.3,asian,2.0,0.5,1,390,2.6,0.0,33.6,63.8,5.6,3.4,98718.0,396,0.0,0.0,19.7,80.3,,3.2,99159.0,,,"(('rng_type', 'asian'), ('expire_hour', 14), ('exit_hour', 18), ('sl_frac', 0.5), ('rr', 2.0), ('min_range_atr', 0.3), ('max_range_atr', 3.0))","(('max_trades_day', 1),)",,,
1,BTCUSD,ftmo_1step,2.0,,,,,18.0,14.0,3.0,0.3,asian,3.0,0.5,1,390,4.4,2.3,15.1,78.2,5.6,3.6,98636.0,396,1.5,1.8,6.8,89.9,5.4,3.4,99387.0,,,"(('rng_type', 'asian'), ('expire_hour', 14), ('exit_hour', 18), ('sl_frac', 0.5), ('rr', 3.0), ('min_range_atr', 0.3), ('max_range_atr', 3.0))","(('max_trades_day', 1),)",,,
1,BTCUSD,fundingpips_1step,2.0,,,,,18.0,14.0,3.0,0.3,asian,3.0,0.5,1,390,6.7,0.0,37.7,55.6,5.5,3.3,98860.0,396,3.3,0.0,22.2,74.5,5.4,3.2,99416.0,,,"(('rng_type', 'asian'), ('expire_hour', 14), ('exit_hour', 18), ('sl_frac', 0.5), ('rr', 3.0), ('min_range_atr', 0.3), ('max_range_atr', 3.0))","(('max_trades_day', 1),)",,,
1,BTCUSD,ftmo_1step,2.0,,,,,18.0,14.0,3.0,0.3,asian,0.0,0.5,1,390,0.0,6.2,10.8,83.1,,3.7,98763.0,396,0.0,6.1,6.1,87.9,,3.3,99493.0,1.5,,"(('rng_type', 'asian'), ('expire_hour', 14), ('exit_hour', 18), ('sl_frac', 0.5), ('rr', 0.0), ('trail', 1.5), ('min_range_atr', 0.3), ('max_range_atr', 3.0))","(('max_trades_day', 1),)",,,
1,BTCUSD,fundingpips_1step,2.0,,,,,18.0,14.0,3.0,0.3,asian,0.0,0.5,1,390,7.4,0.0,26.9,65.6,4.7,3.4,99156.0,396,7.1,0.0,16.7,76.3,4.1,3.2,99651.0,1.5,,"(('rng_type', 'asian'), ('expire_hour', 14), ('exit_hour', 18), ('sl_frac', 0.5), ('rr', 0.0), ('trail', 1.5), ('min_range_atr', 0.3), ('max_range_atr', 3.0))","(('max_trades_day', 1),)",,,
1,BTCUSD,ftmo_1step,2.0,,,,,18.0,14.0,3.0,0.3,asian,1.0,1.0,1,390,0.0,0.0,7.9,92.1,,3.8,98061.0,396,0.0,0.0,1.8,98.2,,3.4,98764.0,,1.0,"(('rng_type', 'asian'), ('expire_hour', 14), ('exit_hour', 18), ('sl_frac', 1.0), ('sl_atr', 1.0), ('rr', 1.0), ('min_range_atr', 0.3), ('max_range_atr', 3.0))","(('max_trades_day', 1),)",,,
1,BTCUSD,fundingpips_1step,2.0,,,,,18.0,14.0,3.0,0.3,asian,1.0,1.0,1,390,0.0,0.0,26.4,73.6,,3.5,98293.0,396,0.0,0.0,14.6,85.4,,3.3,98804.0,,1.0,"(('rng_type', 'asian'), ('expire_hour', 14), ('exit_hour', 18), ('sl_frac', 1.0), ('sl_atr', 1.0), ('rr', 1.0), ('min_range_atr', 0.3), ('max_range_atr', 3.0))","(('max_trades_day', 1),)",,,
1,BTCUSD,ftmo_1step,2.0,,,,,18.0,14.0,3.0,0.3,asian,2.0,1.0,1,390,0.8,0.0,15.1,84.1,6.5,3.7,97797.0,396,1.0,0.0,5.6,93.4,5.5,3.4,99021.0,,1.0,"(('rng_type', 'asian'), ('expire_hour', 14), ('exit_hour', 18), ('sl_frac', 1.0), ('sl_atr', 1.0), ('rr', 2.0), ('min_range_atr', 0.3), ('max_range_atr', 3.0))","(('max_trades_day', 1),)",,,
1,BTCUSD,fundingpips_1step,2.0,,,,,18.0,14.0,3.0,0.3,asian,2.0,1.0,1,390,0.8,0.0,37.4,61.8,6.5,3.4,97984.0,396,1.0,0.0,22.5,76.5,5.5,3.2,99069.0,,1.0,"(('rng_type', 'asian'), ('expire_hour', 14), ('exit_hour', 18), ('sl_frac', 1.0), ('sl_atr', 1.0), ('rr', 2.0), ('min_range_atr', 0.3), ('max_range_atr', 3.0))","(('max_trades_day', 1),)",,,
1,BTCUSD,ftmo_1step,2.0,,,,,18.0,14.0,3.0,0.3,asian,3.0,1.0,1,390,1.5,1.0,14.9,82.6,6.0,3.7,98423.0,396,2.0,1.5,8.8,87.6,5.6,3.3,98839.0,,1.0,"(('rng_type', 'asian'), ('expire_hour', 14), ('exit_hour', 18), ('sl_frac', 1.0), ('sl_atr', 1.0), ('rr', 3.0), ('min_range_atr', 0.3), ('max_range_atr', 3.0))","(('max_trades_day', 1),)",,,
1,BTCUSD,fundingpips_1step,2.0,,,,,18.0,14.0,3.0,0.3,asian,3.0,1.0,1,390,2.8,0.0,38.7,58.5,5.5,3.3,98559.0,396,3.5,0.0,26.5,69.9,5.1,3.2,98925.0,,1.0,"(('rng_type', 'asian'), ('expire_hour', 14), ('exit_hour', 18), ('sl_frac', 1.0), ('sl_atr', 1.0), ('rr', 3.0), ('min_range_atr', 0.3), ('max_range_atr', 3.0))","(('max_trades_day', 1),)",,,
1,BTCUSD,ftmo_1step,2.0,,,,,18.0,14.0,3.0,0.3,asian,0.0,1.0,1,390,0.0,4.4,15.9,79.7,,3.6,98454.0,396,0.0,6.1,8.1,85.9,,3.3,99144.0,1.5,1.0,"(('rng_type', 'asian'), ('expire_hour', 14), ('exit_hour', 18), ('sl_frac', 1.0), ('sl_atr', 1.0), ('rr', 0.0), ('trail', 1.5), ('min_range_atr', 0.3), ('max_range_atr', 3.0))","(('max_trades_day', 1),)",,,
1,BTCUSD,fundingpips_1step,2.0,,,,,18.0,14.0,3.0,0.3,asian,0.0,1.0,1,390,5.9,0.0,33.3,60.8,2.6,3.3,98758.0,396,7.6,0.0,20.7,71.7,4.1,3.2,99621.0,1.5,1.0,"(('rng_type', 'asian'), ('expire_hour', 14), ('exit_hour', 18), ('sl_frac', 1.0), ('sl_atr', 1.0), ('rr', 0.0), ('trail', 1.5), ('min_range_atr', 0.3), ('max_range_atr', 3.0))","(('max_trades_day', 1),)",,,
1,BTCUSD,ftmo_1step,2.0,,,,,23.0,17.0,3.0,0.3,asian,1.0,1.0,1,390,0.0,0.0,3.6,96.4,,4.3,99167.0,396,0.0,0.0,0.0,100.0,,4.0,99802.0,,,"(('rng_type', 'asian'), ('expire_hour', 17), ('exit_hour', 23), ('sl_frac', 1.0), ('rr', 1.0), ('min_range_atr', 0.3), ('max_range_atr', 3.0))","(('max_trades_day', 1),)",,,
1,BTCUSD,fundingpips_1step,2.0,,,,,23.0,17.0,3.0,0.3,asian,1.0,1.0,1,390,0.0,0.0,13.6,86.4,,4.2,99211.0,396,0.0,0.0,6.3,93.7,,3.9,99802.0,,,"(('rng_type', 'asian'), ('expire_hour', 17), ('exit_hour', 23), ('sl_frac', 1.0), ('rr', 1.0), ('min_range_atr', 0.3), ('max_range_atr', 3.0))","(('max_trades_day', 1),)",,,
1,BTCUSD,ftmo_1step,2.0,,,,,23.0,17.0,3.0,0.3,asian,2.0,1.0,1,390,1.5,0.0,3.3,95.1,6.6,4.3,99551.0,396,1.3,0.0,3.0,95.7,4.9,4.0,99567.0,,,"(('rng_type', 'asian'), ('expire_hour', 17), ('exit_hour', 23), ('sl_frac', 1.0), ('rr', 2.0), ('min_range_atr', 0.3), ('max_range_atr', 3.0))","(('max_trades_day', 1),)",,,
1,BTCUSD,fundingpips_1step,2.0,,,,,23.0,17.0,3.0,0.3,asian,2.0,1.0,1,390,2.1,0.0,16.4,81.5,6.1,4.2,99598.0,396,1.3,0.0,9.3,89.4,4.9,3.9,99543.0,,,"(('rng_type', 'asian'), ('expire_hour', 17), ('exit_hour', 23), ('sl_frac', 1.0), ('rr', 2.0), ('min_range_atr', 0.3), ('max_range_atr', 3.0))","(('max_trades_day', 1),)",,,
1,BTCUSD,ftmo_1step,2.0,,,,,23.0,17.0,3.0,0.3,asian,3.0,1.0,1,390,3.3,1.3,4.9,90.5,5.9,4.3,99583.0,396,1.5,0.8,3.8,93.9,4.8,3.9,99754.0,,,"(('rng_type', 'asian'), ('expire_hour', 17), ('exit_hour', 23), ('sl_frac', 1.0), ('rr', 3.0), ('min_range_atr', 0.3), ('max_range_atr', 3.0))","(('max_trades_day', 1),)",,,
1,BTCUSD,fundingpips_1step,2.0,,,,,23.0,17.0,3.0,0.3,asian,3.0,1.0,1,390,5.9,0.0,17.2,76.9,5.9,4.1,99712.0,396,2.3,0.0,9.3,88.4,4.7,3.9,99747.0,,,"(('rng_type', 'asian'), ('expire_hour', 17), ('exit_hour', 23), ('sl_frac', 1.0), ('rr', 3.0), ('min_range_atr', 0.3), ('max_range_atr', 3.0))","(('max_trades_day', 1),)",,,
1,BTCUSD,ftmo_1step,2.0,,,,,23.0,17.0,3.0,0.3,asian,0.0,1.0,1,390,0.0,2.3,1.3,96.4,,4.3,99707.0,396,0.0,0.0,1.3,98.7,,4.0,99923.0,1.5,,"(('rng_type', 'asian'), ('expire_hour', 17), ('exit_hour', 23), ('sl_frac', 1.0), ('rr', 0.0), ('trail', 1.5), ('min_range_atr', 0.3), ('max_range_atr', 3.0))","(('max_trades_day', 1),)",,,
1,BTCUSD,fundingpips_1step,2.0,,,,,23.0,17.0,3.0,0.3,asian,0.0,1.0,1,390,2.3,0.0,2.3,95.4,2.7,4.3,99769.0,396,1.3,0.0,1.5,97.2,2.6,4.0,99992.0,1.5,,"(('rng_type', 'asian'), ('expire_hour', 17), ('exit_hour', 23), ('sl_frac', 1.0), ('rr', 0.0), ('trail', 1.5), ('min_range_atr', 0.3), ('max_range_atr', 3.0))","(('max_trades_day', 1),)",,,
1,BTCUSD,ftmo_1step,2.0,,,,,23.0,17.0,3.0,0.3,asian,1.0,0.5,1,390,0.0,0.0,7.7,92.3,,4.4,98121.0,396,0.0,0.0,3.0,97.0,,4.0,98952.0,,,"(('rng_type', 'asian'), ('expire_hour', 17), ('exit_hour', 23), ('sl_frac', 0.5), ('rr', 1.0), ('min_range_atr', 0.3), ('max_range_atr', 3.0))","(('max_trades_day', 1),)",,,
1,BTCUSD,fundingpips_1step,2.0,,,,,23.0,17.0,3.0,0.3,asian,1.0,0.5,1,390,0.0,0.0,30.3,69.7,,4.0,98317.0,396,0.0,0.0,15.9,84.1,,3.8,99000.0,,,"(('rng_type', 'asian'), ('expire_hour', 17), ('exit_hour', 23), ('sl_frac', 0.5), ('rr', 1.0), ('min_range_atr', 0.3), ('max_range_atr', 3.0))","(('max_trades_day', 1),)",,,
1,BTCUSD,ftmo_1step,2.0,,,,,23.0,17.0,3.0,0.3,asian,2.0,0.5,1,390,1.5,0.0,17.2,81.3,5.2,4.2,98285.0,396,3.3,0.0,7.6,89.1,5.9,3.9,99016.0,,,"(('rng_type', 'asian'), ('expire_hour', 17), ('exit_hour', 23), ('sl_frac', 0.5), ('rr', 2.0), ('min_range_atr', 0.3), ('max_range_atr', 3.0))","(('max_trades_day', 1),)",,,
1,BTCUSD,fundingpips_1step,2.0,,,,,23.0,17.0,3.0,0.3,asian,2.0,0.5,1,390,1.5,0.0,35.6,62.8,5.2,3.8,98520.0,396,3.3,0.0,24.0,72.7,5.9,3.6,98952.0,,,"(('rng_type', 'asian'), ('expire_hour', 17), ('exit_hour', 23), ('sl_frac', 0.5), ('rr', 2.0), ('min_range_atr', 0.3), ('max_range_atr', 3.0))","(('max_trades_day', 1),)",,,
1,BTCUSD,ftmo_1step,2.0,,,,,23.0,17.0,3.0,0.3,asian,3.0,0.5,1,390,5.6,1.8,22.6,70.0,5.7,4.1,98495.0,396,2.0,3.5,12.1,82.3,5.3,3.8,98979.0,,,"(('rng_type', 'asian'), ('expire_hour', 17), ('exit_hour', 23), ('sl_frac', 0.5), ('rr', 3.0), ('min_range_atr', 0.3), ('max_range_atr', 3.0))","(('max_trades_day', 1),)",,,
1,BTCUSD,fundingpips_1step,2.0,,,,,23.0,17.0,3.0,0.3,asian,3.0,0.5,1,390,7.4,0.0,40.5,52.1,5.5,3.6,98835.0,396,5.6,0.0,29.3,65.2,4.5,3.5,98952.0,,,"(('rng_type', 'asian'), ('expire_hour', 17), ('exit_hour', 23), ('sl_frac', 0.5), ('rr', 3.0), ('min_range_atr', 0.3), ('max_range_atr', 3.0))","(('max_trades_day', 1),)",,,
1,BTCUSD,ftmo_1step,2.0,,,,,23.0,17.0,3.0,0.3,asian,0.0,0.5,1,390,0.0,7.2,15.1,77.7,,4.2,98407.0,396,0.3,5.6,9.3,84.8,6.7,3.8,98988.0,1.5,,"(('rng_type', 'asian'), ('expire_hour', 17), ('exit_hour', 23), ('sl_frac', 0.5), ('rr', 0.0), ('trail', 1.5), ('min_range_atr', 0.3), ('max_range_atr', 3.0))","(('max_trades_day', 1),)",,,
1,BTCUSD,fundingpips_1step,2.0,,,,,23.0,17.0,3.0,0.3,asian,0.0,0.5,1,390,8.5,0.0,32.6,59.0,4.6,3.8,98865.0,396,7.3,0.0,21.7,71.0,4.6,3.7,99143.0,1.5,,"(('rng_type', 'asian'), ('expire_hour', 17), ('exit_hour', 23), ('sl_frac', 0.5), ('rr', 0.0), ('trail', 1.5), ('min_range_atr', 0.3), ('max_range_atr', 3.0))","(('max_trades_day', 1),)",,,
1,BTCUSD,ftmo_1step,2.0,,,,,23.0,17.0,3.0,0.3,asian,1.0,1.0,1,390,0.0,0.0,10.5,89.5,,4.3,97459.0,396,0.3,0.0,3.8,96.0,6.4,4.0,98132.0,,1.0,"(('rng_type', 'asian'), ('expire_hour', 17), ('exit_hour', 23), ('sl_frac', 1.0), ('sl_atr', 1.0), ('rr', 1.0), ('min_range_atr', 0.3), ('max_range_atr', 3.0))","(('max_trades_day', 1),)",,,
1,BTCUSD,fundingpips_1step,2.0,,,,,23.0,17.0,3.0,0.3,asian,1.0,1.0,1,390,0.0,0.0,34.6,65.4,,4.0,97739.0,396,0.3,0.0,24.0,75.8,6.4,3.8,98201.0,,1.0,"(('rng_type', 'asian'), ('expire_hour', 17), ('exit_hour', 23), ('sl_frac', 1.0), ('sl_atr', 1.0), ('rr', 1.0), ('min_range_atr', 0.3), ('max_range_atr', 3.0))","(('max_trades_day', 1),)",,,
1,BTCUSD,ftmo_1step,2.0,,,,,23.0,17.0,3.0,0.3,asian,2.0,1.0,1,390,0.3,0.0,21.0,78.7,6.5,4.3,97216.0,396,2.5,0.0,11.9,85.6,5.6,3.9,98491.0,,1.0,"(('rng_type', 'asian'), ('expire_hour', 17), ('exit_hour', 23), ('sl_frac', 1.0), ('sl_atr', 1.0), ('rr', 2.0), ('min_range_atr', 0.3), ('max_range_atr', 3.0))","(('max_trades_day', 1),)",,,
1,BTCUSD,fundingpips_1step,2.0,,,,,23.0,17.0,3.0,0.3,asian,2.0,1.0,1,390,0.3,0.0,45.4,54.4,6.5,3.8,97377.0,396,3.0,0.0,31.3,65.7,6.1,3.6,98591.0,,1.0,"(('rng_type', 'asian'), ('expire_hour', 17), ('exit_hour', 23), ('sl_frac', 1.0), ('sl_atr', 1.0), ('rr', 2.0), ('min_range_atr', 0.3), ('max_range_atr', 3.0))","(('max_trades_day', 1),)",,,
1,BTCUSD,ftmo_1step,2.0,,,,,23.0,17.0,3.0,0.3,asian,3.0,1.0,1,390,2.6,0.8,23.6,73.1,5.5,4.1,97902.0,396,2.0,1.5,19.2,77.3,5.6,3.8,98070.0,,1.0,"(('rng_type', 'asian'), ('expire_hour', 17), ('exit_hour', 23), ('sl_frac', 1.0), ('sl_atr', 1.0), ('rr', 3.0), ('min_range_atr', 0.3), ('max_range_atr', 3.0))","(('max_trades_day', 1),)",,,
1,BTCUSD,fundingpips_1step,2.0,,,,,23.0,17.0,3.0,0.3,asian,3.0,1.0,1,390,3.6,0.0,45.1,51.3,5.1,3.6,98094.0,396,3.5,0.0,39.4,57.1,4.1,3.5,98216.0,,1.0,"(('rng_type', 'asian'), ('expire_hour', 17), ('exit_hour', 23), ('sl_frac', 1.0), ('sl_atr', 1.0), ('rr', 3.0), ('min_range_atr', 0.3), ('max_range_atr', 3.0))","(('max_trades_day', 1),)",,,
1,BTCUSD,ftmo_1step,2.0,,,,,23.0,17.0,3.0,0.3,asian,0.0,1.0,1,390,0.0,6.4,24.4,69.2,,4.0,97824.0,396,0.8,6.8,11.1,81.3,5.7,3.8,98428.0,1.5,1.0,"(('rng_type', 'asian'), ('expire_hour', 17), ('exit_hour', 23), ('sl_frac', 1.0), ('sl_atr', 1.0), ('rr', 0.0), ('trail', 1.5), ('min_range_atr', 0.3), ('max_range_atr', 3.0))","(('max_trades_day', 1),)",,,
1,BTCUSD,fundingpips_1step,2.0,,,,,23.0,17.0,3.0,0.3,asian,0.0,1.0,1,390,7.9,0.0,41.8,50.3,1.9,3.6,98204.0,396,8.6,0.0,29.8,61.6,3.6,3.6,98954.0,1.5,1.0,"(('rng_type', 'asian'), ('expire_hour', 17), ('exit_hour', 23), ('sl_frac', 1.0), ('sl_atr', 1.0), ('rr', 0.0), ('trail', 1.5), ('min_range_atr', 0.3), ('max_range_atr', 3.0))","(('max_trades_day', 1),)",,,
1,BTCUSD,ftmo_1step,2.0,,,,,18.0,14.0,3.0,0.3,prelondon,1.0,1.0,1,390,0.0,0.0,8.7,91.3,,6.1,98790.0,396,2.0,0.0,7.6,90.4,6.5,5.9,99052.0,,,"(('rng_type', 'prelondon'), ('expire_hour', 14), ('exit_hour', 18), ('sl_frac', 1.0), ('rr', 1.0), ('min_range_atr', 0.3), ('max_range_atr', 3.0))","(('max_trades_day', 1),)",,,
1,BTCUSD,fundingpips_1step,2.0,,,,,18.0,14.0,3.0,0.3,prelondon,1.0,1.0,1,390,0.0,0.0,24.9,75.1,,5.7,98879.0,396,2.0,0.0,24.2,73.7,6.5,5.6,99166.0,,,"(('rng_type', 'prelondon'), ('expire_hour', 14), ('exit_hour', 18), ('sl_frac', 1.0), ('rr', 1.0), ('min_range_atr', 0.3), ('max_range_atr', 3.0))","(('max_trades_day', 1),)",,,
1,BTCUSD,ftmo_1step,2.0,,,,,18.0,14.0,3.0,0.3,prelondon,2.0,1.0,1,390,4.4,0.0,19.5,76.2,4.7,5.9,99075.0,396,5.6,0.0,15.9,78.5,5.6,5.8,99786.0,,,"(('rng_type', 'prelondon'), ('expire_hour', 14), ('exit_hour', 18), ('sl_frac', 1.0), ('rr', 2.0), ('min_range_atr', 0.3), ('max_range_atr', 3.0))","(('max_trades_day', 1),)",,,
1,BTCUSD,fundingpips_1step,2.0,,,,,18.0,14.0,3.0,0.3,prelondon,2.0,1.0,1,390,4.1,0.0,34.6,61.3,4.6,5.3,99083.0,396,6.1,0.0,29.8,64.1,5.5,5.3,99806.0,,,"(('rng_type', 'prelondon'), ('expire_hour', 14), ('exit_hour', 18), ('sl_frac', 1.0), ('rr', 2.0), ('min_range_atr', 0.3), ('max_range_atr', 3.0))","(('max_trades_day', 1),)",,,
1,BTCUSD,ftmo_1step,2.0,,,,,18.0,14.0,3.0,0.3,prelondon,3.0,1.0,1,390,6.2,2.3,26.4,65.1,5.6,5.7,98983.0,396,4.3,2.5,19.4,73.7,4.7,5.7,99496.0,,,"(('rng_type', 'prelondon'), ('expire_hour', 14), ('exit_hour', 18), ('sl_frac', 1.0), ('rr', 3.0), ('min_range_atr', 0.3), ('max_range_atr', 3.0))","(('max_trades_day', 1),)",,,
1,BTCUSD,fundingpips_1step,2.0,,,,,18.0,14.0,3.0,0.3,prelondon,3.0,1.0,1,390,8.7,0.0,38.5,52.8,4.7,5.2,99062.0,396,7.8,0.0,31.8,60.4,3.7,5.2,99507.0,,,"(('rng_type', 'prelondon'), ('expire_hour', 14), ('exit_hour', 18), ('sl_frac', 1.0), ('rr', 3.0), ('min_range_atr', 0.3), ('max_range_atr', 3.0))","(('max_trades_day', 1),)",,,
1,BTCUSD,ftmo_1step,2.0,,,,,18.0,14.0,3.0,0.3,prelondon,0.0,1.0,1,390,0.5,7.2,13.3,79.0,6.2,5.9,99488.0,396,0.5,3.0,9.8,86.6,5.2,5.8,99126.0,1.5,,"(('rng_type', 'prelondon'), ('expire_hour', 14), ('exit_hour', 18), ('sl_frac', 1.0), ('rr', 0.0), ('trail', 1.5), ('min_range_atr', 0.3), ('max_range_atr', 3.0))","(('max_trades_day', 1),)",,,
1,BTCUSD,fundingpips_1step,2.0,,,,,18.0,14.0,3.0,0.3,prelondon,0.0,1.0,1,390,7.7,0.0,25.1,67.2,4.6,5.5,99453.0,396,5.6,0.0,22.7,71.7,2.7,5.5,99313.0,1.5,,"(('rng_type', 'prelondon'), ('expire_hour', 14), ('exit_hour', 18), ('sl_frac', 1.0), ('rr', 0.0), ('trail', 1.5), ('min_range_atr', 0.3), ('max_range_atr', 3.0))","(('max_trades_day', 1),)",,,
1,BTCUSD,ftmo_1step,2.0,,,,,18.0,14.0,3.0,0.3,prelondon,1.0,0.5,1,390,0.8,0.0,25.9,73.3,5.5,5.9,96148.0,396,0.3,0.0,15.4,84.3,5.5,5.9,97231.0,,,"(('rng_type', 'prelondon'), ('expire_hour', 14), ('exit_hour', 18), ('sl_frac', 0.5), ('rr', 1.0), ('min_range_atr', 0.3), ('max_range_atr', 3.0))","(('max_trades_day', 1),)",,,
1,BTCUSD,fundingpips_1step,2.0,,,,,18.0,14.0,3.0,0.3,prelondon,1.0,0.5,1,390,0.8,0.0,52.8,46.4,5.5,5.1,96544.0,396,0.3,0.0,37.4,62.4,5.5,5.3,97566.0,,,"(('rng_type', 'prelondon'), ('expire_hour', 14), ('exit_hour', 18), ('sl_frac', 0.5), ('rr', 1.0), ('min_range_atr', 0.3), ('max_range_atr', 3.0))","(('max_trades_day', 1),)",,,
1,BTCUSD,ftmo_1step,2.0,,,,,18.0,14.0,3.0,0.3,prelondon,2.0,0.5,1,390,4.1,0.0,39.2,56.7,4.4,5.6,96484.0,396,4.5,0.0,32.3,63.1,4.6,5.5,97679.0,,,"(('rng_type', 'prelondon'), ('expire_hour', 14), ('exit_hour', 18), ('sl_frac', 0.5), ('rr', 2.0), ('min_range_atr', 0.3), ('max_range_atr', 3.0))","(('max_trades_day', 1),)",,,
1,BTCUSD,fundingpips_1step,2.0,,,,,18.0,14.0,3.0,0.3,prelondon,2.0,0.5,1,390,4.1,0.0,59.7,36.2,4.4,4.6,96955.0,396,4.5,0.0,47.0,48.5,4.6,4.9,98064.0,,,"(('rng_type', 'prelondon'), ('expire_hour', 14), ('exit_hour', 18), ('sl_frac', 0.5), ('rr', 2.0), ('min_range_atr', 0.3), ('max_range_atr', 3.0))","(('max_trades_day', 1),)",,,
1,BTCUSD,ftmo_1step,2.0,,,,,18.0,14.0,3.0,0.3,prelondon,3.0,0.5,1,390,5.6,3.1,52.1,39.2,5.5,5.2,96575.0,396,7.8,3.0,42.4,46.7,5.4,5.2,98148.0,,,"(('rng_type', 'prelondon'), ('expire_hour', 14), ('exit_hour', 18), ('sl_frac', 0.5), ('rr', 3.0), ('min_range_atr', 0.3), ('max_range_atr', 3.0))","(('max_trades_day', 1),)",,,
1,BTCUSD,fundingpips_1step,2.0,,,,,18.0,14.0,3.0,0.3,prelondon,3.0,0.5,1,390,7.9,0.0,61.8,30.3,4.5,4.4,97038.0,396,11.4,0.0,49.2,39.4,4.4,4.5,98627.0,,,"(('rng_type', 'prelondon'), ('expire_hour', 14), ('exit_hour', 18), ('sl_frac', 0.5), ('rr', 3.0), ('min_range_atr', 0.3), ('max_range_atr', 3.0))","(('max_trades_day', 1),)",,,
1,BTCUSD,ftmo_1step,2.0,,,,,18.0,14.0,3.0,0.3,prelondon,0.0,0.5,1,390,0.5,9.5,64.9,25.1,5.2,4.9,96487.0,396,0.0,5.8,51.0,43.2,,5.1,97128.0,1.5,,"(('rng_type', 'prelondon'), ('expire_hour', 14), ('exit_hour', 18), ('sl_frac', 0.5), ('rr', 0.0), ('trail', 1.5), ('min_range_atr', 0.3), ('max_range_atr', 3.0))","(('max_trades_day', 1),)",,,
1,BTCUSD,fundingpips_1step,2.0,,,,,18.0,14.0,3.0,0.3,prelondon,0.0,0.5,1,390,13.8,0.0,63.1,23.1,1.7,4.1,97791.0,396,5.8,0.0,51.3,42.9,1.7,4.7,97692.0,1.5,,"(('rng_type', 'prelondon'), ('expire_hour', 14), ('exit_hour', 18), ('sl_frac', 0.5), ('rr', 0.0), ('trail', 1.5), ('min_range_atr', 0.3), ('max_range_atr', 3.0))","(('max_trades_day', 1),)",,,
1,BTCUSD,ftmo_1step,2.0,,,,,18.0,14.0,3.0,0.3,prelondon,1.0,1.0,1,390,0.8,0.0,16.7,82.6,5.5,6.0,98108.0,396,0.5,0.0,13.6,85.9,6.0,5.9,98205.0,,1.0,"(('rng_type', 'prelondon'), ('expire_hour', 14), ('exit_hour', 18), ('sl_frac', 1.0), ('sl_atr', 1.0), ('rr', 1.0), ('min_range_atr', 0.3), ('max_range_atr', 3.0))","(('max_trades_day', 1),)",,,
1,BTCUSD,fundingpips_1step,2.0,,,,,18.0,14.0,3.0,0.3,prelondon,1.0,1.0,1,390,0.8,0.0,34.9,64.4,5.5,5.4,98283.0,396,0.5,0.0,32.6,66.9,6.0,5.4,98394.0,,1.0,"(('rng_type', 'prelondon'), ('expire_hour', 14), ('exit_hour', 18), ('sl_frac', 1.0), ('sl_atr', 1.0), ('rr', 1.0), ('min_range_atr', 0.3), ('max_range_atr', 3.0))","(('max_trades_day', 1),)",,,
1,BTCUSD,ftmo_1step,2.0,,,,,18.0,14.0,3.0,0.3,prelondon,2.0,1.0,1,390,3.6,0.0,29.2,67.2,5.1,5.7,98058.0,396,7.1,0.0,29.5,63.4,5.0,5.6,98921.0,,1.0,"(('rng_type', 'prelondon'), ('expire_hour', 14), ('exit_hour', 18), ('sl_frac', 1.0), ('sl_atr', 1.0), ('rr', 2.0), ('min_range_atr', 0.3), ('max_range_atr', 3.0))","(('max_trades_day', 1),)",,,
1,BTCUSD,fundingpips_1step,2.0,,,,,18.0,14.0,3.0,0.3,prelondon,2.0,1.0,1,390,3.8,0.0,43.3,52.8,5.5,5.0,98446.0,396,6.8,0.0,42.4,50.8,4.6,4.9,98989.0,,1.0,"(('rng_type', 'prelondon'), ('expire_hour', 14), ('exit_hour', 18), ('sl_frac', 1.0), ('sl_atr', 1.0), ('rr', 2.0), ('min_range_atr', 0.3), ('max_range_atr', 3.0))","(('max_trades_day', 1),)",,,
1,BTCUSD,ftmo_1step,2.0,,,,,18.0,14.0,3.0,0.3,prelondon,3.0,1.0,1,390,7.7,2.8,36.9,52.6,5.1,5.4,98545.0,396,9.8,2.8,40.2,47.2,5.5,5.3,98815.0,,1.0,"(('rng_type', 'prelondon'), ('expire_hour', 14), ('exit_hour', 18), ('sl_frac', 1.0), ('sl_atr', 1.0), ('rr', 3.0), ('min_range_atr', 0.3), ('max_range_atr', 3.0))","(('max_trades_day', 1),)",,,
1,BTCUSD,fundingpips_1step,2.0,,,,,18.0,14.0,3.0,0.3,prelondon,3.0,1.0,1,390,10.5,0.0,45.6,43.8,3.7,4.7,98911.0,396,13.1,0.0,46.2,40.7,4.6,4.6,99057.0,,1.0,"(('rng_type', 'prelondon'), ('expire_hour', 14), ('exit_hour', 18), ('sl_frac', 1.0), ('sl_atr', 1.0), ('rr', 3.0), ('min_range_atr', 0.3), ('max_range_atr', 3.0))","(('max_trades_day', 1),)",,,
1,BTCUSD,ftmo_1step,2.0,,,,,18.0,14.0,3.0,0.3,prelondon,0.0,1.0,1,390,1.3,8.2,39.5,51.0,6.5,5.5,98523.0,396,1.3,7.1,31.8,59.8,5.6,5.4,98519.0,1.5,1.0,"(('rng_type', 'prelondon'), ('expire_hour', 14), ('exit_hour', 18), ('sl_frac', 1.0), ('sl_atr', 1.0), ('rr', 0.0), ('trail', 1.5), ('min_range_atr', 0.3), ('max_range_atr', 3.0))","(('max_trades_day', 1),)",,,
1,BTCUSD,fundingpips_1step,2.0,,,,,18.0,14.0,3.0,0.3,prelondon,0.0,1.0,1,390,12.3,0.0,42.1,45.6,2.7,4.9,99025.0,396,10.4,0.0,41.9,47.7,2.7,4.9,98957.0,1.5,1.0,"(('rng_type', 'prelondon'), ('expire_hour', 14), ('exit_hour', 18), ('sl_frac', 1.0), ('sl_atr', 1.0), ('rr', 0.0), ('trail', 1.5), ('min_range_atr', 0.3), ('max_range_atr', 3.0))","(('max_trades_day', 1),)",,,
1,BTCUSD,ftmo_1step,2.0,,,,,23.0,17.0,3.0,0.3,prelondon,1.0,1.0,1,390,0.3,0.0,10.8,89.0,6.5,6.4,98827.0,396,2.5,0.0,11.1,86.4,6.5,6.4,98947.0,,,"(('rng_type', 'prelondon'), ('expire_hour', 17), ('exit_hour', 23), ('sl_frac', 1.0), ('rr', 1.0), ('min_range_atr', 0.3), ('max_range_atr', 3.0))","(('max_trades_day', 1),)",,,
1,BTCUSD,fundingpips_1step,2.0,,,,,23.0,17.0,3.0,0.3,prelondon,1.0,1.0,1,390,0.3,0.0,27.7,72.1,6.5,5.9,98897.0,396,2.5,0.0,29.3,68.2,6.5,5.9,99027.0,,,"(('rng_type', 'prelondon'), ('expire_hour', 17), ('exit_hour', 23), ('sl_frac', 1.0), ('rr', 1.0), ('min_range_atr', 0.3), ('max_range_atr', 3.0))","(('max_trades_day', 1),)",,,
1,BTCUSD,ftmo_1step,2.0,,,,,23.0,17.0,3.0,0.3,prelondon,2.0,1.0,1,390,4.6,0.0,22.3,73.1,4.7,6.1,98956.0,396,7.3,0.0,26.5,66.2,5.6,6.1,99669.0,,,"(('rng_type', 'prelondon'), ('expire_hour', 17), ('exit_hour', 23), ('sl_frac', 1.0), ('rr', 2.0), ('min_range_atr', 0.3), ('max_range_atr', 3.0))","(('max_trades_day', 1),)",,,
1,BTCUSD,fundingpips_1step,2.0,,,,,23.0,17.0,3.0,0.3,prelondon,2.0,1.0,1,390,4.6,0.0,39.7,55.6,4.7,5.4,98897.0,396,8.1,0.0,35.1,56.8,5.5,5.6,99891.0,,,"(('rng_type', 'prelondon'), ('expire_hour', 17), ('exit_hour', 23), ('sl_frac', 1.0), ('rr', 2.0), ('min_range_atr', 0.3), ('max_range_atr', 3.0))","(('max_trades_day', 1),)",,,
1,BTCUSD,ftmo_1step,2.0,,,,,23.0,17.0,3.0,0.3,prelondon,3.0,1.0,1,390,6.2,3.6,33.6,56.7,5.6,5.8,98942.0,396,6.1,2.5,34.6,56.8,5.8,5.9,98917.0,,,"(('rng_type', 'prelondon'), ('expire_hour', 17), ('exit_hour', 23), ('sl_frac', 1.0), ('rr', 3.0), ('min_range_atr', 0.3), ('max_range_atr', 3.0))","(('max_trades_day', 1),)",,,
1,BTCUSD,fundingpips_1step,2.0,,,,,23.0,17.0,3.0,0.3,prelondon,3.0,1.0,1,390,10.0,0.0,45.9,44.1,3.9,5.1,98935.0,396,10.4,0.0,40.4,49.2,4.8,5.3,99165.0,,,"(('rng_type', 'prelondon'), ('expire_hour', 17), ('exit_hour', 23), ('sl_frac', 1.0), ('rr', 3.0), ('min_range_atr', 0.3), ('max_range_atr', 3.0))","(('max_trades_day', 1),)",,,
1,BTCUSD,ftmo_1step,2.0,,,,,23.0,17.0,3.0,0.3,prelondon,0.0,1.0,1,390,0.0,8.5,19.2,72.3,,6.1,99118.0,396,0.8,2.8,14.4,82.1,4.9,6.3,98579.0,1.5,,"(('rng_type', 'prelondon'), ('expire_hour', 17), ('exit_hour', 23), ('sl_frac', 1.0), ('rr', 0.0), ('trail', 1.5), ('min_range_atr', 0.3), ('max_range_atr', 3.0))","(('max_trades_day', 1),)",,,
1,BTCUSD,fundingpips_1step,2.0,,,,,23.0,17.0,3.0,0.3,prelondon,0.0,1.0,1,390,9.5,0.0,29.2,61.3,4.7,5.7,99234.0,396,5.3,0.0,27.0,67.7,2.9,5.9,98838.0,1.5,,"(('rng_type', 'prelondon'), ('expire_hour', 17), ('exit_hour', 23), ('sl_frac', 1.0), ('rr', 0.0), ('trail', 1.5), ('min_range_atr', 0.3), ('max_range_atr', 3.0))","(('max_trades_day', 1),)",,,
1,BTCUSD,ftmo_1step,2.0,,,,,23.0,17.0,3.0,0.3,prelondon,1.0,0.5,1,390,0.8,0.0,28.5,70.8,5.5,6.2,95871.0,396,0.0,0.0,21.2,78.8,,6.3,96686.0,,,"(('rng_type', 'prelondon'), ('expire_hour', 17), ('exit_hour', 23), ('sl_frac', 0.5), ('rr', 1.0), ('min_range_atr', 0.3), ('max_range_atr', 3.0))","(('max_trades_day', 1),)",,,
1,BTCUSD,fundingpips_1step,2.0,,,,,23.0,17.0,3.0,0.3,prelondon,1.0,0.5,1,390,0.8,0.0,57.7,41.5,5.5,5.3,96383.0,396,0.0,0.0,46.2,53.8,,5.5,97142.0,,,"(('rng_type', 'prelondon'), ('expire_hour', 17), ('exit_hour', 23), ('sl_frac', 0.5), ('rr', 1.0), ('min_range_atr', 0.3), ('max_range_atr', 3.0))","(('max_trades_day', 1),)",,,
1,BTCUSD,ftmo_1step,2.0,,,,,23.0,17.0,3.0,0.3,prelondon,2.0,0.5,1,390,4.1,0.0,42.8,53.1,4.4,5.8,96187.0,396,5.1,0.0,38.6,56.3,4.6,5.8,97327.0,,,"(('rng_type', 'prelondon'), ('expire_hour', 17), ('exit_hour', 23), ('sl_frac', 0.5), ('rr', 2.0), ('min_range_atr', 0.3), ('max_range_atr', 3.0))","(('max_trades_day', 1),)",,,
1,BTCUSD,fundingpips_1step,2.0,,,,,23.0,17.0,3.0,0.3,prelondon,2.0,0.5,1,390,4.1,0.0,61.0,34.9,4.4,4.8,96874.0,396,5.1,0.0,52.3,42.7,4.6,5.1,97867.0,,,"(('rng_type', 'prelondon'), ('expire_hour', 17), ('exit_hour', 23), ('sl_frac', 0.5), ('rr', 2.0), ('min_range_atr', 0.3), ('max_range_atr', 3.0))","(('max_trades_day', 1),)",,,
1,BTCUSD,ftmo_1step,2.0,,,,,23.0,17.0,3.0,0.3,prelondon,3.0,0.5,1,390,5.9,3.3,56.2,34.6,5.5,5.3,96472.0,396,6.1,3.3,49.2,41.4,4.8,5.4,97603.0,,,"(('rng_type', 'prelondon'), ('expire_hour', 17), ('exit_hour', 23), ('sl_frac', 0.5), ('rr', 3.0), ('min_range_atr', 0.3), ('max_range_atr', 3.0))","(('max_trades_day', 1),)",,,
1,BTCUSD,fundingpips_1step,2.0,,,,,23.0,17.0,3.0,0.3,prelondon,3.0,0.5,1,390,8.7,0.0,64.6,26.7,4.5,4.5,97031.0,396,9.6,0.0,54.0,36.4,3.7,4.7,98371.0,,,"(('rng_type', 'prelondon'), ('expire_hour', 17), ('exit_hour', 23), ('sl_frac', 0.5), ('rr', 3.0), ('min_range_atr', 0.3), ('max_range_atr', 3.0))","(('max_trades_day', 1),)",,,
1,BTCUSD,ftmo_1step,2.0,,,,,23.0,17.0,3.0,0.3,prelondon,0.0,0.5,1,390,0.0,10.0,71.5,18.5,,5.0,96511.0,396,0.3,4.3,63.6,31.8,6.6,5.3,96495.0,1.5,,"(('rng_type', 'prelondon'), ('expire_hour', 17), ('exit_hour', 23), ('sl_frac', 0.5), ('rr', 0.0), ('trail', 1.5), ('min_range_atr', 0.3), ('max_range_atr', 3.0))","(('max_trades_day', 1),)",,,
1,BTCUSD,fundingpips_1step,2.0,,,,,23.0,17.0,3.0,0.3,prelondon,0.0,0.5,1,390,13.3,0.0,66.2,20.5,1.8,4.2,97612.0,396,5.8,0.0,57.8,36.4,1.9,4.9,97215.0,1.5,,"(('rng_type', 'prelondon'), ('expire_hour', 17), ('exit_hour', 23), ('sl_frac', 0.5), ('rr', 0.0), ('trail', 1.5), ('min_range_atr', 0.3), ('max_range_atr', 3.0))","(('max_trades_day', 1),)",,,
1,BTCUSD,ftmo_1step,2.0,,,,,23.0,17.0,3.0,0.3,prelondon,1.0,1.0,1,390,0.8,0.0,19.5,79.7,5.5,6.2,97913.0,396,0.3,0.0,19.2,80.6,5.5,6.3,97728.0,,1.0,"(('rng_type', 'prelondon'), ('expire_hour', 17), ('exit_hour', 23), ('sl_frac', 1.0), ('sl_atr', 1.0), ('rr', 1.0), ('min_range_atr', 0.3), ('max_range_atr', 3.0))","(('max_trades_day', 1),)",,,
1,BTCUSD,fundingpips_1step,2.0,,,,,23.0,17.0,3.0,0.3,prelondon,1.0,1.0,1,390,0.8,0.0,38.7,60.5,5.5,5.6,98137.0,396,0.3,0.0,39.6,60.1,5.5,5.6,98020.0,,1.0,"(('rng_type', 'prelondon'), ('expire_hour', 17), ('exit_hour', 23), ('sl_frac', 1.0), ('sl_atr', 1.0), ('rr', 1.0), ('min_range_atr', 0.3), ('max_range_atr', 3.0))","(('max_trades_day', 1),)",,,
1,BTCUSD,ftmo_1step,2.0,,,,,23.0,17.0,3.0,0.3,prelondon,2.0,1.0,1,390,4.1,0.0,35.1,60.8,5.0,5.9,97759.0,396,7.1,0.0,35.9,57.1,4.6,5.8,98488.0,,1.0,"(('rng_type', 'prelondon'), ('expire_hour', 17), ('exit_hour', 23), ('sl_frac', 1.0), ('sl_atr', 1.0), ('rr', 2.0), ('min_range_atr', 0.3), ('max_range_atr', 3.0))","(('max_trades_day', 1),)",,,
1,BTCUSD,fundingpips_1step,2.0,,,,,23.0,17.0,3.0,0.3,prelondon,2.0,1.0,1,390,4.1,0.0,48.2,47.7,5.0,5.1,98163.0,396,7.1,0.0,48.0,44.9,4.6,5.1,98605.0,,1.0,"(('rng_type', 'prelondon'), ('expire_hour', 17), ('exit_hour', 23), ('sl_frac', 1.0), ('sl_atr', 1.0), ('rr', 2.0), ('min_range_atr', 0.3), ('max_range_atr', 3.0))","(('max_trades_day', 1),)",,,
1,BTCUSD,ftmo_1step,2.0,,,,,23.0,17.0,3.0,0.3,prelondon,3.0,1.0,1,390,7.9,2.8,46.2,43.1,5.5,5.5,98244.0,396,7.3,2.8,50.5,39.4,5.5,5.5,98207.0,,1.0,"(('rng_type', 'prelondon'), ('expire_hour', 17), ('exit_hour', 23), ('sl_frac', 1.0), ('sl_atr', 1.0), ('rr', 3.0), ('min_range_atr', 0.3), ('max_range_atr', 3.0))","(('max_trades_day', 1),)",,,
1,BTCUSD,fundingpips_1step,2.0,,,,,23.0,17.0,3.0,0.3,prelondon,3.0,1.0,1,390,10.8,0.0,51.0,38.2,4.6,4.7,98683.0,396,10.6,0.0,51.8,37.6,4.6,4.8,98667.0,,1.0,"(('rng_type', 'prelondon'), ('expire_hour', 17), ('exit_hour', 23), ('sl_frac', 1.0), ('sl_atr', 1.0), ('rr', 3.0), ('min_range_atr', 0.3), ('max_range_atr', 3.0))","(('max_trades_day', 1),)",,,
1,BTCUSD,ftmo_1step,2.0,,,,,23.0,17.0,3.0,0.3,prelondon,0.0,1.0,1,390,0.3,11.5,48.2,40.0,6.5,5.5,98221.0,396,0.3,7.1,43.2,49.5,4.6,5.7,97816.0,1.5,1.0,"(('rng_type', 'prelondon'), ('expire_hour', 17), ('exit_hour', 23), ('sl_frac', 1.0), ('sl_atr', 1.0), ('rr', 0.0), ('trail', 1.5), ('min_range_atr', 0.3), ('max_range_atr', 3.0))","(('max_trades_day', 1),)",,,
1,BTCUSD,fundingpips_1step,2.0,,,,,23.0,17.0,3.0,0.3,prelondon,0.0,1.0,1,390,14.4,0.0,46.7,39.0,2.9,4.9,98754.0,396,9.1,0.0,48.7,42.2,2.9,5.1,98276.0,1.5,1.0,"(('rng_type', 'prelondon'), ('expire_hour', 17), ('exit_hour', 23), ('sl_frac', 1.0), ('sl_atr', 1.0), ('rr', 0.0), ('trail', 1.5), ('min_range_atr', 0.3), ('max_range_atr', 3.0))","(('max_trades_day', 1),)",,,
1,BTCUSD,ftmo_1step,2.0,,,,,18.0,14.0,3.0,0.3,london1h,1.0,1.0,1,390,0.0,0.0,29.7,70.3,,6.5,96194.0,396,0.3,0.0,24.7,75.0,6.5,6.5,97688.0,,,"(('rng_type', 'london1h'), ('expire_hour', 14), ('exit_hour', 18), ('sl_frac', 1.0), ('rr', 1.0), ('min_range_atr', 0.3), ('max_range_atr', 3.0))","(('max_trades_day', 1),)",,,
1,BTCUSD,fundingpips_1step,2.0,,,,,18.0,14.0,3.0,0.3,london1h,1.0,1.0,1,390,0.0,0.0,52.6,47.4,,5.5,96921.0,396,0.3,0.0,40.9,58.8,6.5,5.8,98126.0,,,"(('rng_type', 'london1h'), ('expire_hour', 14), ('exit_hour', 18), ('sl_frac', 1.0), ('rr', 1.0), ('min_range_atr', 0.3), ('max_range_atr', 3.0))","(('max_trades_day', 1),)",,,
1,BTCUSD,ftmo_1step,2.0,,,,,18.0,14.0,3.0,0.3,london1h,2.0,1.0,1,390,4.1,0.0,47.4,48.5,5.4,6.1,96275.0,396,8.8,0.0,41.7,49.5,5.5,6.0,98251.0,,,"(('rng_type', 'london1h'), ('expire_hour', 14), ('exit_hour', 18), ('sl_frac', 1.0), ('rr', 2.0), ('min_range_atr', 0.3), ('max_range_atr', 3.0))","(('max_trades_day', 1),)",,,
1,BTCUSD,fundingpips_1step,2.0,,,,,18.0,14.0,3.0,0.3,london1h,2.0,1.0,1,390,4.1,0.0,59.7,36.2,5.4,5.0,97123.0,396,9.3,0.0,47.2,43.4,5.5,5.3,98851.0,,,"(('rng_type', 'london1h'), ('expire_hour', 14), ('exit_hour', 18), ('sl_frac', 1.0), ('rr', 2.0), ('min_range_atr', 0.3), ('max_range_atr', 3.0))","(('max_trades_day', 1),)",,,
1,BTCUSD,ftmo_1step,2.0,,,,,18.0,14.0,3.0,0.3,london1h,3.0,1.0,1,390,5.4,3.1,56.4,35.1,5.5,5.7,96509.0,396,10.1,3.5,53.8,32.6,5.5,5.5,98473.0,,,"(('rng_type', 'london1h'), ('expire_hour', 14), ('exit_hour', 18), ('sl_frac', 1.0), ('rr', 3.0), ('min_range_atr', 0.3), ('max_range_atr', 3.0))","(('max_trades_day', 1),)",,,
1,BTCUSD,fundingpips_1step,2.0,,,,,18.0,14.0,3.0,0.3,london1h,3.0,1.0,1,390,8.5,0.0,61.3,30.3,4.4,4.6,97521.0,396,14.9,0.0,51.0,34.1,4.5,4.8,99277.0,,,"(('rng_type', 'london1h'), ('expire_hour', 14), ('exit_hour', 18), ('sl_frac', 1.0), ('rr', 3.0), ('min_range_atr', 0.3), ('max_range_atr', 3.0))","(('max_trades_day', 1),)",,,
1,BTCUSD,ftmo_1step,2.0,,,,,18.0,14.0,3.0,0.3,london1h,0.0,1.0,1,390,0.5,11.8,63.3,24.4,6.7,5.3,97434.0,396,0.3,9.8,62.1,27.8,5.7,5.3,98120.0,1.5,,"(('rng_type', 'london1h'), ('expire_hour', 14), ('exit_hour', 18), ('sl_frac', 1.0), ('rr', 0.0), ('trail', 1.5), ('min_range_atr', 0.3), ('max_range_atr', 3.0))","(('max_trades_day', 1),)",,,
1,BTCUSD,fundingpips_1step,2.0,,,,,18.0,14.0,3.0,0.3,london1h,0.0,1.0,1,390,14.6,0.0,61.3,24.1,2.7,4.6,98325.0,396,13.9,0.0,54.3,31.8,2.7,4.8,99574.0,1.5,,"(('rng_type', 'london1h'), ('expire_hour', 14), ('exit_hour', 18), ('sl_frac', 1.0), ('rr', 0.0), ('trail', 1.5), ('min_range_atr', 0.3), ('max_range_atr', 3.0))","(('max_trades_day', 1),)",,,
1,BTCUSD,ftmo_1step,2.0,,,,,18.0,14.0,3.0,0.3,london1h,1.0,0.5,1,390,0.0,0.0,64.9,35.1,,6.0,91754.0,396,0.0,0.0,58.8,41.2,,6.0,92889.0,,,"(('rng_type', 'london1h'), ('expire_hour', 14), ('exit_hour', 18), ('sl_frac', 0.5), ('rr', 1.0), ('min_range_atr', 0.3), ('max_range_atr', 3.0))","(('max_trades_day', 1),)",,,
1,BTCUSD,fundingpips_1step,2.0,,,,,18.0,14.0,3.0,0.3,london1h,1.0,0.5,1,390,0.0,0.0,87.7,12.3,,4.3,93985.0,396,0.0,0.0,79.5,20.5,,4.6,94650.0,,,"(('rng_type', 'london1h'), ('expire_hour', 14), ('exit_hour', 18), ('sl_frac', 0.5), ('rr', 1.0), ('min_range_atr', 0.3), ('max_range_atr', 3.0))","(('max_trades_day', 1),)",,,
1,BTCUSD,ftmo_1step,2.0,,,,,18.0,14.0,3.0,0.3,london1h,2.0,0.5,1,390,1.0,0.0,68.7,30.3,3.5,5.7,92222.0,396,0.5,0.0,58.6,40.9,5.5,5.7,93369.0,,,"(('rng_type', 'london1h'), ('expire_hour', 14), ('exit_hour', 18), ('sl_frac', 0.5), ('rr', 2.0), ('min_range_atr', 0.3), ('max_range_atr', 3.0))","(('max_trades_day', 1),)",,,
1,BTCUSD,fundingpips_1step,2.0,,,,,18.0,14.0,3.0,0.3,london1h,2.0,0.5,1,390,1.0,0.0,84.6,14.4,3.5,4.2,94407.0,396,0.5,0.0,77.8,21.7,5.5,4.3,95185.0,,,"(('rng_type', 'london1h'), ('expire_hour', 14), ('exit_hour', 18), ('sl_frac', 0.5), ('rr', 2.0), ('min_range_atr', 0.3), ('max_range_atr', 3.0))","(('max_trades_day', 1),)",,,
1,BTCUSD,ftmo_1step,2.0,,,,,18.0,14.0,3.0,0.3,london1h,3.0,0.5,1,390,1.5,0.5,74.9,23.1,5.0,5.4,92616.0,396,3.8,1.3,68.4,26.5,4.6,5.4,94253.0,,,"(('rng_type', 'london1h'), ('expire_hour', 14), ('exit_hour', 18), ('sl_frac', 0.5), ('rr', 3.0), ('min_range_atr', 0.3), ('max_range_atr', 3.0))","(('max_trades_day', 1),)",,,
1,BTCUSD,fundingpips_1step,2.0,,,,,18.0,14.0,3.0,0.3,london1h,3.0,0.5,1,390,2.3,0.0,85.4,12.3,3.5,4.0,94743.0,396,5.1,0.0,77.8,17.2,4.5,4.1,95939.0,,,"(('rng_type', 'london1h'), ('expire_hour', 14), ('exit_hour', 18), ('sl_frac', 0.5), ('rr', 3.0), ('min_range_atr', 0.3), ('max_range_atr', 3.0))","(('max_trades_day', 1),)",,,
1,BTCUSD,ftmo_1step,2.0,,,,,18.0,14.0,3.0,0.3,london1h,0.0,0.5,1,390,0.0,0.8,94.9,4.4,,4.7,92869.0,396,0.0,4.0,89.4,6.6,,4.6,94509.0,1.5,,"(('rng_type', 'london1h'), ('expire_hour', 14), ('exit_hour', 18), ('sl_frac', 0.5), ('rr', 0.0), ('trail', 1.5), ('min_range_atr', 0.3), ('max_range_atr', 3.0))","(('max_trades_day', 1),)",,,
1,BTCUSD,fundingpips_1step,2.0,,,,,18.0,14.0,3.0,0.3,london1h,0.0,0.5,1,390,5.9,0.0,87.2,6.9,1.7,3.5,95364.0,396,9.8,0.0,78.8,11.4,1.7,3.6,96819.0,1.5,,"(('rng_type', 'london1h'), ('expire_hour', 14), ('exit_hour', 18), ('sl_frac', 0.5), ('rr', 0.0), ('trail', 1.5), ('min_range_atr', 0.3), ('max_range_atr', 3.0))","(('max_trades_day', 1),)",,,
1,BTCUSD,ftmo_1step,2.0,,,,,18.0,14.0,3.0,0.3,london1h,1.0,1.0,1,390,1.0,0.0,24.6,74.4,5.5,6.5,97254.0,396,1.5,0.0,21.7,76.8,5.5,6.5,98456.0,,1.0,"(('rng_type', 'london1h'), ('expire_hour', 14), ('exit_hour', 18), ('sl_frac', 1.0), ('sl_atr', 1.0), ('rr', 1.0), ('min_range_atr', 0.3), ('max_range_atr', 3.0))","(('max_trades_day', 1),)",,,
1,BTCUSD,fundingpips_1step,2.0,,,,,18.0,14.0,3.0,0.3,london1h,1.0,1.0,1,390,1.0,0.0,42.6,56.4,5.5,5.7,97849.0,396,1.5,0.0,35.9,62.6,5.5,5.9,98858.0,,1.0,"(('rng_type', 'london1h'), ('expire_hour', 14), ('exit_hour', 18), ('sl_frac', 1.0), ('sl_atr', 1.0), ('rr', 1.0), ('min_range_atr', 0.3), ('max_range_atr', 3.0))","(('max_trades_day', 1),)",,,
1,BTCUSD,ftmo_1step,2.0,,,,,18.0,14.0,3.0,0.3,london1h,2.0,1.0,1,390,9.2,0.0,43.1,47.7,5.5,6.0,97607.0,396,10.9,0.0,34.6,54.5,4.5,6.0,99400.0,,1.0,"(('rng_type', 'london1h'), ('expire_hour', 14), ('exit_hour', 18), ('sl_frac', 1.0), ('sl_atr', 1.0), ('rr', 2.0), ('min_range_atr', 0.3), ('max_range_atr', 3.0))","(('max_trades_day', 1),)",,,
1,BTCUSD,fundingpips_1step,2.0,,,,,18.0,14.0,3.0,0.3,london1h,2.0,1.0,1,390,9.2,0.0,53.1,37.7,5.5,5.0,98327.0,396,11.6,0.0,42.7,45.7,4.5,5.2,99741.0,,1.0,"(('rng_type', 'london1h'), ('expire_hour', 14), ('exit_hour', 18), ('sl_frac', 1.0), ('sl_atr', 1.0), ('rr', 2.0), ('min_range_atr', 0.3), ('max_range_atr', 3.0))","(('max_trades_day', 1),)",,,
1,BTCUSD,ftmo_1step,2.0,,,,,18.0,14.0,3.0,0.3,london1h,3.0,1.0,1,390,7.2,2.8,52.6,37.4,4.7,5.7,97387.0,396,13.4,5.1,47.5,34.1,4.6,5.4,99812.0,,1.0,"(('rng_type', 'london1h'), ('expire_hour', 14), ('exit_hour', 18), ('sl_frac', 1.0), ('sl_atr', 1.0), ('rr', 3.0), ('min_range_atr', 0.3), ('max_range_atr', 3.0))","(('max_trades_day', 1),)",,,
1,BTCUSD,fundingpips_1step,2.0,,,,,18.0,14.0,3.0,0.3,london1h,3.0,1.0,1,390,10.3,0.0,54.6,35.1,4.1,4.8,98238.0,396,19.2,0.0,49.0,31.8,3.7,4.7,100084.0,,1.0,"(('rng_type', 'london1h'), ('expire_hour', 14), ('exit_hour', 18), ('sl_frac', 1.0), ('sl_atr', 1.0), ('rr', 3.0), ('min_range_atr', 0.3), ('max_range_atr', 3.0))","(('max_trades_day', 1),)",,,
1,BTCUSD,ftmo_1step,2.0,,,,,18.0,14.0,3.0,0.3,london1h,0.0,1.0,1,390,1.8,9.5,47.7,41.0,6.6,5.8,97760.0,396,4.5,12.4,40.2,42.9,4.7,5.7,99607.0,1.5,1.0,"(('rng_type', 'london1h'), ('expire_hour', 14), ('exit_hour', 18), ('sl_frac', 1.0), ('sl_atr', 1.0), ('rr', 0.0), ('trail', 1.5), ('min_range_atr', 0.3), ('max_range_atr', 3.0))","(('max_trades_day', 1),)",,,
1,BTCUSD,fundingpips_1step,2.0,,,,,18.0,14.0,3.0,0.3,london1h,0.0,1.0,1,390,12.6,0.0,50.5,36.9,3.6,5.0,98579.0,396,18.4,0.0,44.4,37.1,3.6,5.2,100151.0,1.5,1.0,"(('rng_type', 'london1h'), ('expire_hour', 14), ('exit_hour', 18), ('sl_frac', 1.0), ('sl_atr', 1.0), ('rr', 0.0), ('trail', 1.5), ('min_range_atr', 0.3), ('max_range_atr', 3.0))","(('max_trades_day', 1),)",,,
1,BTCUSD,ftmo_1step,2.0,,,,,23.0,17.0,3.0,0.3,london1h,1.0,1.0,1,390,0.0,0.0,29.2,70.8,,6.6,96218.0,396,0.0,0.0,27.3,72.7,,6.5,97591.0,,,"(('rng_type', 'london1h'), ('expire_hour', 17), ('exit_hour', 23), ('sl_frac', 1.0), ('rr', 1.0), ('min_range_atr', 0.3), ('max_range_atr', 3.0))","(('max_trades_day', 1),)",,,
1,BTCUSD,fundingpips_1step,2.0,,,,,23.0,17.0,3.0,0.3,london1h,1.0,1.0,1,390,0.0,0.0,52.6,47.4,,5.6,96946.0,396,0.0,0.0,42.2,57.8,,5.8,98042.0,,,"(('rng_type', 'london1h'), ('expire_hour', 17), ('exit_hour', 23), ('sl_frac', 1.0), ('rr', 1.0), ('min_range_atr', 0.3), ('max_range_atr', 3.0))","(('max_trades_day', 1),)",,,
1,BTCUSD,ftmo_1step,2.0,,,,,23.0,17.0,3.0,0.3,london1h,2.0,1.0,1,390,5.1,0.0,46.2,48.7,5.0,6.0,96527.0,396,7.6,0.0,42.4,50.0,5.5,6.0,98321.0,,,"(('rng_type', 'london1h'), ('expire_hour', 17), ('exit_hour', 23), ('sl_frac', 1.0), ('rr', 2.0), ('min_range_atr', 0.3), ('max_range_atr', 3.0))","(('max_trades_day', 1),)",,,
1,BTCUSD,fundingpips_1step,2.0,,,,,23.0,17.0,3.0,0.3,london1h,2.0,1.0,1,390,5.1,0.0,61.3,33.6,5.0,4.9,97365.0,396,7.8,0.0,47.5,44.7,5.5,5.3,98841.0,,,"(('rng_type', 'london1h'), ('expire_hour', 17), ('exit_hour', 23), ('sl_frac', 1.0), ('rr', 2.0), ('min_range_atr', 0.3), ('max_range_atr', 3.0))","(('max_trades_day', 1),)",,,
1,BTCUSD,ftmo_1step,2.0,,,,,23.0,17.0,3.0,0.3,london1h,3.0,1.0,1,390,7.4,4.1,53.3,35.1,4.8,5.6,97048.0,396,10.1,4.3,54.0,31.6,4.6,5.4,98623.0,,,"(('rng_type', 'london1h'), ('expire_hour', 17), ('exit_hour', 23), ('sl_frac', 1.0), ('rr', 3.0), ('min_range_atr', 0.3), ('max_range_atr', 3.0))","(('max_trades_day', 1),)",,,
1,BTCUSD,fundingpips_1step,2.0,,,,,23.0,17.0,3.0,0.3,london1h,3.0,1.0,1,390,11.5,0.0,62.6,25.9,3.9,4.5,97932.0,396,15.9,0.0,53.0,31.1,4.5,4.7,99388.0,,,"(('rng_type', 'london1h'), ('expire_hour', 17), ('exit_hour', 23), ('sl_frac', 1.0), ('rr', 3.0), ('min_range_atr', 0.3), ('max_range_atr', 3.0))","(('max_trades_day', 1),)",,,
1,BTCUSD,ftmo_1step,2.0,,,,,23.0,17.0,3.0,0.3,london1h,0.0,1.0,1,390,1.3,12.3,68.7,17.7,5.6,5.2,97309.0,396,0.3,8.1,64.9,26.8,5.9,5.3,97660.0,1.5,,"(('rng_type', 'london1h'), ('expire_hour', 17), ('exit_hour', 23), ('sl_frac', 1.0), ('rr', 0.0), ('trail', 1.5), ('min_range_atr', 0.3), ('max_range_atr', 3.0))","(('max_trades_day', 1),)",,,
1,BTCUSD,fundingpips_1step,2.0,,,,,23.0,17.0,3.0,0.3,london1h,0.0,1.0,1,390,15.9,0.0,63.6,20.5,2.9,4.6,98173.0,396,12.6,0.0,57.1,30.3,2.6,4.9,99007.0,1.5,,"(('rng_type', 'london1h'), ('expire_hour', 17), ('exit_hour', 23), ('sl_frac', 1.0), ('rr', 0.0), ('trail', 1.5), ('min_range_atr', 0.3), ('max_range_atr', 3.0))","(('max_trades_day', 1),)",,,
1,BTCUSD,ftmo_1step,2.0,,,,,23.0,17.0,3.0,0.3,london1h,1.0,0.5,1,390,0.0,0.0,64.9,35.1,,6.1,91757.0,396,0.0,0.0,60.9,39.1,,6.1,92806.0,,,"(('rng_type', 'london1h'), ('expire_hour', 17), ('exit_hour', 23), ('sl_frac', 0.5), ('rr', 1.0), ('min_range_atr', 0.3), ('max_range_atr', 3.0))","(('max_trades_day', 1),)",,,
1,BTCUSD,fundingpips_1step,2.0,,,,,23.0,17.0,3.0,0.3,london1h,1.0,0.5,1,390,0.0,0.0,87.7,12.3,,4.4,94006.0,396,0.0,0.0,80.3,19.7,,4.6,94632.0,,,"(('rng_type', 'london1h'), ('expire_hour', 17), ('exit_hour', 23), ('sl_frac', 0.5), ('rr', 1.0), ('min_range_atr', 0.3), ('max_range_atr', 3.0))","(('max_trades_day', 1),)",,,
1,BTCUSD,ftmo_1step,2.0,,,,,23.0,17.0,3.0,0.3,london1h,2.0,0.5,1,390,1.0,0.0,69.5,29.5,3.5,5.7,92210.0,396,0.5,0.0,59.3,40.2,5.5,5.8,93294.0,,,"(('rng_type', 'london1h'), ('expire_hour', 17), ('exit_hour', 23), ('sl_frac', 0.5), ('rr', 2.0), ('min_range_atr', 0.3), ('max_range_atr', 3.0))","(('max_trades_day', 1),)",,,
1,BTCUSD,fundingpips_1step,2.0,,,,,23.0,17.0,3.0,0.3,london1h,2.0,0.5,1,390,1.0,0.0,84.9,14.1,3.5,4.2,94436.0,396,0.5,0.0,78.3,21.2,5.5,4.3,95123.0,,,"(('rng_type', 'london1h'), ('expire_hour', 17), ('exit_hour', 23), ('sl_frac', 0.5), ('rr', 2.0), ('min_range_atr', 0.3), ('max_range_atr', 3.0))","(('max_trades_day', 1),)",,,
1,BTCUSD,ftmo_1step,2.0,,,,,23.0,17.0,3.0,0.3,london1h,3.0,0.5,1,390,1.8,0.5,74.1,23.6,4.5,5.5,92687.0,396,3.8,1.3,69.9,25.0,4.6,5.4,94222.0,,,"(('rng_type', 'london1h'), ('expire_hour', 17), ('exit_hour', 23), ('sl_frac', 0.5), ('rr', 3.0), ('min_range_atr', 0.3), ('max_range_atr', 3.0))","(('max_trades_day', 1),)",,,
1,BTCUSD,fundingpips_1step,2.0,,,,,23.0,17.0,3.0,0.3,london1h,3.0,0.5,1,390,2.8,0.0,85.6,11.5,4.5,4.0,94774.0,396,5.1,0.0,79.0,15.9,4.5,4.1,95902.0,,,"(('rng_type', 'london1h'), ('expire_hour', 17), ('exit_hour', 23), ('sl_frac', 0.5), ('rr', 3.0), ('min_range_atr', 0.3), ('max_range_atr', 3.0))","(('max_trades_day', 1),)",,,
1,BTCUSD,ftmo_1step,2.0,,,,,23.0,17.0,3.0,0.3,london1h,0.0,0.5,1,390,0.0,1.0,95.4,3.6,,4.7,92907.0,396,0.0,1.5,92.9,5.6,,4.7,94002.0,1.5,,"(('rng_type', 'london1h'), ('expire_hour', 17), ('exit_hour', 23), ('sl_frac', 0.5), ('rr', 0.0), ('trail', 1.5), ('min_range_atr', 0.3), ('max_range_atr', 3.0))","(('max_trades_day', 1),)",,,
1,BTCUSD,fundingpips_1step,2.0,,,,,23.0,17.0,3.0,0.3,london1h,0.0,0.5,1,390,5.9,0.0,87.9,6.2,1.9,3.6,95276.0,396,6.6,0.0,79.8,13.6,2.6,3.8,96287.0,1.5,,"(('rng_type', 'london1h'), ('expire_hour', 17), ('exit_hour', 23), ('sl_frac', 0.5), ('rr', 0.0), ('trail', 1.5), ('min_range_atr', 0.3), ('max_range_atr', 3.0))","(('max_trades_day', 1),)",,,
1,BTCUSD,ftmo_1step,2.0,,,,,23.0,17.0,3.0,0.3,london1h,1.0,1.0,1,390,1.0,0.0,25.4,73.6,5.5,6.6,97298.0,396,1.5,0.0,22.5,76.0,5.5,6.6,98457.0,,1.0,"(('rng_type', 'london1h'), ('expire_hour', 17), ('exit_hour', 23), ('sl_frac', 1.0), ('sl_atr', 1.0), ('rr', 1.0), ('min_range_atr', 0.3), ('max_range_atr', 3.0))","(('max_trades_day', 1),)",,,
1,BTCUSD,fundingpips_1step,2.0,,,,,23.0,17.0,3.0,0.3,london1h,1.0,1.0,1,390,1.0,0.0,46.4,52.6,5.5,5.7,97854.0,396,1.5,0.0,37.4,61.1,5.5,5.9,98814.0,,1.0,"(('rng_type', 'london1h'), ('expire_hour', 17), ('exit_hour', 23), ('sl_frac', 1.0), ('sl_atr', 1.0), ('rr', 1.0), ('min_range_atr', 0.3), ('max_range_atr', 3.0))","(('max_trades_day', 1),)",,,
1,BTCUSD,ftmo_1step,2.0,,,,,23.0,17.0,3.0,0.3,london1h,2.0,1.0,1,390,9.2,0.0,42.6,48.2,5.2,6.0,97712.0,396,10.6,0.0,36.9,52.5,4.6,6.0,99317.0,,1.0,"(('rng_type', 'london1h'), ('expire_hour', 17), ('exit_hour', 23), ('sl_frac', 1.0), ('sl_atr', 1.0), ('rr', 2.0), ('min_range_atr', 0.3), ('max_range_atr', 3.0))","(('max_trades_day', 1),)",,,
1,BTCUSD,fundingpips_1step,2.0,,,,,23.0,17.0,3.0,0.3,london1h,2.0,1.0,1,390,9.2,0.0,54.6,36.2,5.2,5.0,98400.0,396,11.6,0.0,44.2,44.2,4.6,5.2,99672.0,,1.0,"(('rng_type', 'london1h'), ('expire_hour', 17), ('exit_hour', 23), ('sl_frac', 1.0), ('sl_atr', 1.0), ('rr', 2.0), ('min_range_atr', 0.3), ('max_range_atr', 3.0))","(('max_trades_day', 1),)",,,
1,BTCUSD,ftmo_1step,2.0,,,,,23.0,17.0,3.0,0.3,london1h,3.0,1.0,1,390,8.5,3.6,54.4,33.6,4.7,5.6,97524.0,396,16.2,6.3,46.5,31.1,4.6,5.3,100088.0,,1.0,"(('rng_type', 'london1h'), ('expire_hour', 17), ('exit_hour', 23), ('sl_frac', 1.0), ('sl_atr', 1.0), ('rr', 3.0), ('min_range_atr', 0.3), ('max_range_atr', 3.0))","(('max_trades_day', 1),)",,,
1,BTCUSD,fundingpips_1step,2.0,,,,,23.0,17.0,3.0,0.3,london1h,3.0,1.0,1,390,13.1,0.0,59.0,27.9,3.9,4.6,98499.0,396,22.5,0.0,51.0,26.5,3.7,4.6,100266.0,,1.0,"(('rng_type', 'london1h'), ('expire_hour', 17), ('exit_hour', 23), ('sl_frac', 1.0), ('sl_atr', 1.0), ('rr', 3.0), ('min_range_atr', 0.3), ('max_range_atr', 3.0))","(('max_trades_day', 1),)",,,
1,BTCUSD,ftmo_1step,2.0,,,,,23.0,17.0,3.0,0.3,london1h,0.0,1.0,1,390,2.3,7.7,53.6,36.4,5.9,5.8,97534.0,396,4.3,12.6,47.2,35.9,4.9,5.7,99052.0,1.5,1.0,"(('rng_type', 'london1h'), ('expire_hour', 17), ('exit_hour', 23), ('sl_frac', 1.0), ('sl_atr', 1.0), ('rr', 0.0), ('trail', 1.5), ('min_range_atr', 0.3), ('max_range_atr', 3.0))","(('max_trades_day', 1),)",,,
1,BTCUSD,fundingpips_1step,2.0,,,,,23.0,17.0,3.0,0.3,london1h,0.0,1.0,1,390,11.8,0.0,52.8,35.4,3.7,5.0,98424.0,396,18.4,0.0,47.5,34.1,3.7,5.2,99607.0,1.5,1.0,"(('rng_type', 'london1h'), ('expire_hour', 17), ('exit_hour', 23), ('sl_frac', 1.0), ('sl_atr', 1.0), ('rr', 0.0), ('trail', 1.5), ('min_range_atr', 0.3), ('max_range_atr', 3.0))","(('max_trades_day', 1),)",,,
1,BTCUSD,ftmo_1step,2.0,,,,,22.0,18.0,3.0,0.3,nypre,1.0,1.0,1,390,0.0,0.0,0.8,99.2,,3.7,99570.0,396,0.0,0.0,1.3,98.7,,3.8,100453.0,,,"(('rng_type', 'nypre'), ('expire_hour', 18), ('exit_hour', 22), ('sl_frac', 1.0), ('rr', 1.0), ('min_range_atr', 0.3), ('max_range_atr', 3.0))","(('max_trades_day', 1),)",,,
1,BTCUSD,fundingpips_1step,2.0,,,,,22.0,18.0,3.0,0.3,nypre,1.0,1.0,1,390,0.0,0.0,8.7,91.3,,3.7,99550.0,396,0.0,0.0,3.3,96.7,,3.8,100448.0,,,"(('rng_type', 'nypre'), ('expire_hour', 18), ('exit_hour', 22), ('sl_frac', 1.0), ('rr', 1.0), ('min_range_atr', 0.3), ('max_range_atr', 3.0))","(('max_trades_day', 1),)",,,
1,BTCUSD,ftmo_1step,2.0,,,,,22.0,18.0,3.0,0.3,nypre,2.0,1.0,1,390,0.0,0.0,0.8,99.2,,3.7,99273.0,396,1.3,0.0,1.3,97.5,6.7,3.8,100517.0,,,"(('rng_type', 'nypre'), ('expire_hour', 18), ('exit_hour', 22), ('sl_frac', 1.0), ('rr', 2.0), ('min_range_atr', 0.3), ('max_range_atr', 3.0))","(('max_trades_day', 1),)",,,
1,BTCUSD,fundingpips_1step,2.0,,,,,22.0,18.0,3.0,0.3,nypre,2.0,1.0,1,390,0.0,0.0,9.7,90.3,,3.7,99228.0,396,1.3,0.0,2.8,96.0,6.7,3.8,100539.0,,,"(('rng_type', 'nypre'), ('expire_hour', 18), ('exit_hour', 22), ('sl_frac', 1.0), ('rr', 2.0), ('min_range_atr', 0.3), ('max_range_atr', 3.0))","(('max_trades_day', 1),)",,,
1,BTCUSD,ftmo_1step,2.0,,,,,22.0,18.0,3.0,0.3,nypre,3.0,1.0,1,390,0.0,0.0,0.8,99.2,,3.7,99335.0,396,0.5,1.5,1.3,96.7,4.1,3.8,100602.0,,,"(('rng_type', 'nypre'), ('expire_hour', 18), ('exit_hour', 22), ('sl_frac', 1.0), ('rr', 3.0), ('min_range_atr', 0.3), ('max_range_atr', 3.0))","(('max_trades_day', 1),)",,,
1,BTCUSD,fundingpips_1step,2.0,,,,,22.0,18.0,3.0,0.3,nypre,3.0,1.0,1,390,0.0,0.0,9.7,90.3,,3.7,99271.0,396,2.0,0.0,2.8,95.2,5.2,3.8,100640.0,,,"(('rng_type', 'nypre'), ('expire_hour', 18), ('exit_hour', 22), ('sl_frac', 1.0), ('rr', 3.0), ('min_range_atr', 0.3), ('max_range_atr', 3.0))","(('max_trades_day', 1),)",,,
1,BTCUSD,ftmo_1step,2.0,,,,,22.0,18.0,3.0,0.3,nypre,0.0,1.0,1,390,0.0,0.0,0.8,99.2,,3.7,99256.0,396,0.5,0.5,0.0,99.0,4.2,3.8,100126.0,1.5,,"(('rng_type', 'nypre'), ('expire_hour', 18), ('exit_hour', 22), ('sl_frac', 1.0), ('rr', 0.0), ('trail', 1.5), ('min_range_atr', 0.3), ('max_range_atr', 3.0))","(('max_trades_day', 1),)",,,
1,BTCUSD,fundingpips_1step,2.0,,,,,22.0,18.0,3.0,0.3,nypre,0.0,1.0,1,390,0.0,0.0,3.6,96.4,,3.7,99246.0,396,1.0,0.0,1.5,97.5,5.3,3.8,100120.0,1.5,,"(('rng_type', 'nypre'), ('expire_hour', 18), ('exit_hour', 22), ('sl_frac', 1.0), ('rr', 0.0), ('trail', 1.5), ('min_range_atr', 0.3), ('max_range_atr', 3.0))","(('max_trades_day', 1),)",,,
1,BTCUSD,ftmo_1step,2.0,,,,,22.0,18.0,3.0,0.3,nypre,1.0,0.5,1,390,0.0,0.0,5.1,94.9,,3.7,98078.0,396,0.0,0.0,4.0,96.0,,3.8,98363.0,,,"(('rng_type', 'nypre'), ('expire_hour', 18), ('exit_hour', 22), ('sl_frac', 0.5), ('rr', 1.0), ('min_range_atr', 0.3), ('max_range_atr', 3.0))","(('max_trades_day', 1),)",,,
1,BTCUSD,fundingpips_1step,2.0,,,,,22.0,18.0,3.0,0.3,nypre,1.0,0.5,1,390,0.0,0.0,21.0,79.0,,3.5,98194.0,396,0.0,0.0,22.2,77.8,,3.6,98476.0,,,"(('rng_type', 'nypre'), ('expire_hour', 18), ('exit_hour', 22), ('sl_frac', 0.5), ('rr', 1.0), ('min_range_atr', 0.3), ('max_range_atr', 3.0))","(('max_trades_day', 1),)",,,
1,BTCUSD,ftmo_1step,2.0,,,,,22.0,18.0,3.0,0.3,nypre,2.0,0.5,1,390,0.3,0.0,7.9,91.8,6.8,3.7,98418.0,396,3.0,0.0,5.1,91.9,5.7,3.7,98719.0,,,"(('rng_type', 'nypre'), ('expire_hour', 18), ('exit_hour', 22), ('sl_frac', 0.5), ('rr', 2.0), ('min_range_atr', 0.3), ('max_range_atr', 3.0))","(('max_trades_day', 1),)",,,
1,BTCUSD,fundingpips_1step,2.0,,,,,22.0,18.0,3.0,0.3,nypre,2.0,0.5,1,390,0.3,0.0,25.6,74.1,6.8,3.4,98545.0,396,3.0,0.0,26.5,70.5,5.7,3.5,98589.0,,,"(('rng_type', 'nypre'), ('expire_hour', 18), ('exit_hour', 22), ('sl_frac', 0.5), ('rr', 2.0), ('min_range_atr', 0.3), ('max_range_atr', 3.0))","(('max_trades_day', 1),)",,,
1,BTCUSD,ftmo_1step,2.0,,,,,22.0,18.0,3.0,0.3,nypre,3.0,0.5,1,390,0.8,1.3,9.0,89.0,5.8,3.7,98436.0,396,3.8,1.8,4.5,89.9,5.8,3.7,99071.0,,,"(('rng_type', 'nypre'), ('expire_hour', 18), ('exit_hour', 22), ('sl_frac', 0.5), ('rr', 3.0), ('min_range_atr', 0.3), ('max_range_atr', 3.0))","(('max_trades_day', 1),)",,,
1,BTCUSD,fundingpips_1step,2.0,,,,,22.0,18.0,3.0,0.3,nypre,3.0,0.5,1,390,2.1,0.0,26.7,71.3,4.7,3.4,98546.0,396,5.6,0.0,26.3,68.2,5.7,3.5,98897.0,,,"(('rng_type', 'nypre'), ('expire_hour', 18), ('exit_hour', 22), ('sl_frac', 0.5), ('rr', 3.0), ('min_range_atr', 0.3), ('max_range_atr', 3.0))","(('max_trades_day', 1),)",,,
1,BTCUSD,ftmo_1step,2.0,,,,,22.0,18.0,3.0,0.3,nypre,0.0,0.5,1,390,0.0,6.2,6.7,87.2,,3.6,98261.0,396,1.3,4.0,3.8,90.9,5.9,3.7,98360.0,1.5,,"(('rng_type', 'nypre'), ('expire_hour', 18), ('exit_hour', 22), ('sl_frac', 0.5), ('rr', 0.0), ('trail', 1.5), ('min_range_atr', 0.3), ('max_range_atr', 3.0))","(('max_trades_day', 1),)",,,
1,BTCUSD,fundingpips_1step,2.0,,,,,22.0,18.0,3.0,0.3,nypre,0.0,0.5,1,390,6.2,0.0,22.1,71.8,3.8,3.4,98456.0,396,5.3,0.0,25.0,69.7,3.8,3.5,98303.0,1.5,,"(('rng_type', 'nypre'), ('expire_hour', 18), ('exit_hour', 22), ('sl_frac', 0.5), ('rr', 0.0), ('trail', 1.5), ('min_range_atr', 0.3), ('max_range_atr', 3.0))","(('max_trades_day', 1),)",,,
1,BTCUSD,ftmo_1step,2.0,,,,,22.0,18.0,3.0,0.3,nypre,1.0,1.0,1,390,0.0,0.0,6.4,93.6,,3.7,97914.0,396,0.0,0.0,4.5,95.5,,3.8,98250.0,,1.0,"(('rng_type', 'nypre'), ('expire_hour', 18), ('exit_hour', 22), ('sl_frac', 1.0), ('sl_atr', 1.0), ('rr', 1.0), ('min_range_atr', 0.3), ('max_range_atr', 3.0))","(('max_trades_day', 1),)",,,
1,BTCUSD,fundingpips_1step,2.0,,,,,22.0,18.0,3.0,0.3,nypre,1.0,1.0,1,390,0.0,0.0,22.1,77.9,,3.5,98142.0,396,0.0,0.0,25.3,74.7,,3.5,98333.0,,1.0,"(('rng_type', 'nypre'), ('expire_hour', 18), ('exit_hour', 22), ('sl_frac', 1.0), ('sl_atr', 1.0), ('rr', 1.0), ('min_range_atr', 0.3), ('max_range_atr', 3.0))","(('max_trades_day', 1),)",,,
1,BTCUSD,ftmo_1step,2.0,,,,,22.0,18.0,3.0,0.3,nypre,2.0,1.0,1,390,1.3,0.0,10.3,88.5,4.6,3.7,98223.0,396,2.3,0.0,8.3,89.4,5.6,3.7,98449.0,,1.0,"(('rng_type', 'nypre'), ('expire_hour', 18), ('exit_hour', 22), ('sl_frac', 1.0), ('sl_atr', 1.0), ('rr', 2.0), ('min_range_atr', 0.3), ('max_range_atr', 3.0))","(('max_trades_day', 1),)",,,
1,BTCUSD,fundingpips_1step,2.0,,,,,22.0,18.0,3.0,0.3,nypre,2.0,1.0,1,390,1.3,0.0,29.2,69.5,4.6,3.4,98479.0,396,2.3,0.0,29.8,67.9,5.6,3.5,98632.0,,1.0,"(('rng_type', 'nypre'), ('expire_hour', 18), ('exit_hour', 22), ('sl_frac', 1.0), ('sl_atr', 1.0), ('rr', 2.0), ('min_range_atr', 0.3), ('max_range_atr', 3.0))","(('max_trades_day', 1),)",,,
1,BTCUSD,ftmo_1step,2.0,,,,,22.0,18.0,3.0,0.3,nypre,3.0,1.0,1,390,1.8,0.8,12.3,85.1,5.7,3.7,98368.0,396,3.5,3.3,9.3,83.8,5.7,3.6,98660.0,,1.0,"(('rng_type', 'nypre'), ('expire_hour', 18), ('exit_hour', 22), ('sl_frac', 1.0), ('sl_atr', 1.0), ('rr', 3.0), ('min_range_atr', 0.3), ('max_range_atr', 3.0))","(('max_trades_day', 1),)",,,
1,BTCUSD,fundingpips_1step,2.0,,,,,22.0,18.0,3.0,0.3,nypre,3.0,1.0,1,390,2.6,0.0,31.0,66.4,4.8,3.3,98637.0,396,6.8,0.0,30.8,62.4,4.7,3.4,98792.0,,1.0,"(('rng_type', 'nypre'), ('expire_hour', 18), ('exit_hour', 22), ('sl_frac', 1.0), ('sl_atr', 1.0), ('rr', 3.0), ('min_range_atr', 0.3), ('max_range_atr', 3.0))","(('max_trades_day', 1),)",,,
1,BTCUSD,ftmo_1step,2.0,,,,,22.0,18.0,3.0,0.3,nypre,0.0,1.0,1,390,0.5,5.6,11.0,82.8,6.4,3.6,97777.0,396,1.0,5.1,9.3,84.6,6.3,3.6,98126.0,1.5,1.0,"(('rng_type', 'nypre'), ('expire_hour', 18), ('exit_hour', 22), ('sl_frac', 1.0), ('sl_atr', 1.0), ('rr', 0.0), ('trail', 1.5), ('min_range_atr', 0.3), ('max_range_atr', 3.0))","(('max_trades_day', 1),)",,,
1,BTCUSD,fundingpips_1step,2.0,,,,,22.0,18.0,3.0,0.3,nypre,0.0,1.0,1,390,6.2,0.0,27.7,66.2,3.4,3.4,98175.0,396,6.1,0.0,29.8,64.1,3.3,3.4,98230.0,1.5,1.0,"(('rng_type', 'nypre'), ('expire_hour', 18), ('exit_hour', 22), ('sl_frac', 1.0), ('sl_atr', 1.0), ('rr', 0.0), ('trail', 1.5), ('min_range_atr', 0.3), ('max_range_atr', 3.0))","(('max_trades_day', 1),)",,,
1,BTCUSD,ftmo_1step,2.0,,,,,23.0,20.0,3.0,0.3,nypre,1.0,1.0,1,390,1.0,0.0,2.3,96.7,6.3,4.1,99564.0,396,0.0,0.0,1.3,98.7,,4.2,100355.0,,,"(('rng_type', 'nypre'), ('expire_hour', 20), ('exit_hour', 23), ('sl_frac', 1.0), ('rr', 1.0), ('min_range_atr', 0.3), ('max_range_atr', 3.0))","(('max_trades_day', 1),)",,,
1,BTCUSD,fundingpips_1step,2.0,,,,,23.0,20.0,3.0,0.3,nypre,1.0,1.0,1,390,1.0,0.0,10.5,88.5,6.3,4.1,99531.0,396,0.0,0.0,4.0,96.0,,4.1,100363.0,,,"(('rng_type', 'nypre'), ('expire_hour', 20), ('exit_hour', 23), ('sl_frac', 1.0), ('rr', 1.0), ('min_range_atr', 0.3), ('max_range_atr', 3.0))","(('max_trades_day', 1),)",,,
1,BTCUSD,ftmo_1step,2.0,,,,,23.0,20.0,3.0,0.3,nypre,2.0,1.0,1,390,0.0,0.0,2.6,97.4,,4.1,99424.0,396,1.0,0.0,2.0,97.0,5.8,4.2,100288.0,,,"(('rng_type', 'nypre'), ('expire_hour', 20), ('exit_hour', 23), ('sl_frac', 1.0), ('rr', 2.0), ('min_range_atr', 0.3), ('max_range_atr', 3.0))","(('max_trades_day', 1),)",,,
1,BTCUSD,fundingpips_1step,2.0,,,,,23.0,20.0,3.0,0.3,nypre,2.0,1.0,1,390,0.0,0.0,11.8,88.2,,4.1,99426.0,396,1.0,0.0,4.3,94.7,5.8,4.1,100349.0,,,"(('rng_type', 'nypre'), ('expire_hour', 20), ('exit_hour', 23), ('sl_frac', 1.0), ('rr', 2.0), ('min_range_atr', 0.3), ('max_range_atr', 3.0))","(('max_trades_day', 1),)",,,
1,BTCUSD,ftmo_1step,2.0,,,,,23.0,20.0,3.0,0.3,nypre,3.0,1.0,1,390,0.0,0.0,3.3,96.7,,4.1,99518.0,396,0.5,1.0,2.0,96.5,4.1,4.2,100354.0,,,"(('rng_type', 'nypre'), ('expire_hour', 20), ('exit_hour', 23), ('sl_frac', 1.0), ('rr', 3.0), ('min_range_atr', 0.3), ('max_range_atr', 3.0))","(('max_trades_day', 1),)",,,
1,BTCUSD,fundingpips_1step,2.0,,,,,23.0,20.0,3.0,0.3,nypre,3.0,1.0,1,390,0.0,0.0,11.8,88.2,,4.1,99517.0,396,1.5,0.0,4.3,94.2,4.8,4.1,100438.0,,,"(('rng_type', 'nypre'), ('expire_hour', 20), ('exit_hour', 23), ('sl_frac', 1.0), ('rr', 3.0), ('min_range_atr', 0.3), ('max_range_atr', 3.0))","(('max_trades_day', 1),)",,,
1,BTCUSD,ftmo_1step,2.0,,,,,23.0,20.0,3.0,0.3,nypre,0.0,1.0,1,390,0.0,0.5,2.1,97.4,,4.1,99387.0,396,0.5,1.8,0.0,97.7,4.2,4.2,100012.0,1.5,,"(('rng_type', 'nypre'), ('expire_hour', 20), ('exit_hour', 23), ('sl_frac', 1.0), ('rr', 0.0), ('trail', 1.5), ('min_range_atr', 0.3), ('max_range_atr', 3.0))","(('max_trades_day', 1),)",,,
1,BTCUSD,fundingpips_1step,2.0,,,,,23.0,20.0,3.0,0.3,nypre,0.0,1.0,1,390,0.5,0.0,4.9,94.6,6.4,4.1,99419.0,396,2.3,0.0,2.8,94.9,4.9,4.1,99995.0,1.5,,"(('rng_type', 'nypre'), ('expire_hour', 20), ('exit_hour', 23), ('sl_frac', 1.0), ('rr', 0.0), ('trail', 1.5), ('min_range_atr', 0.3), ('max_range_atr', 3.0))","(('max_trades_day', 1),)",,,
1,BTCUSD,ftmo_1step,2.0,,,,,23.0,20.0,3.0,0.3,nypre,1.0,0.5,1,390,0.0,0.0,6.4,93.6,,4.1,97812.0,396,0.0,0.0,4.5,95.5,,4.1,98355.0,,,"(('rng_type', 'nypre'), ('expire_hour', 20), ('exit_hour', 23), ('sl_frac', 0.5), ('rr', 1.0), ('min_range_atr', 0.3), ('max_range_atr', 3.0))","(('max_trades_day', 1),)",,,
1,BTCUSD,fundingpips_1step,2.0,,,,,23.0,20.0,3.0,0.3,nypre,1.0,0.5,1,390,0.0,0.0,26.9,73.1,,3.8,98006.0,396,0.0,0.0,22.7,77.3,,3.9,98466.0,,,"(('rng_type', 'nypre'), ('expire_hour', 20), ('exit_hour', 23), ('sl_frac', 0.5), ('rr', 1.0), ('min_range_atr', 0.3), ('max_range_atr', 3.0))","(('max_trades_day', 1),)",,,
1,BTCUSD,ftmo_1step,2.0,,,,,23.0,20.0,3.0,0.3,nypre,2.0,0.5,1,390,1.3,0.0,10.0,88.7,5.8,4.1,98353.0,396,2.5,0.0,7.8,89.6,5.7,4.1,98477.0,,,"(('rng_type', 'nypre'), ('expire_hour', 20), ('exit_hour', 23), ('sl_frac', 0.5), ('rr', 2.0), ('min_range_atr', 0.3), ('max_range_atr', 3.0))","(('max_trades_day', 1),)",,,
1,BTCUSD,fundingpips_1step,2.0,,,,,23.0,20.0,3.0,0.3,nypre,2.0,0.5,1,390,1.3,0.0,31.5,67.2,5.8,3.8,98520.0,396,2.5,0.0,28.8,68.7,5.7,3.8,98480.0,,,"(('rng_type', 'nypre'), ('expire_hour', 20), ('exit_hour', 23), ('sl_frac', 0.5), ('rr', 2.0), ('min_range_atr', 0.3), ('max_range_atr', 3.0))","(('max_trades_day', 1),)",,,
1,BTCUSD,ftmo_1step,2.0,,,,,23.0,20.0,3.0,0.3,nypre,3.0,0.5,1,390,1.8,1.3,12.6,84.4,5.7,4.1,98584.0,396,3.5,3.0,6.6,86.9,5.7,4.1,98832.0,,,"(('rng_type', 'nypre'), ('expire_hour', 20), ('exit_hour', 23), ('sl_frac', 0.5), ('rr', 3.0), ('min_range_atr', 0.3), ('max_range_atr', 3.0))","(('max_trades_day', 1),)",,,
1,BTCUSD,fundingpips_1step,2.0,,,,,23.0,20.0,3.0,0.3,nypre,3.0,0.5,1,390,3.1,0.0,32.6,64.4,4.7,3.7,98765.0,396,6.6,0.0,29.0,64.4,4.8,3.8,98795.0,,,"(('rng_type', 'nypre'), ('expire_hour', 20), ('exit_hour', 23), ('sl_frac', 0.5), ('rr', 3.0), ('min_range_atr', 0.3), ('max_range_atr', 3.0))","(('max_trades_day', 1),)",,,
1,BTCUSD,ftmo_1step,2.0,,,,,23.0,20.0,3.0,0.3,nypre,0.0,0.5,1,390,0.0,7.4,10.0,82.6,,4.0,98334.0,396,0.8,3.5,4.5,91.2,3.9,4.1,98001.0,1.5,,"(('rng_type', 'nypre'), ('expire_hour', 20), ('exit_hour', 23), ('sl_frac', 0.5), ('rr', 0.0), ('trail', 1.5), ('min_range_atr', 0.3), ('max_range_atr', 3.0))","(('max_trades_day', 1),)",,,
1,BTCUSD,fundingpips_1step,2.0,,,,,23.0,20.0,3.0,0.3,nypre,0.0,0.5,1,390,7.4,0.0,29.7,62.8,3.9,3.7,98563.0,396,4.3,0.0,27.5,68.2,3.8,3.8,98011.0,1.5,,"(('rng_type', 'nypre'), ('expire_hour', 20), ('exit_hour', 23), ('sl_frac', 0.5), ('rr', 0.0), ('trail', 1.5), ('min_range_atr', 0.3), ('max_range_atr', 3.0))","(('max_trades_day', 1),)",,,
1,BTCUSD,ftmo_1step,2.0,,,,,23.0,20.0,3.0,0.3,nypre,1.0,1.0,1,390,0.0,0.0,7.4,92.6,,4.1,97748.0,396,0.0,0.0,7.1,92.9,,4.1,98086.0,,1.0,"(('rng_type', 'nypre'), ('expire_hour', 20), ('exit_hour', 23), ('sl_frac', 1.0), ('sl_atr', 1.0), ('rr', 1.0), ('min_range_atr', 0.3), ('max_range_atr', 3.0))","(('max_trades_day', 1),)",,,
1,BTCUSD,fundingpips_1step,2.0,,,,,23.0,20.0,3.0,0.3,nypre,1.0,1.0,1,390,0.0,0.0,28.2,71.8,,3.8,97997.0,396,0.0,0.0,26.0,74.0,,3.8,98233.0,,1.0,"(('rng_type', 'nypre'), ('expire_hour', 20), ('exit_hour', 23), ('sl_frac', 1.0), ('sl_atr', 1.0), ('rr', 1.0), ('min_range_atr', 0.3), ('max_range_atr', 3.0))","(('max_trades_day', 1),)",,,
1,BTCUSD,ftmo_1step,2.0,,,,,23.0,20.0,3.0,0.3,nypre,2.0,1.0,1,390,1.0,0.0,13.3,85.6,4.1,4.1,98031.0,396,2.3,0.0,11.1,86.6,5.6,4.1,98111.0,,1.0,"(('rng_type', 'nypre'), ('expire_hour', 20), ('exit_hour', 23), ('sl_frac', 1.0), ('sl_atr', 1.0), ('rr', 2.0), ('min_range_atr', 0.3), ('max_range_atr', 3.0))","(('max_trades_day', 1),)",,,
1,BTCUSD,fundingpips_1step,2.0,,,,,23.0,20.0,3.0,0.3,nypre,2.0,1.0,1,390,1.0,0.0,36.7,62.3,4.1,3.7,98333.0,396,2.3,0.0,31.6,66.2,5.6,3.8,98385.0,,1.0,"(('rng_type', 'nypre'), ('expire_hour', 20), ('exit_hour', 23), ('sl_frac', 1.0), ('sl_atr', 1.0), ('rr', 2.0), ('min_range_atr', 0.3), ('max_range_atr', 3.0))","(('max_trades_day', 1),)",,,
1,BTCUSD,ftmo_1step,2.0,,,,,23.0,20.0,3.0,0.3,nypre,3.0,1.0,1,390,2.3,1.0,16.7,80.0,4.9,4.0,98348.0,396,3.8,3.3,12.1,80.8,4.9,4.0,98303.0,,1.0,"(('rng_type', 'nypre'), ('expire_hour', 20), ('exit_hour', 23), ('sl_frac', 1.0), ('sl_atr', 1.0), ('rr', 3.0), ('min_range_atr', 0.3), ('max_range_atr', 3.0))","(('max_trades_day', 1),)",,,
1,BTCUSD,fundingpips_1step,2.0,,,,,23.0,20.0,3.0,0.3,nypre,3.0,1.0,1,390,3.3,0.0,38.5,58.2,4.8,3.6,98683.0,396,7.1,0.0,33.8,59.1,4.7,3.7,98535.0,,1.0,"(('rng_type', 'nypre'), ('expire_hour', 20), ('exit_hour', 23), ('sl_frac', 1.0), ('sl_atr', 1.0), ('rr', 3.0), ('min_range_atr', 0.3), ('max_range_atr', 3.0))","(('max_trades_day', 1),)",,,
1,BTCUSD,ftmo_1step,2.0,,,,,23.0,20.0,3.0,0.3,nypre,0.0,1.0,1,390,0.0,9.2,14.9,75.9,,4.0,97847.0,396,1.3,4.5,11.9,82.3,5.9,4.0,97686.0,1.5,1.0,"(('rng_type', 'nypre'), ('expire_hour', 20), ('exit_hour', 23), ('sl_frac', 1.0), ('sl_atr', 1.0), ('rr', 0.0), ('trail', 1.5), ('min_range_atr', 0.3), ('max_range_atr', 3.0))","(('max_trades_day', 1),)",,,
1,BTCUSD,fundingpips_1step,2.0,,,,,23.0,20.0,3.0,0.3,nypre,0.0,1.0,1,390,9.2,0.0,34.1,56.7,3.9,3.6,98318.0,396,5.8,0.0,31.8,62.4,3.8,3.7,97915.0,1.5,1.0,"(('rng_type', 'nypre'), ('expire_hour', 20), ('exit_hour', 23), ('sl_frac', 1.0), ('sl_atr', 1.0), ('rr', 0.0), ('trail', 1.5), ('min_range_atr', 0.3), ('max_range_atr', 3.0))","(('max_trades_day', 1),)",,,
1,BTCUSD,ftmo_1step,2.0,,,,,18.0,14.0,12.0,1.0,prevday,1.0,1.0,1,390,0.0,0.0,0.0,100.0,,3.3,100416.0,396,0.0,0.0,0.0,100.0,,3.7,100186.0,,,"(('rng_type', 'prevday'), ('expire_hour', 14), ('exit_hour', 18), ('sl_frac', 1.0), ('rr', 1.0), ('min_range_atr', 1.0), ('max_range_atr', 12.0))","(('max_trades_day', 1),)",,,
1,BTCUSD,fundingpips_1step,2.0,,,,,18.0,14.0,12.0,1.0,prevday,1.0,1.0,1,390,0.0,0.0,0.0,100.0,,3.3,100416.0,396,0.0,0.0,0.0,100.0,,3.7,100186.0,,,"(('rng_type', 'prevday'), ('expire_hour', 14), ('exit_hour', 18), ('sl_frac', 1.0), ('rr', 1.0), ('min_range_atr', 1.0), ('max_range_atr', 12.0))","(('max_trades_day', 1),)",,,
1,BTCUSD,ftmo_1step,2.0,,,,,18.0,14.0,12.0,1.0,prevday,2.0,1.0,1,390,0.0,0.0,0.0,100.0,,3.3,100356.0,396,0.0,0.0,0.0,100.0,,3.7,100152.0,,,"(('rng_type', 'prevday'), ('expire_hour', 14), ('exit_hour', 18), ('sl_frac', 1.0), ('rr', 2.0), ('min_range_atr', 1.0), ('max_range_atr', 12.0))","(('max_trades_day', 1),)",,,
1,BTCUSD,fundingpips_1step,2.0,,,,,18.0,14.0,12.0,1.0,prevday,2.0,1.0,1,390,0.0,0.0,0.3,99.7,,3.3,100348.0,396,0.0,0.0,0.0,100.0,,3.7,100152.0,,,"(('rng_type', 'prevday'), ('expire_hour', 14), ('exit_hour', 18), ('sl_frac', 1.0), ('rr', 2.0), ('min_range_atr', 1.0), ('max_range_atr', 12.0))","(('max_trades_day', 1),)",,,
1,BTCUSD,ftmo_1step,2.0,,,,,18.0,14.0,12.0,1.0,prevday,3.0,1.0,1,390,0.0,0.0,0.0,100.0,,3.3,100387.0,396,0.0,0.0,0.0,100.0,,3.7,100177.0,,,"(('rng_type', 'prevday'), ('expire_hour', 14), ('exit_hour', 18), ('sl_frac', 1.0), ('rr', 3.0), ('min_range_atr', 1.0), ('max_range_atr', 12.0))","(('max_trades_day', 1),)",,,
1,BTCUSD,fundingpips_1step,2.0,,,,,18.0,14.0,12.0,1.0,prevday,3.0,1.0,1,390,0.0,0.0,0.3,99.7,,3.3,100380.0,396,0.0,0.0,0.0,100.0,,3.7,100177.0,,,"(('rng_type', 'prevday'), ('expire_hour', 14), ('exit_hour', 18), ('sl_frac', 1.0), ('rr', 3.0), ('min_range_atr', 1.0), ('max_range_atr', 12.0))","(('max_trades_day', 1),)",,,
1,BTCUSD,ftmo_1step,2.0,,,,,18.0,14.0,12.0,1.0,prevday,0.0,1.0,1,390,0.0,0.0,0.0,100.0,,3.3,100248.0,396,0.0,0.0,0.0,100.0,,3.7,100147.0,1.5,,"(('rng_type', 'prevday'), ('expire_hour', 14), ('exit_hour', 18), ('sl_frac', 1.0), ('rr', 0.0), ('trail', 1.5), ('min_range_atr', 1.0), ('max_range_atr', 12.0))","(('max_trades_day', 1),)",,,
1,BTCUSD,fundingpips_1step,2.0,,,,,18.0,14.0,12.0,1.0,prevday,0.0,1.0,1,390,0.0,0.0,0.0,100.0,,3.3,100248.0,396,0.0,0.0,0.0,100.0,,3.7,100147.0,1.5,,"(('rng_type', 'prevday'), ('expire_hour', 14), ('exit_hour', 18), ('sl_frac', 1.0), ('rr', 0.0), ('trail', 1.5), ('min_range_atr', 1.0), ('max_range_atr', 12.0))","(('max_trades_day', 1),)",,,
1,BTCUSD,ftmo_1step,2.0,,,,,18.0,14.0,12.0,1.0,prevday,1.0,0.5,1,390,0.0,0.0,0.3,99.7,,3.3,100288.0,396,0.0,0.0,0.3,99.7,,3.7,100218.0,,,"(('rng_type', 'prevday'), ('expire_hour', 14), ('exit_hour', 18), ('sl_frac', 0.5), ('rr', 1.0), ('min_range_atr', 1.0), ('max_range_atr', 12.0))","(('max_trades_day', 1),)",,,
1,BTCUSD,fundingpips_1step,2.0,,,,,18.0,14.0,12.0,1.0,prevday,1.0,0.5,1,390,0.0,0.0,6.4,93.6,,3.2,100304.0,396,0.0,0.0,6.1,93.9,,3.7,100206.0,,,"(('rng_type', 'prevday'), ('expire_hour', 14), ('exit_hour', 18), ('sl_frac', 0.5), ('rr', 1.0), ('min_range_atr', 1.0), ('max_range_atr', 12.0))","(('max_trades_day', 1),)",,,
1,BTCUSD,ftmo_1step,2.0,,,,,18.0,14.0,12.0,1.0,prevday,2.0,0.5,1,390,0.5,0.0,0.3,99.2,5.7,3.3,100603.0,396,0.3,0.0,0.5,99.2,4.7,3.7,100311.0,,,"(('rng_type', 'prevday'), ('expire_hour', 14), ('exit_hour', 18), ('sl_frac', 0.5), ('rr', 2.0), ('min_range_atr', 1.0), ('max_range_atr', 12.0))","(('max_trades_day', 1),)",,,
1,BTCUSD,fundingpips_1step,2.0,,,,,18.0,14.0,12.0,1.0,prevday,2.0,0.5,1,390,0.5,0.0,7.9,91.5,5.7,3.2,100626.0,396,0.3,0.0,7.6,92.2,4.7,3.6,100283.0,,,"(('rng_type', 'prevday'), ('expire_hour', 14), ('exit_hour', 18), ('sl_frac', 0.5), ('rr', 2.0), ('min_range_atr', 1.0), ('max_range_atr', 12.0))","(('max_trades_day', 1),)",,,
1,BTCUSD,ftmo_1step,2.0,,,,,18.0,14.0,12.0,1.0,prevday,3.0,0.5,1,390,0.3,1.0,1.5,97.2,6.7,3.3,100475.0,396,0.0,1.8,0.5,97.7,,3.7,100300.0,,,"(('rng_type', 'prevday'), ('expire_hour', 14), ('exit_hour', 18), ('sl_frac', 0.5), ('rr', 3.0), ('min_range_atr', 1.0), ('max_range_atr', 12.0))","(('max_trades_day', 1),)",,,
1,BTCUSD,fundingpips_1step,2.0,,,,,18.0,14.0,12.0,1.0,prevday,3.0,0.5,1,390,1.3,0.0,9.5,89.2,5.7,3.2,100534.0,396,1.8,0.0,7.6,90.7,6.6,3.6,100266.0,,,"(('rng_type', 'prevday'), ('expire_hour', 14), ('exit_hour', 18), ('sl_frac', 0.5), ('rr', 3.0), ('min_range_atr', 1.0), ('max_range_atr', 12.0))","(('max_trades_day', 1),)",,,
1,BTCUSD,ftmo_1step,2.0,,,,,18.0,14.0,12.0,1.0,prevday,0.0,0.5,1,390,0.0,1.3,0.0,98.7,,3.3,100261.0,396,0.0,0.3,1.3,98.5,,3.7,100255.0,1.5,,"(('rng_type', 'prevday'), ('expire_hour', 14), ('exit_hour', 18), ('sl_frac', 0.5), ('rr', 0.0), ('trail', 1.5), ('min_range_atr', 1.0), ('max_range_atr', 12.0))","(('max_trades_day', 1),)",,,
1,BTCUSD,fundingpips_1step,2.0,,,,,18.0,14.0,12.0,1.0,prevday,0.0,0.5,1,390,1.3,0.0,1.0,97.7,5.7,3.3,100256.0,396,1.5,0.0,0.3,98.2,4.1,3.7,100319.0,1.5,,"(('rng_type', 'prevday'), ('expire_hour', 14), ('exit_hour', 18), ('sl_frac', 0.5), ('rr', 0.0), ('trail', 1.5), ('min_range_atr', 1.0), ('max_range_atr', 12.0))","(('max_trades_day', 1),)",,,
1,BTCUSD,ftmo_1step,2.0,,,,,18.0,14.0,12.0,1.0,prevday,1.0,1.0,1,390,0.0,0.0,2.8,97.2,,3.3,99085.0,396,0.0,0.0,2.0,98.0,,3.7,99127.0,,1.0,"(('rng_type', 'prevday'), ('expire_hour', 14), ('exit_hour', 18), ('sl_frac', 1.0), ('sl_atr', 1.0), ('rr', 1.0), ('min_range_atr', 1.0), ('max_range_atr', 12.0))","(('max_trades_day', 1),)",,,
1,BTCUSD,fundingpips_1step,2.0,,,,,18.0,14.0,12.0,1.0,prevday,1.0,1.0,1,390,0.0,0.0,17.9,82.1,,3.1,99155.0,396,0.0,0.0,14.1,85.9,,3.6,99185.0,,1.0,"(('rng_type', 'prevday'), ('expire_hour', 14), ('exit_hour', 18), ('sl_frac', 1.0), ('sl_atr', 1.0), ('rr', 1.0), ('min_range_atr', 1.0), ('max_range_atr', 12.0))","(('max_trades_day', 1),)",,,
1,BTCUSD,ftmo_1step,2.0,,,,,18.0,14.0,12.0,1.0,prevday,2.0,1.0,1,390,2.1,0.0,6.9,91.0,5.6,3.2,99246.0,396,1.8,0.0,6.8,91.4,4.7,3.6,99714.0,,1.0,"(('rng_type', 'prevday'), ('expire_hour', 14), ('exit_hour', 18), ('sl_frac', 1.0), ('sl_atr', 1.0), ('rr', 2.0), ('min_range_atr', 1.0), ('max_range_atr', 12.0))","(('max_trades_day', 1),)",,,
1,BTCUSD,fundingpips_1step,2.0,,,,,18.0,14.0,12.0,1.0,prevday,2.0,1.0,1,390,2.1,0.0,26.2,71.8,5.6,3.0,99460.0,396,1.8,0.0,22.5,75.8,4.7,3.4,99793.0,,1.0,"(('rng_type', 'prevday'), ('expire_hour', 14), ('exit_hour', 18), ('sl_frac', 1.0), ('sl_atr', 1.0), ('rr', 2.0), ('min_range_atr', 1.0), ('max_range_atr', 12.0))","(('max_trades_day', 1),)",,,
1,BTCUSD,ftmo_1step,2.0,,,,,18.0,14.0,12.0,1.0,prevday,3.0,1.0,1,390,2.6,5.6,11.0,80.8,6.5,3.2,99209.0,396,2.3,4.0,14.1,79.5,6.3,3.5,99359.0,,1.0,"(('rng_type', 'prevday'), ('expire_hour', 14), ('exit_hour', 18), ('sl_frac', 1.0), ('sl_atr', 1.0), ('rr', 3.0), ('min_range_atr', 1.0), ('max_range_atr', 12.0))","(('max_trades_day', 1),)",,,
1,BTCUSD,fundingpips_1step,2.0,,,,,18.0,14.0,12.0,1.0,prevday,3.0,1.0,1,390,8.2,0.0,32.8,59.0,4.6,2.9,99382.0,396,6.3,0.0,32.6,61.1,4.7,3.3,99526.0,,1.0,"(('rng_type', 'prevday'), ('expire_hour', 14), ('exit_hour', 18), ('sl_frac', 1.0), ('sl_atr', 1.0), ('rr', 3.0), ('min_range_atr', 1.0), ('max_range_atr', 12.0))","(('max_trades_day', 1),)",,,
1,BTCUSD,ftmo_1step,2.0,,,,,18.0,14.0,12.0,1.0,prevday,0.0,1.0,1,390,0.5,3.3,4.6,91.5,6.2,3.2,98301.0,396,0.0,7.3,8.1,84.6,,3.6,99463.0,1.5,1.0,"(('rng_type', 'prevday'), ('expire_hour', 14), ('exit_hour', 18), ('sl_frac', 1.0), ('sl_atr', 1.0), ('rr', 0.0), ('trail', 1.5), ('min_range_atr', 1.0), ('max_range_atr', 12.0))","(('max_trades_day', 1),)",,,
1,BTCUSD,fundingpips_1step,2.0,,,,,18.0,14.0,12.0,1.0,prevday,0.0,1.0,1,390,3.8,0.0,20.8,75.4,4.7,3.1,98513.0,396,7.1,0.0,20.7,72.2,2.7,3.4,99527.0,1.5,1.0,"(('rng_type', 'prevday'), ('expire_hour', 14), ('exit_hour', 18), ('sl_frac', 1.0), ('sl_atr', 1.0), ('rr', 0.0), ('trail', 1.5), ('min_range_atr', 1.0), ('max_range_atr', 12.0))","(('max_trades_day', 1),)",,,
1,BTCUSD,ftmo_1step,2.0,,,,,23.0,17.0,12.0,1.0,prevday,1.0,1.0,1,390,0.0,0.0,0.0,100.0,,4.3,100674.0,396,0.0,0.0,0.0,100.0,,4.8,100346.0,,,"(('rng_type', 'prevday'), ('expire_hour', 17), ('exit_hour', 23), ('sl_frac', 1.0), ('rr', 1.0), ('min_range_atr', 1.0), ('max_range_atr', 12.0))","(('max_trades_day', 1),)",,,
1,BTCUSD,fundingpips_1step,2.0,,,,,23.0,17.0,12.0,1.0,prevday,1.0,1.0,1,390,0.0,0.0,1.5,98.5,,4.3,100683.0,396,0.0,0.0,0.8,99.2,,4.8,100349.0,,,"(('rng_type', 'prevday'), ('expire_hour', 17), ('exit_hour', 23), ('sl_frac', 1.0), ('rr', 1.0), ('min_range_atr', 1.0), ('max_range_atr', 12.0))","(('max_trades_day', 1),)",,,
1,BTCUSD,ftmo_1step,2.0,,,,,23.0,17.0,12.0,1.0,prevday,2.0,1.0,1,390,0.0,0.0,0.0,100.0,,4.3,100694.0,396,0.0,0.0,0.0,100.0,,4.8,100542.0,,,"(('rng_type', 'prevday'), ('expire_hour', 17), ('exit_hour', 23), ('sl_frac', 1.0), ('rr', 2.0), ('min_range_atr', 1.0), ('max_range_atr', 12.0))","(('max_trades_day', 1),)",,,
1,BTCUSD,fundingpips_1step,2.0,,,,,23.0,17.0,12.0,1.0,prevday,2.0,1.0,1,390,0.0,0.0,2.1,97.9,,4.3,100696.0,396,0.0,0.0,1.3,98.7,,4.8,100527.0,,,"(('rng_type', 'prevday'), ('expire_hour', 17), ('exit_hour', 23), ('sl_frac', 1.0), ('rr', 2.0), ('min_range_atr', 1.0), ('max_range_atr', 12.0))","(('max_trades_day', 1),)",,,
1,BTCUSD,ftmo_1step,2.0,,,,,23.0,17.0,12.0,1.0,prevday,3.0,1.0,1,390,0.0,0.0,0.0,100.0,,4.3,100794.0,396,0.0,0.8,0.0,99.2,,4.8,100612.0,,,"(('rng_type', 'prevday'), ('expire_hour', 17), ('exit_hour', 23), ('sl_frac', 1.0), ('rr', 3.0), ('min_range_atr', 1.0), ('max_range_atr', 12.0))","(('max_trades_day', 1),)",,,
1,BTCUSD,fundingpips_1step,2.0,,,,,23.0,17.0,12.0,1.0,prevday,3.0,1.0,1,390,0.0,0.0,2.1,97.9,,4.3,100797.0,396,0.8,0.0,1.3,98.0,5.9,4.8,100597.0,,,"(('rng_type', 'prevday'), ('expire_hour', 17), ('exit_hour', 23), ('sl_frac', 1.0), ('rr', 3.0), ('min_range_atr', 1.0), ('max_range_atr', 12.0))","(('max_trades_day', 1),)",,,
1,BTCUSD,ftmo_1step,2.0,,,,,23.0,17.0,12.0,1.0,prevday,0.0,1.0,1,390,0.0,0.0,0.0,100.0,,4.3,100336.0,396,0.0,0.0,0.0,100.0,,4.8,100360.0,1.5,,"(('rng_type', 'prevday'), ('expire_hour', 17), ('exit_hour', 23), ('sl_frac', 1.0), ('rr', 0.0), ('trail', 1.5), ('min_range_atr', 1.0), ('max_range_atr', 12.0))","(('max_trades_day', 1),)",,,
1,BTCUSD,fundingpips_1step,2.0,,,,,23.0,17.0,12.0,1.0,prevday,0.0,1.0,1,390,0.0,0.0,0.0,100.0,,4.3,100336.0,396,0.0,0.0,0.0,100.0,,4.8,100360.0,1.5,,"(('rng_type', 'prevday'), ('expire_hour', 17), ('exit_hour', 23), ('sl_frac', 1.0), ('rr', 0.0), ('trail', 1.5), ('min_range_atr', 1.0), ('max_range_atr', 12.0))","(('max_trades_day', 1),)",,,
1,BTCUSD,ftmo_1step,2.0,,,,,23.0,17.0,12.0,1.0,prevday,1.0,0.5,1,390,0.0,0.0,1.0,99.0,,4.3,100478.0,396,0.0,0.0,1.0,99.0,,4.8,100624.0,,,"(('rng_type', 'prevday'), ('expire_hour', 17), ('exit_hour', 23), ('sl_frac', 0.5), ('rr', 1.0), ('min_range_atr', 1.0), ('max_range_atr', 12.0))","(('max_trades_day', 1),)",,,
1,BTCUSD,fundingpips_1step,2.0,,,,,23.0,17.0,12.0,1.0,prevday,1.0,0.5,1,390,0.0,0.0,13.1,86.9,,4.2,100454.0,396,0.0,0.0,9.1,90.9,,4.7,100631.0,,,"(('rng_type', 'prevday'), ('expire_hour', 17), ('exit_hour', 23), ('sl_frac', 0.5), ('rr', 1.0), ('min_range_atr', 1.0), ('max_range_atr', 12.0))","(('max_trades_day', 1),)",,,
1,BTCUSD,ftmo_1step,2.0,,,,,23.0,17.0,12.0,1.0,prevday,2.0,0.5,1,390,2.8,0.0,1.3,95.9,5.9,4.3,100976.0,396,2.0,0.0,2.3,95.7,6.2,4.7,100633.0,,,"(('rng_type', 'prevday'), ('expire_hour', 17), ('exit_hour', 23), ('sl_frac', 0.5), ('rr', 2.0), ('min_range_atr', 1.0), ('max_range_atr', 12.0))","(('max_trades_day', 1),)",,,
1,BTCUSD,fundingpips_1step,2.0,,,,,23.0,17.0,12.0,1.0,prevday,2.0,0.5,1,390,2.8,0.0,15.4,81.8,5.9,4.1,100905.0,396,2.0,0.0,12.4,85.6,6.2,4.6,100630.0,,,"(('rng_type', 'prevday'), ('expire_hour', 17), ('exit_hour', 23), ('sl_frac', 0.5), ('rr', 2.0), ('min_range_atr', 1.0), ('max_range_atr', 12.0))","(('max_trades_day', 1),)",,,
1,BTCUSD,ftmo_1step,2.0,,,,,23.0,17.0,12.0,1.0,prevday,3.0,0.5,1,390,4.1,1.5,2.6,91.8,6.2,4.3,100839.0,396,2.8,3.3,2.3,91.7,5.8,4.7,100915.0,,,"(('rng_type', 'prevday'), ('expire_hour', 17), ('exit_hour', 23), ('sl_frac', 0.5), ('rr', 3.0), ('min_range_atr', 1.0), ('max_range_atr', 12.0))","(('max_trades_day', 1),)",,,
1,BTCUSD,fundingpips_1step,2.0,,,,,23.0,17.0,12.0,1.0,prevday,3.0,0.5,1,390,5.6,0.0,16.7,77.7,5.9,4.1,100844.0,396,6.1,0.0,13.4,80.6,5.7,4.6,100824.0,,,"(('rng_type', 'prevday'), ('expire_hour', 17), ('exit_hour', 23), ('sl_frac', 0.5), ('rr', 3.0), ('min_range_atr', 1.0), ('max_range_atr', 12.0))","(('max_trades_day', 1),)",,,
1,BTCUSD,ftmo_1step,2.0,,,,,23.0,17.0,12.0,1.0,prevday,0.0,0.5,1,390,0.5,0.0,0.0,99.5,6.4,4.3,100413.0,396,0.0,1.8,1.3,97.0,,4.7,100550.0,1.5,,"(('rng_type', 'prevday'), ('expire_hour', 17), ('exit_hour', 23), ('sl_frac', 0.5), ('rr', 0.0), ('trail', 1.5), ('min_range_atr', 1.0), ('max_range_atr', 12.0))","(('max_trades_day', 1),)",,,
1,BTCUSD,fundingpips_1step,2.0,,,,,23.0,17.0,12.0,1.0,prevday,0.0,0.5,1,390,0.5,0.0,2.3,97.2,6.4,4.3,100415.0,396,3.0,0.0,1.8,95.2,5.3,4.7,100590.0,1.5,,"(('rng_type', 'prevday'), ('expire_hour', 17), ('exit_hour', 23), ('sl_frac', 0.5), ('rr', 0.0), ('trail', 1.5), ('min_range_atr', 1.0), ('max_range_atr', 12.0))","(('max_trades_day', 1),)",,,
1,BTCUSD,ftmo_1step,2.0,,,,,23.0,17.0,12.0,1.0,prevday,1.0,1.0,1,390,0.0,0.0,4.4,95.6,,4.3,98382.0,396,0.3,0.0,5.1,94.7,6.3,4.7,98342.0,,1.0,"(('rng_type', 'prevday'), ('expire_hour', 17), ('exit_hour', 23), ('sl_frac', 1.0), ('sl_atr', 1.0), ('rr', 1.0), ('min_range_atr', 1.0), ('max_range_atr', 12.0))","(('max_trades_day', 1),)",,,
1,BTCUSD,fundingpips_1step,2.0,,,,,23.0,17.0,12.0,1.0,prevday,1.0,1.0,1,390,0.0,0.0,26.7,73.3,,4.0,98480.0,396,0.3,0.0,26.3,73.5,6.3,4.4,98410.0,,1.0,"(('rng_type', 'prevday'), ('expire_hour', 17), ('exit_hour', 23), ('sl_frac', 1.0), ('sl_atr', 1.0), ('rr', 1.0), ('min_range_atr', 1.0), ('max_range_atr', 12.0))","(('max_trades_day', 1),)",,,
1,BTCUSD,ftmo_1step,2.0,,,,,23.0,17.0,12.0,1.0,prevday,2.0,1.0,1,390,4.4,0.0,11.0,84.6,5.5,4.2,98820.0,396,3.3,0.0,17.4,79.3,3.6,4.5,98950.0,,1.0,"(('rng_type', 'prevday'), ('expire_hour', 17), ('exit_hour', 23), ('sl_frac', 1.0), ('sl_atr', 1.0), ('rr', 2.0), ('min_range_atr', 1.0), ('max_range_atr', 12.0))","(('max_trades_day', 1),)",,,
1,BTCUSD,fundingpips_1step,2.0,,,,,23.0,17.0,12.0,1.0,prevday,2.0,1.0,1,390,4.4,0.0,36.4,59.2,5.5,3.8,99009.0,396,3.3,0.0,35.1,61.6,3.6,4.1,99191.0,,1.0,"(('rng_type', 'prevday'), ('expire_hour', 17), ('exit_hour', 23), ('sl_frac', 1.0), ('sl_atr', 1.0), ('rr', 2.0), ('min_range_atr', 1.0), ('max_range_atr', 12.0))","(('max_trades_day', 1),)",,,
1,BTCUSD,ftmo_1step,2.0,,,,,23.0,17.0,12.0,1.0,prevday,3.0,1.0,1,390,4.6,5.6,18.2,71.5,5.6,4.0,98893.0,396,4.3,3.0,31.1,61.6,5.9,4.3,98311.0,,1.0,"(('rng_type', 'prevday'), ('expire_hour', 17), ('exit_hour', 23), ('sl_frac', 1.0), ('sl_atr', 1.0), ('rr', 3.0), ('min_range_atr', 1.0), ('max_range_atr', 12.0))","(('max_trades_day', 1),)",,,
1,BTCUSD,fundingpips_1step,2.0,,,,,23.0,17.0,12.0,1.0,prevday,3.0,1.0,1,390,10.3,0.0,45.9,43.8,4.6,3.6,99034.0,396,7.8,0.0,47.7,44.4,3.9,3.7,98833.0,,1.0,"(('rng_type', 'prevday'), ('expire_hour', 17), ('exit_hour', 23), ('sl_frac', 1.0), ('sl_atr', 1.0), ('rr', 3.0), ('min_range_atr', 1.0), ('max_range_atr', 12.0))","(('max_trades_day', 1),)",,,
1,BTCUSD,ftmo_1step,2.0,,,,,23.0,17.0,12.0,1.0,prevday,0.0,1.0,1,390,1.0,4.6,11.8,82.6,6.1,4.2,97719.0,396,0.3,10.6,18.2,71.0,4.7,4.5,98890.0,1.5,1.0,"(('rng_type', 'prevday'), ('expire_hour', 17), ('exit_hour', 23), ('sl_frac', 1.0), ('sl_atr', 1.0), ('rr', 0.0), ('trail', 1.5), ('min_range_atr', 1.0), ('max_range_atr', 12.0))","(('max_trades_day', 1),)",,,
1,BTCUSD,fundingpips_1step,2.0,,,,,23.0,17.0,12.0,1.0,prevday,0.0,1.0,1,390,6.2,0.0,36.2,57.7,4.7,3.9,97855.0,396,10.4,0.0,40.2,49.5,2.8,4.0,98835.0,1.5,1.0,"(('rng_type', 'prevday'), ('expire_hour', 17), ('exit_hour', 23), ('sl_frac', 1.0), ('sl_atr', 1.0), ('rr', 0.0), ('trail', 1.5), ('min_range_atr', 1.0), ('max_range_atr', 12.0))","(('max_trades_day', 1),)",,,
2,BTCUSD,ftmo_1step,2.0,,,,,23.0,17.0,12.0,1.0,prevday,2.0,0.5,1,390,2.8,0.0,1.3,95.9,5.9,4.3,100976.0,396,2.0,0.0,2.3,95.7,6.2,4.7,100633.0,,,"(('rng_type', 'prevday'), ('expire_hour', 17), ('exit_hour', 23), ('sl_frac', 0.5), ('rr', 2.0), ('min_range_atr', 1.0), ('max_range_atr', 12.0), ('skip_dow', ()))","(('max_trades_day', 1),)",(),,
2,BTCUSD,fundingpips_1step,2.0,,,,,23.0,17.0,12.0,1.0,prevday,2.0,0.5,1,390,2.8,0.0,15.4,81.8,5.9,4.1,100905.0,396,2.0,0.0,12.4,85.6,6.2,4.6,100630.0,,,"(('rng_type', 'prevday'), ('expire_hour', 17), ('exit_hour', 23), ('sl_frac', 0.5), ('rr', 2.0), ('min_range_atr', 1.0), ('max_range_atr', 12.0), ('skip_dow', ()))","(('max_trades_day', 1),)",(),,
2,BTCUSD,ftmo_1step,2.0,,,,,23.0,17.0,12.0,1.0,prevday,2.0,0.5,2,390,3.1,2.8,41.3,52.8,6.3,4.3,100577.0,396,2.3,4.8,53.8,39.1,6.5,4.4,100310.0,,,"(('rng_type', 'prevday'), ('expire_hour', 17), ('exit_hour', 23), ('sl_frac', 0.5), ('rr', 2.0), ('min_range_atr', 1.0), ('max_range_atr', 12.0), ('skip_dow', ()))","(('max_trades_day', 2),)",(),,
2,BTCUSD,fundingpips_1step,2.0,,,,,23.0,17.0,12.0,1.0,prevday,2.0,0.5,2,390,5.9,0.0,44.4,49.7,5.9,4.2,100668.0,396,8.3,0.0,53.3,38.4,5.7,4.3,100372.0,,,"(('rng_type', 'prevday'), ('expire_hour', 17), ('exit_hour', 23), ('sl_frac', 0.5), ('rr', 2.0), ('min_range_atr', 1.0), ('max_range_atr', 12.0), ('skip_dow', ()))","(('max_trades_day', 2),)",(),,
2,BTCUSD,ftmo_1step,2.0,,,,,23.0,17.0,12.0,1.0,prevday,2.0,0.5,1,390,0.3,0.0,0.0,99.7,6.9,2.8,100183.0,396,0.5,0.0,0.0,99.5,6.7,3.2,100809.0,,,"(('rng_type', 'prevday'), ('expire_hour', 17), ('exit_hour', 23), ('sl_frac', 0.5), ('rr', 2.0), ('min_range_atr', 1.0), ('max_range_atr', 12.0), ('skip_dow', (0, 4)))","(('max_trades_day', 1),)","(0, 4)",,
2,BTCUSD,fundingpips_1step,2.0,,,,,23.0,17.0,12.0,1.0,prevday,2.0,0.5,1,390,0.3,0.0,5.1,94.6,6.9,2.8,100163.0,396,0.5,0.0,5.1,94.4,6.7,3.2,100801.0,,,"(('rng_type', 'prevday'), ('expire_hour', 17), ('exit_hour', 23), ('sl_frac', 0.5), ('rr', 2.0), ('min_range_atr', 1.0), ('max_range_atr', 12.0), ('skip_dow', (0, 4)))","(('max_trades_day', 1),)","(0, 4)",,
2,BTCUSD,ftmo_1step,2.0,,,,,23.0,17.0,12.0,1.0,prevday,2.0,0.5,2,390,0.3,0.5,23.8,75.4,6.9,3.0,99846.0,396,0.3,2.5,25.3,72.0,6.5,3.4,100866.0,,,"(('rng_type', 'prevday'), ('expire_hour', 17), ('exit_hour', 23), ('sl_frac', 0.5), ('rr', 2.0), ('min_range_atr', 1.0), ('max_range_atr', 12.0), ('skip_dow', (0, 4)))","(('max_trades_day', 2),)","(0, 4)",,
2,BTCUSD,fundingpips_1step,2.0,,,,,23.0,17.0,12.0,1.0,prevday,2.0,0.5,2,390,0.8,0.0,27.0,72.3,6.9,3.0,99842.0,396,3.3,0.0,25.0,71.7,5.9,3.4,100905.0,,,"(('rng_type', 'prevday'), ('expire_hour', 17), ('exit_hour', 23), ('sl_frac', 0.5), ('rr', 2.0), ('min_range_atr', 1.0), ('max_range_atr', 12.0), ('skip_dow', (0, 4)))","(('max_trades_day', 2),)","(0, 4)",,
2,BTCUSD,ftmo_1step,2.0,,,,,23.0,17.0,12.0,2.0,prevday,2.0,0.5,1,390,2.8,0.0,1.3,95.9,5.9,4.3,100978.0,396,2.0,0.0,2.0,96.0,6.2,4.7,100737.0,,,"(('rng_type', 'prevday'), ('expire_hour', 17), ('exit_hour', 23), ('sl_frac', 0.5), ('rr', 2.0), ('min_range_atr', 2.0), ('max_range_atr', 12.0), ('skip_dow', ()))","(('max_trades_day', 1),)",(),,
2,BTCUSD,fundingpips_1step,2.0,,,,,23.0,17.0,12.0,2.0,prevday,2.0,0.5,1,390,2.8,0.0,15.1,82.1,5.9,4.1,100917.0,396,2.0,0.0,11.4,86.6,6.2,4.6,100722.0,,,"(('rng_type', 'prevday'), ('expire_hour', 17), ('exit_hour', 23), ('sl_frac', 0.5), ('rr', 2.0), ('min_range_atr', 2.0), ('max_range_atr', 12.0), ('skip_dow', ()))","(('max_trades_day', 1),)",(),,
2,BTCUSD,ftmo_1step,2.0,,,,,23.0,17.0,12.0,2.0,prevday,2.0,0.5,2,390,3.1,2.8,38.8,55.4,6.3,4.3,100701.0,396,2.3,4.8,53.1,39.9,6.5,4.4,100355.0,,,"(('rng_type', 'prevday'), ('expire_hour', 17), ('exit_hour', 23), ('sl_frac', 0.5), ('rr', 2.0), ('min_range_atr', 2.0), ('max_range_atr', 12.0), ('skip_dow', ()))","(('max_trades_day', 2),)",(),,
2,BTCUSD,fundingpips_1step,2.0,,,,,23.0,17.0,12.0,2.0,prevday,2.0,0.5,2,390,5.9,0.0,41.7,52.3,5.9,4.2,100787.0,396,8.3,0.0,52.5,39.1,5.7,4.3,100416.0,,,"(('rng_type', 'prevday'), ('expire_hour', 17), ('exit_hour', 23), ('sl_frac', 0.5), ('rr', 2.0), ('min_range_atr', 2.0), ('max_range_atr', 12.0), ('skip_dow', ()))","(('max_trades_day', 2),)",(),,
2,BTCUSD,ftmo_1step,2.0,,,,,23.0,17.0,12.0,2.0,prevday,2.0,0.5,1,390,0.3,0.0,0.0,99.7,6.9,2.8,100210.0,396,0.5,0.0,0.0,99.5,6.7,3.2,100809.0,,,"(('rng_type', 'prevday'), ('expire_hour', 17), ('exit_hour', 23), ('sl_frac', 0.5), ('rr', 2.0), ('min_range_atr', 2.0), ('max_range_atr', 12.0), ('skip_dow', (0, 4)))","(('max_trades_day', 1),)","(0, 4)",,
2,BTCUSD,fundingpips_1step,2.0,,,,,23.0,17.0,12.0,2.0,prevday,2.0,0.5,1,390,0.3,0.0,5.1,94.6,6.9,2.8,100190.0,396,0.5,0.0,5.1,94.4,6.7,3.2,100801.0,,,"(('rng_type', 'prevday'), ('expire_hour', 17), ('exit_hour', 23), ('sl_frac', 0.5), ('rr', 2.0), ('min_range_atr', 2.0), ('max_range_atr', 12.0), ('skip_dow', (0, 4)))","(('max_trades_day', 1),)","(0, 4)",,
2,BTCUSD,ftmo_1step,2.0,,,,,23.0,17.0,12.0,2.0,prevday,2.0,0.5,2,390,0.3,0.5,22.6,76.7,6.9,3.0,99894.0,396,0.3,2.5,25.3,72.0,6.5,3.4,100866.0,,,"(('rng_type', 'prevday'), ('expire_hour', 17), ('exit_hour', 23), ('sl_frac', 0.5), ('rr', 2.0), ('min_range_atr', 2.0), ('max_range_atr', 12.0), ('skip_dow', (0, 4)))","(('max_trades_day', 2),)","(0, 4)",,
2,BTCUSD,fundingpips_1step,2.0,,,,,23.0,17.0,12.0,2.0,prevday,2.0,0.5,2,390,0.8,0.0,25.7,73.6,6.9,3.0,99890.0,396,3.3,0.0,25.0,71.7,5.9,3.4,100905.0,,,"(('rng_type', 'prevday'), ('expire_hour', 17), ('exit_hour', 23), ('sl_frac', 0.5), ('rr', 2.0), ('min_range_atr', 2.0), ('max_range_atr', 12.0), ('skip_dow', (0, 4)))","(('max_trades_day', 2),)","(0, 4)",,
2,BTCUSD,ftmo_1step,2.0,,,,,23.0,17.0,6.0,1.0,prevday,2.0,0.5,1,390,1.8,0.0,0.0,98.2,6.8,3.1,101183.0,396,0.3,0.0,0.8,99.0,6.5,3.3,100237.0,,,"(('rng_type', 'prevday'), ('expire_hour', 17), ('exit_hour', 23), ('sl_frac', 0.5), ('rr', 2.0), ('min_range_atr', 1.0), ('max_range_atr', 6.0), ('skip_dow', ()))","(('max_trades_day', 1),)",(),,
2,BTCUSD,fundingpips_1step,2.0,,,,,23.0,17.0,6.0,1.0,prevday,2.0,0.5,1,390,1.8,0.0,8.5,89.7,6.8,3.0,101134.0,396,0.3,0.0,10.1,89.6,6.5,3.3,100253.0,,,"(('rng_type', 'prevday'), ('expire_hour', 17), ('exit_hour', 23), ('sl_frac', 0.5), ('rr', 2.0), ('min_range_atr', 1.0), ('max_range_atr', 6.0), ('skip_dow', ()))","(('max_trades_day', 1),)",(),,
2,BTCUSD,ftmo_1step,2.0,,,,,23.0,17.0,6.0,1.0,prevday,2.0,0.5,2,390,1.5,1.8,37.0,59.7,6.8,3.4,100766.0,396,1.0,3.3,53.1,42.7,6.7,3.3,99917.0,,,"(('rng_type', 'prevday'), ('expire_hour', 17), ('exit_hour', 23), ('sl_frac', 0.5), ('rr', 2.0), ('min_range_atr', 1.0), ('max_range_atr', 6.0), ('skip_dow', ()))","(('max_trades_day', 2),)",(),,
2,BTCUSD,fundingpips_1step,2.0,,,,,23.0,17.0,6.0,1.0,prevday,2.0,0.5,2,390,3.3,0.0,39.5,57.2,5.9,3.3,100782.0,396,4.3,0.0,53.3,42.4,6.5,3.3,99938.0,,,"(('rng_type', 'prevday'), ('expire_hour', 17), ('exit_hour', 23), ('sl_frac', 0.5), ('rr', 2.0), ('min_range_atr', 1.0), ('max_range_atr', 6.0), ('skip_dow', ()))","(('max_trades_day', 2),)",(),,
2,BTCUSD,ftmo_1step,2.0,,,,,23.0,17.0,6.0,1.0,prevday,2.0,0.5,1,390,0.0,0.0,0.0,100.0,,1.9,100354.0,396,0.3,0.0,0.0,99.7,6.5,2.0,100540.0,,,"(('rng_type', 'prevday'), ('expire_hour', 17), ('exit_hour', 23), ('sl_frac', 0.5), ('rr', 2.0), ('min_range_atr', 1.0), ('max_range_atr', 6.0), ('skip_dow', (0, 4)))","(('max_trades_day', 1),)","(0, 4)",,
2,BTCUSD,fundingpips_1step,2.0,,,,,23.0,17.0,6.0,1.0,prevday,2.0,0.5,1,390,0.0,0.0,2.8,97.2,,1.9,100325.0,396,0.3,0.0,1.8,98.0,6.5,2.0,100543.0,,,"(('rng_type', 'prevday'), ('expire_hour', 17), ('exit_hour', 23), ('sl_frac', 0.5), ('rr', 2.0), ('min_range_atr', 1.0), ('max_range_atr', 6.0), ('skip_dow', (0, 4)))","(('max_trades_day', 1),)","(0, 4)",,
2,BTCUSD,ftmo_1step,2.0,,,,,23.0,17.0,6.0,1.0,prevday,2.0,0.5,2,390,0.0,0.5,22.3,77.2,,2.2,99984.0,396,0.3,2.0,24.0,73.7,6.5,2.3,100530.0,,,"(('rng_type', 'prevday'), ('expire_hour', 17), ('exit_hour', 23), ('sl_frac', 0.5), ('rr', 2.0), ('min_range_atr', 1.0), ('max_range_atr', 6.0), ('skip_dow', (0, 4)))","(('max_trades_day', 2),)","(0, 4)",,
2,BTCUSD,fundingpips_1step,2.0,,,,,23.0,17.0,6.0,1.0,prevday,2.0,0.5,2,390,0.5,0.0,24.1,75.4,6.4,2.2,99962.0,396,2.3,0.0,24.3,73.5,6.6,2.3,100530.0,,,"(('rng_type', 'prevday'), ('expire_hour', 17), ('exit_hour', 23), ('sl_frac', 0.5), ('rr', 2.0), ('min_range_atr', 1.0), ('max_range_atr', 6.0), ('skip_dow', (0, 4)))","(('max_trades_day', 2),)","(0, 4)",,
2,BTCUSD,ftmo_1step,2.0,,,,,23.0,17.0,12.0,3.0,prevday,2.0,0.5,1,390,2.1,0.0,1.0,96.9,6.3,4.0,100436.0,396,1.8,0.0,1.0,97.2,6.5,4.4,100823.0,,,"(('rng_type', 'prevday'), ('expire_hour', 17), ('exit_hour', 23), ('sl_frac', 0.5), ('rr', 2.0), ('min_range_atr', 3.0), ('max_range_atr', 12.0), ('skip_dow', ()))","(('max_trades_day', 1),)",(),,
2,BTCUSD,fundingpips_1step,2.0,,,,,23.0,17.0,12.0,3.0,prevday,2.0,0.5,1,390,2.1,0.0,14.1,83.8,6.3,3.9,100401.0,396,1.8,0.0,9.8,88.4,6.5,4.4,100807.0,,,"(('rng_type', 'prevday'), ('expire_hour', 17), ('exit_hour', 23), ('sl_frac', 0.5), ('rr', 2.0), ('min_range_atr', 3.0), ('max_range_atr', 12.0), ('skip_dow', ()))","(('max_trades_day', 1),)",(),,
2,BTCUSD,ftmo_1step,2.0,,,,,23.0,17.0,12.0,3.0,prevday,2.0,0.5,2,390,2.1,1.5,36.4,60.0,6.3,4.0,100120.0,396,1.8,2.8,43.7,51.8,6.5,4.2,100451.0,,,"(('rng_type', 'prevday'), ('expire_hour', 17), ('exit_hour', 23), ('sl_frac', 0.5), ('rr', 2.0), ('min_range_atr', 3.0), ('max_range_atr', 12.0), ('skip_dow', ()))","(('max_trades_day', 2),)",(),,
2,BTCUSD,fundingpips_1step,2.0,,,,,23.0,17.0,12.0,3.0,prevday,2.0,0.5,2,390,3.6,0.0,41.0,55.4,5.9,4.0,100130.0,396,5.8,0.0,43.7,50.5,5.5,4.2,100503.0,,,"(('rng_type', 'prevday'), ('expire_hour', 17), ('exit_hour', 23), ('sl_frac', 0.5), ('rr', 2.0), ('min_range_atr', 3.0), ('max_range_atr', 12.0), ('skip_dow', ()))","(('max_trades_day', 2),)",(),,
2,BTCUSD,ftmo_1step,2.0,,,,,23.0,17.0,12.0,3.0,prevday,2.0,0.5,1,390,0.3,0.0,0.0,99.7,6.9,2.7,100000.0,396,0.5,0.0,0.0,99.5,6.7,3.2,100820.0,,,"(('rng_type', 'prevday'), ('expire_hour', 17), ('exit_hour', 23), ('sl_frac', 0.5), ('rr', 2.0), ('min_range_atr', 3.0), ('max_range_atr', 12.0), ('skip_dow', (0, 4)))","(('max_trades_day', 1),)","(0, 4)",,
2,BTCUSD,fundingpips_1step,2.0,,,,,23.0,17.0,12.0,3.0,prevday,2.0,0.5,1,390,0.3,0.0,4.1,95.6,6.9,2.7,99973.0,396,0.5,0.0,4.8,94.7,6.7,3.1,100819.0,,,"(('rng_type', 'prevday'), ('expire_hour', 17), ('exit_hour', 23), ('sl_frac', 0.5), ('rr', 2.0), ('min_range_atr', 3.0), ('max_range_atr', 12.0), ('skip_dow', (0, 4)))","(('max_trades_day', 1),)","(0, 4)",,
2,BTCUSD,ftmo_1step,2.0,,,,,23.0,17.0,12.0,3.0,prevday,2.0,0.5,2,390,0.3,0.5,21.8,77.4,6.9,2.9,99788.0,396,0.3,2.5,22.8,74.5,6.5,3.3,100931.0,,,"(('rng_type', 'prevday'), ('expire_hour', 17), ('exit_hour', 23), ('sl_frac', 0.5), ('rr', 2.0), ('min_range_atr', 3.0), ('max_range_atr', 12.0), ('skip_dow', (0, 4)))","(('max_trades_day', 2),)","(0, 4)",,
2,BTCUSD,fundingpips_1step,2.0,,,,,23.0,17.0,12.0,3.0,prevday,2.0,0.5,2,390,0.8,0.0,24.4,74.9,6.9,2.9,99773.0,396,3.3,0.0,22.5,74.2,5.9,3.3,100969.0,,,"(('rng_type', 'prevday'), ('expire_hour', 17), ('exit_hour', 23), ('sl_frac', 0.5), ('rr', 2.0), ('min_range_atr', 3.0), ('max_range_atr', 12.0), ('skip_dow', (0, 4)))","(('max_trades_day', 2),)","(0, 4)",,
2,BTCUSD,ftmo_1step,2.0,,,,,23.0,17.0,12.0,1.0,prevday,3.0,0.5,1,390,4.1,1.5,2.6,91.8,6.2,4.3,100839.0,396,2.8,3.3,2.3,91.7,5.8,4.7,100915.0,,,"(('rng_type', 'prevday'), ('expire_hour', 17), ('exit_hour', 23), ('sl_frac', 0.5), ('rr', 3.0), ('min_range_atr', 1.0), ('max_range_atr', 12.0), ('skip_dow', ()))","(('max_trades_day', 1),)",(),,
2,BTCUSD,fundingpips_1step,2.0,,,,,23.0,17.0,12.0,1.0,prevday,3.0,0.5,1,390,5.6,0.0,16.7,77.7,5.9,4.1,100844.0,396,6.1,0.0,13.4,80.6,5.7,4.6,100824.0,,,"(('rng_type', 'prevday'), ('expire_hour', 17), ('exit_hour', 23), ('sl_frac', 0.5), ('rr', 3.0), ('min_range_atr', 1.0), ('max_range_atr', 12.0), ('skip_dow', ()))","(('max_trades_day', 1),)",(),,
2,BTCUSD,ftmo_1step,2.0,,,,,23.0,17.0,12.0,1.0,prevday,3.0,0.5,2,390,3.6,3.1,43.1,50.3,5.9,4.1,100265.0,396,2.5,5.1,55.0,37.4,5.8,4.2,100163.0,,,"(('rng_type', 'prevday'), ('expire_hour', 17), ('exit_hour', 23), ('sl_frac', 0.5), ('rr', 3.0), ('min_range_atr', 1.0), ('max_range_atr', 12.0), ('skip_dow', ()))","(('max_trades_day', 2),)",(),,
2,BTCUSD,fundingpips_1step,2.0,,,,,23.0,17.0,12.0,1.0,prevday,3.0,0.5,2,390,6.7,0.0,46.6,46.7,5.7,4.0,100368.0,396,8.6,0.0,54.8,36.6,4.8,4.1,100227.0,,,"(('rng_type', 'prevday'), ('expire_hour', 17), ('exit_hour', 23), ('sl_frac', 0.5), ('rr', 3.0), ('min_range_atr', 1.0), ('max_range_atr', 12.0), ('skip_dow', ()))","(('max_trades_day', 2),)",(),,
2,BTCUSD,ftmo_1step,2.0,,,,,23.0,17.0,12.0,1.0,prevday,3.0,0.5,1,390,0.0,0.0,0.0,100.0,,2.8,99789.0,396,0.3,3.5,0.0,96.2,6.7,3.2,101106.0,,,"(('rng_type', 'prevday'), ('expire_hour', 17), ('exit_hour', 23), ('sl_frac', 0.5), ('rr', 3.0), ('min_range_atr', 1.0), ('max_range_atr', 12.0), ('skip_dow', (0, 4)))","(('max_trades_day', 1),)","(0, 4)",,
2,BTCUSD,fundingpips_1step,2.0,,,,,23.0,17.0,12.0,1.0,prevday,3.0,0.5,1,390,0.0,0.0,5.1,94.9,,2.8,99812.0,396,3.8,0.0,5.1,91.2,5.7,3.2,101093.0,,,"(('rng_type', 'prevday'), ('expire_hour', 17), ('exit_hour', 23), ('sl_frac', 0.5), ('rr', 3.0), ('min_range_atr', 1.0), ('max_range_atr', 12.0), ('skip_dow', (0, 4)))","(('max_trades_day', 1),)","(0, 4)",,
2,BTCUSD,ftmo_1step,2.0,,,,,23.0,17.0,12.0,1.0,prevday,3.0,0.5,2,390,0.0,0.0,26.4,73.6,,2.9,99445.0,396,0.3,5.3,26.6,67.9,6.7,3.2,100886.0,,,"(('rng_type', 'prevday'), ('expire_hour', 17), ('exit_hour', 23), ('sl_frac', 0.5), ('rr', 3.0), ('min_range_atr', 1.0), ('max_range_atr', 12.0), ('skip_dow', (0, 4)))","(('max_trades_day', 2),)","(0, 4)",,
2,BTCUSD,fundingpips_1step,2.0,,,,,23.0,17.0,12.0,1.0,prevday,3.0,0.5,2,390,0.0,0.0,29.5,70.5,,2.9,99484.0,396,6.6,0.0,26.2,67.2,3.7,3.2,100940.0,,,"(('rng_type', 'prevday'), ('expire_hour', 17), ('exit_hour', 23), ('sl_frac', 0.5), ('rr', 3.0), ('min_range_atr', 1.0), ('max_range_atr', 12.0), ('skip_dow', (0, 4)))","(('max_trades_day', 2),)","(0, 4)",,
2,BTCUSD,ftmo_1step,2.0,,,,,23.0,17.0,12.0,2.0,prevday,3.0,0.5,1,390,4.1,1.3,2.6,92.1,6.2,4.2,100810.0,396,2.8,3.3,2.0,91.9,5.8,4.7,101019.0,,,"(('rng_type', 'prevday'), ('expire_hour', 17), ('exit_hour', 23), ('sl_frac', 0.5), ('rr', 3.0), ('min_range_atr', 2.0), ('max_range_atr', 12.0), ('skip_dow', ()))","(('max_trades_day', 1),)",(),,
2,BTCUSD,fundingpips_1step,2.0,,,,,23.0,17.0,12.0,2.0,prevday,3.0,0.5,1,390,5.4,0.0,16.4,78.2,5.9,4.1,100823.0,396,6.1,0.0,12.4,81.6,5.7,4.5,100916.0,,,"(('rng_type', 'prevday'), ('expire_hour', 17), ('exit_hour', 23), ('sl_frac', 0.5), ('rr', 3.0), ('min_range_atr', 2.0), ('max_range_atr', 12.0), ('skip_dow', ()))","(('max_trades_day', 1),)",(),,
2,BTCUSD,ftmo_1step,2.0,,,,,23.0,17.0,12.0,2.0,prevday,3.0,0.5,2,390,3.6,3.1,40.5,52.8,5.9,4.0,100341.0,396,2.5,5.1,54.3,38.1,5.8,4.2,100191.0,,,"(('rng_type', 'prevday'), ('expire_hour', 17), ('exit_hour', 23), ('sl_frac', 0.5), ('rr', 3.0), ('min_range_atr', 2.0), ('max_range_atr', 12.0), ('skip_dow', ()))","(('max_trades_day', 2),)",(),,
2,BTCUSD,fundingpips_1step,2.0,,,,,23.0,17.0,12.0,2.0,prevday,3.0,0.5,2,390,6.7,0.0,44.1,49.2,5.7,3.9,100438.0,396,8.6,0.0,54.1,37.4,4.8,4.1,100255.0,,,"(('rng_type', 'prevday'), ('expire_hour', 17), ('exit_hour', 23), ('sl_frac', 0.5), ('rr', 3.0), ('min_range_atr', 2.0), ('max_range_atr', 12.0), ('skip_dow', ()))","(('max_trades_day', 2),)",(),,
2,BTCUSD,ftmo_1step,2.0,,,,,23.0,17.0,12.0,2.0,prevday,3.0,0.5,1,390,0.0,0.0,0.0,100.0,,2.8,99815.0,396,0.3,3.5,0.0,96.2,6.7,3.2,101106.0,,,"(('rng_type', 'prevday'), ('expire_hour', 17), ('exit_hour', 23), ('sl_frac', 0.5), ('rr', 3.0), ('min_range_atr', 2.0), ('max_range_atr', 12.0), ('skip_dow', (0, 4)))","(('max_trades_day', 1),)","(0, 4)",,
2,BTCUSD,fundingpips_1step,2.0,,,,,23.0,17.0,12.0,2.0,prevday,3.0,0.5,1,390,0.0,0.0,5.1,94.9,,2.8,99838.0,396,3.8,0.0,5.1,91.2,5.7,3.2,101093.0,,,"(('rng_type', 'prevday'), ('expire_hour', 17), ('exit_hour', 23), ('sl_frac', 0.5), ('rr', 3.0), ('min_range_atr', 2.0), ('max_range_atr', 12.0), ('skip_dow', (0, 4)))","(('max_trades_day', 1),)","(0, 4)",,
2,BTCUSD,ftmo_1step,2.0,,,,,23.0,17.0,12.0,2.0,prevday,3.0,0.5,2,390,0.0,0.0,25.1,74.9,,2.9,99480.0,396,0.3,5.3,26.6,67.9,6.7,3.2,100886.0,,,"(('rng_type', 'prevday'), ('expire_hour', 17), ('exit_hour', 23), ('sl_frac', 0.5), ('rr', 3.0), ('min_range_atr', 2.0), ('max_range_atr', 12.0), ('skip_dow', (0, 4)))","(('max_trades_day', 2),)","(0, 4)",,
2,BTCUSD,fundingpips_1step,2.0,,,,,23.0,17.0,12.0,2.0,prevday,3.0,0.5,2,390,0.0,0.0,28.2,71.8,,2.9,99519.0,396,6.6,0.0,26.2,67.2,3.7,3.2,100940.0,,,"(('rng_type', 'prevday'), ('expire_hour', 17), ('exit_hour', 23), ('sl_frac', 0.5), ('rr', 3.0), ('min_range_atr', 2.0), ('max_range_atr', 12.0), ('skip_dow', (0, 4)))","(('max_trades_day', 2),)","(0, 4)",,
2,BTCUSD,ftmo_1step,2.0,,,,,23.0,17.0,6.0,1.0,prevday,3.0,0.5,1,390,2.1,2.8,0.5,94.6,6.2,3.1,101043.0,396,1.0,1.0,0.8,97.2,6.7,3.3,100424.0,,,"(('rng_type', 'prevday'), ('expire_hour', 17), ('exit_hour', 23), ('sl_frac', 0.5), ('rr', 3.0), ('min_range_atr', 1.0), ('max_range_atr', 6.0), ('skip_dow', ()))","(('max_trades_day', 1),)",(),,
2,BTCUSD,fundingpips_1step,2.0,,,,,23.0,17.0,6.0,1.0,prevday,3.0,0.5,1,390,4.9,0.0,10.0,85.1,5.7,3.0,101041.0,396,2.0,0.0,10.6,87.4,6.2,3.3,100401.0,,,"(('rng_type', 'prevday'), ('expire_hour', 17), ('exit_hour', 23), ('sl_frac', 0.5), ('rr', 3.0), ('min_range_atr', 1.0), ('max_range_atr', 6.0), ('skip_dow', ()))","(('max_trades_day', 1),)",(),,
2,BTCUSD,ftmo_1step,2.0,,,,,23.0,17.0,6.0,1.0,prevday,3.0,0.5,2,390,1.8,4.6,39.5,54.1,5.9,3.1,100473.0,396,0.8,4.3,54.3,40.7,6.7,3.2,99763.0,,,"(('rng_type', 'prevday'), ('expire_hour', 17), ('exit_hour', 23), ('sl_frac', 0.5), ('rr', 3.0), ('min_range_atr', 1.0), ('max_range_atr', 6.0), ('skip_dow', ()))","(('max_trades_day', 2),)",(),,
2,BTCUSD,fundingpips_1step,2.0,,,,,23.0,17.0,6.0,1.0,prevday,3.0,0.5,2,390,6.4,0.0,42.6,51.0,5.4,3.1,100494.0,396,5.1,0.0,54.5,40.4,4.3,3.2,99785.0,,,"(('rng_type', 'prevday'), ('expire_hour', 17), ('exit_hour', 23), ('sl_frac', 0.5), ('rr', 3.0), ('min_range_atr', 1.0), ('max_range_atr', 6.0), ('skip_dow', ()))","(('max_trades_day', 2),)",(),,
2,BTCUSD,ftmo_1step,2.0,,,,,23.0,17.0,6.0,1.0,prevday,3.0,0.5,1,390,0.0,0.0,0.0,100.0,,1.9,99928.0,396,0.3,1.5,0.0,98.2,6.7,2.0,100739.0,,,"(('rng_type', 'prevday'), ('expire_hour', 17), ('exit_hour', 23), ('sl_frac', 0.5), ('rr', 3.0), ('min_range_atr', 1.0), ('max_range_atr', 6.0), ('skip_dow', (0, 4)))","(('max_trades_day', 1),)","(0, 4)",,
2,BTCUSD,fundingpips_1step,2.0,,,,,23.0,17.0,6.0,1.0,prevday,3.0,0.5,1,390,0.0,0.0,2.8,97.2,,1.9,99931.0,396,1.8,0.0,1.8,96.5,6.6,2.0,100742.0,,,"(('rng_type', 'prevday'), ('expire_hour', 17), ('exit_hour', 23), ('sl_frac', 0.5), ('rr', 3.0), ('min_range_atr', 1.0), ('max_range_atr', 6.0), ('skip_dow', (0, 4)))","(('max_trades_day', 1),)","(0, 4)",,
2,BTCUSD,ftmo_1step,2.0,,,,,23.0,17.0,6.0,1.0,prevday,3.0,0.5,2,390,0.0,0.0,24.9,75.1,,2.1,99579.0,396,0.3,4.0,25.3,70.5,6.7,2.2,100523.0,,,"(('rng_type', 'prevday'), ('expire_hour', 17), ('exit_hour', 23), ('sl_frac', 0.5), ('rr', 3.0), ('min_range_atr', 1.0), ('max_range_atr', 6.0), ('skip_dow', (0, 4)))","(('max_trades_day', 2),)","(0, 4)",,
2,BTCUSD,fundingpips_1step,2.0,,,,,23.0,17.0,6.0,1.0,prevday,3.0,0.5,2,390,0.0,0.0,26.7,73.3,,2.1,99589.0,396,4.3,0.0,25.6,70.2,3.9,2.2,100523.0,,,"(('rng_type', 'prevday'), ('expire_hour', 17), ('exit_hour', 23), ('sl_frac', 0.5), ('rr', 3.0), ('min_range_atr', 1.0), ('max_range_atr', 6.0), ('skip_dow', (0, 4)))","(('max_trades_day', 2),)","(0, 4)",,
2,BTCUSD,ftmo_1step,2.0,,,,,23.0,17.0,12.0,3.0,prevday,3.0,0.5,1,390,3.1,0.5,1.8,94.6,6.3,4.0,100234.0,396,2.8,3.8,1.0,92.4,5.8,4.4,101090.0,,,"(('rng_type', 'prevday'), ('expire_hour', 17), ('exit_hour', 23), ('sl_frac', 0.5), ('rr', 3.0), ('min_range_atr', 3.0), ('max_range_atr', 12.0), ('skip_dow', ()))","(('max_trades_day', 1),)",(),,
2,BTCUSD,fundingpips_1step,2.0,,,,,23.0,17.0,12.0,3.0,prevday,3.0,0.5,1,390,3.6,0.0,15.1,81.3,6.3,3.9,100197.0,396,6.6,0.0,10.4,83.1,5.8,4.3,101018.0,,,"(('rng_type', 'prevday'), ('expire_hour', 17), ('exit_hour', 23), ('sl_frac', 0.5), ('rr', 3.0), ('min_range_atr', 3.0), ('max_range_atr', 12.0), ('skip_dow', ()))","(('max_trades_day', 1),)",(),,
2,BTCUSD,ftmo_1step,2.0,,,,,23.0,17.0,12.0,3.0,prevday,3.0,0.5,2,390,2.6,1.0,37.9,58.5,5.9,3.8,99771.0,396,2.5,5.6,44.7,47.2,5.8,4.0,100421.0,,,"(('rng_type', 'prevday'), ('expire_hour', 17), ('exit_hour', 23), ('sl_frac', 0.5), ('rr', 3.0), ('min_range_atr', 3.0), ('max_range_atr', 12.0), ('skip_dow', ()))","(('max_trades_day', 2),)",(),,
2,BTCUSD,fundingpips_1step,2.0,,,,,23.0,17.0,12.0,3.0,prevday,3.0,0.5,2,390,3.6,0.0,43.0,53.3,5.9,3.7,99776.0,396,9.1,0.0,45.0,46.0,4.9,4.0,100470.0,,,"(('rng_type', 'prevday'), ('expire_hour', 17), ('exit_hour', 23), ('sl_frac', 0.5), ('rr', 3.0), ('min_range_atr', 3.0), ('max_range_atr', 12.0), ('skip_dow', ()))","(('max_trades_day', 2),)",(),,
2,BTCUSD,ftmo_1step,2.0,,,,,23.0,17.0,12.0,3.0,prevday,3.0,0.5,1,390,0.0,0.0,0.0,100.0,,2.7,99674.0,396,0.3,3.5,0.0,96.2,6.7,3.1,101117.0,,,"(('rng_type', 'prevday'), ('expire_hour', 17), ('exit_hour', 23), ('sl_frac', 0.5), ('rr', 3.0), ('min_range_atr', 3.0), ('max_range_atr', 12.0), ('skip_dow', (0, 4)))","(('max_trades_day', 1),)","(0, 4)",,
2,BTCUSD,fundingpips_1step,2.0,,,,,23.0,17.0,12.0,3.0,prevday,3.0,0.5,1,390,0.0,0.0,4.1,95.9,,2.7,99690.0,396,3.8,0.0,4.8,91.4,5.7,3.1,101111.0,,,"(('rng_type', 'prevday'), ('expire_hour', 17), ('exit_hour', 23), ('sl_frac', 0.5), ('rr', 3.0), ('min_range_atr', 3.0), ('max_range_atr', 12.0), ('skip_dow', (0, 4)))","(('max_trades_day', 1),)","(0, 4)",,
2,BTCUSD,ftmo_1step,2.0,,,,,23.0,17.0,12.0,3.0,prevday,3.0,0.5,2,390,0.0,0.0,23.1,76.9,,2.8,99414.0,396,0.3,5.3,24.0,70.5,6.7,3.2,100950.0,,,"(('rng_type', 'prevday'), ('expire_hour', 17), ('exit_hour', 23), ('sl_frac', 0.5), ('rr', 3.0), ('min_range_atr', 3.0), ('max_range_atr', 12.0), ('skip_dow', (0, 4)))","(('max_trades_day', 2),)","(0, 4)",,
2,BTCUSD,fundingpips_1step,2.0,,,,,23.0,17.0,12.0,3.0,prevday,3.0,0.5,2,390,0.0,0.0,25.7,74.4,,2.8,99442.0,396,6.6,0.0,23.7,69.7,3.7,3.2,101005.0,,,"(('rng_type', 'prevday'), ('expire_hour', 17), ('exit_hour', 23), ('sl_frac', 0.5), ('rr', 3.0), ('min_range_atr', 3.0), ('max_range_atr', 12.0), ('skip_dow', (0, 4)))","(('max_trades_day', 2),)","(0, 4)",,
2,BTCUSD,ftmo_1step,2.0,,,,,23.0,17.0,12.0,1.0,prevday,3.0,1.0,1,390,0.0,0.0,0.0,100.0,,4.3,100794.0,396,0.0,0.8,0.0,99.2,,4.8,100612.0,,,"(('rng_type', 'prevday'), ('expire_hour', 17), ('exit_hour', 23), ('sl_frac', 1.0), ('rr', 3.0), ('min_range_atr', 1.0), ('max_range_atr', 12.0), ('skip_dow', ()))","(('max_trades_day', 1),)",(),,
2,BTCUSD,fundingpips_1step,2.0,,,,,23.0,17.0,12.0,1.0,prevday,3.0,1.0,1,390,0.0,0.0,2.1,97.9,,4.3,100797.0,396,0.8,0.0,1.3,98.0,5.9,4.8,100597.0,,,"(('rng_type', 'prevday'), ('expire_hour', 17), ('exit_hour', 23), ('sl_frac', 1.0), ('rr', 3.0), ('min_range_atr', 1.0), ('max_range_atr', 12.0), ('skip_dow', ()))","(('max_trades_day', 1),)",(),,
2,BTCUSD,ftmo_1step,2.0,,,,,23.0,17.0,12.0,1.0,prevday,3.0,1.0,2,390,0.0,0.0,11.5,88.5,,4.3,100673.0,396,0.0,1.8,20.2,78.0,,4.6,100397.0,,,"(('rng_type', 'prevday'), ('expire_hour', 17), ('exit_hour', 23), ('sl_frac', 1.0), ('rr', 3.0), ('min_range_atr', 1.0), ('max_range_atr', 12.0), ('skip_dow', ()))","(('max_trades_day', 2),)",(),,
2,BTCUSD,fundingpips_1step,2.0,,,,,23.0,17.0,12.0,1.0,prevday,3.0,1.0,2,390,0.0,0.0,13.3,86.7,,4.3,100678.0,396,1.8,0.0,20.2,78.0,5.8,4.6,100397.0,,,"(('rng_type', 'prevday'), ('expire_hour', 17), ('exit_hour', 23), ('sl_frac', 1.0), ('rr', 3.0), ('min_range_atr', 1.0), ('max_range_atr', 12.0), ('skip_dow', ()))","(('max_trades_day', 2),)",(),,
2,BTCUSD,ftmo_1step,2.0,,,,,23.0,17.0,12.0,1.0,prevday,3.0,1.0,1,390,0.0,0.0,0.0,100.0,,2.8,99980.0,396,0.0,0.3,0.0,99.7,,3.2,100751.0,,,"(('rng_type', 'prevday'), ('expire_hour', 17), ('exit_hour', 23), ('sl_frac', 1.0), ('rr', 3.0), ('min_range_atr', 1.0), ('max_range_atr', 12.0), ('skip_dow', (0, 4)))","(('max_trades_day', 1),)","(0, 4)",,
2,BTCUSD,fundingpips_1step,2.0,,,,,23.0,17.0,12.0,1.0,prevday,3.0,1.0,1,390,0.0,0.0,0.0,100.0,,2.8,99980.0,396,0.3,0.0,0.3,99.5,6.9,3.2,100753.0,,,"(('rng_type', 'prevday'), ('expire_hour', 17), ('exit_hour', 23), ('sl_frac', 1.0), ('rr', 3.0), ('min_range_atr', 1.0), ('max_range_atr', 12.0), ('skip_dow', (0, 4)))","(('max_trades_day', 1),)","(0, 4)",,
2,BTCUSD,ftmo_1step,2.0,,,,,23.0,17.0,12.0,1.0,prevday,3.0,1.0,2,390,0.0,0.0,9.0,91.0,,2.9,99927.0,396,0.0,1.3,8.8,89.9,,3.2,100733.0,,,"(('rng_type', 'prevday'), ('expire_hour', 17), ('exit_hour', 23), ('sl_frac', 1.0), ('rr', 3.0), ('min_range_atr', 1.0), ('max_range_atr', 12.0), ('skip_dow', (0, 4)))","(('max_trades_day', 2),)","(0, 4)",,
2,BTCUSD,fundingpips_1step,2.0,,,,,23.0,17.0,12.0,1.0,prevday,3.0,1.0,2,390,0.0,0.0,9.0,91.0,,2.9,99927.0,396,1.3,0.0,8.8,89.9,2.8,3.2,100733.0,,,"(('rng_type', 'prevday'), ('expire_hour', 17), ('exit_hour', 23), ('sl_frac', 1.0), ('rr', 3.0), ('min_range_atr', 1.0), ('max_range_atr', 12.0), ('skip_dow', (0, 4)))","(('max_trades_day', 2),)","(0, 4)",,
2,BTCUSD,ftmo_1step,2.0,,,,,23.0,17.0,12.0,2.0,prevday,3.0,1.0,1,390,0.0,0.0,0.0,100.0,,4.3,100667.0,396,0.0,0.8,0.0,99.2,,4.7,100652.0,,,"(('rng_type', 'prevday'), ('expire_hour', 17), ('exit_hour', 23), ('sl_frac', 1.0), ('rr', 3.0), ('min_range_atr', 2.0), ('max_range_atr', 12.0), ('skip_dow', ()))","(('max_trades_day', 1),)",(),,
2,BTCUSD,fundingpips_1step,2.0,,,,,23.0,17.0,12.0,2.0,prevday,3.0,1.0,1,390,0.0,0.0,2.1,97.9,,4.3,100669.0,396,0.8,0.0,0.8,98.5,5.9,4.7,100638.0,,,"(('rng_type', 'prevday'), ('expire_hour', 17), ('exit_hour', 23), ('sl_frac', 1.0), ('rr', 3.0), ('min_range_atr', 2.0), ('max_range_atr', 12.0), ('skip_dow', ()))","(('max_trades_day', 1),)",(),,
2,BTCUSD,ftmo_1step,2.0,,,,,23.0,17.0,12.0,2.0,prevday,3.0,1.0,2,390,0.0,0.0,10.3,89.7,,4.3,100569.0,396,0.0,1.8,17.4,80.8,,4.6,100496.0,,,"(('rng_type', 'prevday'), ('expire_hour', 17), ('exit_hour', 23), ('sl_frac', 1.0), ('rr', 3.0), ('min_range_atr', 2.0), ('max_range_atr', 12.0), ('skip_dow', ()))","(('max_trades_day', 2),)",(),,
2,BTCUSD,fundingpips_1step,2.0,,,,,23.0,17.0,12.0,2.0,prevday,3.0,1.0,2,390,0.0,0.0,12.1,87.9,,4.3,100574.0,396,1.8,0.0,17.4,80.8,5.8,4.6,100496.0,,,"(('rng_type', 'prevday'), ('expire_hour', 17), ('exit_hour', 23), ('sl_frac', 1.0), ('rr', 3.0), ('min_range_atr', 2.0), ('max_range_atr', 12.0), ('skip_dow', ()))","(('max_trades_day', 2),)",(),,
2,BTCUSD,ftmo_1step,2.0,,,,,23.0,17.0,12.0,2.0,prevday,3.0,1.0,1,390,0.0,0.0,0.0,100.0,,2.8,100006.0,396,0.0,0.3,0.0,99.7,,3.2,100751.0,,,"(('rng_type', 'prevday'), ('expire_hour', 17), ('exit_hour', 23), ('sl_frac', 1.0), ('rr', 3.0), ('min_range_atr', 2.0), ('max_range_atr', 12.0), ('skip_dow', (0, 4)))","(('max_trades_day', 1),)","(0, 4)",,
2,BTCUSD,fundingpips_1step,2.0,,,,,23.0,17.0,12.0,2.0,prevday,3.0,1.0,1,390,0.0,0.0,0.0,100.0,,2.8,100006.0,396,0.3,0.0,0.3,99.5,6.9,3.2,100753.0,,,"(('rng_type', 'prevday'), ('expire_hour', 17), ('exit_hour', 23), ('sl_frac', 1.0), ('rr', 3.0), ('min_range_atr', 2.0), ('max_range_atr', 12.0), ('skip_dow', (0, 4)))","(('max_trades_day', 1),)","(0, 4)",,
2,BTCUSD,ftmo_1step,2.0,,,,,23.0,17.0,12.0,2.0,prevday,3.0,1.0,2,390,0.0,0.0,7.7,92.3,,2.8,99962.0,396,0.0,1.3,8.8,89.9,,3.2,100733.0,,,"(('rng_type', 'prevday'), ('expire_hour', 17), ('exit_hour', 23), ('sl_frac', 1.0), ('rr', 3.0), ('min_range_atr', 2.0), ('max_range_atr', 12.0), ('skip_dow', (0, 4)))","(('max_trades_day', 2),)","(0, 4)",,
2,BTCUSD,fundingpips_1step,2.0,,,,,23.0,17.0,12.0,2.0,prevday,3.0,1.0,2,390,0.0,0.0,7.7,92.3,,2.8,99962.0,396,1.3,0.0,8.8,89.9,2.8,3.2,100733.0,,,"(('rng_type', 'prevday'), ('expire_hour', 17), ('exit_hour', 23), ('sl_frac', 1.0), ('rr', 3.0), ('min_range_atr', 2.0), ('max_range_atr', 12.0), ('skip_dow', (0, 4)))","(('max_trades_day', 2),)","(0, 4)",,
2,BTCUSD,ftmo_1step,2.0,,,,,23.0,17.0,6.0,1.0,prevday,3.0,1.0,1,390,0.0,0.0,0.0,100.0,,3.1,100824.0,396,0.0,0.0,0.0,100.0,,3.3,100293.0,,,"(('rng_type', 'prevday'), ('expire_hour', 17), ('exit_hour', 23), ('sl_frac', 1.0), ('rr', 3.0), ('min_range_atr', 1.0), ('max_range_atr', 6.0), ('skip_dow', ()))","(('max_trades_day', 1),)",(),,
2,BTCUSD,fundingpips_1step,2.0,,,,,23.0,17.0,6.0,1.0,prevday,3.0,1.0,1,390,0.0,0.0,1.0,99.0,,3.1,100829.0,396,0.0,0.0,0.3,99.7,,3.3,100294.0,,,"(('rng_type', 'prevday'), ('expire_hour', 17), ('exit_hour', 23), ('sl_frac', 1.0), ('rr', 3.0), ('min_range_atr', 1.0), ('max_range_atr', 6.0), ('skip_dow', ()))","(('max_trades_day', 1),)",(),,
2,BTCUSD,ftmo_1step,2.0,,,,,23.0,17.0,6.0,1.0,prevday,3.0,1.0,2,390,0.0,0.0,11.5,88.5,,3.2,100696.0,396,0.0,0.0,20.2,79.8,,3.3,100040.0,,,"(('rng_type', 'prevday'), ('expire_hour', 17), ('exit_hour', 23), ('sl_frac', 1.0), ('rr', 3.0), ('min_range_atr', 1.0), ('max_range_atr', 6.0), ('skip_dow', ()))","(('max_trades_day', 2),)",(),,
2,BTCUSD,fundingpips_1step,2.0,,,,,23.0,17.0,6.0,1.0,prevday,3.0,1.0,2,390,0.0,0.0,12.5,87.4,,3.2,100701.0,396,0.0,0.0,20.2,79.8,,3.3,100040.0,,,"(('rng_type', 'prevday'), ('expire_hour', 17), ('exit_hour', 23), ('sl_frac', 1.0), ('rr', 3.0), ('min_range_atr', 1.0), ('max_range_atr', 6.0), ('skip_dow', ()))","(('max_trades_day', 2),)",(),,
2,BTCUSD,ftmo_1step,2.0,,,,,23.0,17.0,6.0,1.0,prevday,3.0,1.0,1,390,0.0,0.0,0.0,100.0,,1.9,100005.0,396,0.0,0.3,0.0,99.7,,2.0,100500.0,,,"(('rng_type', 'prevday'), ('expire_hour', 17), ('exit_hour', 23), ('sl_frac', 1.0), ('rr', 3.0), ('min_range_atr', 1.0), ('max_range_atr', 6.0), ('skip_dow', (0, 4)))","(('max_trades_day', 1),)","(0, 4)",,
2,BTCUSD,fundingpips_1step,2.0,,,,,23.0,17.0,6.0,1.0,prevday,3.0,1.0,1,390,0.0,0.0,0.0,100.0,,1.9,100005.0,396,0.3,0.0,0.3,99.5,6.9,2.0,100500.0,,,"(('rng_type', 'prevday'), ('expire_hour', 17), ('exit_hour', 23), ('sl_frac', 1.0), ('rr', 3.0), ('min_range_atr', 1.0), ('max_range_atr', 6.0), ('skip_dow', (0, 4)))","(('max_trades_day', 1),)","(0, 4)",,
2,BTCUSD,ftmo_1step,2.0,,,,,23.0,17.0,6.0,1.0,prevday,3.0,1.0,2,390,0.0,0.0,9.0,91.0,,2.0,99946.0,396,0.0,0.3,8.8,90.9,,2.1,100412.0,,,"(('rng_type', 'prevday'), ('expire_hour', 17), ('exit_hour', 23), ('sl_frac', 1.0), ('rr', 3.0), ('min_range_atr', 1.0), ('max_range_atr', 6.0), ('skip_dow', (0, 4)))","(('max_trades_day', 2),)","(0, 4)",,
2,BTCUSD,fundingpips_1step,2.0,,,,,23.0,17.0,6.0,1.0,prevday,3.0,1.0,2,390,0.0,0.0,9.0,91.0,,2.0,99946.0,396,0.3,0.0,8.8,90.9,6.9,2.1,100412.0,,,"(('rng_type', 'prevday'), ('expire_hour', 17), ('exit_hour', 23), ('sl_frac', 1.0), ('rr', 3.0), ('min_range_atr', 1.0), ('max_range_atr', 6.0), ('skip_dow', (0, 4)))","(('max_trades_day', 2),)","(0, 4)",,
2,BTCUSD,ftmo_1step,2.0,,,,,23.0,17.0,12.0,3.0,prevday,3.0,1.0,1,390,0.0,0.0,0.0,100.0,,4.0,100253.0,396,0.0,0.8,0.0,99.2,,4.5,100743.0,,,"(('rng_type', 'prevday'), ('expire_hour', 17), ('exit_hour', 23), ('sl_frac', 1.0), ('rr', 3.0), ('min_range_atr', 3.0), ('max_range_atr', 12.0), ('skip_dow', ()))","(('max_trades_day', 1),)",(),,
2,BTCUSD,fundingpips_1step,2.0,,,,,23.0,17.0,12.0,3.0,prevday,3.0,1.0,1,390,0.0,0.0,1.0,99.0,,4.0,100254.0,396,0.8,0.0,0.3,99.0,5.9,4.5,100746.0,,,"(('rng_type', 'prevday'), ('expire_hour', 17), ('exit_hour', 23), ('sl_frac', 1.0), ('rr', 3.0), ('min_range_atr', 3.0), ('max_range_atr', 12.0), ('skip_dow', ()))","(('max_trades_day', 1),)",(),,
2,BTCUSD,ftmo_1step,2.0,,,,,23.0,17.0,12.0,3.0,prevday,3.0,1.0,2,390,0.0,0.0,10.3,89.7,,4.0,100197.0,396,0.0,1.8,11.4,86.9,,4.4,100680.0,,,"(('rng_type', 'prevday'), ('expire_hour', 17), ('exit_hour', 23), ('sl_frac', 1.0), ('rr', 3.0), ('min_range_atr', 3.0), ('max_range_atr', 12.0), ('skip_dow', ()))","(('max_trades_day', 2),)",(),,
2,BTCUSD,fundingpips_1step,2.0,,,,,23.0,17.0,12.0,3.0,prevday,3.0,1.0,2,390,0.0,0.0,11.1,89.0,,4.0,100201.0,396,1.8,0.0,11.4,86.9,5.8,4.4,100680.0,,,"(('rng_type', 'prevday'), ('expire_hour', 17), ('exit_hour', 23), ('sl_frac', 1.0), ('rr', 3.0), ('min_range_atr', 3.0), ('max_range_atr', 12.0), ('skip_dow', ()))","(('max_trades_day', 2),)",(),,
2,BTCUSD,ftmo_1step,2.0,,,,,23.0,17.0,12.0,3.0,prevday,3.0,1.0,1,390,0.0,0.0,0.0,100.0,,2.7,99955.0,396,0.0,0.3,0.0,99.7,,3.2,100782.0,,,"(('rng_type', 'prevday'), ('expire_hour', 17), ('exit_hour', 23), ('sl_frac', 1.0), ('rr', 3.0), ('min_range_atr', 3.0), ('max_range_atr', 12.0), ('skip_dow', (0, 4)))","(('max_trades_day', 1),)","(0, 4)",,
2,BTCUSD,fundingpips_1step,2.0,,,,,23.0,17.0,12.0,3.0,prevday,3.0,1.0,1,390,0.0,0.0,0.0,100.0,,2.7,99955.0,396,0.3,0.0,0.3,99.5,6.9,3.2,100783.0,,,"(('rng_type', 'prevday'), ('expire_hour', 17), ('exit_hour', 23), ('sl_frac', 1.0), ('rr', 3.0), ('min_range_atr', 3.0), ('max_range_atr', 12.0), ('skip_dow', (0, 4)))","(('max_trades_day', 1),)","(0, 4)",,
2,BTCUSD,ftmo_1step,2.0,,,,,23.0,17.0,12.0,3.0,prevday,3.0,1.0,2,390,0.0,0.0,7.7,92.3,,2.7,99912.0,396,0.0,1.3,6.3,92.4,,3.2,100808.0,,,"(('rng_type', 'prevday'), ('expire_hour', 17), ('exit_hour', 23), ('sl_frac', 1.0), ('rr', 3.0), ('min_range_atr', 3.0), ('max_range_atr', 12.0), ('skip_dow', (0, 4)))","(('max_trades_day', 2),)","(0, 4)",,
2,BTCUSD,fundingpips_1step,2.0,,,,,23.0,17.0,12.0,3.0,prevday,3.0,1.0,2,390,0.0,0.0,7.7,92.3,,2.7,99912.0,396,1.3,0.0,6.3,92.4,2.8,3.2,100808.0,,,"(('rng_type', 'prevday'), ('expire_hour', 17), ('exit_hour', 23), ('sl_frac', 1.0), ('rr', 3.0), ('min_range_atr', 3.0), ('max_range_atr', 12.0), ('skip_dow', (0, 4)))","(('max_trades_day', 2),)","(0, 4)",,
2,GBPUSD,ftmo_1step,2.0,,,,,23.0,20.0,3.0,0.3,nypre,2.0,1.0,1,395,0.3,0.0,1.0,98.7,4.9,1.7,100267.0,205,0.0,0.0,0.5,99.5,,2.0,99962.0,,,"(('rng_type', 'nypre'), ('expire_hour', 20), ('exit_hour', 23), ('sl_frac', 1.0), ('rr', 2.0), ('min_range_atr', 0.3), ('max_range_atr', 3.0), ('skip_dow', ()))","(('max_trades_day', 1),)",(),,
2,GBPUSD,fundingpips_1step,2.0,,,,,23.0,20.0,3.0,0.3,nypre,2.0,1.0,1,395,0.3,0.0,1.5,98.2,4.9,1.7,100258.0,205,0.0,0.0,1.5,98.5,,2.0,99955.0,,,"(('rng_type', 'nypre'), ('expire_hour', 20), ('exit_hour', 23), ('sl_frac', 1.0), ('rr', 2.0), ('min_range_atr', 0.3), ('max_range_atr', 3.0), ('skip_dow', ()))","(('max_trades_day', 1),)",(),,
2,GBPUSD,ftmo_1step,2.0,,,,,23.0,20.0,3.0,0.3,nypre,2.0,1.0,2,395,0.5,0.0,18.2,81.3,5.9,2.0,100183.0,205,0.0,0.0,25.4,74.6,,2.3,99866.0,,,"(('rng_type', 'nypre'), ('expire_hour', 20), ('exit_hour', 23), ('sl_frac', 1.0), ('rr', 2.0), ('min_range_atr', 0.3), ('max_range_atr', 3.0), ('skip_dow', ()))","(('max_trades_day', 2),)",(),,
2,GBPUSD,fundingpips_1step,2.0,,,,,23.0,20.0,3.0,0.3,nypre,2.0,1.0,2,395,0.5,0.0,18.3,81.3,5.9,2.0,100184.0,205,0.0,0.0,25.4,74.6,,2.3,99866.0,,,"(('rng_type', 'nypre'), ('expire_hour', 20), ('exit_hour', 23), ('sl_frac', 1.0), ('rr', 2.0), ('min_range_atr', 0.3), ('max_range_atr', 3.0), ('skip_dow', ()))","(('max_trades_day', 2),)",(),,
2,GBPUSD,ftmo_1step,2.0,,,,,23.0,20.0,3.0,0.3,nypre,2.0,1.0,1,395,0.0,0.0,0.0,100.0,,0.9,100093.0,205,0.0,0.0,0.0,100.0,,1.2,99899.0,,,"(('rng_type', 'nypre'), ('expire_hour', 20), ('exit_hour', 23), ('sl_frac', 1.0), ('rr', 2.0), ('min_range_atr', 0.3), ('max_range_atr', 3.0), ('skip_dow', (0, 4)))","(('max_trades_day', 1),)","(0, 4)",,
2,GBPUSD,fundingpips_1step,2.0,,,,,23.0,20.0,3.0,0.3,nypre,2.0,1.0,1,395,0.0,0.0,0.0,100.0,,0.9,100093.0,205,0.0,0.0,0.5,99.5,,1.2,99899.0,,,"(('rng_type', 'nypre'), ('expire_hour', 20), ('exit_hour', 23), ('sl_frac', 1.0), ('rr', 2.0), ('min_range_atr', 0.3), ('max_range_atr', 3.0), ('skip_dow', (0, 4)))","(('max_trades_day', 1),)","(0, 4)",,
2,GBPUSD,ftmo_1step,2.0,,,,,23.0,20.0,3.0,0.3,nypre,2.0,1.0,2,395,0.0,0.0,10.9,89.1,,1.1,100037.0,205,0.0,0.0,15.6,84.4,,1.5,99871.0,,,"(('rng_type', 'nypre'), ('expire_hour', 20), ('exit_hour', 23), ('sl_frac', 1.0), ('rr', 2.0), ('min_range_atr', 0.3), ('max_range_atr', 3.0), ('skip_dow', (0, 4)))","(('max_trades_day', 2),)","(0, 4)",,
2,GBPUSD,fundingpips_1step,2.0,,,,,23.0,20.0,3.0,0.3,nypre,2.0,1.0,2,395,0.0,0.0,10.9,89.1,,1.1,100037.0,205,0.0,0.0,15.6,84.4,,1.5,99871.0,,,"(('rng_type', 'nypre'), ('expire_hour', 20), ('exit_hour', 23), ('sl_frac', 1.0), ('rr', 2.0), ('min_range_atr', 0.3), ('max_range_atr', 3.0), ('skip_dow', (0, 4)))","(('max_trades_day', 2),)","(0, 4)",,
2,GBPUSD,ftmo_1step,2.0,,,,,23.0,20.0,2.0,0.3,nypre,2.0,1.0,1,395,0.0,0.0,0.0,100.0,,0.2,100079.0,205,0.0,0.0,0.0,100.0,,0.2,99944.0,,,"(('rng_type', 'nypre'), ('expire_hour', 20), ('exit_hour', 23), ('sl_frac', 1.0), ('rr', 2.0), ('min_range_atr', 0.3), ('max_range_atr', 2.0), ('skip_dow', ()))","(('max_trades_day', 1),)",(),,
2,GBPUSD,fundingpips_1step,2.0,,,,,23.0,20.0,2.0,0.3,nypre,2.0,1.0,1,395,0.0,0.0,0.0,100.0,,0.2,100079.0,205,0.0,0.0,0.0,100.0,,0.2,99944.0,,,"(('rng_type', 'nypre'), ('expire_hour', 20), ('exit_hour', 23), ('sl_frac', 1.0), ('rr', 2.0), ('min_range_atr', 0.3), ('max_range_atr', 2.0), ('skip_dow', ()))","(('max_trades_day', 1),)",(),,
2,GBPUSD,ftmo_1step,2.0,,,,,23.0,20.0,2.0,0.3,nypre,2.0,1.0,2,395,0.0,0.0,2.0,98.0,,0.3,100121.0,205,0.0,0.0,5.9,94.1,,0.3,99899.0,,,"(('rng_type', 'nypre'), ('expire_hour', 20), ('exit_hour', 23), ('sl_frac', 1.0), ('rr', 2.0), ('min_range_atr', 0.3), ('max_range_atr', 2.0), ('skip_dow', ()))","(('max_trades_day', 2),)",(),,
2,GBPUSD,fundingpips_1step,2.0,,,,,23.0,20.0,2.0,0.3,nypre,2.0,1.0,2,395,0.0,0.0,2.0,98.0,,0.3,100121.0,205,0.0,0.0,5.9,94.1,,0.3,99899.0,,,"(('rng_type', 'nypre'), ('expire_hour', 20), ('exit_hour', 23), ('sl_frac', 1.0), ('rr', 2.0), ('min_range_atr', 0.3), ('max_range_atr', 2.0), ('skip_dow', ()))","(('max_trades_day', 2),)",(),,
2,GBPUSD,ftmo_1step,2.0,,,,,23.0,20.0,2.0,0.3,nypre,2.0,1.0,1,395,0.0,0.0,0.0,100.0,,0.1,100030.0,205,0.0,0.0,0.0,100.0,,0.1,100025.0,,,"(('rng_type', 'nypre'), ('expire_hour', 20), ('exit_hour', 23), ('sl_frac', 1.0), ('rr', 2.0), ('min_range_atr', 0.3), ('max_range_atr', 2.0), ('skip_dow', (0, 4)))","(('max_trades_day', 1),)","(0, 4)",,
2,GBPUSD,fundingpips_1step,2.0,,,,,23.0,20.0,2.0,0.3,nypre,2.0,1.0,1,395,0.0,0.0,0.0,100.0,,0.1,100030.0,205,0.0,0.0,0.0,100.0,,0.1,100025.0,,,"(('rng_type', 'nypre'), ('expire_hour', 20), ('exit_hour', 23), ('sl_frac', 1.0), ('rr', 2.0), ('min_range_atr', 0.3), ('max_range_atr', 2.0), ('skip_dow', (0, 4)))","(('max_trades_day', 1),)","(0, 4)",,
2,GBPUSD,ftmo_1step,2.0,,,,,23.0,20.0,2.0,0.3,nypre,2.0,1.0,2,395,0.0,0.0,1.0,99.0,,0.1,100058.0,205,0.0,0.0,1.5,98.5,,0.1,100028.0,,,"(('rng_type', 'nypre'), ('expire_hour', 20), ('exit_hour', 23), ('sl_frac', 1.0), ('rr', 2.0), ('min_range_atr', 0.3), ('max_range_atr', 2.0), ('skip_dow', (0, 4)))","(('max_trades_day', 2),)","(0, 4)",,
2,GBPUSD,fundingpips_1step,2.0,,,,,23.0,20.0,2.0,0.3,nypre,2.0,1.0,2,395,0.0,0.0,1.0,99.0,,0.1,100058.0,205,0.0,0.0,1.5,98.5,,0.1,100028.0,,,"(('rng_type', 'nypre'), ('expire_hour', 20), ('exit_hour', 23), ('sl_frac', 1.0), ('rr', 2.0), ('min_range_atr', 0.3), ('max_range_atr', 2.0), ('skip_dow', (0, 4)))","(('max_trades_day', 2),)","(0, 4)",,
2,GBPUSD,ftmo_1step,2.0,,,,,23.0,20.0,3.0,1.0,nypre,2.0,1.0,1,395,0.3,0.0,1.0,98.7,4.9,1.7,100267.0,205,0.0,0.0,0.5,99.5,,2.0,99962.0,,,"(('rng_type', 'nypre'), ('expire_hour', 20), ('exit_hour', 23), ('sl_frac', 1.0), ('rr', 2.0), ('min_range_atr', 1.0), ('max_range_atr', 3.0), ('skip_dow', ()))","(('max_trades_day', 1),)",(),,
2,GBPUSD,fundingpips_1step,2.0,,,,,23.0,20.0,3.0,1.0,nypre,2.0,1.0,1,395,0.3,0.0,1.5,98.2,4.9,1.7,100258.0,205,0.0,0.0,1.5,98.5,,2.0,99955.0,,,"(('rng_type', 'nypre'), ('expire_hour', 20), ('exit_hour', 23), ('sl_frac', 1.0), ('rr', 2.0), ('min_range_atr', 1.0), ('max_range_atr', 3.0), ('skip_dow', ()))","(('max_trades_day', 1),)",(),,
2,GBPUSD,ftmo_1step,2.0,,,,,23.0,20.0,3.0,1.0,nypre,2.0,1.0,2,395,0.5,0.0,18.2,81.3,5.9,2.0,100183.0,205,0.0,0.0,25.4,74.6,,2.3,99866.0,,,"(('rng_type', 'nypre'), ('expire_hour', 20), ('exit_hour', 23), ('sl_frac', 1.0), ('rr', 2.0), ('min_range_atr', 1.0), ('max_range_atr', 3.0), ('skip_dow', ()))","(('max_trades_day', 2),)",(),,
2,GBPUSD,fundingpips_1step,2.0,,,,,23.0,20.0,3.0,1.0,nypre,2.0,1.0,2,395,0.5,0.0,18.3,81.3,5.9,2.0,100184.0,205,0.0,0.0,25.4,74.6,,2.3,99866.0,,,"(('rng_type', 'nypre'), ('expire_hour', 20), ('exit_hour', 23), ('sl_frac', 1.0), ('rr', 2.0), ('min_range_atr', 1.0), ('max_range_atr', 3.0), ('skip_dow', ()))","(('max_trades_day', 2),)",(),,
2,GBPUSD,ftmo_1step,2.0,,,,,23.0,20.0,3.0,1.0,nypre,2.0,1.0,1,395,0.0,0.0,0.0,100.0,,0.9,100093.0,205,0.0,0.0,0.0,100.0,,1.2,99899.0,,,"(('rng_type', 'nypre'), ('expire_hour', 20), ('exit_hour', 23), ('sl_frac', 1.0), ('rr', 2.0), ('min_range_atr', 1.0), ('max_range_atr', 3.0), ('skip_dow', (0, 4)))","(('max_trades_day', 1),)","(0, 4)",,
2,GBPUSD,fundingpips_1step,2.0,,,,,23.0,20.0,3.0,1.0,nypre,2.0,1.0,1,395,0.0,0.0,0.0,100.0,,0.9,100093.0,205,0.0,0.0,0.5,99.5,,1.2,99899.0,,,"(('rng_type', 'nypre'), ('expire_hour', 20), ('exit_hour', 23), ('sl_frac', 1.0), ('rr', 2.0), ('min_range_atr', 1.0), ('max_range_atr', 3.0), ('skip_dow', (0, 4)))","(('max_trades_day', 1),)","(0, 4)",,
2,GBPUSD,ftmo_1step,2.0,,,,,23.0,20.0,3.0,1.0,nypre,2.0,1.0,2,395,0.0,0.0,10.9,89.1,,1.1,100037.0,205,0.0,0.0,15.6,84.4,,1.5,99871.0,,,"(('rng_type', 'nypre'), ('expire_hour', 20), ('exit_hour', 23), ('sl_frac', 1.0), ('rr', 2.0), ('min_range_atr', 1.0), ('max_range_atr', 3.0), ('skip_dow', (0, 4)))","(('max_trades_day', 2),)","(0, 4)",,
2,GBPUSD,fundingpips_1step,2.0,,,,,23.0,20.0,3.0,1.0,nypre,2.0,1.0,2,395,0.0,0.0,10.9,89.1,,1.1,100037.0,205,0.0,0.0,15.6,84.4,,1.5,99871.0,,,"(('rng_type', 'nypre'), ('expire_hour', 20), ('exit_hour', 23), ('sl_frac', 1.0), ('rr', 2.0), ('min_range_atr', 1.0), ('max_range_atr', 3.0), ('skip_dow', (0, 4)))","(('max_trades_day', 2),)","(0, 4)",,
2,GBPUSD,ftmo_1step,2.0,,,,,23.0,20.0,5.0,0.3,nypre,2.0,1.0,1,395,0.8,0.0,1.5,97.7,6.9,3.6,100225.0,205,0.5,0.0,1.5,98.0,6.8,4.1,99877.0,,,"(('rng_type', 'nypre'), ('expire_hour', 20), ('exit_hour', 23), ('sl_frac', 1.0), ('rr', 2.0), ('min_range_atr', 0.3), ('max_range_atr', 5.0), ('skip_dow', ()))","(('max_trades_day', 1),)",(),,
2,GBPUSD,fundingpips_1step,2.0,,,,,23.0,20.0,5.0,0.3,nypre,2.0,1.0,1,395,0.8,0.0,2.5,96.7,6.9,3.6,100212.0,205,0.5,0.0,3.5,96.1,6.8,4.1,99859.0,,,"(('rng_type', 'nypre'), ('expire_hour', 20), ('exit_hour', 23), ('sl_frac', 1.0), ('rr', 2.0), ('min_range_atr', 0.3), ('max_range_atr', 5.0), ('skip_dow', ()))","(('max_trades_day', 1),)",(),,
2,GBPUSD,ftmo_1step,2.0,,,,,23.0,20.0,5.0,0.3,nypre,2.0,1.0,2,395,0.8,0.0,23.3,75.9,6.9,3.7,100080.0,205,0.5,0.5,28.8,70.2,6.8,4.2,99845.0,,,"(('rng_type', 'nypre'), ('expire_hour', 20), ('exit_hour', 23), ('sl_frac', 1.0), ('rr', 2.0), ('min_range_atr', 0.3), ('max_range_atr', 5.0), ('skip_dow', ()))","(('max_trades_day', 2),)",(),,
2,GBPUSD,fundingpips_1step,2.0,,,,,23.0,20.0,5.0,0.3,nypre,2.0,1.0,2,395,0.8,0.0,23.8,75.4,6.9,3.7,100075.0,205,1.0,0.0,29.8,69.3,4.8,4.2,99833.0,,,"(('rng_type', 'nypre'), ('expire_hour', 20), ('exit_hour', 23), ('sl_frac', 1.0), ('rr', 2.0), ('min_range_atr', 0.3), ('max_range_atr', 5.0), ('skip_dow', ()))","(('max_trades_day', 2),)",(),,
2,GBPUSD,ftmo_1step,2.0,,,,,23.0,20.0,5.0,0.3,nypre,2.0,1.0,1,395,0.0,0.0,0.0,100.0,,2.2,100014.0,205,0.0,0.0,0.0,100.0,,2.5,99916.0,,,"(('rng_type', 'nypre'), ('expire_hour', 20), ('exit_hour', 23), ('sl_frac', 1.0), ('rr', 2.0), ('min_range_atr', 0.3), ('max_range_atr', 5.0), ('skip_dow', (0, 4)))","(('max_trades_day', 1),)","(0, 4)",,
2,GBPUSD,fundingpips_1step,2.0,,,,,23.0,20.0,5.0,0.3,nypre,2.0,1.0,1,395,0.0,0.0,0.0,100.0,,2.2,100014.0,205,0.0,0.0,0.5,99.5,,2.5,99916.0,,,"(('rng_type', 'nypre'), ('expire_hour', 20), ('exit_hour', 23), ('sl_frac', 1.0), ('rr', 2.0), ('min_range_atr', 0.3), ('max_range_atr', 5.0), ('skip_dow', (0, 4)))","(('max_trades_day', 1),)","(0, 4)",,
2,GBPUSD,ftmo_1step,2.0,,,,,23.0,20.0,5.0,0.3,nypre,2.0,1.0,2,395,0.0,0.0,13.4,86.6,,2.4,99955.0,205,0.0,0.0,19.0,81.0,,2.7,99821.0,,,"(('rng_type', 'nypre'), ('expire_hour', 20), ('exit_hour', 23), ('sl_frac', 1.0), ('rr', 2.0), ('min_range_atr', 0.3), ('max_range_atr', 5.0), ('skip_dow', (0, 4)))","(('max_trades_day', 2),)","(0, 4)",,
2,GBPUSD,fundingpips_1step,2.0,,,,,23.0,20.0,5.0,0.3,nypre,2.0,1.0,2,395,0.0,0.0,13.7,86.3,,2.4,99955.0,205,0.0,0.0,19.0,81.0,,2.7,99821.0,,,"(('rng_type', 'nypre'), ('expire_hour', 20), ('exit_hour', 23), ('sl_frac', 1.0), ('rr', 2.0), ('min_range_atr', 0.3), ('max_range_atr', 5.0), ('skip_dow', (0, 4)))","(('max_trades_day', 2),)","(0, 4)",,
2,GBPUSD,ftmo_1step,2.0,,,,,23.0,17.0,3.0,0.3,prelondon,3.0,1.0,1,395,5.3,5.1,10.1,79.5,5.9,3.9,100256.0,205,2.9,3.9,14.2,79.0,6.3,4.2,99903.0,,,"(('rng_type', 'prelondon'), ('expire_hour', 17), ('exit_hour', 23), ('sl_frac', 1.0), ('rr', 3.0), ('min_range_atr', 0.3), ('max_range_atr', 3.0), ('skip_dow', ()))","(('max_trades_day', 1),)",(),,
2,GBPUSD,fundingpips_1step,2.0,,,,,23.0,17.0,3.0,0.3,prelondon,3.0,1.0,1,395,10.4,0.0,25.1,64.6,4.9,3.7,100242.0,205,6.8,0.0,30.3,62.9,3.7,3.9,99878.0,,,"(('rng_type', 'prelondon'), ('expire_hour', 17), ('exit_hour', 23), ('sl_frac', 1.0), ('rr', 3.0), ('min_range_atr', 0.3), ('max_range_atr', 3.0), ('skip_dow', ()))","(('max_trades_day', 1),)",(),,
2,GBPUSD,ftmo_1step,2.0,,,,,23.0,17.0,3.0,0.3,prelondon,3.0,1.0,2,395,3.0,10.6,77.2,9.1,4.6,3.2,100169.0,205,1.0,6.8,83.9,8.3,4.7,3.1,99337.0,,,"(('rng_type', 'prelondon'), ('expire_hour', 17), ('exit_hour', 23), ('sl_frac', 1.0), ('rr', 3.0), ('min_range_atr', 0.3), ('max_range_atr', 3.0), ('skip_dow', ()))","(('max_trades_day', 2),)",(),,
2,GBPUSD,fundingpips_1step,2.0,,,,,23.0,17.0,3.0,0.3,prelondon,3.0,1.0,2,395,13.9,0.0,77.2,8.9,2.8,3.2,100164.0,205,7.8,0.0,83.9,8.3,1.8,3.1,99333.0,,,"(('rng_type', 'prelondon'), ('expire_hour', 17), ('exit_hour', 23), ('sl_frac', 1.0), ('rr', 3.0), ('min_range_atr', 0.3), ('max_range_atr', 3.0), ('skip_dow', ()))","(('max_trades_day', 2),)",(),,
2,GBPUSD,ftmo_1step,2.0,,,,,23.0,17.0,3.0,0.3,prelondon,3.0,1.0,1,395,0.3,4.6,1.0,94.2,6.4,2.3,100375.0,205,0.5,2.9,2.0,94.6,3.8,2.6,100181.0,,,"(('rng_type', 'prelondon'), ('expire_hour', 17), ('exit_hour', 23), ('sl_frac', 1.0), ('rr', 3.0), ('min_range_atr', 0.3), ('max_range_atr', 3.0), ('skip_dow', (0, 4)))","(('max_trades_day', 1),)","(0, 4)",,
2,GBPUSD,fundingpips_1step,2.0,,,,,23.0,17.0,3.0,0.3,prelondon,3.0,1.0,1,395,4.8,0.0,9.4,85.8,3.8,2.3,100376.0,205,3.4,0.0,16.6,80.0,2.7,2.6,100177.0,,,"(('rng_type', 'prelondon'), ('expire_hour', 17), ('exit_hour', 23), ('sl_frac', 1.0), ('rr', 3.0), ('min_range_atr', 0.3), ('max_range_atr', 3.0), ('skip_dow', (0, 4)))","(('max_trades_day', 1),)","(0, 4)",,
2,GBPUSD,ftmo_1step,2.0,,,,,23.0,17.0,3.0,0.3,prelondon,3.0,1.0,2,395,1.3,8.9,64.8,25.1,6.5,2.6,100297.0,205,0.5,5.4,74.2,20.0,6.5,2.7,99594.0,,,"(('rng_type', 'prelondon'), ('expire_hour', 17), ('exit_hour', 23), ('sl_frac', 1.0), ('rr', 3.0), ('min_range_atr', 0.3), ('max_range_atr', 3.0), ('skip_dow', (0, 4)))","(('max_trades_day', 2),)","(0, 4)",,
2,GBPUSD,fundingpips_1step,2.0,,,,,23.0,17.0,3.0,0.3,prelondon,3.0,1.0,2,395,10.4,0.0,63.8,25.8,3.6,2.6,100328.0,205,5.9,0.0,74.2,20.0,2.8,2.7,99591.0,,,"(('rng_type', 'prelondon'), ('expire_hour', 17), ('exit_hour', 23), ('sl_frac', 1.0), ('rr', 3.0), ('min_range_atr', 0.3), ('max_range_atr', 3.0), ('skip_dow', (0, 4)))","(('max_trades_day', 2),)","(0, 4)",,
2,GBPUSD,ftmo_1step,2.0,,,,,23.0,17.0,2.0,0.3,prelondon,3.0,1.0,1,395,1.5,3.5,2.1,92.9,6.2,1.9,100164.0,205,0.5,1.0,2.9,95.6,6.7,2.3,99459.0,,,"(('rng_type', 'prelondon'), ('expire_hour', 17), ('exit_hour', 23), ('sl_frac', 1.0), ('rr', 3.0), ('min_range_atr', 0.3), ('max_range_atr', 2.0), ('skip_dow', ()))","(('max_trades_day', 1),)",(),,
2,GBPUSD,fundingpips_1step,2.0,,,,,23.0,17.0,2.0,0.3,prelondon,3.0,1.0,1,395,5.1,0.0,8.7,86.3,4.5,1.9,100180.0,205,1.5,0.0,17.1,81.5,5.6,2.3,99353.0,,,"(('rng_type', 'prelondon'), ('expire_hour', 17), ('exit_hour', 23), ('sl_frac', 1.0), ('rr', 3.0), ('min_range_atr', 0.3), ('max_range_atr', 2.0), ('skip_dow', ()))","(('max_trades_day', 1),)",(),,
2,GBPUSD,ftmo_1step,2.0,,,,,23.0,17.0,2.0,0.3,prelondon,3.0,1.0,2,395,1.0,7.6,57.0,34.4,4.6,2.1,99955.0,205,0.5,5.9,72.7,21.0,3.7,2.3,99267.0,,,"(('rng_type', 'prelondon'), ('expire_hour', 17), ('exit_hour', 23), ('sl_frac', 1.0), ('rr', 3.0), ('min_range_atr', 0.3), ('max_range_atr', 2.0), ('skip_dow', ()))","(('max_trades_day', 2),)",(),,
2,GBPUSD,fundingpips_1step,2.0,,,,,23.0,17.0,2.0,0.3,prelondon,3.0,1.0,2,395,8.9,0.0,56.5,34.7,3.5,2.1,99995.0,205,6.3,0.0,72.7,21.0,1.6,2.3,99257.0,,,"(('rng_type', 'prelondon'), ('expire_hour', 17), ('exit_hour', 23), ('sl_frac', 1.0), ('rr', 3.0), ('min_range_atr', 0.3), ('max_range_atr', 2.0), ('skip_dow', ()))","(('max_trades_day', 2),)",(),,
2,GBPUSD,ftmo_1step,2.0,,,,,23.0,17.0,2.0,0.3,prelondon,3.0,1.0,1,395,0.0,1.3,0.3,98.5,,1.0,100360.0,205,0.0,0.5,1.0,98.5,,1.3,99615.0,,,"(('rng_type', 'prelondon'), ('expire_hour', 17), ('exit_hour', 23), ('sl_frac', 1.0), ('rr', 3.0), ('min_range_atr', 0.3), ('max_range_atr', 2.0), ('skip_dow', (0, 4)))","(('max_trades_day', 1),)","(0, 4)",,
2,GBPUSD,fundingpips_1step,2.0,,,,,23.0,17.0,2.0,0.3,prelondon,3.0,1.0,1,395,1.3,0.0,1.5,97.2,5.4,1.0,100360.0,205,0.5,0.0,2.9,96.6,6.7,1.3,99614.0,,,"(('rng_type', 'prelondon'), ('expire_hour', 17), ('exit_hour', 23), ('sl_frac', 1.0), ('rr', 3.0), ('min_range_atr', 0.3), ('max_range_atr', 2.0), ('skip_dow', (0, 4)))","(('max_trades_day', 1),)","(0, 4)",,
2,GBPUSD,ftmo_1step,2.0,,,,,23.0,17.0,2.0,0.3,prelondon,3.0,1.0,2,395,0.0,5.3,37.0,57.7,,1.3,100239.0,205,0.0,3.4,51.7,44.9,,1.6,99395.0,,,"(('rng_type', 'prelondon'), ('expire_hour', 17), ('exit_hour', 23), ('sl_frac', 1.0), ('rr', 3.0), ('min_range_atr', 0.3), ('max_range_atr', 2.0), ('skip_dow', (0, 4)))","(('max_trades_day', 2),)","(0, 4)",,
2,GBPUSD,fundingpips_1step,2.0,,,,,23.0,17.0,2.0,0.3,prelondon,3.0,1.0,2,395,5.6,0.0,36.2,58.2,3.6,1.4,100274.0,205,3.4,0.0,51.7,44.9,2.9,1.6,99386.0,,,"(('rng_type', 'prelondon'), ('expire_hour', 17), ('exit_hour', 23), ('sl_frac', 1.0), ('rr', 3.0), ('min_range_atr', 0.3), ('max_range_atr', 2.0), ('skip_dow', (0, 4)))","(('max_trades_day', 2),)","(0, 4)",,
2,GBPUSD,ftmo_1step,2.0,,,,,23.0,17.0,3.0,1.0,prelondon,3.0,1.0,1,395,4.8,4.8,9.9,80.5,5.9,3.8,100211.0,205,2.9,3.4,14.2,79.5,6.3,4.2,99943.0,,,"(('rng_type', 'prelondon'), ('expire_hour', 17), ('exit_hour', 23), ('sl_frac', 1.0), ('rr', 3.0), ('min_range_atr', 1.0), ('max_range_atr', 3.0), ('skip_dow', ()))","(('max_trades_day', 1),)",(),,
2,GBPUSD,fundingpips_1step,2.0,,,,,23.0,17.0,3.0,1.0,prelondon,3.0,1.0,1,395,9.6,0.0,24.6,65.8,4.9,3.6,100207.0,205,6.3,0.0,28.8,64.9,3.7,3.9,99910.0,,,"(('rng_type', 'prelondon'), ('expire_hour', 17), ('exit_hour', 23), ('sl_frac', 1.0), ('rr', 3.0), ('min_range_atr', 1.0), ('max_range_atr', 3.0), ('skip_dow', ()))","(('max_trades_day', 1),)",(),,
2,GBPUSD,ftmo_1step,2.0,,,,,23.0,17.0,3.0,1.0,prelondon,3.0,1.0,2,395,2.8,10.6,76.0,10.6,4.7,3.2,100155.0,205,1.0,6.3,83.5,9.3,4.7,3.1,99318.0,,,"(('rng_type', 'prelondon'), ('expire_hour', 17), ('exit_hour', 23), ('sl_frac', 1.0), ('rr', 3.0), ('min_range_atr', 1.0), ('max_range_atr', 3.0), ('skip_dow', ()))","(('max_trades_day', 2),)",(),,
2,GBPUSD,fundingpips_1step,2.0,,,,,23.0,17.0,3.0,1.0,prelondon,3.0,1.0,2,395,13.7,0.0,75.9,10.4,2.8,3.2,100159.0,205,7.3,0.0,83.4,9.3,1.9,3.1,99313.0,,,"(('rng_type', 'prelondon'), ('expire_hour', 17), ('exit_hour', 23), ('sl_frac', 1.0), ('rr', 3.0), ('min_range_atr', 1.0), ('max_range_atr', 3.0), ('skip_dow', ()))","(('max_trades_day', 2),)",(),,
2,GBPUSD,ftmo_1step,2.0,,,,,23.0,17.0,3.0,1.0,prelondon,3.0,1.0,1,395,0.3,4.6,1.0,94.2,6.4,2.3,100364.0,205,0.5,2.9,2.0,94.6,3.8,2.5,100232.0,,,"(('rng_type', 'prelondon'), ('expire_hour', 17), ('exit_hour', 23), ('sl_frac', 1.0), ('rr', 3.0), ('min_range_atr', 1.0), ('max_range_atr', 3.0), ('skip_dow', (0, 4)))","(('max_trades_day', 1),)","(0, 4)",,
2,GBPUSD,fundingpips_1step,2.0,,,,,23.0,17.0,3.0,1.0,prelondon,3.0,1.0,1,395,4.8,0.0,8.6,86.6,3.9,2.3,100365.0,205,3.4,0.0,15.6,81.0,2.7,2.5,100228.0,,,"(('rng_type', 'prelondon'), ('expire_hour', 17), ('exit_hour', 23), ('sl_frac', 1.0), ('rr', 3.0), ('min_range_atr', 1.0), ('max_range_atr', 3.0), ('skip_dow', (0, 4)))","(('max_trades_day', 1),)","(0, 4)",,
2,GBPUSD,ftmo_1step,2.0,,,,,23.0,17.0,3.0,1.0,prelondon,3.0,1.0,2,395,1.3,8.6,63.3,26.8,6.5,2.6,100287.0,205,0.5,5.4,74.2,20.0,6.5,2.7,99612.0,,,"(('rng_type', 'prelondon'), ('expire_hour', 17), ('exit_hour', 23), ('sl_frac', 1.0), ('rr', 3.0), ('min_range_atr', 1.0), ('max_range_atr', 3.0), ('skip_dow', (0, 4)))","(('max_trades_day', 2),)","(0, 4)",,
2,GBPUSD,fundingpips_1step,2.0,,,,,23.0,17.0,3.0,1.0,prelondon,3.0,1.0,2,395,10.1,0.0,62.5,27.3,3.8,2.6,100318.0,205,5.9,0.0,74.2,20.0,2.8,2.7,99609.0,,,"(('rng_type', 'prelondon'), ('expire_hour', 17), ('exit_hour', 23), ('sl_frac', 1.0), ('rr', 3.0), ('min_range_atr', 1.0), ('max_range_atr', 3.0), ('skip_dow', (0, 4)))","(('max_trades_day', 2),)","(0, 4)",,
2,GBPUSD,ftmo_1step,2.0,,,,,23.0,17.0,5.0,0.3,prelondon,3.0,1.0,1,395,5.8,5.1,14.9,74.2,5.6,4.6,100303.0,205,4.4,3.4,16.1,76.1,5.9,4.8,99907.0,,,"(('rng_type', 'prelondon'), ('expire_hour', 17), ('exit_hour', 23), ('sl_frac', 1.0), ('rr', 3.0), ('min_range_atr', 0.3), ('max_range_atr', 5.0), ('skip_dow', ()))","(('max_trades_day', 1),)",(),,
2,GBPUSD,fundingpips_1step,2.0,,,,,23.0,17.0,5.0,0.3,prelondon,3.0,1.0,1,395,11.1,0.0,26.8,62.0,4.5,4.3,100308.0,205,7.8,0.0,32.7,59.5,3.9,4.3,99791.0,,,"(('rng_type', 'prelondon'), ('expire_hour', 17), ('exit_hour', 23), ('sl_frac', 1.0), ('rr', 3.0), ('min_range_atr', 0.3), ('max_range_atr', 5.0), ('skip_dow', ()))","(('max_trades_day', 1),)",(),,
2,GBPUSD,ftmo_1step,2.0,,,,,23.0,17.0,5.0,0.3,prelondon,3.0,1.0,2,395,2.8,10.9,78.7,7.6,4.4,3.6,100138.0,205,1.5,6.3,86.9,5.4,5.7,3.2,99098.0,,,"(('rng_type', 'prelondon'), ('expire_hour', 17), ('exit_hour', 23), ('sl_frac', 1.0), ('rr', 3.0), ('min_range_atr', 0.3), ('max_range_atr', 5.0), ('skip_dow', ()))","(('max_trades_day', 2),)",(),,
2,GBPUSD,fundingpips_1step,2.0,,,,,23.0,17.0,5.0,0.3,prelondon,3.0,1.0,2,395,13.9,0.0,78.8,7.3,2.7,3.6,100125.0,205,7.8,0.0,86.8,5.4,1.8,3.2,99093.0,,,"(('rng_type', 'prelondon'), ('expire_hour', 17), ('exit_hour', 23), ('sl_frac', 1.0), ('rr', 3.0), ('min_range_atr', 0.3), ('max_range_atr', 5.0), ('skip_dow', ()))","(('max_trades_day', 2),)",(),,
2,GBPUSD,ftmo_1step,2.0,,,,,23.0,17.0,5.0,0.3,prelondon,3.0,1.0,1,395,0.8,4.3,1.3,93.7,6.4,2.9,100430.0,205,1.0,3.4,2.0,93.7,5.3,2.9,100220.0,,,"(('rng_type', 'prelondon'), ('expire_hour', 17), ('exit_hour', 23), ('sl_frac', 1.0), ('rr', 3.0), ('min_range_atr', 0.3), ('max_range_atr', 5.0), ('skip_dow', (0, 4)))","(('max_trades_day', 1),)","(0, 4)",,
2,GBPUSD,fundingpips_1step,2.0,,,,,23.0,17.0,5.0,0.3,prelondon,3.0,1.0,1,395,5.3,0.0,13.4,81.3,3.8,2.9,100430.0,205,4.4,0.0,20.5,75.1,3.8,2.9,100217.0,,,"(('rng_type', 'prelondon'), ('expire_hour', 17), ('exit_hour', 23), ('sl_frac', 1.0), ('rr', 3.0), ('min_range_atr', 0.3), ('max_range_atr', 5.0), ('skip_dow', (0, 4)))","(('max_trades_day', 1),)","(0, 4)",,
2,GBPUSD,ftmo_1step,2.0,,,,,23.0,17.0,5.0,0.3,prelondon,3.0,1.0,2,395,1.8,8.9,68.6,20.8,6.5,3.0,100366.0,205,0.5,5.9,78.6,15.1,6.5,2.9,99542.0,,,"(('rng_type', 'prelondon'), ('expire_hour', 17), ('exit_hour', 23), ('sl_frac', 1.0), ('rr', 3.0), ('min_range_atr', 0.3), ('max_range_atr', 5.0), ('skip_dow', (0, 4)))","(('max_trades_day', 2),)","(0, 4)",,
2,GBPUSD,fundingpips_1step,2.0,,,,,23.0,17.0,5.0,0.3,prelondon,3.0,1.0,2,395,10.9,0.0,67.6,21.5,3.6,3.0,100384.0,205,6.3,0.0,78.5,15.1,2.9,2.9,99539.0,,,"(('rng_type', 'prelondon'), ('expire_hour', 17), ('exit_hour', 23), ('sl_frac', 1.0), ('rr', 3.0), ('min_range_atr', 0.3), ('max_range_atr', 5.0), ('skip_dow', (0, 4)))","(('max_trades_day', 2),)","(0, 4)",,
2,GBPUSD,ftmo_1step,2.0,,,,,23.0,20.0,3.0,0.3,nypre,0.0,1.0,1,395,0.0,0.0,0.3,99.7,,1.8,100235.0,205,0.0,0.0,0.0,100.0,,2.1,99946.0,1.5,,"(('rng_type', 'nypre'), ('expire_hour', 20), ('exit_hour', 23), ('sl_frac', 1.0), ('rr', 0.0), ('trail', 1.5), ('min_range_atr', 0.3), ('max_range_atr', 3.0), ('skip_dow', ()))","(('max_trades_day', 1),)",(),,
2,GBPUSD,fundingpips_1step,2.0,,,,,23.0,20.0,3.0,0.3,nypre,0.0,1.0,1,395,0.0,0.0,0.3,99.7,,1.8,100235.0,205,0.0,0.0,0.0,100.0,,2.1,99946.0,1.5,,"(('rng_type', 'nypre'), ('expire_hour', 20), ('exit_hour', 23), ('sl_frac', 1.0), ('rr', 0.0), ('trail', 1.5), ('min_range_atr', 0.3), ('max_range_atr', 3.0), ('skip_dow', ()))","(('max_trades_day', 1),)",(),,
2,GBPUSD,ftmo_1step,2.0,,,,,23.0,20.0,3.0,0.3,nypre,0.0,1.0,2,395,0.0,0.0,11.4,88.6,,2.3,99838.0,205,0.0,0.5,22.4,77.1,,2.7,99414.0,1.5,,"(('rng_type', 'nypre'), ('expire_hour', 20), ('exit_hour', 23), ('sl_frac', 1.0), ('rr', 0.0), ('trail', 1.5), ('min_range_atr', 0.3), ('max_range_atr', 3.0), ('skip_dow', ()))","(('max_trades_day', 2),)",(),,
2,GBPUSD,fundingpips_1step,2.0,,,,,23.0,20.0,3.0,0.3,nypre,0.0,1.0,2,395,0.0,0.0,11.7,88.4,,2.3,99840.0,205,0.5,0.0,22.9,76.6,6.9,2.7,99405.0,1.5,,"(('rng_type', 'nypre'), ('expire_hour', 20), ('exit_hour', 23), ('sl_frac', 1.0), ('rr', 0.0), ('trail', 1.5), ('min_range_atr', 0.3), ('max_range_atr', 3.0), ('skip_dow', ()))","(('max_trades_day', 2),)",(),,
2,GBPUSD,ftmo_1step,2.0,,,,,23.0,20.0,3.0,0.3,nypre,0.0,1.0,1,395,0.0,0.0,0.0,100.0,,0.9,100077.0,205,0.0,0.0,0.0,100.0,,1.2,100021.0,1.5,,"(('rng_type', 'nypre'), ('expire_hour', 20), ('exit_hour', 23), ('sl_frac', 1.0), ('rr', 0.0), ('trail', 1.5), ('min_range_atr', 0.3), ('max_range_atr', 3.0), ('skip_dow', (0, 4)))","(('max_trades_day', 1),)","(0, 4)",,
2,GBPUSD,fundingpips_1step,2.0,,,,,23.0,20.0,3.0,0.3,nypre,0.0,1.0,1,395,0.0,0.0,0.0,100.0,,0.9,100077.0,205,0.0,0.0,0.0,100.0,,1.2,100021.0,1.5,,"(('rng_type', 'nypre'), ('expire_hour', 20), ('exit_hour', 23), ('sl_frac', 1.0), ('rr', 0.0), ('trail', 1.5), ('min_range_atr', 0.3), ('max_range_atr', 3.0), ('skip_dow', (0, 4)))","(('max_trades_day', 1),)","(0, 4)",,
2,GBPUSD,ftmo_1step,2.0,,,,,23.0,20.0,3.0,0.3,nypre,0.0,1.0,2,395,0.0,0.0,5.8,94.2,,1.3,99863.0,205,0.0,0.0,15.6,84.4,,1.7,99675.0,1.5,,"(('rng_type', 'nypre'), ('expire_hour', 20), ('exit_hour', 23), ('sl_frac', 1.0), ('rr', 0.0), ('trail', 1.5), ('min_range_atr', 0.3), ('max_range_atr', 3.0), ('skip_dow', (0, 4)))","(('max_trades_day', 2),)","(0, 4)",,
2,GBPUSD,fundingpips_1step,2.0,,,,,23.0,20.0,3.0,0.3,nypre,0.0,1.0,2,395,0.0,0.0,5.8,94.2,,1.3,99863.0,205,0.0,0.0,15.6,84.4,,1.7,99675.0,1.5,,"(('rng_type', 'nypre'), ('expire_hour', 20), ('exit_hour', 23), ('sl_frac', 1.0), ('rr', 0.0), ('trail', 1.5), ('min_range_atr', 0.3), ('max_range_atr', 3.0), ('skip_dow', (0, 4)))","(('max_trades_day', 2),)","(0, 4)",,
2,GBPUSD,ftmo_1step,2.0,,,,,23.0,20.0,2.0,0.3,nypre,0.0,1.0,1,395,0.0,0.0,0.0,100.0,,0.2,100069.0,205,0.0,0.0,0.0,100.0,,0.2,99888.0,1.5,,"(('rng_type', 'nypre'), ('expire_hour', 20), ('exit_hour', 23), ('sl_frac', 1.0), ('rr', 0.0), ('trail', 1.5), ('min_range_atr', 0.3), ('max_range_atr', 2.0), ('skip_dow', ()))","(('max_trades_day', 1),)",(),,
2,GBPUSD,fundingpips_1step,2.0,,,,,23.0,20.0,2.0,0.3,nypre,0.0,1.0,1,395,0.0,0.0,0.0,100.0,,0.2,100069.0,205,0.0,0.0,0.0,100.0,,0.2,99888.0,1.5,,"(('rng_type', 'nypre'), ('expire_hour', 20), ('exit_hour', 23), ('sl_frac', 1.0), ('rr', 0.0), ('trail', 1.5), ('min_range_atr', 0.3), ('max_range_atr', 2.0), ('skip_dow', ()))","(('max_trades_day', 1),)",(),,
2,GBPUSD,ftmo_1step,2.0,,,,,23.0,20.0,2.0,0.3,nypre,0.0,1.0,2,395,0.0,0.0,1.5,98.5,,0.3,100016.0,205,0.0,0.0,5.9,94.1,,0.4,99807.0,1.5,,"(('rng_type', 'nypre'), ('expire_hour', 20), ('exit_hour', 23), ('sl_frac', 1.0), ('rr', 0.0), ('trail', 1.5), ('min_range_atr', 0.3), ('max_range_atr', 2.0), ('skip_dow', ()))","(('max_trades_day', 2),)",(),,
2,GBPUSD,fundingpips_1step,2.0,,,,,23.0,20.0,2.0,0.3,nypre,0.0,1.0,2,395,0.0,0.0,1.5,98.5,,0.3,100016.0,205,0.0,0.0,5.9,94.1,,0.4,99807.0,1.5,,"(('rng_type', 'nypre'), ('expire_hour', 20), ('exit_hour', 23), ('sl_frac', 1.0), ('rr', 0.0), ('trail', 1.5), ('min_range_atr', 0.3), ('max_range_atr', 2.0), ('skip_dow', ()))","(('max_trades_day', 2),)",(),,
2,GBPUSD,ftmo_1step,2.0,,,,,23.0,20.0,2.0,0.3,nypre,0.0,1.0,1,395,0.0,0.0,0.0,100.0,,0.1,100049.0,205,0.0,0.0,0.0,100.0,,0.1,99973.0,1.5,,"(('rng_type', 'nypre'), ('expire_hour', 20), ('exit_hour', 23), ('sl_frac', 1.0), ('rr', 0.0), ('trail', 1.5), ('min_range_atr', 0.3), ('max_range_atr', 2.0), ('skip_dow', (0, 4)))","(('max_trades_day', 1),)","(0, 4)",,
2,GBPUSD,fundingpips_1step,2.0,,,,,23.0,20.0,2.0,0.3,nypre,0.0,1.0,1,395,0.0,0.0,0.0,100.0,,0.1,100049.0,205,0.0,0.0,0.0,100.0,,0.1,99973.0,1.5,,"(('rng_type', 'nypre'), ('expire_hour', 20), ('exit_hour', 23), ('sl_frac', 1.0), ('rr', 0.0), ('trail', 1.5), ('min_range_atr', 0.3), ('max_range_atr', 2.0), ('skip_dow', (0, 4)))","(('max_trades_day', 1),)","(0, 4)",,
2,GBPUSD,ftmo_1step,2.0,,,,,23.0,20.0,2.0,0.3,nypre,0.0,1.0,2,395,0.0,0.0,0.5,99.5,,0.1,100023.0,205,0.0,0.0,2.4,97.6,,0.2,99961.0,1.5,,"(('rng_type', 'nypre'), ('expire_hour', 20), ('exit_hour', 23), ('sl_frac', 1.0), ('rr', 0.0), ('trail', 1.5), ('min_range_atr', 0.3), ('max_range_atr', 2.0), ('skip_dow', (0, 4)))","(('max_trades_day', 2),)","(0, 4)",,
2,GBPUSD,fundingpips_1step,2.0,,,,,23.0,20.0,2.0,0.3,nypre,0.0,1.0,2,395,0.0,0.0,0.5,99.5,,0.1,100023.0,205,0.0,0.0,2.4,97.6,,0.2,99961.0,1.5,,"(('rng_type', 'nypre'), ('expire_hour', 20), ('exit_hour', 23), ('sl_frac', 1.0), ('rr', 0.0), ('trail', 1.5), ('min_range_atr', 0.3), ('max_range_atr', 2.0), ('skip_dow', (0, 4)))","(('max_trades_day', 2),)","(0, 4)",,
2,GBPUSD,ftmo_1step,2.0,,,,,23.0,20.0,3.0,1.0,nypre,0.0,1.0,1,395,0.0,0.0,0.3,99.7,,1.8,100235.0,205,0.0,0.0,0.0,100.0,,2.1,99946.0,1.5,,"(('rng_type', 'nypre'), ('expire_hour', 20), ('exit_hour', 23), ('sl_frac', 1.0), ('rr', 0.0), ('trail', 1.5), ('min_range_atr', 1.0), ('max_range_atr', 3.0), ('skip_dow', ()))","(('max_trades_day', 1),)",(),,
2,GBPUSD,fundingpips_1step,2.0,,,,,23.0,20.0,3.0,1.0,nypre,0.0,1.0,1,395,0.0,0.0,0.3,99.7,,1.8,100235.0,205,0.0,0.0,0.0,100.0,,2.1,99946.0,1.5,,"(('rng_type', 'nypre'), ('expire_hour', 20), ('exit_hour', 23), ('sl_frac', 1.0), ('rr', 0.0), ('trail', 1.5), ('min_range_atr', 1.0), ('max_range_atr', 3.0), ('skip_dow', ()))","(('max_trades_day', 1),)",(),,
2,GBPUSD,ftmo_1step,2.0,,,,,23.0,20.0,3.0,1.0,nypre,0.0,1.0,2,395,0.0,0.0,11.4,88.6,,2.3,99838.0,205,0.0,0.5,22.4,77.1,,2.7,99414.0,1.5,,"(('rng_type', 'nypre'), ('expire_hour', 20), ('exit_hour', 23), ('sl_frac', 1.0), ('rr', 0.0), ('trail', 1.5), ('min_range_atr', 1.0), ('max_range_atr', 3.0), ('skip_dow', ()))","(('max_trades_day', 2),)",(),,
2,GBPUSD,fundingpips_1step,2.0,,,,,23.0,20.0,3.0,1.0,nypre,0.0,1.0,2,395,0.0,0.0,11.7,88.4,,2.3,99840.0,205,0.5,0.0,22.9,76.6,6.9,2.7,99405.0,1.5,,"(('rng_type', 'nypre'), ('expire_hour', 20), ('exit_hour', 23), ('sl_frac', 1.0), ('rr', 0.0), ('trail', 1.5), ('min_range_atr', 1.0), ('max_range_atr', 3.0), ('skip_dow', ()))","(('max_trades_day', 2),)",(),,
2,GBPUSD,ftmo_1step,2.0,,,,,23.0,20.0,3.0,1.0,nypre,0.0,1.0,1,395,0.0,0.0,0.0,100.0,,0.9,100077.0,205,0.0,0.0,0.0,100.0,,1.2,100021.0,1.5,,"(('rng_type', 'nypre'), ('expire_hour', 20), ('exit_hour', 23), ('sl_frac', 1.0), ('rr', 0.0), ('trail', 1.5), ('min_range_atr', 1.0), ('max_range_atr', 3.0), ('skip_dow', (0, 4)))","(('max_trades_day', 1),)","(0, 4)",,
2,GBPUSD,fundingpips_1step,2.0,,,,,23.0,20.0,3.0,1.0,nypre,0.0,1.0,1,395,0.0,0.0,0.0,100.0,,0.9,100077.0,205,0.0,0.0,0.0,100.0,,1.2,100021.0,1.5,,"(('rng_type', 'nypre'), ('expire_hour', 20), ('exit_hour', 23), ('sl_frac', 1.0), ('rr', 0.0), ('trail', 1.5), ('min_range_atr', 1.0), ('max_range_atr', 3.0), ('skip_dow', (0, 4)))","(('max_trades_day', 1),)","(0, 4)",,
2,GBPUSD,ftmo_1step,2.0,,,,,23.0,20.0,3.0,1.0,nypre,0.0,1.0,2,395,0.0,0.0,5.8,94.2,,1.3,99863.0,205,0.0,0.0,15.6,84.4,,1.7,99675.0,1.5,,"(('rng_type', 'nypre'), ('expire_hour', 20), ('exit_hour', 23), ('sl_frac', 1.0), ('rr', 0.0), ('trail', 1.5), ('min_range_atr', 1.0), ('max_range_atr', 3.0), ('skip_dow', (0, 4)))","(('max_trades_day', 2),)","(0, 4)",,
2,GBPUSD,fundingpips_1step,2.0,,,,,23.0,20.0,3.0,1.0,nypre,0.0,1.0,2,395,0.0,0.0,5.8,94.2,,1.3,99863.0,205,0.0,0.0,15.6,84.4,,1.7,99675.0,1.5,,"(('rng_type', 'nypre'), ('expire_hour', 20), ('exit_hour', 23), ('sl_frac', 1.0), ('rr', 0.0), ('trail', 1.5), ('min_range_atr', 1.0), ('max_range_atr', 3.0), ('skip_dow', (0, 4)))","(('max_trades_day', 2),)","(0, 4)",,
2,GBPUSD,ftmo_1step,2.0,,,,,23.0,20.0,5.0,0.3,nypre,0.0,1.0,1,395,0.3,0.0,0.3,99.5,6.9,3.7,100219.0,205,0.0,0.0,0.0,100.0,,4.1,99920.0,1.5,,"(('rng_type', 'nypre'), ('expire_hour', 20), ('exit_hour', 23), ('sl_frac', 1.0), ('rr', 0.0), ('trail', 1.5), ('min_range_atr', 0.3), ('max_range_atr', 5.0), ('skip_dow', ()))","(('max_trades_day', 1),)",(),,
2,GBPUSD,fundingpips_1step,2.0,,,,,23.0,20.0,5.0,0.3,nypre,0.0,1.0,1,395,0.3,0.0,0.3,99.5,6.9,3.7,100219.0,205,0.0,0.0,0.0,100.0,,4.1,99920.0,1.5,,"(('rng_type', 'nypre'), ('expire_hour', 20), ('exit_hour', 23), ('sl_frac', 1.0), ('rr', 0.0), ('trail', 1.5), ('min_range_atr', 0.3), ('max_range_atr', 5.0), ('skip_dow', ()))","(('max_trades_day', 1),)",(),,
2,GBPUSD,ftmo_1step,2.0,,,,,23.0,20.0,5.0,0.3,nypre,0.0,1.0,2,395,0.3,0.0,13.7,86.1,6.9,4.7,99604.0,205,0.0,0.5,24.4,75.1,,5.2,99130.0,1.5,,"(('rng_type', 'nypre'), ('expire_hour', 20), ('exit_hour', 23), ('sl_frac', 1.0), ('rr', 0.0), ('trail', 1.5), ('min_range_atr', 0.3), ('max_range_atr', 5.0), ('skip_dow', ()))","(('max_trades_day', 2),)",(),,
2,GBPUSD,fundingpips_1step,2.0,,,,,23.0,20.0,5.0,0.3,nypre,0.0,1.0,2,395,0.3,0.0,14.2,85.6,6.9,4.7,99602.0,205,0.5,0.0,25.8,73.7,6.9,5.2,99139.0,1.5,,"(('rng_type', 'nypre'), ('expire_hour', 20), ('exit_hour', 23), ('sl_frac', 1.0), ('rr', 0.0), ('trail', 1.5), ('min_range_atr', 0.3), ('max_range_atr', 5.0), ('skip_dow', ()))","(('max_trades_day', 2),)",(),,
2,GBPUSD,ftmo_1step,2.0,,,,,23.0,20.0,5.0,0.3,nypre,0.0,1.0,1,395,0.0,0.0,0.0,100.0,,2.2,100037.0,205,0.0,0.0,0.0,100.0,,2.5,100024.0,1.5,,"(('rng_type', 'nypre'), ('expire_hour', 20), ('exit_hour', 23), ('sl_frac', 1.0), ('rr', 0.0), ('trail', 1.5), ('min_range_atr', 0.3), ('max_range_atr', 5.0), ('skip_dow', (0, 4)))","(('max_trades_day', 1),)","(0, 4)",,
2,GBPUSD,fundingpips_1step,2.0,,,,,23.0,20.0,5.0,0.3,nypre,0.0,1.0,1,395,0.0,0.0,0.0,100.0,,2.2,100037.0,205,0.0,0.0,0.0,100.0,,2.5,100024.0,1.5,,"(('rng_type', 'nypre'), ('expire_hour', 20), ('exit_hour', 23), ('sl_frac', 1.0), ('rr', 0.0), ('trail', 1.5), ('min_range_atr', 0.3), ('max_range_atr', 5.0), ('skip_dow', (0, 4)))","(('max_trades_day', 1),)","(0, 4)",,
2,GBPUSD,ftmo_1step,2.0,,,,,23.0,20.0,5.0,0.3,nypre,0.0,1.0,2,395,0.0,0.0,6.1,93.9,,2.8,99702.0,205,0.0,0.0,17.1,82.9,,3.3,99524.0,1.5,,"(('rng_type', 'nypre'), ('expire_hour', 20), ('exit_hour', 23), ('sl_frac', 1.0), ('rr', 0.0), ('trail', 1.5), ('min_range_atr', 0.3), ('max_range_atr', 5.0), ('skip_dow', (0, 4)))","(('max_trades_day', 2),)","(0, 4)",,
2,GBPUSD,fundingpips_1step,2.0,,,,,23.0,20.0,5.0,0.3,nypre,0.0,1.0,2,395,0.0,0.0,6.1,93.9,,2.8,99702.0,205,0.0,0.0,17.6,82.4,,3.3,99508.0,1.5,,"(('rng_type', 'nypre'), ('expire_hour', 20), ('exit_hour', 23), ('sl_frac', 1.0), ('rr', 0.0), ('trail', 1.5), ('min_range_atr', 0.3), ('max_range_atr', 5.0), ('skip_dow', (0, 4)))","(('max_trades_day', 2),)","(0, 4)",,
2,XAUUSD,ftmo_1step,2.0,,,,,18.0,14.0,12.0,1.0,prevday,0.0,0.5,1,338,0.0,1.2,0.0,98.8,,2.5,100197.0,163,0.0,0.6,0.0,99.4,,2.6,100026.0,1.5,,"(('rng_type', 'prevday'), ('expire_hour', 14), ('exit_hour', 18), ('sl_frac', 0.5), ('rr', 0.0), ('trail', 1.5), ('min_range_atr', 1.0), ('max_range_atr', 12.0), ('skip_dow', ()))","(('max_trades_day', 1),)",(),,
2,XAUUSD,fundingpips_1step,2.0,,,,,18.0,14.0,12.0,1.0,prevday,0.0,0.5,1,338,1.2,0.0,0.0,98.8,5.7,2.5,100197.0,163,0.6,0.0,0.0,99.4,0.7,2.6,100026.0,1.5,,"(('rng_type', 'prevday'), ('expire_hour', 14), ('exit_hour', 18), ('sl_frac', 0.5), ('rr', 0.0), ('trail', 1.5), ('min_range_atr', 1.0), ('max_range_atr', 12.0), ('skip_dow', ()))","(('max_trades_day', 1),)",(),,
2,XAUUSD,ftmo_1step,2.0,,,,,18.0,14.0,12.0,1.0,prevday,0.0,0.5,2,338,0.0,2.4,11.8,85.8,,3.1,99909.0,163,0.0,0.6,9.8,89.6,,3.3,99851.0,1.5,,"(('rng_type', 'prevday'), ('expire_hour', 14), ('exit_hour', 18), ('sl_frac', 0.5), ('rr', 0.0), ('trail', 1.5), ('min_range_atr', 1.0), ('max_range_atr', 12.0), ('skip_dow', ()))","(('max_trades_day', 2),)",(),,
2,XAUUSD,fundingpips_1step,2.0,,,,,18.0,14.0,12.0,1.0,prevday,0.0,0.5,2,338,2.4,0.0,12.4,85.2,5.6,3.1,99908.0,163,0.6,0.0,10.4,89.0,0.7,3.3,99837.0,1.5,,"(('rng_type', 'prevday'), ('expire_hour', 14), ('exit_hour', 18), ('sl_frac', 0.5), ('rr', 0.0), ('trail', 1.5), ('min_range_atr', 1.0), ('max_range_atr', 12.0), ('skip_dow', ()))","(('max_trades_day', 2),)",(),,
2,XAUUSD,ftmo_1step,2.0,,,,,18.0,14.0,12.0,1.0,prevday,0.0,0.5,1,338,0.0,0.9,0.0,99.1,,1.6,100291.0,163,0.0,0.0,0.0,100.0,,1.6,99932.0,1.5,,"(('rng_type', 'prevday'), ('expire_hour', 14), ('exit_hour', 18), ('sl_frac', 0.5), ('rr', 0.0), ('trail', 1.5), ('min_range_atr', 1.0), ('max_range_atr', 12.0), ('skip_dow', (0, 4)))","(('max_trades_day', 1),)","(0, 4)",,
2,XAUUSD,fundingpips_1step,2.0,,,,,18.0,14.0,12.0,1.0,prevday,0.0,0.5,1,338,0.9,0.0,0.0,99.1,4.7,1.6,100291.0,163,0.0,0.0,0.0,100.0,,1.6,99932.0,1.5,,"(('rng_type', 'prevday'), ('expire_hour', 14), ('exit_hour', 18), ('sl_frac', 0.5), ('rr', 0.0), ('trail', 1.5), ('min_range_atr', 1.0), ('max_range_atr', 12.0), ('skip_dow', (0, 4)))","(('max_trades_day', 1),)","(0, 4)",,
2,XAUUSD,ftmo_1step,2.0,,,,,18.0,14.0,12.0,1.0,prevday,0.0,0.5,2,338,0.0,1.5,6.2,92.3,,2.0,100111.0,163,0.0,0.0,7.4,92.6,,2.1,99796.0,1.5,,"(('rng_type', 'prevday'), ('expire_hour', 14), ('exit_hour', 18), ('sl_frac', 0.5), ('rr', 0.0), ('trail', 1.5), ('min_range_atr', 1.0), ('max_range_atr', 12.0), ('skip_dow', (0, 4)))","(('max_trades_day', 2),)","(0, 4)",,
2,XAUUSD,fundingpips_1step,2.0,,,,,18.0,14.0,12.0,1.0,prevday,0.0,0.5,2,338,1.5,0.0,6.2,92.3,6.5,2.0,100111.0,163,0.0,0.0,7.4,92.6,,2.1,99796.0,1.5,,"(('rng_type', 'prevday'), ('expire_hour', 14), ('exit_hour', 18), ('sl_frac', 0.5), ('rr', 0.0), ('trail', 1.5), ('min_range_atr', 1.0), ('max_range_atr', 12.0), ('skip_dow', (0, 4)))","(('max_trades_day', 2),)","(0, 4)",,
2,XAUUSD,ftmo_1step,2.0,,,,,18.0,14.0,12.0,2.0,prevday,0.0,0.5,1,338,0.0,1.2,0.0,98.8,,2.5,100209.0,163,0.0,0.6,0.0,99.4,,2.6,100051.0,1.5,,"(('rng_type', 'prevday'), ('expire_hour', 14), ('exit_hour', 18), ('sl_frac', 0.5), ('rr', 0.0), ('trail', 1.5), ('min_range_atr', 2.0), ('max_range_atr', 12.0), ('skip_dow', ()))","(('max_trades_day', 1),)",(),,
2,XAUUSD,fundingpips_1step,2.0,,,,,18.0,14.0,12.0,2.0,prevday,0.0,0.5,1,338,1.2,0.0,0.0,98.8,5.7,2.5,100209.0,163,0.6,0.0,0.0,99.4,0.7,2.6,100051.0,1.5,,"(('rng_type', 'prevday'), ('expire_hour', 14), ('exit_hour', 18), ('sl_frac', 0.5), ('rr', 0.0), ('trail', 1.5), ('min_range_atr', 2.0), ('max_range_atr', 12.0), ('skip_dow', ()))","(('max_trades_day', 1),)",(),,
2,XAUUSD,ftmo_1step,2.0,,,,,18.0,14.0,12.0,2.0,prevday,0.0,0.5,2,338,0.0,2.4,11.5,86.1,,3.1,99915.0,163,0.0,0.6,9.2,90.2,,3.3,99901.0,1.5,,"(('rng_type', 'prevday'), ('expire_hour', 14), ('exit_hour', 18), ('sl_frac', 0.5), ('rr', 0.0), ('trail', 1.5), ('min_range_atr', 2.0), ('max_range_atr', 12.0), ('skip_dow', ()))","(('max_trades_day', 2),)",(),,
2,XAUUSD,fundingpips_1step,2.0,,,,,18.0,14.0,12.0,2.0,prevday,0.0,0.5,2,338,2.4,0.0,12.1,85.5,5.6,3.1,99914.0,163,0.6,0.0,9.8,89.6,0.7,3.3,99887.0,1.5,,"(('rng_type', 'prevday'), ('expire_hour', 14), ('exit_hour', 18), ('sl_frac', 0.5), ('rr', 0.0), ('trail', 1.5), ('min_range_atr', 2.0), ('max_range_atr', 12.0), ('skip_dow', ()))","(('max_trades_day', 2),)",(),,
2,XAUUSD,ftmo_1step,2.0,,,,,18.0,14.0,12.0,2.0,prevday,0.0,0.5,1,338,0.0,0.9,0.0,99.1,,1.6,100297.0,163,0.0,0.0,0.0,100.0,,1.6,99932.0,1.5,,"(('rng_type', 'prevday'), ('expire_hour', 14), ('exit_hour', 18), ('sl_frac', 0.5), ('rr', 0.0), ('trail', 1.5), ('min_range_atr', 2.0), ('max_range_atr', 12.0), ('skip_dow', (0, 4)))","(('max_trades_day', 1),)","(0, 4)",,
2,XAUUSD,fundingpips_1step,2.0,,,,,18.0,14.0,12.0,2.0,prevday,0.0,0.5,1,338,0.9,0.0,0.0,99.1,4.7,1.6,100297.0,163,0.0,0.0,0.0,100.0,,1.6,99932.0,1.5,,"(('rng_type', 'prevday'), ('expire_hour', 14), ('exit_hour', 18), ('sl_frac', 0.5), ('rr', 0.0), ('trail', 1.5), ('min_range_atr', 2.0), ('max_range_atr', 12.0), ('skip_dow', (0, 4)))","(('max_trades_day', 1),)","(0, 4)",,
2,XAUUSD,ftmo_1step,2.0,,,,,18.0,14.0,12.0,2.0,prevday,0.0,0.5,2,338,0.0,1.5,5.9,92.6,,2.0,100120.0,163,0.0,0.0,7.4,92.6,,2.1,99796.0,1.5,,"(('rng_type', 'prevday'), ('expire_hour', 14), ('exit_hour', 18), ('sl_frac', 0.5), ('rr', 0.0), ('trail', 1.5), ('min_range_atr', 2.0), ('max_range_atr', 12.0), ('skip_dow', (0, 4)))","(('max_trades_day', 2),)","(0, 4)",,
2,XAUUSD,fundingpips_1step,2.0,,,,,18.0,14.0,12.0,2.0,prevday,0.0,0.5,2,338,1.5,0.0,5.9,92.6,6.5,2.0,100120.0,163,0.0,0.0,7.4,92.6,,2.1,99796.0,1.5,,"(('rng_type', 'prevday'), ('expire_hour', 14), ('exit_hour', 18), ('sl_frac', 0.5), ('rr', 0.0), ('trail', 1.5), ('min_range_atr', 2.0), ('max_range_atr', 12.0), ('skip_dow', (0, 4)))","(('max_trades_day', 2),)","(0, 4)",,
2,XAUUSD,ftmo_1step,2.0,,,,,18.0,14.0,6.0,1.0,prevday,0.0,0.5,1,338,0.0,0.9,0.0,99.1,,1.8,100310.0,163,0.0,0.6,0.0,99.4,,1.8,100022.0,1.5,,"(('rng_type', 'prevday'), ('expire_hour', 14), ('exit_hour', 18), ('sl_frac', 0.5), ('rr', 0.0), ('trail', 1.5), ('min_range_atr', 1.0), ('max_range_atr', 6.0), ('skip_dow', ()))","(('max_trades_day', 1),)",(),,
2,XAUUSD,fundingpips_1step,2.0,,,,,18.0,14.0,6.0,1.0,prevday,0.0,0.5,1,338,0.9,0.0,0.0,99.1,4.7,1.8,100310.0,163,0.6,0.0,0.0,99.4,0.7,1.8,100022.0,1.5,,"(('rng_type', 'prevday'), ('expire_hour', 14), ('exit_hour', 18), ('sl_frac', 0.5), ('rr', 0.0), ('trail', 1.5), ('min_range_atr', 1.0), ('max_range_atr', 6.0), ('skip_dow', ()))","(('max_trades_day', 1),)",(),,
2,XAUUSD,ftmo_1step,2.0,,,,,18.0,14.0,6.0,1.0,prevday,0.0,0.5,2,338,0.0,1.8,10.9,87.3,,2.3,100102.0,163,0.0,0.6,9.8,89.6,,2.3,99882.0,1.5,,"(('rng_type', 'prevday'), ('expire_hour', 14), ('exit_hour', 18), ('sl_frac', 0.5), ('rr', 0.0), ('trail', 1.5), ('min_range_atr', 1.0), ('max_range_atr', 6.0), ('skip_dow', ()))","(('max_trades_day', 2),)",(),,
2,XAUUSD,fundingpips_1step,2.0,,,,,18.0,14.0,6.0,1.0,prevday,0.0,0.5,2,338,1.8,0.0,11.5,86.7,4.2,2.3,100097.0,163,0.6,0.0,9.8,89.6,0.7,2.3,99882.0,1.5,,"(('rng_type', 'prevday'), ('expire_hour', 14), ('exit_hour', 18), ('sl_frac', 0.5), ('rr', 0.0), ('trail', 1.5), ('min_range_atr', 1.0), ('max_range_atr', 6.0), ('skip_dow', ()))","(('max_trades_day', 2),)",(),,
2,XAUUSD,ftmo_1step,2.0,,,,,18.0,14.0,6.0,1.0,prevday,0.0,0.5,1,338,0.0,0.9,0.0,99.1,,1.1,100348.0,163,0.0,0.0,0.0,100.0,,1.1,99916.0,1.5,,"(('rng_type', 'prevday'), ('expire_hour', 14), ('exit_hour', 18), ('sl_frac', 0.5), ('rr', 0.0), ('trail', 1.5), ('min_range_atr', 1.0), ('max_range_atr', 6.0), ('skip_dow', (0, 4)))","(('max_trades_day', 1),)","(0, 4)",,
2,XAUUSD,fundingpips_1step,2.0,,,,,18.0,14.0,6.0,1.0,prevday,0.0,0.5,1,338,0.9,0.0,0.0,99.1,4.7,1.1,100348.0,163,0.0,0.0,0.0,100.0,,1.1,99916.0,1.5,,"(('rng_type', 'prevday'), ('expire_hour', 14), ('exit_hour', 18), ('sl_frac', 0.5), ('rr', 0.0), ('trail', 1.5), ('min_range_atr', 1.0), ('max_range_atr', 6.0), ('skip_dow', (0, 4)))","(('max_trades_day', 1),)","(0, 4)",,
2,XAUUSD,ftmo_1step,2.0,,,,,18.0,14.0,6.0,1.0,prevday,0.0,0.5,2,338,0.0,1.2,5.9,92.9,,1.4,100215.0,163,0.0,0.0,7.4,92.6,,1.5,99785.0,1.5,,"(('rng_type', 'prevday'), ('expire_hour', 14), ('exit_hour', 18), ('sl_frac', 0.5), ('rr', 0.0), ('trail', 1.5), ('min_range_atr', 1.0), ('max_range_atr', 6.0), ('skip_dow', (0, 4)))","(('max_trades_day', 2),)","(0, 4)",,
2,XAUUSD,fundingpips_1step,2.0,,,,,18.0,14.0,6.0,1.0,prevday,0.0,0.5,2,338,1.2,0.0,5.9,92.9,5.6,1.4,100215.0,163,0.0,0.0,7.4,92.6,,1.5,99785.0,1.5,,"(('rng_type', 'prevday'), ('expire_hour', 14), ('exit_hour', 18), ('sl_frac', 0.5), ('rr', 0.0), ('trail', 1.5), ('min_range_atr', 1.0), ('max_range_atr', 6.0), ('skip_dow', (0, 4)))","(('max_trades_day', 2),)","(0, 4)",,
2,XAUUSD,ftmo_1step,2.0,,,,,18.0,14.0,12.0,3.0,prevday,0.0,0.5,1,338,0.0,0.9,0.0,99.1,,2.4,100181.0,163,0.0,0.6,0.0,99.4,,2.5,100040.0,1.5,,"(('rng_type', 'prevday'), ('expire_hour', 14), ('exit_hour', 18), ('sl_frac', 0.5), ('rr', 0.0), ('trail', 1.5), ('min_range_atr', 3.0), ('max_range_atr', 12.0), ('skip_dow', ()))","(('max_trades_day', 1),)",(),,
2,XAUUSD,fundingpips_1step,2.0,,,,,18.0,14.0,12.0,3.0,prevday,0.0,0.5,1,338,0.9,0.0,0.0,99.1,6.7,2.4,100181.0,163,0.6,0.0,0.0,99.4,0.7,2.5,100040.0,1.5,,"(('rng_type', 'prevday'), ('expire_hour', 14), ('exit_hour', 18), ('sl_frac', 0.5), ('rr', 0.0), ('trail', 1.5), ('min_range_atr', 3.0), ('max_range_atr', 12.0), ('skip_dow', ()))","(('max_trades_day', 1),)",(),,
2,XAUUSD,ftmo_1step,2.0,,,,,18.0,14.0,12.0,3.0,prevday,0.0,0.5,2,338,0.0,1.8,8.3,89.9,,3.0,99912.0,163,0.0,0.6,7.4,92.0,,3.2,99874.0,1.5,,"(('rng_type', 'prevday'), ('expire_hour', 14), ('exit_hour', 18), ('sl_frac', 0.5), ('rr', 0.0), ('trail', 1.5), ('min_range_atr', 3.0), ('max_range_atr', 12.0), ('skip_dow', ()))","(('max_trades_day', 2),)",(),,
2,XAUUSD,fundingpips_1step,2.0,,,,,18.0,14.0,12.0,3.0,prevday,0.0,0.5,2,338,1.8,0.0,8.9,89.3,6.6,3.0,99908.0,163,0.6,0.0,8.0,91.4,0.7,3.2,99860.0,1.5,,"(('rng_type', 'prevday'), ('expire_hour', 14), ('exit_hour', 18), ('sl_frac', 0.5), ('rr', 0.0), ('trail', 1.5), ('min_range_atr', 3.0), ('max_range_atr', 12.0), ('skip_dow', ()))","(('max_trades_day', 2),)",(),,
2,XAUUSD,ftmo_1step,2.0,,,,,18.0,14.0,12.0,3.0,prevday,0.0,0.5,1,338,0.0,0.6,0.0,99.4,,1.5,100235.0,163,0.0,0.0,0.0,100.0,,1.6,99915.0,1.5,,"(('rng_type', 'prevday'), ('expire_hour', 14), ('exit_hour', 18), ('sl_frac', 0.5), ('rr', 0.0), ('trail', 1.5), ('min_range_atr', 3.0), ('max_range_atr', 12.0), ('skip_dow', (0, 4)))","(('max_trades_day', 1),)","(0, 4)",,
2,XAUUSD,fundingpips_1step,2.0,,,,,18.0,14.0,12.0,3.0,prevday,0.0,0.5,1,338,0.6,0.0,0.0,99.4,3.7,1.5,100235.0,163,0.0,0.0,0.0,100.0,,1.6,99915.0,1.5,,"(('rng_type', 'prevday'), ('expire_hour', 14), ('exit_hour', 18), ('sl_frac', 0.5), ('rr', 0.0), ('trail', 1.5), ('min_range_atr', 3.0), ('max_range_atr', 12.0), ('skip_dow', (0, 4)))","(('max_trades_day', 1),)","(0, 4)",,
2,XAUUSD,ftmo_1step,2.0,,,,,18.0,14.0,12.0,3.0,prevday,0.0,0.5,2,338,0.0,1.2,4.1,94.7,,1.9,100085.0,163,0.0,0.0,6.7,93.3,,2.1,99785.0,1.5,,"(('rng_type', 'prevday'), ('expire_hour', 14), ('exit_hour', 18), ('sl_frac', 0.5), ('rr', 0.0), ('trail', 1.5), ('min_range_atr', 3.0), ('max_range_atr', 12.0), ('skip_dow', (0, 4)))","(('max_trades_day', 2),)","(0, 4)",,
2,XAUUSD,fundingpips_1step,2.0,,,,,18.0,14.0,12.0,3.0,prevday,0.0,0.5,2,338,1.2,0.0,4.1,94.7,6.6,1.9,100085.0,163,0.0,0.0,6.7,93.3,,2.1,99785.0,1.5,,"(('rng_type', 'prevday'), ('expire_hour', 14), ('exit_hour', 18), ('sl_frac', 0.5), ('rr', 0.0), ('trail', 1.5), ('min_range_atr', 3.0), ('max_range_atr', 12.0), ('skip_dow', (0, 4)))","(('max_trades_day', 2),)","(0, 4)",,
2,XAUUSD,ftmo_1step,2.0,,,,,23.0,17.0,12.0,1.0,prevday,0.0,0.5,1,338,0.3,1.8,0.3,97.6,6.9,3.4,100145.0,163,0.0,2.5,0.0,97.5,,3.5,99868.0,1.5,,"(('rng_type', 'prevday'), ('expire_hour', 17), ('exit_hour', 23), ('sl_frac', 0.5), ('rr', 0.0), ('trail', 1.5), ('min_range_atr', 1.0), ('max_range_atr', 12.0), ('skip_dow', ()))","(('max_trades_day', 1),)",(),,
2,XAUUSD,fundingpips_1step,2.0,,,,,23.0,17.0,12.0,1.0,prevday,0.0,0.5,1,338,2.1,0.0,0.9,97.0,4.9,3.4,100145.0,163,2.5,0.0,0.6,96.9,4.5,3.5,99861.0,1.5,,"(('rng_type', 'prevday'), ('expire_hour', 17), ('exit_hour', 23), ('sl_frac', 0.5), ('rr', 0.0), ('trail', 1.5), ('min_range_atr', 1.0), ('max_range_atr', 12.0), ('skip_dow', ()))","(('max_trades_day', 1),)",(),,
2,XAUUSD,ftmo_1step,2.0,,,,,23.0,17.0,12.0,1.0,prevday,0.0,0.5,2,338,0.3,2.7,27.8,69.2,6.9,4.9,98996.0,163,0.0,4.3,22.1,73.6,,5.1,98986.0,1.5,,"(('rng_type', 'prevday'), ('expire_hour', 17), ('exit_hour', 23), ('sl_frac', 0.5), ('rr', 0.0), ('trail', 1.5), ('min_range_atr', 1.0), ('max_range_atr', 12.0), ('skip_dow', ()))","(('max_trades_day', 2),)",(),,
2,XAUUSD,fundingpips_1step,2.0,,,,,23.0,17.0,12.0,1.0,prevday,0.0,0.5,2,338,3.0,0.0,31.0,66.0,3.9,4.9,99015.0,163,4.3,0.0,25.8,69.9,4.7,5.1,98978.0,1.5,,"(('rng_type', 'prevday'), ('expire_hour', 17), ('exit_hour', 23), ('sl_frac', 0.5), ('rr', 0.0), ('trail', 1.5), ('min_range_atr', 1.0), ('max_range_atr', 12.0), ('skip_dow', ()))","(('max_trades_day', 2),)",(),,
2,XAUUSD,ftmo_1step,2.0,,,,,23.0,17.0,12.0,1.0,prevday,0.0,0.5,1,338,0.0,1.8,0.0,98.2,,2.1,100234.0,163,0.0,0.0,0.0,100.0,,2.2,99770.0,1.5,,"(('rng_type', 'prevday'), ('expire_hour', 17), ('exit_hour', 23), ('sl_frac', 0.5), ('rr', 0.0), ('trail', 1.5), ('min_range_atr', 1.0), ('max_range_atr', 12.0), ('skip_dow', (0, 4)))","(('max_trades_day', 1),)","(0, 4)",,
2,XAUUSD,fundingpips_1step,2.0,,,,,23.0,17.0,12.0,1.0,prevday,0.0,0.5,1,338,1.8,0.0,0.0,98.2,2.9,2.1,100234.0,163,0.0,0.0,0.0,100.0,,2.2,99770.0,1.5,,"(('rng_type', 'prevday'), ('expire_hour', 17), ('exit_hour', 23), ('sl_frac', 0.5), ('rr', 0.0), ('trail', 1.5), ('min_range_atr', 1.0), ('max_range_atr', 12.0), ('skip_dow', (0, 4)))","(('max_trades_day', 1),)","(0, 4)",,
2,XAUUSD,ftmo_1step,2.0,,,,,23.0,17.0,12.0,1.0,prevday,0.0,0.5,2,338,0.0,2.1,14.8,83.1,,3.2,99440.0,163,0.0,0.6,12.9,86.5,,3.4,99225.0,1.5,,"(('rng_type', 'prevday'), ('expire_hour', 17), ('exit_hour', 23), ('sl_frac', 0.5), ('rr', 0.0), ('trail', 1.5), ('min_range_atr', 1.0), ('max_range_atr', 12.0), ('skip_dow', (0, 4)))","(('max_trades_day', 2),)","(0, 4)",,
2,XAUUSD,fundingpips_1step,2.0,,,,,23.0,17.0,12.0,1.0,prevday,0.0,0.5,2,338,2.1,0.0,16.3,81.7,4.9,3.2,99449.0,163,0.6,0.0,13.5,85.9,1.9,3.4,99228.0,1.5,,"(('rng_type', 'prevday'), ('expire_hour', 17), ('exit_hour', 23), ('sl_frac', 0.5), ('rr', 0.0), ('trail', 1.5), ('min_range_atr', 1.0), ('max_range_atr', 12.0), ('skip_dow', (0, 4)))","(('max_trades_day', 2),)","(0, 4)",,
2,XAUUSD,ftmo_1step,2.0,,,,,23.0,17.0,12.0,2.0,prevday,0.0,0.5,1,338,0.3,1.8,0.3,97.6,6.9,3.4,100157.0,163,0.0,2.5,0.0,97.5,,3.5,99893.0,1.5,,"(('rng_type', 'prevday'), ('expire_hour', 17), ('exit_hour', 23), ('sl_frac', 0.5), ('rr', 0.0), ('trail', 1.5), ('min_range_atr', 2.0), ('max_range_atr', 12.0), ('skip_dow', ()))","(('max_trades_day', 1),)",(),,
2,XAUUSD,fundingpips_1step,2.0,,,,,23.0,17.0,12.0,2.0,prevday,0.0,0.5,1,338,2.1,0.0,0.9,97.0,4.9,3.4,100157.0,163,2.5,0.0,0.6,96.9,4.5,3.5,99886.0,1.5,,"(('rng_type', 'prevday'), ('expire_hour', 17), ('exit_hour', 23), ('sl_frac', 0.5), ('rr', 0.0), ('trail', 1.5), ('min_range_atr', 2.0), ('max_range_atr', 12.0), ('skip_dow', ()))","(('max_trades_day', 1),)",(),,
2,XAUUSD,ftmo_1step,2.0,,,,,23.0,17.0,12.0,2.0,prevday,0.0,0.5,2,338,0.3,2.7,27.5,69.5,6.9,4.9,99012.0,163,0.0,4.3,21.5,74.2,,5.1,99031.0,1.5,,"(('rng_type', 'prevday'), ('expire_hour', 17), ('exit_hour', 23), ('sl_frac', 0.5), ('rr', 0.0), ('trail', 1.5), ('min_range_atr', 2.0), ('max_range_atr', 12.0), ('skip_dow', ()))","(('max_trades_day', 2),)",(),,
2,XAUUSD,fundingpips_1step,2.0,,,,,23.0,17.0,12.0,2.0,prevday,0.0,0.5,2,338,3.0,0.0,30.7,66.3,3.9,4.9,99031.0,163,4.3,0.0,25.2,70.6,4.7,5.1,99024.0,1.5,,"(('rng_type', 'prevday'), ('expire_hour', 17), ('exit_hour', 23), ('sl_frac', 0.5), ('rr', 0.0), ('trail', 1.5), ('min_range_atr', 2.0), ('max_range_atr', 12.0), ('skip_dow', ()))","(('max_trades_day', 2),)",(),,
2,XAUUSD,ftmo_1step,2.0,,,,,23.0,17.0,12.0,2.0,prevday,0.0,0.5,1,338,0.0,1.8,0.0,98.2,,2.1,100240.0,163,0.0,0.0,0.0,100.0,,2.2,99770.0,1.5,,"(('rng_type', 'prevday'), ('expire_hour', 17), ('exit_hour', 23), ('sl_frac', 0.5), ('rr', 0.0), ('trail', 1.5), ('min_range_atr', 2.0), ('max_range_atr', 12.0), ('skip_dow', (0, 4)))","(('max_trades_day', 1),)","(0, 4)",,
2,XAUUSD,fundingpips_1step,2.0,,,,,23.0,17.0,12.0,2.0,prevday,0.0,0.5,1,338,1.8,0.0,0.0,98.2,2.9,2.1,100240.0,163,0.0,0.0,0.0,100.0,,2.2,99770.0,1.5,,"(('rng_type', 'prevday'), ('expire_hour', 17), ('exit_hour', 23), ('sl_frac', 0.5), ('rr', 0.0), ('trail', 1.5), ('min_range_atr', 2.0), ('max_range_atr', 12.0), ('skip_dow', (0, 4)))","(('max_trades_day', 1),)","(0, 4)",,
2,XAUUSD,ftmo_1step,2.0,,,,,23.0,17.0,12.0,2.0,prevday,0.0,0.5,2,338,0.0,2.1,14.5,83.4,,3.2,99451.0,163,0.0,0.6,12.9,86.5,,3.4,99225.0,1.5,,"(('rng_type', 'prevday'), ('expire_hour', 17), ('exit_hour', 23), ('sl_frac', 0.5), ('rr', 0.0), ('trail', 1.5), ('min_range_atr', 2.0), ('max_range_atr', 12.0), ('skip_dow', (0, 4)))","(('max_trades_day', 2),)","(0, 4)",,
2,XAUUSD,fundingpips_1step,2.0,,,,,23.0,17.0,12.0,2.0,prevday,0.0,0.5,2,338,2.1,0.0,16.0,82.0,4.9,3.2,99460.0,163,0.6,0.0,13.5,85.9,1.9,3.4,99228.0,1.5,,"(('rng_type', 'prevday'), ('expire_hour', 17), ('exit_hour', 23), ('sl_frac', 0.5), ('rr', 0.0), ('trail', 1.5), ('min_range_atr', 2.0), ('max_range_atr', 12.0), ('skip_dow', (0, 4)))","(('max_trades_day', 2),)","(0, 4)",,
2,XAUUSD,ftmo_1step,2.0,,,,,23.0,17.0,6.0,1.0,prevday,0.0,0.5,1,338,0.0,1.8,0.3,97.9,,2.3,100267.0,163,0.0,1.2,0.0,98.8,,2.3,99945.0,1.5,,"(('rng_type', 'prevday'), ('expire_hour', 17), ('exit_hour', 23), ('sl_frac', 0.5), ('rr', 0.0), ('trail', 1.5), ('min_range_atr', 1.0), ('max_range_atr', 6.0), ('skip_dow', ()))","(('max_trades_day', 1),)",(),,
2,XAUUSD,fundingpips_1step,2.0,,,,,23.0,17.0,6.0,1.0,prevday,0.0,0.5,1,338,1.8,0.0,0.6,97.6,2.9,2.3,100268.0,163,1.2,0.0,0.0,98.8,2.6,2.3,99945.0,1.5,,"(('rng_type', 'prevday'), ('expire_hour', 17), ('exit_hour', 23), ('sl_frac', 0.5), ('rr', 0.0), ('trail', 1.5), ('min_range_atr', 1.0), ('max_range_atr', 6.0), ('skip_dow', ()))","(('max_trades_day', 1),)",(),,
2,XAUUSD,ftmo_1step,2.0,,,,,23.0,17.0,6.0,1.0,prevday,0.0,0.5,2,338,0.0,2.7,24.9,72.5,,3.6,99479.0,163,0.0,2.5,20.2,77.3,,3.4,99283.0,1.5,,"(('rng_type', 'prevday'), ('expire_hour', 17), ('exit_hour', 23), ('sl_frac', 0.5), ('rr', 0.0), ('trail', 1.5), ('min_range_atr', 1.0), ('max_range_atr', 6.0), ('skip_dow', ()))","(('max_trades_day', 2),)",(),,
2,XAUUSD,fundingpips_1step,2.0,,,,,23.0,17.0,6.0,1.0,prevday,0.0,0.5,2,338,2.7,0.0,27.3,70.1,3.9,3.5,99462.0,163,2.5,0.0,20.2,77.3,3.2,3.4,99283.0,1.5,,"(('rng_type', 'prevday'), ('expire_hour', 17), ('exit_hour', 23), ('sl_frac', 0.5), ('rr', 0.0), ('trail', 1.5), ('min_range_atr', 1.0), ('max_range_atr', 6.0), ('skip_dow', ()))","(('max_trades_day', 2),)",(),,
2,XAUUSD,ftmo_1step,2.0,,,,,23.0,17.0,6.0,1.0,prevday,0.0,0.5,1,338,0.0,1.8,0.0,98.2,,1.5,100289.0,163,0.0,0.0,0.0,100.0,,1.4,99842.0,1.5,,"(('rng_type', 'prevday'), ('expire_hour', 17), ('exit_hour', 23), ('sl_frac', 0.5), ('rr', 0.0), ('trail', 1.5), ('min_range_atr', 1.0), ('max_range_atr', 6.0), ('skip_dow', (0, 4)))","(('max_trades_day', 1),)","(0, 4)",,
2,XAUUSD,fundingpips_1step,2.0,,,,,23.0,17.0,6.0,1.0,prevday,0.0,0.5,1,338,1.8,0.0,0.0,98.2,2.9,1.5,100289.0,163,0.0,0.0,0.0,100.0,,1.4,99842.0,1.5,,"(('rng_type', 'prevday'), ('expire_hour', 17), ('exit_hour', 23), ('sl_frac', 0.5), ('rr', 0.0), ('trail', 1.5), ('min_range_atr', 1.0), ('max_range_atr', 6.0), ('skip_dow', (0, 4)))","(('max_trades_day', 1),)","(0, 4)",,
2,XAUUSD,ftmo_1step,2.0,,,,,23.0,17.0,6.0,1.0,prevday,0.0,0.5,2,338,0.0,2.1,14.2,83.7,,2.3,99690.0,163,0.0,0.6,11.7,87.7,,2.3,99500.0,1.5,,"(('rng_type', 'prevday'), ('expire_hour', 17), ('exit_hour', 23), ('sl_frac', 0.5), ('rr', 0.0), ('trail', 1.5), ('min_range_atr', 1.0), ('max_range_atr', 6.0), ('skip_dow', (0, 4)))","(('max_trades_day', 2),)","(0, 4)",,
2,XAUUSD,fundingpips_1step,2.0,,,,,23.0,17.0,6.0,1.0,prevday,0.0,0.5,2,338,2.1,0.0,14.8,83.1,4.9,2.3,99696.0,163,0.6,0.0,11.6,87.7,1.9,2.3,99502.0,1.5,,"(('rng_type', 'prevday'), ('expire_hour', 17), ('exit_hour', 23), ('sl_frac', 0.5), ('rr', 0.0), ('trail', 1.5), ('min_range_atr', 1.0), ('max_range_atr', 6.0), ('skip_dow', (0, 4)))","(('max_trades_day', 2),)","(0, 4)",,
2,XAUUSD,ftmo_1step,2.0,,,,,23.0,17.0,12.0,3.0,prevday,0.0,0.5,1,338,0.3,1.5,0.0,98.2,6.9,3.3,100116.0,163,0.0,2.5,0.0,97.5,,3.4,99894.0,1.5,,"(('rng_type', 'prevday'), ('expire_hour', 17), ('exit_hour', 23), ('sl_frac', 0.5), ('rr', 0.0), ('trail', 1.5), ('min_range_atr', 3.0), ('max_range_atr', 12.0), ('skip_dow', ()))","(('max_trades_day', 1),)",(),,
2,XAUUSD,fundingpips_1step,2.0,,,,,23.0,17.0,12.0,3.0,prevday,0.0,0.5,1,338,1.8,0.0,0.6,97.6,3.9,3.3,100117.0,163,2.5,0.0,0.6,96.9,4.5,3.4,99887.0,1.5,,"(('rng_type', 'prevday'), ('expire_hour', 17), ('exit_hour', 23), ('sl_frac', 0.5), ('rr', 0.0), ('trail', 1.5), ('min_range_atr', 3.0), ('max_range_atr', 12.0), ('skip_dow', ()))","(('max_trades_day', 1),)",(),,
2,XAUUSD,ftmo_1step,2.0,,,,,23.0,17.0,12.0,3.0,prevday,0.0,0.5,2,338,0.3,2.1,24.0,73.7,6.9,4.8,98978.0,163,0.0,4.3,19.0,76.7,,5.0,98999.0,1.5,,"(('rng_type', 'prevday'), ('expire_hour', 17), ('exit_hour', 23), ('sl_frac', 0.5), ('rr', 0.0), ('trail', 1.5), ('min_range_atr', 3.0), ('max_range_atr', 12.0), ('skip_dow', ()))","(('max_trades_day', 2),)",(),,
2,XAUUSD,fundingpips_1step,2.0,,,,,23.0,17.0,12.0,3.0,prevday,0.0,0.5,2,338,2.4,0.0,27.2,70.4,2.4,4.8,98993.0,163,4.3,0.0,22.1,73.6,4.7,5.0,98993.0,1.5,,"(('rng_type', 'prevday'), ('expire_hour', 17), ('exit_hour', 23), ('sl_frac', 0.5), ('rr', 0.0), ('trail', 1.5), ('min_range_atr', 3.0), ('max_range_atr', 12.0), ('skip_dow', ()))","(('max_trades_day', 2),)",(),,
2,XAUUSD,ftmo_1step,2.0,,,,,23.0,17.0,12.0,3.0,prevday,0.0,0.5,1,338,0.0,1.5,0.0,98.5,,2.1,100174.0,163,0.0,0.0,0.0,100.0,,2.2,99764.0,1.5,,"(('rng_type', 'prevday'), ('expire_hour', 17), ('exit_hour', 23), ('sl_frac', 0.5), ('rr', 0.0), ('trail', 1.5), ('min_range_atr', 3.0), ('max_range_atr', 12.0), ('skip_dow', (0, 4)))","(('max_trades_day', 1),)","(0, 4)",,
2,XAUUSD,fundingpips_1step,2.0,,,,,23.0,17.0,12.0,3.0,prevday,0.0,0.5,1,338,1.5,0.0,0.0,98.5,0.9,2.1,100174.0,163,0.0,0.0,0.0,100.0,,2.2,99764.0,1.5,,"(('rng_type', 'prevday'), ('expire_hour', 17), ('exit_hour', 23), ('sl_frac', 0.5), ('rr', 0.0), ('trail', 1.5), ('min_range_atr', 3.0), ('max_range_atr', 12.0), ('skip_dow', (0, 4)))","(('max_trades_day', 1),)","(0, 4)",,
2,XAUUSD,ftmo_1step,2.0,,,,,23.0,17.0,12.0,3.0,prevday,0.0,0.5,2,338,0.0,1.8,12.7,85.5,,3.2,99430.0,163,0.0,0.6,12.3,87.1,,3.3,99190.0,1.5,,"(('rng_type', 'prevday'), ('expire_hour', 17), ('exit_hour', 23), ('sl_frac', 0.5), ('rr', 0.0), ('trail', 1.5), ('min_range_atr', 3.0), ('max_range_atr', 12.0), ('skip_dow', (0, 4)))","(('max_trades_day', 2),)","(0, 4)",,
2,XAUUSD,fundingpips_1step,2.0,,,,,23.0,17.0,12.0,3.0,prevday,0.0,0.5,2,338,1.8,0.0,14.2,84.0,3.9,3.2,99439.0,163,0.6,0.0,12.9,86.5,1.9,3.3,99193.0,1.5,,"(('rng_type', 'prevday'), ('expire_hour', 17), ('exit_hour', 23), ('sl_frac', 0.5), ('rr', 0.0), ('trail', 1.5), ('min_range_atr', 3.0), ('max_range_atr', 12.0), ('skip_dow', (0, 4)))","(('max_trades_day', 2),)","(0, 4)",,
2,EURUSD,ftmo_1step,2.0,,,,,23.0,17.0,12.0,1.0,prevday,0.0,1.0,1,395,0.0,0.0,0.0,100.0,,3.5,100139.0,205,0.0,0.0,0.0,100.0,,3.7,99984.0,1.5,,"(('rng_type', 'prevday'), ('expire_hour', 17), ('exit_hour', 23), ('sl_frac', 1.0), ('rr', 0.0), ('trail', 1.5), ('min_range_atr', 1.0), ('max_range_atr', 12.0), ('skip_dow', ()))","(('max_trades_day', 1),)",(),,
2,EURUSD,fundingpips_1step,2.0,,,,,23.0,17.0,12.0,1.0,prevday,0.0,1.0,1,395,0.0,0.0,0.0,100.0,,3.5,100139.0,205,0.0,0.0,0.0,100.0,,3.7,99984.0,1.5,,"(('rng_type', 'prevday'), ('expire_hour', 17), ('exit_hour', 23), ('sl_frac', 1.0), ('rr', 0.0), ('trail', 1.5), ('min_range_atr', 1.0), ('max_range_atr', 12.0), ('skip_dow', ()))","(('max_trades_day', 1),)",(),,
2,EURUSD,ftmo_1step,2.0,,,,,23.0,17.0,12.0,1.0,prevday,0.0,1.0,2,395,0.0,0.0,1.5,98.5,,5.7,99581.0,205,0.0,0.0,0.0,100.0,,6.1,99468.0,1.5,,"(('rng_type', 'prevday'), ('expire_hour', 17), ('exit_hour', 23), ('sl_frac', 1.0), ('rr', 0.0), ('trail', 1.5), ('min_range_atr', 1.0), ('max_range_atr', 12.0), ('skip_dow', ()))","(('max_trades_day', 2),)",(),,
2,EURUSD,fundingpips_1step,2.0,,,,,23.0,17.0,12.0,1.0,prevday,0.0,1.0,2,395,0.0,0.0,1.8,98.2,,5.7,99582.0,205,0.0,0.0,0.5,99.5,,6.1,99468.0,1.5,,"(('rng_type', 'prevday'), ('expire_hour', 17), ('exit_hour', 23), ('sl_frac', 1.0), ('rr', 0.0), ('trail', 1.5), ('min_range_atr', 1.0), ('max_range_atr', 12.0), ('skip_dow', ()))","(('max_trades_day', 2),)",(),,
2,EURUSD,ftmo_1step,2.0,,,,,23.0,17.0,12.0,1.0,prevday,0.0,1.0,1,395,0.0,0.0,0.0,100.0,,2.3,100139.0,205,0.0,0.0,0.0,100.0,,2.3,99957.0,1.5,,"(('rng_type', 'prevday'), ('expire_hour', 17), ('exit_hour', 23), ('sl_frac', 1.0), ('rr', 0.0), ('trail', 1.5), ('min_range_atr', 1.0), ('max_range_atr', 12.0), ('skip_dow', (0, 4)))","(('max_trades_day', 1),)","(0, 4)",,
2,EURUSD,fundingpips_1step,2.0,,,,,23.0,17.0,12.0,1.0,prevday,0.0,1.0,1,395,0.0,0.0,0.0,100.0,,2.3,100139.0,205,0.0,0.0,0.0,100.0,,2.3,99957.0,1.5,,"(('rng_type', 'prevday'), ('expire_hour', 17), ('exit_hour', 23), ('sl_frac', 1.0), ('rr', 0.0), ('trail', 1.5), ('min_range_atr', 1.0), ('max_range_atr', 12.0), ('skip_dow', (0, 4)))","(('max_trades_day', 1),)","(0, 4)",,
2,EURUSD,ftmo_1step,2.0,,,,,23.0,17.0,12.0,1.0,prevday,0.0,1.0,2,395,0.0,0.0,0.3,99.7,,3.8,99794.0,205,0.0,0.0,0.0,100.0,,3.8,99583.0,1.5,,"(('rng_type', 'prevday'), ('expire_hour', 17), ('exit_hour', 23), ('sl_frac', 1.0), ('rr', 0.0), ('trail', 1.5), ('min_range_atr', 1.0), ('max_range_atr', 12.0), ('skip_dow', (0, 4)))","(('max_trades_day', 2),)","(0, 4)",,
2,EURUSD,fundingpips_1step,2.0,,,,,23.0,17.0,12.0,1.0,prevday,0.0,1.0,2,395,0.0,0.0,0.3,99.7,,3.8,99794.0,205,0.0,0.0,0.0,100.0,,3.8,99583.0,1.5,,"(('rng_type', 'prevday'), ('expire_hour', 17), ('exit_hour', 23), ('sl_frac', 1.0), ('rr', 0.0), ('trail', 1.5), ('min_range_atr', 1.0), ('max_range_atr', 12.0), ('skip_dow', (0, 4)))","(('max_trades_day', 2),)","(0, 4)",,
2,EURUSD,ftmo_1step,2.0,,,,,23.0,17.0,12.0,2.0,prevday,0.0,1.0,1,395,0.0,0.0,0.0,100.0,,3.5,100140.0,205,0.0,0.0,0.0,100.0,,3.7,99984.0,1.5,,"(('rng_type', 'prevday'), ('expire_hour', 17), ('exit_hour', 23), ('sl_frac', 1.0), ('rr', 0.0), ('trail', 1.5), ('min_range_atr', 2.0), ('max_range_atr', 12.0), ('skip_dow', ()))","(('max_trades_day', 1),)",(),,
2,EURUSD,fundingpips_1step,2.0,,,,,23.0,17.0,12.0,2.0,prevday,0.0,1.0,1,395,0.0,0.0,0.0,100.0,,3.5,100140.0,205,0.0,0.0,0.0,100.0,,3.7,99984.0,1.5,,"(('rng_type', 'prevday'), ('expire_hour', 17), ('exit_hour', 23), ('sl_frac', 1.0), ('rr', 0.0), ('trail', 1.5), ('min_range_atr', 2.0), ('max_range_atr', 12.0), ('skip_dow', ()))","(('max_trades_day', 1),)",(),,
2,EURUSD,ftmo_1step,2.0,,,,,23.0,17.0,12.0,2.0,prevday,0.0,1.0,2,395,0.0,0.0,0.8,99.2,,5.7,99586.0,205,0.0,0.0,0.0,100.0,,6.1,99468.0,1.5,,"(('rng_type', 'prevday'), ('expire_hour', 17), ('exit_hour', 23), ('sl_frac', 1.0), ('rr', 0.0), ('trail', 1.5), ('min_range_atr', 2.0), ('max_range_atr', 12.0), ('skip_dow', ()))","(('max_trades_day', 2),)",(),,
2,EURUSD,fundingpips_1step,2.0,,,,,23.0,17.0,12.0,2.0,prevday,0.0,1.0,2,395,0.0,0.0,1.1,99.0,,5.7,99587.0,205,0.0,0.0,0.5,99.5,,6.1,99468.0,1.5,,"(('rng_type', 'prevday'), ('expire_hour', 17), ('exit_hour', 23), ('sl_frac', 1.0), ('rr', 0.0), ('trail', 1.5), ('min_range_atr', 2.0), ('max_range_atr', 12.0), ('skip_dow', ()))","(('max_trades_day', 2),)",(),,
2,EURUSD,ftmo_1step,2.0,,,,,23.0,17.0,12.0,2.0,prevday,0.0,1.0,1,395,0.0,0.0,0.0,100.0,,2.3,100132.0,205,0.0,0.0,0.0,100.0,,2.3,99957.0,1.5,,"(('rng_type', 'prevday'), ('expire_hour', 17), ('exit_hour', 23), ('sl_frac', 1.0), ('rr', 0.0), ('trail', 1.5), ('min_range_atr', 2.0), ('max_range_atr', 12.0), ('skip_dow', (0, 4)))","(('max_trades_day', 1),)","(0, 4)",,
2,EURUSD,fundingpips_1step,2.0,,,,,23.0,17.0,12.0,2.0,prevday,0.0,1.0,1,395,0.0,0.0,0.0,100.0,,2.3,100132.0,205,0.0,0.0,0.0,100.0,,2.3,99957.0,1.5,,"(('rng_type', 'prevday'), ('expire_hour', 17), ('exit_hour', 23), ('sl_frac', 1.0), ('rr', 0.0), ('trail', 1.5), ('min_range_atr', 2.0), ('max_range_atr', 12.0), ('skip_dow', (0, 4)))","(('max_trades_day', 1),)","(0, 4)",,
2,EURUSD,ftmo_1step,2.0,,,,,23.0,17.0,12.0,2.0,prevday,0.0,1.0,2,395,0.0,0.0,0.0,100.0,,3.8,99792.0,205,0.0,0.0,0.0,100.0,,3.8,99583.0,1.5,,"(('rng_type', 'prevday'), ('expire_hour', 17), ('exit_hour', 23), ('sl_frac', 1.0), ('rr', 0.0), ('trail', 1.5), ('min_range_atr', 2.0), ('max_range_atr', 12.0), ('skip_dow', (0, 4)))","(('max_trades_day', 2),)","(0, 4)",,
2,EURUSD,fundingpips_1step,2.0,,,,,23.0,17.0,12.0,2.0,prevday,0.0,1.0,2,395,0.0,0.0,0.0,100.0,,3.8,99792.0,205,0.0,0.0,0.0,100.0,,3.8,99583.0,1.5,,"(('rng_type', 'prevday'), ('expire_hour', 17), ('exit_hour', 23), ('sl_frac', 1.0), ('rr', 0.0), ('trail', 1.5), ('min_range_atr', 2.0), ('max_range_atr', 12.0), ('skip_dow', (0, 4)))","(('max_trades_day', 2),)","(0, 4)",,
2,EURUSD,ftmo_1step,2.0,,,,,23.0,17.0,6.0,1.0,prevday,0.0,1.0,1,395,0.0,0.0,0.0,100.0,,1.4,100103.0,205,0.0,0.0,0.0,100.0,,1.4,99982.0,1.5,,"(('rng_type', 'prevday'), ('expire_hour', 17), ('exit_hour', 23), ('sl_frac', 1.0), ('rr', 0.0), ('trail', 1.5), ('min_range_atr', 1.0), ('max_range_atr', 6.0), ('skip_dow', ()))","(('max_trades_day', 1),)",(),,
2,EURUSD,fundingpips_1step,2.0,,,,,23.0,17.0,6.0,1.0,prevday,0.0,1.0,1,395,0.0,0.0,0.0,100.0,,1.4,100103.0,205,0.0,0.0,0.0,100.0,,1.4,99982.0,1.5,,"(('rng_type', 'prevday'), ('expire_hour', 17), ('exit_hour', 23), ('sl_frac', 1.0), ('rr', 0.0), ('trail', 1.5), ('min_range_atr', 1.0), ('max_range_atr', 6.0), ('skip_dow', ()))","(('max_trades_day', 1),)",(),,
2,EURUSD,ftmo_1step,2.0,,,,,23.0,17.0,6.0,1.0,prevday,0.0,1.0,2,395,0.0,0.0,1.5,98.5,,2.3,99845.0,205,0.0,0.0,0.0,100.0,,2.4,99730.0,1.5,,"(('rng_type', 'prevday'), ('expire_hour', 17), ('exit_hour', 23), ('sl_frac', 1.0), ('rr', 0.0), ('trail', 1.5), ('min_range_atr', 1.0), ('max_range_atr', 6.0), ('skip_dow', ()))","(('max_trades_day', 2),)",(),,
2,EURUSD,fundingpips_1step,2.0,,,,,23.0,17.0,6.0,1.0,prevday,0.0,1.0,2,395,0.0,0.0,1.5,98.5,,2.3,99845.0,205,0.0,0.0,0.0,100.0,,2.4,99730.0,1.5,,"(('rng_type', 'prevday'), ('expire_hour', 17), ('exit_hour', 23), ('sl_frac', 1.0), ('rr', 0.0), ('trail', 1.5), ('min_range_atr', 1.0), ('max_range_atr', 6.0), ('skip_dow', ()))","(('max_trades_day', 2),)",(),,
2,EURUSD,ftmo_1step,2.0,,,,,23.0,17.0,6.0,1.0,prevday,0.0,1.0,1,395,0.0,0.0,0.0,100.0,,0.9,100094.0,205,0.0,0.0,0.0,100.0,,0.9,99984.0,1.5,,"(('rng_type', 'prevday'), ('expire_hour', 17), ('exit_hour', 23), ('sl_frac', 1.0), ('rr', 0.0), ('trail', 1.5), ('min_range_atr', 1.0), ('max_range_atr', 6.0), ('skip_dow', (0, 4)))","(('max_trades_day', 1),)","(0, 4)",,
2,EURUSD,fundingpips_1step,2.0,,,,,23.0,17.0,6.0,1.0,prevday,0.0,1.0,1,395,0.0,0.0,0.0,100.0,,0.9,100094.0,205,0.0,0.0,0.0,100.0,,0.9,99984.0,1.5,,"(('rng_type', 'prevday'), ('expire_hour', 17), ('exit_hour', 23), ('sl_frac', 1.0), ('rr', 0.0), ('trail', 1.5), ('min_range_atr', 1.0), ('max_range_atr', 6.0), ('skip_dow', (0, 4)))","(('max_trades_day', 1),)","(0, 4)",,
2,EURUSD,ftmo_1step,2.0,,,,,23.0,17.0,6.0,1.0,prevday,0.0,1.0,2,395,0.0,0.0,0.3,99.7,,1.5,99941.0,205,0.0,0.0,0.0,100.0,,1.5,99787.0,1.5,,"(('rng_type', 'prevday'), ('expire_hour', 17), ('exit_hour', 23), ('sl_frac', 1.0), ('rr', 0.0), ('trail', 1.5), ('min_range_atr', 1.0), ('max_range_atr', 6.0), ('skip_dow', (0, 4)))","(('max_trades_day', 2),)","(0, 4)",,
2,EURUSD,fundingpips_1step,2.0,,,,,23.0,17.0,6.0,1.0,prevday,0.0,1.0,2,395,0.0,0.0,0.3,99.7,,1.5,99941.0,205,0.0,0.0,0.0,100.0,,1.5,99787.0,1.5,,"(('rng_type', 'prevday'), ('expire_hour', 17), ('exit_hour', 23), ('sl_frac', 1.0), ('rr', 0.0), ('trail', 1.5), ('min_range_atr', 1.0), ('max_range_atr', 6.0), ('skip_dow', (0, 4)))","(('max_trades_day', 2),)","(0, 4)",,
2,EURUSD,ftmo_1step,2.0,,,,,23.0,17.0,12.0,3.0,prevday,0.0,1.0,1,395,0.0,0.0,0.0,100.0,,3.5,100135.0,205,0.0,0.0,0.0,100.0,,3.7,99993.0,1.5,,"(('rng_type', 'prevday'), ('expire_hour', 17), ('exit_hour', 23), ('sl_frac', 1.0), ('rr', 0.0), ('trail', 1.5), ('min_range_atr', 3.0), ('max_range_atr', 12.0), ('skip_dow', ()))","(('max_trades_day', 1),)",(),,
2,EURUSD,fundingpips_1step,2.0,,,,,23.0,17.0,12.0,3.0,prevday,0.0,1.0,1,395,0.0,0.0,0.0,100.0,,3.5,100135.0,205,0.0,0.0,0.0,100.0,,3.7,99993.0,1.5,,"(('rng_type', 'prevday'), ('expire_hour', 17), ('exit_hour', 23), ('sl_frac', 1.0), ('rr', 0.0), ('trail', 1.5), ('min_range_atr', 3.0), ('max_range_atr', 12.0), ('skip_dow', ()))","(('max_trades_day', 1),)",(),,
2,EURUSD,ftmo_1step,2.0,,,,,23.0,17.0,12.0,3.0,prevday,0.0,1.0,2,395,0.0,0.0,0.0,100.0,,5.7,99609.0,205,0.0,0.0,0.0,100.0,,6.1,99484.0,1.5,,"(('rng_type', 'prevday'), ('expire_hour', 17), ('exit_hour', 23), ('sl_frac', 1.0), ('rr', 0.0), ('trail', 1.5), ('min_range_atr', 3.0), ('max_range_atr', 12.0), ('skip_dow', ()))","(('max_trades_day', 2),)",(),,
2,EURUSD,fundingpips_1step,2.0,,,,,23.0,17.0,12.0,3.0,prevday,0.0,1.0,2,395,0.0,0.0,0.3,99.7,,5.7,99610.0,205,0.0,0.0,0.5,99.5,,6.1,99484.0,1.5,,"(('rng_type', 'prevday'), ('expire_hour', 17), ('exit_hour', 23), ('sl_frac', 1.0), ('rr', 0.0), ('trail', 1.5), ('min_range_atr', 3.0), ('max_range_atr', 12.0), ('skip_dow', ()))","(('max_trades_day', 2),)",(),,
2,EURUSD,ftmo_1step,2.0,,,,,23.0,17.0,12.0,3.0,prevday,0.0,1.0,1,395,0.0,0.0,0.0,100.0,,2.3,100136.0,205,0.0,0.0,0.0,100.0,,2.3,99963.0,1.5,,"(('rng_type', 'prevday'), ('expire_hour', 17), ('exit_hour', 23), ('sl_frac', 1.0), ('rr', 0.0), ('trail', 1.5), ('min_range_atr', 3.0), ('max_range_atr', 12.0), ('skip_dow', (0, 4)))","(('max_trades_day', 1),)","(0, 4)",,
2,EURUSD,fundingpips_1step,2.0,,,,,23.0,17.0,12.0,3.0,prevday,0.0,1.0,1,395,0.0,0.0,0.0,100.0,,2.3,100136.0,205,0.0,0.0,0.0,100.0,,2.3,99963.0,1.5,,"(('rng_type', 'prevday'), ('expire_hour', 17), ('exit_hour', 23), ('sl_frac', 1.0), ('rr', 0.0), ('trail', 1.5), ('min_range_atr', 3.0), ('max_range_atr', 12.0), ('skip_dow', (0, 4)))","(('max_trades_day', 1),)","(0, 4)",,
2,EURUSD,ftmo_1step,2.0,,,,,23.0,17.0,12.0,3.0,prevday,0.0,1.0,2,395,0.0,0.0,0.0,100.0,,3.8,99805.0,205,0.0,0.0,0.0,100.0,,3.8,99589.0,1.5,,"(('rng_type', 'prevday'), ('expire_hour', 17), ('exit_hour', 23), ('sl_frac', 1.0), ('rr', 0.0), ('trail', 1.5), ('min_range_atr', 3.0), ('max_range_atr', 12.0), ('skip_dow', (0, 4)))","(('max_trades_day', 2),)","(0, 4)",,
2,EURUSD,fundingpips_1step,2.0,,,,,23.0,17.0,12.0,3.0,prevday,0.0,1.0,2,395,0.0,0.0,0.0,100.0,,3.8,99805.0,205,0.0,0.0,0.0,100.0,,3.8,99589.0,1.5,,"(('rng_type', 'prevday'), ('expire_hour', 17), ('exit_hour', 23), ('sl_frac', 1.0), ('rr', 0.0), ('trail', 1.5), ('min_range_atr', 3.0), ('max_range_atr', 12.0), ('skip_dow', (0, 4)))","(('max_trades_day', 2),)","(0, 4)",,
2,XAUUSD,ftmo_1step,2.0,,,,,23.0,17.0,12.0,1.0,prevday,0.0,1.0,1,338,0.0,0.3,0.0,99.7,,3.4,100135.0,163,0.0,0.0,0.0,100.0,,3.5,99967.0,1.5,,"(('rng_type', 'prevday'), ('expire_hour', 17), ('exit_hour', 23), ('sl_frac', 1.0), ('rr', 0.0), ('trail', 1.5), ('min_range_atr', 1.0), ('max_range_atr', 12.0), ('skip_dow', ()))","(('max_trades_day', 1),)",(),,
2,XAUUSD,fundingpips_1step,2.0,,,,,23.0,17.0,12.0,1.0,prevday,0.0,1.0,1,338,0.3,0.0,0.0,99.7,4.9,3.4,100135.0,163,0.0,0.0,0.0,100.0,,3.5,99967.0,1.5,,"(('rng_type', 'prevday'), ('expire_hour', 17), ('exit_hour', 23), ('sl_frac', 1.0), ('rr', 0.0), ('trail', 1.5), ('min_range_atr', 1.0), ('max_range_atr', 12.0), ('skip_dow', ()))","(('max_trades_day', 1),)",(),,
2,XAUUSD,ftmo_1step,2.0,,,,,23.0,17.0,12.0,1.0,prevday,0.0,1.0,2,338,0.0,0.9,1.5,97.6,,5.4,99691.0,163,0.0,0.0,0.6,99.4,,5.7,99559.0,1.5,,"(('rng_type', 'prevday'), ('expire_hour', 17), ('exit_hour', 23), ('sl_frac', 1.0), ('rr', 0.0), ('trail', 1.5), ('min_range_atr', 1.0), ('max_range_atr', 12.0), ('skip_dow', ()))","(('max_trades_day', 2),)",(),,
2,XAUUSD,fundingpips_1step,2.0,,,,,23.0,17.0,12.0,1.0,prevday,0.0,1.0,2,338,0.9,0.0,1.5,97.6,4.9,5.4,99691.0,163,0.0,0.0,0.6,99.4,,5.7,99559.0,1.5,,"(('rng_type', 'prevday'), ('expire_hour', 17), ('exit_hour', 23), ('sl_frac', 1.0), ('rr', 0.0), ('trail', 1.5), ('min_range_atr', 1.0), ('max_range_atr', 12.0), ('skip_dow', ()))","(('max_trades_day', 2),)",(),,
2,XAUUSD,ftmo_1step,2.0,,,,,23.0,17.0,12.0,1.0,prevday,0.0,1.0,1,338,0.0,0.3,0.0,99.7,,2.1,100155.0,163,0.0,0.0,0.0,100.0,,2.2,99919.0,1.5,,"(('rng_type', 'prevday'), ('expire_hour', 17), ('exit_hour', 23), ('sl_frac', 1.0), ('rr', 0.0), ('trail', 1.5), ('min_range_atr', 1.0), ('max_range_atr', 12.0), ('skip_dow', (0, 4)))","(('max_trades_day', 1),)","(0, 4)",,
2,XAUUSD,fundingpips_1step,2.0,,,,,23.0,17.0,12.0,1.0,prevday,0.0,1.0,1,338,0.3,0.0,0.0,99.7,4.9,2.1,100155.0,163,0.0,0.0,0.0,100.0,,2.2,99919.0,1.5,,"(('rng_type', 'prevday'), ('expire_hour', 17), ('exit_hour', 23), ('sl_frac', 1.0), ('rr', 0.0), ('trail', 1.5), ('min_range_atr', 1.0), ('max_range_atr', 12.0), ('skip_dow', (0, 4)))","(('max_trades_day', 1),)","(0, 4)",,
2,XAUUSD,ftmo_1step,2.0,,,,,23.0,17.0,12.0,1.0,prevday,0.0,1.0,2,338,0.0,0.3,0.6,99.1,,3.4,99858.0,163,0.0,0.0,0.0,100.0,,3.6,99705.0,1.5,,"(('rng_type', 'prevday'), ('expire_hour', 17), ('exit_hour', 23), ('sl_frac', 1.0), ('rr', 0.0), ('trail', 1.5), ('min_range_atr', 1.0), ('max_range_atr', 12.0), ('skip_dow', (0, 4)))","(('max_trades_day', 2),)","(0, 4)",,
2,XAUUSD,fundingpips_1step,2.0,,,,,23.0,17.0,12.0,1.0,prevday,0.0,1.0,2,338,0.3,0.0,0.6,99.1,4.9,3.4,99858.0,163,0.0,0.0,0.0,100.0,,3.6,99705.0,1.5,,"(('rng_type', 'prevday'), ('expire_hour', 17), ('exit_hour', 23), ('sl_frac', 1.0), ('rr', 0.0), ('trail', 1.5), ('min_range_atr', 1.0), ('max_range_atr', 12.0), ('skip_dow', (0, 4)))","(('max_trades_day', 2),)","(0, 4)",,
2,XAUUSD,ftmo_1step,2.0,,,,,23.0,17.0,12.0,2.0,prevday,0.0,1.0,1,338,0.0,0.3,0.0,99.7,,3.4,100147.0,163,0.0,0.0,0.0,100.0,,3.5,99990.0,1.5,,"(('rng_type', 'prevday'), ('expire_hour', 17), ('exit_hour', 23), ('sl_frac', 1.0), ('rr', 0.0), ('trail', 1.5), ('min_range_atr', 2.0), ('max_range_atr', 12.0), ('skip_dow', ()))","(('max_trades_day', 1),)",(),,
2,XAUUSD,fundingpips_1step,2.0,,,,,23.0,17.0,12.0,2.0,prevday,0.0,1.0,1,338,0.3,0.0,0.0,99.7,4.9,3.4,100147.0,163,0.0,0.0,0.0,100.0,,3.5,99990.0,1.5,,"(('rng_type', 'prevday'), ('expire_hour', 17), ('exit_hour', 23), ('sl_frac', 1.0), ('rr', 0.0), ('trail', 1.5), ('min_range_atr', 2.0), ('max_range_atr', 12.0), ('skip_dow', ()))","(('max_trades_day', 1),)",(),,
2,XAUUSD,ftmo_1step,2.0,,,,,23.0,17.0,12.0,2.0,prevday,0.0,1.0,2,338,0.0,0.9,1.2,97.9,,5.4,99706.0,163,0.0,0.0,0.0,100.0,,5.7,99592.0,1.5,,"(('rng_type', 'prevday'), ('expire_hour', 17), ('exit_hour', 23), ('sl_frac', 1.0), ('rr', 0.0), ('trail', 1.5), ('min_range_atr', 2.0), ('max_range_atr', 12.0), ('skip_dow', ()))","(('max_trades_day', 2),)",(),,
2,XAUUSD,fundingpips_1step,2.0,,,,,23.0,17.0,12.0,2.0,prevday,0.0,1.0,2,338,0.9,0.0,1.2,97.9,4.9,5.4,99706.0,163,0.0,0.0,0.0,100.0,,5.7,99592.0,1.5,,"(('rng_type', 'prevday'), ('expire_hour', 17), ('exit_hour', 23), ('sl_frac', 1.0), ('rr', 0.0), ('trail', 1.5), ('min_range_atr', 2.0), ('max_range_atr', 12.0), ('skip_dow', ()))","(('max_trades_day', 2),)",(),,
2,XAUUSD,ftmo_1step,2.0,,,,,23.0,17.0,12.0,2.0,prevday,0.0,1.0,1,338,0.0,0.3,0.0,99.7,,2.1,100161.0,163,0.0,0.0,0.0,100.0,,2.2,99919.0,1.5,,"(('rng_type', 'prevday'), ('expire_hour', 17), ('exit_hour', 23), ('sl_frac', 1.0), ('rr', 0.0), ('trail', 1.5), ('min_range_atr', 2.0), ('max_range_atr', 12.0), ('skip_dow', (0, 4)))","(('max_trades_day', 1),)","(0, 4)",,
2,XAUUSD,fundingpips_1step,2.0,,,,,23.0,17.0,12.0,2.0,prevday,0.0,1.0,1,338,0.3,0.0,0.0,99.7,4.9,2.1,100161.0,163,0.0,0.0,0.0,100.0,,2.2,99919.0,1.5,,"(('rng_type', 'prevday'), ('expire_hour', 17), ('exit_hour', 23), ('sl_frac', 1.0), ('rr', 0.0), ('trail', 1.5), ('min_range_atr', 2.0), ('max_range_atr', 12.0), ('skip_dow', (0, 4)))","(('max_trades_day', 1),)","(0, 4)",,
2,XAUUSD,ftmo_1step,2.0,,,,,23.0,17.0,12.0,2.0,prevday,0.0,1.0,2,338,0.0,0.3,0.3,99.4,,3.4,99871.0,163,0.0,0.0,0.0,100.0,,3.6,99705.0,1.5,,"(('rng_type', 'prevday'), ('expire_hour', 17), ('exit_hour', 23), ('sl_frac', 1.0), ('rr', 0.0), ('trail', 1.5), ('min_range_atr', 2.0), ('max_range_atr', 12.0), ('skip_dow', (0, 4)))","(('max_trades_day', 2),)","(0, 4)",,
2,XAUUSD,fundingpips_1step,2.0,,,,,23.0,17.0,12.0,2.0,prevday,0.0,1.0,2,338,0.3,0.0,0.3,99.4,4.9,3.4,99871.0,163,0.0,0.0,0.0,100.0,,3.6,99705.0,1.5,,"(('rng_type', 'prevday'), ('expire_hour', 17), ('exit_hour', 23), ('sl_frac', 1.0), ('rr', 0.0), ('trail', 1.5), ('min_range_atr', 2.0), ('max_range_atr', 12.0), ('skip_dow', (0, 4)))","(('max_trades_day', 2),)","(0, 4)",,
2,XAUUSD,ftmo_1step,2.0,,,,,23.0,17.0,6.0,1.0,prevday,0.0,1.0,1,338,0.0,0.3,0.0,99.7,,2.4,100192.0,163,0.0,0.0,0.0,100.0,,2.3,100016.0,1.5,,"(('rng_type', 'prevday'), ('expire_hour', 17), ('exit_hour', 23), ('sl_frac', 1.0), ('rr', 0.0), ('trail', 1.5), ('min_range_atr', 1.0), ('max_range_atr', 6.0), ('skip_dow', ()))","(('max_trades_day', 1),)",(),,
2,XAUUSD,fundingpips_1step,2.0,,,,,23.0,17.0,6.0,1.0,prevday,0.0,1.0,1,338,0.3,0.0,0.0,99.7,4.9,2.4,100192.0,163,0.0,0.0,0.0,100.0,,2.3,100016.0,1.5,,"(('rng_type', 'prevday'), ('expire_hour', 17), ('exit_hour', 23), ('sl_frac', 1.0), ('rr', 0.0), ('trail', 1.5), ('min_range_atr', 1.0), ('max_range_atr', 6.0), ('skip_dow', ()))","(('max_trades_day', 1),)",(),,
2,XAUUSD,ftmo_1step,2.0,,,,,23.0,17.0,6.0,1.0,prevday,0.0,1.0,2,338,0.0,0.9,1.2,97.9,,3.8,99954.0,163,0.0,0.0,0.6,99.4,,3.8,99713.0,1.5,,"(('rng_type', 'prevday'), ('expire_hour', 17), ('exit_hour', 23), ('sl_frac', 1.0), ('rr', 0.0), ('trail', 1.5), ('min_range_atr', 1.0), ('max_range_atr', 6.0), ('skip_dow', ()))","(('max_trades_day', 2),)",(),,
2,XAUUSD,fundingpips_1step,2.0,,,,,23.0,17.0,6.0,1.0,prevday,0.0,1.0,2,338,0.9,0.0,1.2,97.9,4.9,3.8,99954.0,163,0.0,0.0,0.6,99.4,,3.8,99713.0,1.5,,"(('rng_type', 'prevday'), ('expire_hour', 17), ('exit_hour', 23), ('sl_frac', 1.0), ('rr', 0.0), ('trail', 1.5), ('min_range_atr', 1.0), ('max_range_atr', 6.0), ('skip_dow', ()))","(('max_trades_day', 2),)",(),,
2,XAUUSD,ftmo_1step,2.0,,,,,23.0,17.0,6.0,1.0,prevday,0.0,1.0,1,338,0.0,0.3,0.0,99.7,,1.5,100181.0,163,0.0,0.0,0.0,100.0,,1.4,99963.0,1.5,,"(('rng_type', 'prevday'), ('expire_hour', 17), ('exit_hour', 23), ('sl_frac', 1.0), ('rr', 0.0), ('trail', 1.5), ('min_range_atr', 1.0), ('max_range_atr', 6.0), ('skip_dow', (0, 4)))","(('max_trades_day', 1),)","(0, 4)",,
2,XAUUSD,fundingpips_1step,2.0,,,,,23.0,17.0,6.0,1.0,prevday,0.0,1.0,1,338,0.3,0.0,0.0,99.7,4.9,1.5,100181.0,163,0.0,0.0,0.0,100.0,,1.4,99963.0,1.5,,"(('rng_type', 'prevday'), ('expire_hour', 17), ('exit_hour', 23), ('sl_frac', 1.0), ('rr', 0.0), ('trail', 1.5), ('min_range_atr', 1.0), ('max_range_atr', 6.0), ('skip_dow', (0, 4)))","(('max_trades_day', 1),)","(0, 4)",,
2,XAUUSD,ftmo_1step,2.0,,,,,23.0,17.0,6.0,1.0,prevday,0.0,1.0,2,338,0.0,0.3,0.6,99.1,,2.4,100001.0,163,0.0,0.0,0.0,100.0,,2.4,99835.0,1.5,,"(('rng_type', 'prevday'), ('expire_hour', 17), ('exit_hour', 23), ('sl_frac', 1.0), ('rr', 0.0), ('trail', 1.5), ('min_range_atr', 1.0), ('max_range_atr', 6.0), ('skip_dow', (0, 4)))","(('max_trades_day', 2),)","(0, 4)",,
2,XAUUSD,fundingpips_1step,2.0,,,,,23.0,17.0,6.0,1.0,prevday,0.0,1.0,2,338,0.3,0.0,0.6,99.1,4.9,2.4,100001.0,163,0.0,0.0,0.0,100.0,,2.4,99835.0,1.5,,"(('rng_type', 'prevday'), ('expire_hour', 17), ('exit_hour', 23), ('sl_frac', 1.0), ('rr', 0.0), ('trail', 1.5), ('min_range_atr', 1.0), ('max_range_atr', 6.0), ('skip_dow', (0, 4)))","(('max_trades_day', 2),)","(0, 4)",,
2,XAUUSD,ftmo_1step,2.0,,,,,23.0,17.0,12.0,3.0,prevday,0.0,1.0,1,338,0.0,0.0,0.0,100.0,,3.3,100132.0,163,0.0,0.0,0.0,100.0,,3.4,99991.0,1.5,,"(('rng_type', 'prevday'), ('expire_hour', 17), ('exit_hour', 23), ('sl_frac', 1.0), ('rr', 0.0), ('trail', 1.5), ('min_range_atr', 3.0), ('max_range_atr', 12.0), ('skip_dow', ()))","(('max_trades_day', 1),)",(),,
2,XAUUSD,fundingpips_1step,2.0,,,,,23.0,17.0,12.0,3.0,prevday,0.0,1.0,1,338,0.0,0.0,0.0,100.0,,3.3,100132.0,163,0.0,0.0,0.0,100.0,,3.4,99991.0,1.5,,"(('rng_type', 'prevday'), ('expire_hour', 17), ('exit_hour', 23), ('sl_frac', 1.0), ('rr', 0.0), ('trail', 1.5), ('min_range_atr', 3.0), ('max_range_atr', 12.0), ('skip_dow', ()))","(('max_trades_day', 1),)",(),,
2,XAUUSD,ftmo_1step,2.0,,,,,23.0,17.0,12.0,3.0,prevday,0.0,1.0,2,338,0.0,0.3,1.2,98.5,,5.2,99663.0,163,0.0,0.0,0.0,100.0,,5.5,99559.0,1.5,,"(('rng_type', 'prevday'), ('expire_hour', 17), ('exit_hour', 23), ('sl_frac', 1.0), ('rr', 0.0), ('trail', 1.5), ('min_range_atr', 3.0), ('max_range_atr', 12.0), ('skip_dow', ()))","(('max_trades_day', 2),)",(),,
2,XAUUSD,fundingpips_1step,2.0,,,,,23.0,17.0,12.0,3.0,prevday,0.0,1.0,2,338,0.3,0.0,1.2,98.5,3.9,5.2,99663.0,163,0.0,0.0,0.0,100.0,,5.5,99559.0,1.5,,"(('rng_type', 'prevday'), ('expire_hour', 17), ('exit_hour', 23), ('sl_frac', 1.0), ('rr', 0.0), ('trail', 1.5), ('min_range_atr', 3.0), ('max_range_atr', 12.0), ('skip_dow', ()))","(('max_trades_day', 2),)",(),,
2,XAUUSD,ftmo_1step,2.0,,,,,23.0,17.0,12.0,3.0,prevday,0.0,1.0,1,338,0.0,0.0,0.0,100.0,,2.1,100127.0,163,0.0,0.0,0.0,100.0,,2.2,99915.0,1.5,,"(('rng_type', 'prevday'), ('expire_hour', 17), ('exit_hour', 23), ('sl_frac', 1.0), ('rr', 0.0), ('trail', 1.5), ('min_range_atr', 3.0), ('max_range_atr', 12.0), ('skip_dow', (0, 4)))","(('max_trades_day', 1),)","(0, 4)",,
2,XAUUSD,fundingpips_1step,2.0,,,,,23.0,17.0,12.0,3.0,prevday,0.0,1.0,1,338,0.0,0.0,0.0,100.0,,2.1,100127.0,163,0.0,0.0,0.0,100.0,,2.2,99915.0,1.5,,"(('rng_type', 'prevday'), ('expire_hour', 17), ('exit_hour', 23), ('sl_frac', 1.0), ('rr', 0.0), ('trail', 1.5), ('min_range_atr', 3.0), ('max_range_atr', 12.0), ('skip_dow', (0, 4)))","(('max_trades_day', 1),)","(0, 4)",,
2,XAUUSD,ftmo_1step,2.0,,,,,23.0,17.0,12.0,3.0,prevday,0.0,1.0,2,338,0.0,0.0,0.3,99.7,,3.3,99833.0,163,0.0,0.0,0.0,100.0,,3.5,99691.0,1.5,,"(('rng_type', 'prevday'), ('expire_hour', 17), ('exit_hour', 23), ('sl_frac', 1.0), ('rr', 0.0), ('trail', 1.5), ('min_range_atr', 3.0), ('max_range_atr', 12.0), ('skip_dow', (0, 4)))","(('max_trades_day', 2),)","(0, 4)",,
2,XAUUSD,fundingpips_1step,2.0,,,,,23.0,17.0,12.0,3.0,prevday,0.0,1.0,2,338,0.0,0.0,0.3,99.7,,3.3,99833.0,163,0.0,0.0,0.0,100.0,,3.5,99691.0,1.5,,"(('rng_type', 'prevday'), ('expire_hour', 17), ('exit_hour', 23), ('sl_frac', 1.0), ('rr', 0.0), ('trail', 1.5), ('min_range_atr', 3.0), ('max_range_atr', 12.0), ('skip_dow', (0, 4)))","(('max_trades_day', 2),)","(0, 4)",,
2,EURUSD,ftmo_1step,2.0,,,,,23.0,17.0,3.0,0.3,asian,3.0,1.0,1,395,2.0,3.8,8.9,85.3,5.0,3.5,100053.0,205,1.5,2.4,7.8,88.3,5.5,3.5,99311.0,,,"(('rng_type', 'asian'), ('expire_hour', 17), ('exit_hour', 23), ('sl_frac', 1.0), ('rr', 3.0), ('min_range_atr', 0.3), ('max_range_atr', 3.0), ('skip_dow', ()))","(('max_trades_day', 1),)",(),,
2,EURUSD,fundingpips_1step,2.0,,,,,23.0,17.0,3.0,0.3,asian,3.0,1.0,1,395,6.3,0.0,22.6,71.1,3.9,3.3,100141.0,205,3.9,0.0,28.3,67.8,3.8,3.4,99223.0,,,"(('rng_type', 'asian'), ('expire_hour', 17), ('exit_hour', 23), ('sl_frac', 1.0), ('rr', 3.0), ('min_range_atr', 0.3), ('max_range_atr', 3.0), ('skip_dow', ()))","(('max_trades_day', 1),)",(),,
2,EURUSD,ftmo_1step,2.0,,,,,23.0,17.0,3.0,0.3,asian,3.0,1.0,2,395,1.5,7.1,71.9,19.5,5.9,3.0,99892.0,205,0.5,5.4,84.4,9.8,5.5,2.8,98989.0,,,"(('rng_type', 'asian'), ('expire_hour', 17), ('exit_hour', 23), ('sl_frac', 1.0), ('rr', 3.0), ('min_range_atr', 0.3), ('max_range_atr', 3.0), ('skip_dow', ()))","(('max_trades_day', 2),)",(),,
2,EURUSD,fundingpips_1step,2.0,,,,,23.0,17.0,3.0,0.3,asian,3.0,1.0,2,395,9.4,0.0,70.9,19.7,3.7,3.0,99971.0,205,5.9,0.0,84.4,9.8,2.9,2.8,98989.0,,,"(('rng_type', 'asian'), ('expire_hour', 17), ('exit_hour', 23), ('sl_frac', 1.0), ('rr', 3.0), ('min_range_atr', 0.3), ('max_range_atr', 3.0), ('skip_dow', ()))","(('max_trades_day', 2),)",(),,
2,EURUSD,ftmo_1step,2.0,,,,,23.0,17.0,3.0,0.3,asian,3.0,1.0,1,395,0.0,2.5,1.6,95.9,,2.1,100170.0,205,0.0,2.0,0.5,97.6,,2.2,99615.0,,,"(('rng_type', 'asian'), ('expire_hour', 17), ('exit_hour', 23), ('sl_frac', 1.0), ('rr', 3.0), ('min_range_atr', 0.3), ('max_range_atr', 3.0), ('skip_dow', (0, 4)))","(('max_trades_day', 1),)","(0, 4)",,
2,EURUSD,fundingpips_1step,2.0,,,,,23.0,17.0,3.0,0.3,asian,3.0,1.0,1,395,2.5,0.0,8.4,89.1,3.9,2.1,100195.0,205,2.0,0.0,12.2,85.9,4.2,2.2,99605.0,,,"(('rng_type', 'asian'), ('expire_hour', 17), ('exit_hour', 23), ('sl_frac', 1.0), ('rr', 3.0), ('min_range_atr', 0.3), ('max_range_atr', 3.0), ('skip_dow', (0, 4)))","(('max_trades_day', 1),)","(0, 4)",,
2,EURUSD,ftmo_1step,2.0,,,,,23.0,17.0,3.0,0.3,asian,3.0,1.0,2,395,0.0,4.6,55.5,40.0,,2.4,100083.0,205,0.0,3.4,67.8,28.8,,2.4,99395.0,,,"(('rng_type', 'asian'), ('expire_hour', 17), ('exit_hour', 23), ('sl_frac', 1.0), ('rr', 3.0), ('min_range_atr', 0.3), ('max_range_atr', 3.0), ('skip_dow', (0, 4)))","(('max_trades_day', 2),)","(0, 4)",,
2,EURUSD,fundingpips_1step,2.0,,,,,23.0,17.0,3.0,0.3,asian,3.0,1.0,2,395,5.1,0.0,54.7,40.3,3.9,2.4,100136.0,205,3.4,0.0,67.8,28.8,3.7,2.4,99395.0,,,"(('rng_type', 'asian'), ('expire_hour', 17), ('exit_hour', 23), ('sl_frac', 1.0), ('rr', 3.0), ('min_range_atr', 0.3), ('max_range_atr', 3.0), ('skip_dow', (0, 4)))","(('max_trades_day', 2),)","(0, 4)",,
2,EURUSD,ftmo_1step,2.0,,,,,23.0,17.0,2.0,0.3,asian,3.0,1.0,1,395,0.0,1.0,1.0,98.0,,1.1,100100.0,205,0.5,0.5,1.0,98.0,5.5,1.2,100051.0,,,"(('rng_type', 'asian'), ('expire_hour', 17), ('exit_hour', 23), ('sl_frac', 1.0), ('rr', 3.0), ('min_range_atr', 0.3), ('max_range_atr', 2.0), ('skip_dow', ()))","(('max_trades_day', 1),)",(),,
2,EURUSD,fundingpips_1step,2.0,,,,,23.0,17.0,2.0,0.3,asian,3.0,1.0,1,395,1.3,0.0,2.8,95.9,3.6,1.1,100139.0,205,1.0,0.0,3.9,95.1,6.1,1.2,100037.0,,,"(('rng_type', 'asian'), ('expire_hour', 17), ('exit_hour', 23), ('sl_frac', 1.0), ('rr', 3.0), ('min_range_atr', 0.3), ('max_range_atr', 2.0), ('skip_dow', ()))","(('max_trades_day', 1),)",(),,
2,EURUSD,ftmo_1step,2.0,,,,,23.0,17.0,2.0,0.3,asian,3.0,1.0,2,395,0.0,3.5,40.5,55.9,,1.5,100000.0,205,0.5,3.9,47.3,48.3,5.5,1.5,99828.0,,,"(('rng_type', 'asian'), ('expire_hour', 17), ('exit_hour', 23), ('sl_frac', 1.0), ('rr', 3.0), ('min_range_atr', 0.3), ('max_range_atr', 2.0), ('skip_dow', ()))","(('max_trades_day', 2),)",(),,
2,EURUSD,fundingpips_1step,2.0,,,,,23.0,17.0,2.0,0.3,asian,3.0,1.0,2,395,4.1,0.0,39.7,56.2,3.6,1.5,100055.0,205,4.4,0.0,47.3,48.3,2.9,1.5,99828.0,,,"(('rng_type', 'asian'), ('expire_hour', 17), ('exit_hour', 23), ('sl_frac', 1.0), ('rr', 3.0), ('min_range_atr', 0.3), ('max_range_atr', 2.0), ('skip_dow', ()))","(('max_trades_day', 2),)",(),,
2,EURUSD,ftmo_1step,2.0,,,,,23.0,17.0,2.0,0.3,asian,3.0,1.0,1,395,0.0,0.0,0.0,100.0,,0.6,100122.0,205,0.0,0.5,0.0,99.5,,0.7,100079.0,,,"(('rng_type', 'asian'), ('expire_hour', 17), ('exit_hour', 23), ('sl_frac', 1.0), ('rr', 3.0), ('min_range_atr', 0.3), ('max_range_atr', 2.0), ('skip_dow', (0, 4)))","(('max_trades_day', 1),)","(0, 4)",,
2,EURUSD,fundingpips_1step,2.0,,,,,23.0,17.0,2.0,0.3,asian,3.0,1.0,1,395,0.0,0.0,0.5,99.5,,0.6,100123.0,205,0.5,0.0,0.5,99.0,5.7,0.7,100079.0,,,"(('rng_type', 'asian'), ('expire_hour', 17), ('exit_hour', 23), ('sl_frac', 1.0), ('rr', 3.0), ('min_range_atr', 0.3), ('max_range_atr', 2.0), ('skip_dow', (0, 4)))","(('max_trades_day', 1),)","(0, 4)",,
2,EURUSD,ftmo_1step,2.0,,,,,23.0,17.0,2.0,0.3,asian,3.0,1.0,2,395,0.0,1.3,22.0,76.7,,0.8,100064.0,205,0.0,2.0,33.2,64.9,,1.0,99968.0,,,"(('rng_type', 'asian'), ('expire_hour', 17), ('exit_hour', 23), ('sl_frac', 1.0), ('rr', 3.0), ('min_range_atr', 0.3), ('max_range_atr', 2.0), ('skip_dow', (0, 4)))","(('max_trades_day', 2),)","(0, 4)",,
2,EURUSD,fundingpips_1step,2.0,,,,,23.0,17.0,2.0,0.3,asian,3.0,1.0,2,395,1.3,0.0,22.0,76.7,1.7,0.8,100066.0,205,2.0,0.0,33.2,64.9,4.7,1.0,99968.0,,,"(('rng_type', 'asian'), ('expire_hour', 17), ('exit_hour', 23), ('sl_frac', 1.0), ('rr', 3.0), ('min_range_atr', 0.3), ('max_range_atr', 2.0), ('skip_dow', (0, 4)))","(('max_trades_day', 2),)","(0, 4)",,
2,EURUSD,ftmo_1step,2.0,,,,,23.0,17.0,3.0,1.0,asian,3.0,1.0,1,395,2.0,3.8,8.3,85.8,5.0,3.4,100064.0,205,1.5,2.9,7.3,88.3,5.5,3.5,99342.0,,,"(('rng_type', 'asian'), ('expire_hour', 17), ('exit_hour', 23), ('sl_frac', 1.0), ('rr', 3.0), ('min_range_atr', 1.0), ('max_range_atr', 3.0), ('skip_dow', ()))","(('max_trades_day', 1),)",(),,
2,EURUSD,fundingpips_1step,2.0,,,,,23.0,17.0,3.0,1.0,asian,3.0,1.0,1,395,6.3,0.0,22.3,71.4,3.9,3.3,100138.0,205,4.4,0.0,27.8,67.8,2.9,3.3,99254.0,,,"(('rng_type', 'asian'), ('expire_hour', 17), ('exit_hour', 23), ('sl_frac', 1.0), ('rr', 3.0), ('min_range_atr', 1.0), ('max_range_atr', 3.0), ('skip_dow', ()))","(('max_trades_day', 1),)",(),,
2,EURUSD,ftmo_1step,2.0,,,,,23.0,17.0,3.0,1.0,asian,3.0,1.0,2,395,1.5,7.1,71.7,19.7,5.9,3.0,99879.0,205,0.5,5.9,83.9,9.8,5.5,2.8,99034.0,,,"(('rng_type', 'asian'), ('expire_hour', 17), ('exit_hour', 23), ('sl_frac', 1.0), ('rr', 3.0), ('min_range_atr', 1.0), ('max_range_atr', 3.0), ('skip_dow', ()))","(('max_trades_day', 2),)",(),,
2,EURUSD,fundingpips_1step,2.0,,,,,23.0,17.0,3.0,1.0,asian,3.0,1.0,2,395,9.4,0.0,70.6,20.0,3.7,3.0,99957.0,205,6.3,0.0,83.9,9.8,2.9,2.8,99034.0,,,"(('rng_type', 'asian'), ('expire_hour', 17), ('exit_hour', 23), ('sl_frac', 1.0), ('rr', 3.0), ('min_range_atr', 1.0), ('max_range_atr', 3.0), ('skip_dow', ()))","(('max_trades_day', 2),)",(),,
2,EURUSD,ftmo_1step,2.0,,,,,23.0,17.0,3.0,1.0,asian,3.0,1.0,1,395,0.0,2.5,1.3,96.2,,2.1,100177.0,205,0.0,2.0,0.0,98.0,,2.2,99636.0,,,"(('rng_type', 'asian'), ('expire_hour', 17), ('exit_hour', 23), ('sl_frac', 1.0), ('rr', 3.0), ('min_range_atr', 1.0), ('max_range_atr', 3.0), ('skip_dow', (0, 4)))","(('max_trades_day', 1),)","(0, 4)",,
2,EURUSD,fundingpips_1step,2.0,,,,,23.0,17.0,3.0,1.0,asian,3.0,1.0,1,395,2.5,0.0,8.1,89.4,3.9,2.1,100201.0,205,2.0,0.0,11.7,86.3,4.2,2.2,99626.0,,,"(('rng_type', 'asian'), ('expire_hour', 17), ('exit_hour', 23), ('sl_frac', 1.0), ('rr', 3.0), ('min_range_atr', 1.0), ('max_range_atr', 3.0), ('skip_dow', (0, 4)))","(('max_trades_day', 1),)","(0, 4)",,
2,EURUSD,ftmo_1step,2.0,,,,,23.0,17.0,3.0,1.0,asian,3.0,1.0,2,395,0.0,4.6,55.2,40.3,,2.4,100070.0,205,0.0,3.4,66.8,29.8,,2.4,99422.0,,,"(('rng_type', 'asian'), ('expire_hour', 17), ('exit_hour', 23), ('sl_frac', 1.0), ('rr', 3.0), ('min_range_atr', 1.0), ('max_range_atr', 3.0), ('skip_dow', (0, 4)))","(('max_trades_day', 2),)","(0, 4)",,
2,EURUSD,fundingpips_1step,2.0,,,,,23.0,17.0,3.0,1.0,asian,3.0,1.0,2,395,5.1,0.0,54.4,40.5,3.9,2.4,100122.0,205,3.4,0.0,66.8,29.8,3.7,2.4,99422.0,,,"(('rng_type', 'asian'), ('expire_hour', 17), ('exit_hour', 23), ('sl_frac', 1.0), ('rr', 3.0), ('min_range_atr', 1.0), ('max_range_atr', 3.0), ('skip_dow', (0, 4)))","(('max_trades_day', 2),)","(0, 4)",,
2,EURUSD,ftmo_1step,2.0,,,,,23.0,17.0,5.0,0.3,asian,3.0,1.0,1,395,4.6,2.8,13.2,79.5,4.2,4.6,100022.0,205,2.4,2.4,12.7,82.4,5.5,4.7,99329.0,,,"(('rng_type', 'asian'), ('expire_hour', 17), ('exit_hour', 23), ('sl_frac', 1.0), ('rr', 3.0), ('min_range_atr', 0.3), ('max_range_atr', 5.0), ('skip_dow', ()))","(('max_trades_day', 1),)",(),,
2,EURUSD,fundingpips_1step,2.0,,,,,23.0,17.0,5.0,0.3,asian,3.0,1.0,1,395,7.6,0.0,28.9,63.5,3.9,4.3,100075.0,205,4.9,0.0,34.2,61.0,3.4,4.4,99287.0,,,"(('rng_type', 'asian'), ('expire_hour', 17), ('exit_hour', 23), ('sl_frac', 1.0), ('rr', 3.0), ('min_range_atr', 0.3), ('max_range_atr', 5.0), ('skip_dow', ()))","(('max_trades_day', 1),)",(),,
2,EURUSD,ftmo_1step,2.0,,,,,23.0,17.0,5.0,0.3,asian,3.0,1.0,2,395,2.8,6.1,79.0,12.2,5.8,3.6,99713.0,205,1.5,4.9,86.3,7.3,5.5,3.3,98932.0,,,"(('rng_type', 'asian'), ('expire_hour', 17), ('exit_hour', 23), ('sl_frac', 1.0), ('rr', 3.0), ('min_range_atr', 0.3), ('max_range_atr', 5.0), ('skip_dow', ()))","(('max_trades_day', 2),)",(),,
2,EURUSD,fundingpips_1step,2.0,,,,,23.0,17.0,5.0,0.3,asian,3.0,1.0,2,395,9.6,0.0,78.3,12.2,3.3,3.6,99796.0,205,6.3,0.0,87.4,6.3,2.9,3.2,98899.0,,,"(('rng_type', 'asian'), ('expire_hour', 17), ('exit_hour', 23), ('sl_frac', 1.0), ('rr', 3.0), ('min_range_atr', 0.3), ('max_range_atr', 5.0), ('skip_dow', ()))","(('max_trades_day', 2),)",(),,
2,EURUSD,ftmo_1step,2.0,,,,,23.0,17.0,5.0,0.3,asian,3.0,1.0,1,395,0.3,2.3,2.6,94.9,3.9,2.9,100060.0,205,1.0,2.0,0.5,96.6,6.9,2.9,99592.0,,,"(('rng_type', 'asian'), ('expire_hour', 17), ('exit_hour', 23), ('sl_frac', 1.0), ('rr', 3.0), ('min_range_atr', 0.3), ('max_range_atr', 5.0), ('skip_dow', (0, 4)))","(('max_trades_day', 1),)","(0, 4)",,
2,EURUSD,fundingpips_1step,2.0,,,,,23.0,17.0,5.0,0.3,asian,3.0,1.0,1,395,2.5,0.0,14.2,83.3,3.9,2.9,100109.0,205,2.9,0.0,21.0,76.1,4.3,2.9,99551.0,,,"(('rng_type', 'asian'), ('expire_hour', 17), ('exit_hour', 23), ('sl_frac', 1.0), ('rr', 3.0), ('min_range_atr', 0.3), ('max_range_atr', 5.0), ('skip_dow', (0, 4)))","(('max_trades_day', 1),)","(0, 4)",,
2,EURUSD,ftmo_1step,2.0,,,,,23.0,17.0,5.0,0.3,asian,3.0,1.0,2,395,0.3,5.1,64.0,30.6,3.9,3.1,99936.0,205,0.5,4.4,74.6,20.5,6.9,2.9,99219.0,,,"(('rng_type', 'asian'), ('expire_hour', 17), ('exit_hour', 23), ('sl_frac', 1.0), ('rr', 3.0), ('min_range_atr', 0.3), ('max_range_atr', 5.0), ('skip_dow', (0, 4)))","(('max_trades_day', 2),)","(0, 4)",,
2,EURUSD,fundingpips_1step,2.0,,,,,23.0,17.0,5.0,0.3,asian,3.0,1.0,2,395,6.1,0.0,63.5,30.4,3.9,3.1,100014.0,205,4.9,0.0,74.6,20.5,5.2,2.9,99217.0,,,"(('rng_type', 'asian'), ('expire_hour', 17), ('exit_hour', 23), ('sl_frac', 1.0), ('rr', 3.0), ('min_range_atr', 0.3), ('max_range_atr', 5.0), ('skip_dow', (0, 4)))","(('max_trades_day', 2),)","(0, 4)",,
2,EURUSD,ftmo_1step,2.0,,,,,22.0,18.0,3.0,0.3,nypre,3.0,1.0,1,395,0.8,0.3,0.8,98.2,3.9,2.2,100103.0,205,0.0,0.0,0.0,100.0,,2.1,100096.0,,,"(('rng_type', 'nypre'), ('expire_hour', 18), ('exit_hour', 22), ('sl_frac', 1.0), ('rr', 3.0), ('min_range_atr', 0.3), ('max_range_atr', 3.0), ('skip_dow', ()))","(('max_trades_day', 1),)",(),,
2,EURUSD,fundingpips_1step,2.0,,,,,22.0,18.0,3.0,0.3,nypre,3.0,1.0,1,395,1.0,0.0,2.1,97.0,3.8,2.2,100091.0,205,0.0,0.0,1.5,98.5,,2.1,100074.0,,,"(('rng_type', 'nypre'), ('expire_hour', 18), ('exit_hour', 22), ('sl_frac', 1.0), ('rr', 3.0), ('min_range_atr', 0.3), ('max_range_atr', 3.0), ('skip_dow', ()))","(('max_trades_day', 1),)",(),,
2,EURUSD,ftmo_1step,2.0,,,,,22.0,18.0,3.0,0.3,nypre,3.0,1.0,2,395,0.3,1.3,20.6,78.0,3.7,2.4,100018.0,205,0.0,0.0,26.3,73.7,,2.3,99856.0,,,"(('rng_type', 'nypre'), ('expire_hour', 18), ('exit_hour', 22), ('sl_frac', 1.0), ('rr', 3.0), ('min_range_atr', 0.3), ('max_range_atr', 3.0), ('skip_dow', ()))","(('max_trades_day', 2),)",(),,
2,EURUSD,fundingpips_1step,2.0,,,,,22.0,18.0,3.0,0.3,nypre,3.0,1.0,2,395,1.5,0.0,20.5,78.0,2.7,2.4,100008.0,205,0.0,0.0,27.3,72.7,,2.3,99858.0,,,"(('rng_type', 'nypre'), ('expire_hour', 18), ('exit_hour', 22), ('sl_frac', 1.0), ('rr', 3.0), ('min_range_atr', 0.3), ('max_range_atr', 3.0), ('skip_dow', ()))","(('max_trades_day', 2),)",(),,
2,EURUSD,ftmo_1step,2.0,,,,,22.0,18.0,3.0,0.3,nypre,3.0,1.0,1,395,0.0,0.0,0.3,99.7,,1.3,99993.0,205,0.0,0.0,0.0,100.0,,1.2,99995.0,,,"(('rng_type', 'nypre'), ('expire_hour', 18), ('exit_hour', 22), ('sl_frac', 1.0), ('rr', 3.0), ('min_range_atr', 0.3), ('max_range_atr', 3.0), ('skip_dow', (0, 4)))","(('max_trades_day', 1),)","(0, 4)",,
2,EURUSD,fundingpips_1step,2.0,,,,,22.0,18.0,3.0,0.3,nypre,3.0,1.0,1,395,0.0,0.0,0.3,99.7,,1.3,99993.0,205,0.0,0.0,0.5,99.5,,1.2,99995.0,,,"(('rng_type', 'nypre'), ('expire_hour', 18), ('exit_hour', 22), ('sl_frac', 1.0), ('rr', 3.0), ('min_range_atr', 0.3), ('max_range_atr', 3.0), ('skip_dow', (0, 4)))","(('max_trades_day', 1),)","(0, 4)",,
2,EURUSD,ftmo_1step,2.0,,,,,22.0,18.0,3.0,0.3,nypre,3.0,1.0,2,395,0.0,0.8,12.4,86.8,,1.5,100058.0,205,0.0,0.0,18.0,82.0,,1.5,99893.0,,,"(('rng_type', 'nypre'), ('expire_hour', 18), ('exit_hour', 22), ('sl_frac', 1.0), ('rr', 3.0), ('min_range_atr', 0.3), ('max_range_atr', 3.0), ('skip_dow', (0, 4)))","(('max_trades_day', 2),)","(0, 4)",,
2,EURUSD,fundingpips_1step,2.0,,,,,22.0,18.0,3.0,0.3,nypre,3.0,1.0,2,395,0.8,0.0,12.4,86.8,1.9,1.5,100058.0,205,0.0,0.0,18.0,82.0,,1.5,99893.0,,,"(('rng_type', 'nypre'), ('expire_hour', 18), ('exit_hour', 22), ('sl_frac', 1.0), ('rr', 3.0), ('min_range_atr', 0.3), ('max_range_atr', 3.0), ('skip_dow', (0, 4)))","(('max_trades_day', 2),)","(0, 4)",,
2,EURUSD,ftmo_1step,2.0,,,,,22.0,18.0,2.0,0.3,nypre,3.0,1.0,1,395,0.0,0.0,0.3,99.7,,0.4,100043.0,205,0.0,0.0,0.0,100.0,,0.2,100063.0,,,"(('rng_type', 'nypre'), ('expire_hour', 18), ('exit_hour', 22), ('sl_frac', 1.0), ('rr', 3.0), ('min_range_atr', 0.3), ('max_range_atr', 2.0), ('skip_dow', ()))","(('max_trades_day', 1),)",(),,
2,EURUSD,fundingpips_1step,2.0,,,,,22.0,18.0,2.0,0.3,nypre,3.0,1.0,1,395,0.0,0.0,0.6,99.5,,0.4,100043.0,205,0.0,0.0,0.0,100.0,,0.2,100063.0,,,"(('rng_type', 'nypre'), ('expire_hour', 18), ('exit_hour', 22), ('sl_frac', 1.0), ('rr', 3.0), ('min_range_atr', 0.3), ('max_range_atr', 2.0), ('skip_dow', ()))","(('max_trades_day', 1),)",(),,
2,EURUSD,ftmo_1step,2.0,,,,,22.0,18.0,2.0,0.3,nypre,3.0,1.0,2,395,0.0,1.0,6.8,92.2,,0.5,100013.0,205,0.0,0.0,4.9,95.1,,0.3,100065.0,,,"(('rng_type', 'nypre'), ('expire_hour', 18), ('exit_hour', 22), ('sl_frac', 1.0), ('rr', 3.0), ('min_range_atr', 0.3), ('max_range_atr', 2.0), ('skip_dow', ()))","(('max_trades_day', 2),)",(),,
2,EURUSD,fundingpips_1step,2.0,,,,,22.0,18.0,2.0,0.3,nypre,3.0,1.0,2,395,1.0,0.0,6.8,92.2,2.2,0.5,100013.0,205,0.0,0.0,4.9,95.1,,0.3,100065.0,,,"(('rng_type', 'nypre'), ('expire_hour', 18), ('exit_hour', 22), ('sl_frac', 1.0), ('rr', 3.0), ('min_range_atr', 0.3), ('max_range_atr', 2.0), ('skip_dow', ()))","(('max_trades_day', 2),)",(),,
2,EURUSD,ftmo_1step,2.0,,,,,22.0,18.0,2.0,0.3,nypre,3.0,1.0,1,395,0.0,0.0,0.3,99.7,,0.2,99978.0,205,0.0,0.0,0.0,100.0,,0.1,99950.0,,,"(('rng_type', 'nypre'), ('expire_hour', 18), ('exit_hour', 22), ('sl_frac', 1.0), ('rr', 3.0), ('min_range_atr', 0.3), ('max_range_atr', 2.0), ('skip_dow', (0, 4)))","(('max_trades_day', 1),)","(0, 4)",,
2,EURUSD,fundingpips_1step,2.0,,,,,22.0,18.0,2.0,0.3,nypre,3.0,1.0,1,395,0.0,0.0,0.3,99.7,,0.2,99978.0,205,0.0,0.0,0.0,100.0,,0.1,99950.0,,,"(('rng_type', 'nypre'), ('expire_hour', 18), ('exit_hour', 22), ('sl_frac', 1.0), ('rr', 3.0), ('min_range_atr', 0.3), ('max_range_atr', 2.0), ('skip_dow', (0, 4)))","(('max_trades_day', 1),)","(0, 4)",,
2,EURUSD,ftmo_1step,2.0,,,,,22.0,18.0,2.0,0.3,nypre,3.0,1.0,2,395,0.0,0.8,4.1,95.2,,0.3,99984.0,205,0.0,0.0,3.9,96.1,,0.2,99920.0,,,"(('rng_type', 'nypre'), ('expire_hour', 18), ('exit_hour', 22), ('sl_frac', 1.0), ('rr', 3.0), ('min_range_atr', 0.3), ('max_range_atr', 2.0), ('skip_dow', (0, 4)))","(('max_trades_day', 2),)","(0, 4)",,
2,EURUSD,fundingpips_1step,2.0,,,,,22.0,18.0,2.0,0.3,nypre,3.0,1.0,2,395,0.8,0.0,4.1,95.2,1.9,0.3,99984.0,205,0.0,0.0,3.9,96.1,,0.2,99920.0,,,"(('rng_type', 'nypre'), ('expire_hour', 18), ('exit_hour', 22), ('sl_frac', 1.0), ('rr', 3.0), ('min_range_atr', 0.3), ('max_range_atr', 2.0), ('skip_dow', (0, 4)))","(('max_trades_day', 2),)","(0, 4)",,
2,EURUSD,ftmo_1step,2.0,,,,,22.0,18.0,3.0,1.0,nypre,3.0,1.0,1,395,0.8,0.3,0.8,98.2,3.9,2.2,100103.0,205,0.0,0.0,0.0,100.0,,2.1,100096.0,,,"(('rng_type', 'nypre'), ('expire_hour', 18), ('exit_hour', 22), ('sl_frac', 1.0), ('rr', 3.0), ('min_range_atr', 1.0), ('max_range_atr', 3.0), ('skip_dow', ()))","(('max_trades_day', 1),)",(),,
2,EURUSD,fundingpips_1step,2.0,,,,,22.0,18.0,3.0,1.0,nypre,3.0,1.0,1,395,1.0,0.0,2.1,97.0,3.8,2.2,100091.0,205,0.0,0.0,1.5,98.5,,2.1,100074.0,,,"(('rng_type', 'nypre'), ('expire_hour', 18), ('exit_hour', 22), ('sl_frac', 1.0), ('rr', 3.0), ('min_range_atr', 1.0), ('max_range_atr', 3.0), ('skip_dow', ()))","(('max_trades_day', 1),)",(),,
2,EURUSD,ftmo_1step,2.0,,,,,22.0,18.0,3.0,1.0,nypre,3.0,1.0,2,395,0.3,1.3,20.6,78.0,3.7,2.4,100018.0,205,0.0,0.0,26.3,73.7,,2.3,99856.0,,,"(('rng_type', 'nypre'), ('expire_hour', 18), ('exit_hour', 22), ('sl_frac', 1.0), ('rr', 3.0), ('min_range_atr', 1.0), ('max_range_atr', 3.0), ('skip_dow', ()))","(('max_trades_day', 2),)",(),,
2,EURUSD,fundingpips_1step,2.0,,,,,22.0,18.0,3.0,1.0,nypre,3.0,1.0,2,395,1.5,0.0,20.5,78.0,2.7,2.4,100008.0,205,0.0,0.0,27.3,72.7,,2.3,99858.0,,,"(('rng_type', 'nypre'), ('expire_hour', 18), ('exit_hour', 22), ('sl_frac', 1.0), ('rr', 3.0), ('min_range_atr', 1.0), ('max_range_atr', 3.0), ('skip_dow', ()))","(('max_trades_day', 2),)",(),,
2,EURUSD,ftmo_1step,2.0,,,,,22.0,18.0,3.0,1.0,nypre,3.0,1.0,1,395,0.0,0.0,0.3,99.7,,1.3,99993.0,205,0.0,0.0,0.0,100.0,,1.2,99995.0,,,"(('rng_type', 'nypre'), ('expire_hour', 18), ('exit_hour', 22), ('sl_frac', 1.0), ('rr', 3.0), ('min_range_atr', 1.0), ('max_range_atr', 3.0), ('skip_dow', (0, 4)))","(('max_trades_day', 1),)","(0, 4)",,
2,EURUSD,fundingpips_1step,2.0,,,,,22.0,18.0,3.0,1.0,nypre,3.0,1.0,1,395,0.0,0.0,0.3,99.7,,1.3,99993.0,205,0.0,0.0,0.5,99.5,,1.2,99995.0,,,"(('rng_type', 'nypre'), ('expire_hour', 18), ('exit_hour', 22), ('sl_frac', 1.0), ('rr', 3.0), ('min_range_atr', 1.0), ('max_range_atr', 3.0), ('skip_dow', (0, 4)))","(('max_trades_day', 1),)","(0, 4)",,
2,EURUSD,ftmo_1step,2.0,,,,,22.0,18.0,3.0,1.0,nypre,3.0,1.0,2,395,0.0,0.8,12.4,86.8,,1.5,100058.0,205,0.0,0.0,18.0,82.0,,1.5,99893.0,,,"(('rng_type', 'nypre'), ('expire_hour', 18), ('exit_hour', 22), ('sl_frac', 1.0), ('rr', 3.0), ('min_range_atr', 1.0), ('max_range_atr', 3.0), ('skip_dow', (0, 4)))","(('max_trades_day', 2),)","(0, 4)",,
2,EURUSD,fundingpips_1step,2.0,,,,,22.0,18.0,3.0,1.0,nypre,3.0,1.0,2,395,0.8,0.0,12.4,86.8,1.9,1.5,100058.0,205,0.0,0.0,18.0,82.0,,1.5,99893.0,,,"(('rng_type', 'nypre'), ('expire_hour', 18), ('exit_hour', 22), ('sl_frac', 1.0), ('rr', 3.0), ('min_range_atr', 1.0), ('max_range_atr', 3.0), ('skip_dow', (0, 4)))","(('max_trades_day', 2),)","(0, 4)",,
2,EURUSD,ftmo_1step,2.0,,,,,22.0,18.0,5.0,0.3,nypre,3.0,1.0,1,395,0.8,0.3,0.8,98.2,3.9,3.9,100139.0,205,0.0,1.0,0.0,99.0,,4.1,100032.0,,,"(('rng_type', 'nypre'), ('expire_hour', 18), ('exit_hour', 22), ('sl_frac', 1.0), ('rr', 3.0), ('min_range_atr', 0.3), ('max_range_atr', 5.0), ('skip_dow', ()))","(('max_trades_day', 1),)",(),,
2,EURUSD,fundingpips_1step,2.0,,,,,22.0,18.0,5.0,0.3,nypre,3.0,1.0,1,395,1.0,0.0,3.6,95.4,3.8,3.9,100116.0,205,1.0,0.0,5.9,93.2,4.9,4.0,100015.0,,,"(('rng_type', 'nypre'), ('expire_hour', 18), ('exit_hour', 22), ('sl_frac', 1.0), ('rr', 3.0), ('min_range_atr', 0.3), ('max_range_atr', 5.0), ('skip_dow', ()))","(('max_trades_day', 1),)",(),,
2,EURUSD,ftmo_1step,2.0,,,,,22.0,18.0,5.0,0.3,nypre,3.0,1.0,2,395,0.3,1.5,22.8,75.4,3.7,4.0,100113.0,205,0.0,1.0,32.7,66.3,,4.1,99778.0,,,"(('rng_type', 'nypre'), ('expire_hour', 18), ('exit_hour', 22), ('sl_frac', 1.0), ('rr', 3.0), ('min_range_atr', 0.3), ('max_range_atr', 5.0), ('skip_dow', ()))","(('max_trades_day', 2),)",(),,
2,EURUSD,fundingpips_1step,2.0,,,,,22.0,18.0,5.0,0.3,nypre,3.0,1.0,2,395,1.8,0.0,23.3,74.9,2.8,3.9,100101.0,205,1.0,0.0,34.6,64.4,3.4,4.1,99780.0,,,"(('rng_type', 'nypre'), ('expire_hour', 18), ('exit_hour', 22), ('sl_frac', 1.0), ('rr', 3.0), ('min_range_atr', 0.3), ('max_range_atr', 5.0), ('skip_dow', ()))","(('max_trades_day', 2),)",(),,
2,EURUSD,ftmo_1step,2.0,,,,,22.0,18.0,5.0,0.3,nypre,3.0,1.0,1,395,0.0,0.0,0.3,99.7,,2.4,100017.0,205,0.0,0.0,0.0,100.0,,2.5,99872.0,,,"(('rng_type', 'nypre'), ('expire_hour', 18), ('exit_hour', 22), ('sl_frac', 1.0), ('rr', 3.0), ('min_range_atr', 0.3), ('max_range_atr', 5.0), ('skip_dow', (0, 4)))","(('max_trades_day', 1),)","(0, 4)",,
2,EURUSD,fundingpips_1step,2.0,,,,,22.0,18.0,5.0,0.3,nypre,3.0,1.0,1,395,0.0,0.0,0.6,99.5,,2.4,100017.0,205,0.0,0.0,1.0,99.0,,2.5,99872.0,,,"(('rng_type', 'nypre'), ('expire_hour', 18), ('exit_hour', 22), ('sl_frac', 1.0), ('rr', 3.0), ('min_range_atr', 0.3), ('max_range_atr', 5.0), ('skip_dow', (0, 4)))","(('max_trades_day', 1),)","(0, 4)",,
2,EURUSD,ftmo_1step,2.0,,,,,22.0,18.0,5.0,0.3,nypre,3.0,1.0,2,395,0.0,0.8,13.7,85.6,,2.5,100108.0,205,0.0,0.0,21.5,78.5,,2.7,99732.0,,,"(('rng_type', 'nypre'), ('expire_hour', 18), ('exit_hour', 22), ('sl_frac', 1.0), ('rr', 3.0), ('min_range_atr', 0.3), ('max_range_atr', 5.0), ('skip_dow', (0, 4)))","(('max_trades_day', 2),)","(0, 4)",,
2,EURUSD,fundingpips_1step,2.0,,,,,22.0,18.0,5.0,0.3,nypre,3.0,1.0,2,395,0.8,0.0,14.0,85.3,1.9,2.5,100108.0,205,0.0,0.0,21.5,78.5,,2.7,99732.0,,,"(('rng_type', 'nypre'), ('expire_hour', 18), ('exit_hour', 22), ('sl_frac', 1.0), ('rr', 3.0), ('min_range_atr', 0.3), ('max_range_atr', 5.0), ('skip_dow', (0, 4)))","(('max_trades_day', 2),)","(0, 4)",,
3,BTCUSD,ftmo_1step,1.0,,,,,23.0,17.0,6.0,1.0,prevday,2.0,0.5,1,390,0.0,0.0,0.0,100.0,,3.1,100586.0,396,0.0,0.0,0.0,100.0,,3.3,100118.0,,,"(('rng_type', 'prevday'), ('expire_hour', 17), ('exit_hour', 23), ('sl_frac', 0.5), ('rr', 2.0), ('min_range_atr', 1.0), ('max_range_atr', 6.0), ('skip_dow', ()))","(('max_trades_day', 1), ('risk_on_balance', False))",(),False,
3,BTCUSD,ftmo_1step,1.0,,,,,23.0,17.0,6.0,1.0,prevday,2.0,0.5,1,390,0.0,0.0,0.0,100.0,,3.1,100586.0,396,0.0,0.0,0.0,100.0,,3.3,100118.0,,,"(('rng_type', 'prevday'), ('expire_hour', 17), ('exit_hour', 23), ('sl_frac', 0.5), ('rr', 2.0), ('min_range_atr', 1.0), ('max_range_atr', 6.0), ('skip_dow', ()))","(('max_trades_day', 1), ('day_stop_pct', 2.0), ('risk_on_balance', False))",(),False,2.0
3,BTCUSD,ftmo_1step,1.0,,,,,23.0,17.0,6.0,1.0,prevday,2.0,0.5,1,390,0.0,0.0,0.0,100.0,,3.1,100587.0,396,0.0,0.0,0.0,100.0,,3.3,100117.0,,,"(('rng_type', 'prevday'), ('expire_hour', 17), ('exit_hour', 23), ('sl_frac', 0.5), ('rr', 2.0), ('min_range_atr', 1.0), ('max_range_atr', 6.0), ('skip_dow', ()))","(('max_trades_day', 1), ('risk_on_balance', True))",(),True,
3,BTCUSD,ftmo_1step,1.0,,,,,23.0,17.0,6.0,1.0,prevday,2.0,0.5,1,390,0.0,0.0,0.0,100.0,,3.1,100587.0,396,0.0,0.0,0.0,100.0,,3.3,100117.0,,,"(('rng_type', 'prevday'), ('expire_hour', 17), ('exit_hour', 23), ('sl_frac', 0.5), ('rr', 2.0), ('min_range_atr', 1.0), ('max_range_atr', 6.0), ('skip_dow', ()))","(('max_trades_day', 1), ('day_stop_pct', 2.0), ('risk_on_balance', True))",(),True,2.0
3,BTCUSD,ftmo_1step,1.5,,,,,23.0,17.0,6.0,1.0,prevday,2.0,0.5,1,390,0.0,0.0,0.0,100.0,,3.1,100878.0,396,0.0,0.0,0.0,100.0,,3.3,100177.0,,,"(('rng_type', 'prevday'), ('expire_hour', 17), ('exit_hour', 23), ('sl_frac', 0.5), ('rr', 2.0), ('min_range_atr', 1.0), ('max_range_atr', 6.0), ('skip_dow', ()))","(('max_trades_day', 1), ('risk_on_balance', False))",(),False,
3,BTCUSD,ftmo_1step,1.5,,,,,23.0,17.0,6.0,1.0,prevday,2.0,0.5,1,390,0.0,0.0,0.0,100.0,,3.1,100878.0,396,0.0,0.0,0.0,100.0,,3.3,100177.0,,,"(('rng_type', 'prevday'), ('expire_hour', 17), ('exit_hour', 23), ('sl_frac', 0.5), ('rr', 2.0), ('min_range_atr', 1.0), ('max_range_atr', 6.0), ('skip_dow', ()))","(('max_trades_day', 1), ('day_stop_pct', 2.0), ('risk_on_balance', False))",(),False,2.0
3,BTCUSD,ftmo_1step,1.5,,,,,23.0,17.0,6.0,1.0,prevday,2.0,0.5,1,390,0.0,0.0,0.0,100.0,,3.1,100880.0,396,0.0,0.0,0.0,100.0,,3.3,100178.0,,,"(('rng_type', 'prevday'), ('expire_hour', 17), ('exit_hour', 23), ('sl_frac', 0.5), ('rr', 2.0), ('min_range_atr', 1.0), ('max_range_atr', 6.0), ('skip_dow', ()))","(('max_trades_day', 1), ('risk_on_balance', True))",(),True,
3,BTCUSD,ftmo_1step,1.5,,,,,23.0,17.0,6.0,1.0,prevday,2.0,0.5,1,390,0.0,0.0,0.0,100.0,,3.1,100880.0,396,0.0,0.0,0.0,100.0,,3.3,100178.0,,,"(('rng_type', 'prevday'), ('expire_hour', 17), ('exit_hour', 23), ('sl_frac', 0.5), ('rr', 2.0), ('min_range_atr', 1.0), ('max_range_atr', 6.0), ('skip_dow', ()))","(('max_trades_day', 1), ('day_stop_pct', 2.0), ('risk_on_balance', True))",(),True,2.0
3,BTCUSD,ftmo_1step,2.0,,,,,23.0,17.0,6.0,1.0,prevday,2.0,0.5,1,390,1.8,0.0,0.0,98.2,6.8,3.1,101183.0,396,0.3,0.0,0.8,99.0,6.5,3.3,100237.0,,,"(('rng_type', 'prevday'), ('expire_hour', 17), ('exit_hour', 23), ('sl_frac', 0.5), ('rr', 2.0), ('min_range_atr', 1.0), ('max_range_atr', 6.0), ('skip_dow', ()))","(('max_trades_day', 1), ('risk_on_balance', False))",(),False,
3,BTCUSD,ftmo_1step,2.0,,,,,23.0,17.0,6.0,1.0,prevday,2.0,0.5,1,390,1.8,0.0,0.0,98.2,6.8,3.1,101183.0,396,0.3,0.0,0.8,99.0,6.5,3.3,100237.0,,,"(('rng_type', 'prevday'), ('expire_hour', 17), ('exit_hour', 23), ('sl_frac', 0.5), ('rr', 2.0), ('min_range_atr', 1.0), ('max_range_atr', 6.0), ('skip_dow', ()))","(('max_trades_day', 1), ('day_stop_pct', 2.0), ('risk_on_balance', False))",(),False,2.0
3,BTCUSD,ftmo_1step,2.0,,,,,23.0,17.0,6.0,1.0,prevday,2.0,0.5,1,390,1.8,0.0,0.0,98.2,6.8,3.1,101188.0,396,0.5,0.0,0.8,98.7,6.7,3.3,100237.0,,,"(('rng_type', 'prevday'), ('expire_hour', 17), ('exit_hour', 23), ('sl_frac', 0.5), ('rr', 2.0), ('min_range_atr', 1.0), ('max_range_atr', 6.0), ('skip_dow', ()))","(('max_trades_day', 1), ('risk_on_balance', True))",(),True,
3,BTCUSD,ftmo_1step,2.0,,,,,23.0,17.0,6.0,1.0,prevday,2.0,0.5,1,390,1.8,0.0,0.0,98.2,6.8,3.1,101188.0,396,0.5,0.0,0.8,98.7,6.7,3.3,100237.0,,,"(('rng_type', 'prevday'), ('expire_hour', 17), ('exit_hour', 23), ('sl_frac', 0.5), ('rr', 2.0), ('min_range_atr', 1.0), ('max_range_atr', 6.0), ('skip_dow', ()))","(('max_trades_day', 1), ('day_stop_pct', 2.0), ('risk_on_balance', True))",(),True,2.0
3,BTCUSD,ftmo_1step,2.4,,,,,23.0,17.0,6.0,1.0,prevday,2.0,0.5,1,390,4.1,0.0,3.6,92.3,5.9,3.1,101385.0,396,2.5,0.0,4.0,93.4,5.7,3.3,100320.0,,,"(('rng_type', 'prevday'), ('expire_hour', 17), ('exit_hour', 23), ('sl_frac', 0.5), ('rr', 2.0), ('min_range_atr', 1.0), ('max_range_atr', 6.0), ('skip_dow', ()))","(('max_trades_day', 1), ('risk_on_balance', False))",(),False,
3,BTCUSD,ftmo_1step,2.4,,,,,23.0,17.0,6.0,1.0,prevday,2.0,0.5,1,390,4.1,0.0,3.6,92.3,5.9,3.1,101385.0,396,2.5,0.0,4.0,93.4,5.7,3.3,100320.0,,,"(('rng_type', 'prevday'), ('expire_hour', 17), ('exit_hour', 23), ('sl_frac', 0.5), ('rr', 2.0), ('min_range_atr', 1.0), ('max_range_atr', 6.0), ('skip_dow', ()))","(('max_trades_day', 1), ('day_stop_pct', 2.0), ('risk_on_balance', False))",(),False,2.0
3,BTCUSD,ftmo_1step,2.4,,,,,23.0,17.0,6.0,1.0,prevday,2.0,0.5,1,390,4.1,0.0,2.6,93.3,5.9,3.1,101409.0,396,2.8,0.0,3.8,93.4,5.6,3.3,100312.0,,,"(('rng_type', 'prevday'), ('expire_hour', 17), ('exit_hour', 23), ('sl_frac', 0.5), ('rr', 2.0), ('min_range_atr', 1.0), ('max_range_atr', 6.0), ('skip_dow', ()))","(('max_trades_day', 1), ('risk_on_balance', True))",(),True,
3,BTCUSD,ftmo_1step,2.4,,,,,23.0,17.0,6.0,1.0,prevday,2.0,0.5,1,390,4.1,0.0,2.6,93.3,5.9,3.1,101409.0,396,2.8,0.0,3.8,93.4,5.6,3.3,100312.0,,,"(('rng_type', 'prevday'), ('expire_hour', 17), ('exit_hour', 23), ('sl_frac', 0.5), ('rr', 2.0), ('min_range_atr', 1.0), ('max_range_atr', 6.0), ('skip_dow', ()))","(('max_trades_day', 1), ('day_stop_pct', 2.0), ('risk_on_balance', True))",(),True,2.0
3,BTCUSD,ftmo_1step,2.8,,,,,23.0,17.0,6.0,1.0,prevday,2.0,0.5,1,390,4.4,6.9,10.5,78.2,6.5,3.0,101560.0,396,1.8,3.0,12.9,82.3,6.5,3.2,100316.0,,,"(('rng_type', 'prevday'), ('expire_hour', 17), ('exit_hour', 23), ('sl_frac', 0.5), ('rr', 2.0), ('min_range_atr', 1.0), ('max_range_atr', 6.0), ('skip_dow', ()))","(('max_trades_day', 1), ('risk_on_balance', False))",(),False,
3,BTCUSD,ftmo_1step,2.8,,,,,23.0,17.0,6.0,1.0,prevday,2.0,0.5,1,390,4.4,6.9,10.5,78.2,6.5,3.0,101560.0,396,1.8,3.0,12.9,82.3,6.5,3.2,100316.0,,,"(('rng_type', 'prevday'), ('expire_hour', 17), ('exit_hour', 23), ('sl_frac', 0.5), ('rr', 2.0), ('min_range_atr', 1.0), ('max_range_atr', 6.0), ('skip_dow', ()))","(('max_trades_day', 1), ('day_stop_pct', 2.0), ('risk_on_balance', False))",(),False,2.0
3,BTCUSD,ftmo_1step,2.8,,,,,23.0,17.0,6.0,1.0,prevday,2.0,0.5,1,390,4.4,8.2,17.7,69.7,6.5,2.9,101573.0,396,1.5,4.3,15.4,78.8,6.2,3.2,100323.0,,,"(('rng_type', 'prevday'), ('expire_hour', 17), ('exit_hour', 23), ('sl_frac', 0.5), ('rr', 2.0), ('min_range_atr', 1.0), ('max_range_atr', 6.0), ('skip_dow', ()))","(('max_trades_day', 1), ('risk_on_balance', True))",(),True,
3,BTCUSD,ftmo_1step,2.8,,,,,23.0,17.0,6.0,1.0,prevday,2.0,0.5,1,390,4.4,8.2,17.7,69.7,6.5,2.9,101573.0,396,1.5,4.3,15.4,78.8,6.2,3.2,100323.0,,,"(('rng_type', 'prevday'), ('expire_hour', 17), ('exit_hour', 23), ('sl_frac', 0.5), ('rr', 2.0), ('min_range_atr', 1.0), ('max_range_atr', 6.0), ('skip_dow', ()))","(('max_trades_day', 1), ('day_stop_pct', 2.0), ('risk_on_balance', True))",(),True,2.0
3,BTCUSD,fundingpips_1step,1.0,,,,,23.0,17.0,6.0,1.0,prevday,2.0,0.5,1,390,0.0,0.0,0.0,100.0,,3.1,100586.0,396,0.0,0.0,0.0,100.0,,3.3,100118.0,,,"(('rng_type', 'prevday'), ('expire_hour', 17), ('exit_hour', 23), ('sl_frac', 0.5), ('rr', 2.0), ('min_range_atr', 1.0), ('max_range_atr', 6.0), ('skip_dow', ()))","(('max_trades_day', 1), ('risk_on_balance', False))",(),False,
3,BTCUSD,fundingpips_1step,1.0,,,,,23.0,17.0,6.0,1.0,prevday,2.0,0.5,1,390,0.0,0.0,0.0,100.0,,3.1,100586.0,396,0.0,0.0,0.0,100.0,,3.3,100118.0,,,"(('rng_type', 'prevday'), ('expire_hour', 17), ('exit_hour', 23), ('sl_frac', 0.5), ('rr', 2.0), ('min_range_atr', 1.0), ('max_range_atr', 6.0), ('skip_dow', ()))","(('max_trades_day', 1), ('day_stop_pct', 2.0), ('risk_on_balance', False))",(),False,2.0
3,BTCUSD,fundingpips_1step,1.0,,,,,23.0,17.0,6.0,1.0,prevday,2.0,0.5,1,390,0.0,0.0,0.0,100.0,,3.1,100587.0,396,0.0,0.0,0.0,100.0,,3.3,100117.0,,,"(('rng_type', 'prevday'), ('expire_hour', 17), ('exit_hour', 23), ('sl_frac', 0.5), ('rr', 2.0), ('min_range_atr', 1.0), ('max_range_atr', 6.0), ('skip_dow', ()))","(('max_trades_day', 1), ('risk_on_balance', True))",(),True,
3,BTCUSD,fundingpips_1step,1.0,,,,,23.0,17.0,6.0,1.0,prevday,2.0,0.5,1,390,0.0,0.0,0.0,100.0,,3.1,100587.0,396,0.0,0.0,0.0,100.0,,3.3,100117.0,,,"(('rng_type', 'prevday'), ('expire_hour', 17), ('exit_hour', 23), ('sl_frac', 0.5), ('rr', 2.0), ('min_range_atr', 1.0), ('max_range_atr', 6.0), ('skip_dow', ()))","(('max_trades_day', 1), ('day_stop_pct', 2.0), ('risk_on_balance', True))",(),True,2.0
3,BTCUSD,fundingpips_1step,1.5,,,,,23.0,17.0,6.0,1.0,prevday,2.0,0.5,1,390,0.0,0.0,2.1,97.9,,3.1,100867.0,396,0.0,0.0,2.5,97.5,,3.3,100182.0,,,"(('rng_type', 'prevday'), ('expire_hour', 17), ('exit_hour', 23), ('sl_frac', 0.5), ('rr', 2.0), ('min_range_atr', 1.0), ('max_range_atr', 6.0), ('skip_dow', ()))","(('max_trades_day', 1), ('risk_on_balance', False))",(),False,
3,BTCUSD,fundingpips_1step,1.5,,,,,23.0,17.0,6.0,1.0,prevday,2.0,0.5,1,390,0.0,0.0,2.1,97.9,,3.1,100867.0,396,0.0,0.0,2.5,97.5,,3.3,100182.0,,,"(('rng_type', 'prevday'), ('expire_hour', 17), ('exit_hour', 23), ('sl_frac', 0.5), ('rr', 2.0), ('min_range_atr', 1.0), ('max_range_atr', 6.0), ('skip_dow', ()))","(('max_trades_day', 1), ('day_stop_pct', 2.0), ('risk_on_balance', False))",(),False,2.0
3,BTCUSD,fundingpips_1step,1.5,,,,,23.0,17.0,6.0,1.0,prevday,2.0,0.5,1,390,0.0,0.0,0.3,99.7,,3.1,100870.0,396,0.0,0.0,1.5,98.5,,3.3,100179.0,,,"(('rng_type', 'prevday'), ('expire_hour', 17), ('exit_hour', 23), ('sl_frac', 0.5), ('rr', 2.0), ('min_range_atr', 1.0), ('max_range_atr', 6.0), ('skip_dow', ()))","(('max_trades_day', 1), ('risk_on_balance', True))",(),True,
3,BTCUSD,fundingpips_1step,1.5,,,,,23.0,17.0,6.0,1.0,prevday,2.0,0.5,1,390,0.0,0.0,0.3,99.7,,3.1,100870.0,396,0.0,0.0,1.5,98.5,,3.3,100179.0,,,"(('rng_type', 'prevday'), ('expire_hour', 17), ('exit_hour', 23), ('sl_frac', 0.5), ('rr', 2.0), ('min_range_atr', 1.0), ('max_range_atr', 6.0), ('skip_dow', ()))","(('max_trades_day', 1), ('day_stop_pct', 2.0), ('risk_on_balance', True))",(),True,2.0
3,BTCUSD,fundingpips_1step,2.0,,,,,23.0,17.0,6.0,1.0,prevday,2.0,0.5,1,390,1.8,0.0,8.5,89.7,6.8,3.0,101134.0,396,0.3,0.0,10.1,89.6,6.5,3.3,100253.0,,,"(('rng_type', 'prevday'), ('expire_hour', 17), ('exit_hour', 23), ('sl_frac', 0.5), ('rr', 2.0), ('min_range_atr', 1.0), ('max_range_atr', 6.0), ('skip_dow', ()))","(('max_trades_day', 1), ('risk_on_balance', False))",(),False,
3,BTCUSD,fundingpips_1step,2.0,,,,,23.0,17.0,6.0,1.0,prevday,2.0,0.5,1,390,1.8,0.0,8.5,89.7,6.8,3.0,101134.0,396,0.3,0.0,10.1,89.6,6.5,3.3,100253.0,,,"(('rng_type', 'prevday'), ('expire_hour', 17), ('exit_hour', 23), ('sl_frac', 0.5), ('rr', 2.0), ('min_range_atr', 1.0), ('max_range_atr', 6.0), ('skip_dow', ()))","(('max_trades_day', 1), ('day_stop_pct', 2.0), ('risk_on_balance', False))",(),False,2.0
3,BTCUSD,fundingpips_1step,2.0,,,,,23.0,17.0,6.0,1.0,prevday,2.0,0.5,1,390,1.8,0.0,7.2,91.0,6.8,3.1,101163.0,396,0.5,0.0,6.8,92.7,6.7,3.3,100257.0,,,"(('rng_type', 'prevday'), ('expire_hour', 17), ('exit_hour', 23), ('sl_frac', 0.5), ('rr', 2.0), ('min_range_atr', 1.0), ('max_range_atr', 6.0), ('skip_dow', ()))","(('max_trades_day', 1), ('risk_on_balance', True))",(),True,
3,BTCUSD,fundingpips_1step,2.0,,,,,23.0,17.0,6.0,1.0,prevday,2.0,0.5,1,390,1.8,0.0,7.2,91.0,6.8,3.1,101163.0,396,0.5,0.0,6.8,92.7,6.7,3.3,100257.0,,,"(('rng_type', 'prevday'), ('expire_hour', 17), ('exit_hour', 23), ('sl_frac', 0.5), ('rr', 2.0), ('min_range_atr', 1.0), ('max_range_atr', 6.0), ('skip_dow', ()))","(('max_trades_day', 1), ('day_stop_pct', 2.0), ('risk_on_balance', True))",(),True,2.0
3,BTCUSD,fundingpips_1step,2.4,,,,,23.0,17.0,6.0,1.0,prevday,2.0,0.5,1,390,4.1,0.0,12.6,83.3,5.9,3.0,101302.0,396,2.5,0.0,13.9,83.6,5.7,3.2,100345.0,,,"(('rng_type', 'prevday'), ('expire_hour', 17), ('exit_hour', 23), ('sl_frac', 0.5), ('rr', 2.0), ('min_range_atr', 1.0), ('max_range_atr', 6.0), ('skip_dow', ()))","(('max_trades_day', 1), ('risk_on_balance', False))",(),False,
3,BTCUSD,fundingpips_1step,2.4,,,,,23.0,17.0,6.0,1.0,prevday,2.0,0.5,1,390,4.1,0.0,12.6,83.3,5.9,3.0,101302.0,396,2.5,0.0,13.9,83.6,5.7,3.2,100345.0,,,"(('rng_type', 'prevday'), ('expire_hour', 17), ('exit_hour', 23), ('sl_frac', 0.5), ('rr', 2.0), ('min_range_atr', 1.0), ('max_range_atr', 6.0), ('skip_dow', ()))","(('max_trades_day', 1), ('day_stop_pct', 2.0), ('risk_on_balance', False))",(),False,2.0
3,BTCUSD,fundingpips_1step,2.4,,,,,23.0,17.0,6.0,1.0,prevday,2.0,0.5,1,390,4.1,0.0,12.1,83.8,5.9,3.0,101309.0,396,2.8,0.0,13.6,83.6,5.6,3.2,100330.0,,,"(('rng_type', 'prevday'), ('expire_hour', 17), ('exit_hour', 23), ('sl_frac', 0.5), ('rr', 2.0), ('min_range_atr', 1.0), ('max_range_atr', 6.0), ('skip_dow', ()))","(('max_trades_day', 1), ('risk_on_balance', True))",(),True,
3,BTCUSD,fundingpips_1step,2.4,,,,,23.0,17.0,6.0,1.0,prevday,2.0,0.5,1,390,4.1,0.0,12.1,83.8,5.9,3.0,101309.0,396,2.8,0.0,13.6,83.6,5.6,3.2,100330.0,,,"(('rng_type', 'prevday'), ('expire_hour', 17), ('exit_hour', 23), ('sl_frac', 0.5), ('rr', 2.0), ('min_range_atr', 1.0), ('max_range_atr', 6.0), ('skip_dow', ()))","(('max_trades_day', 1), ('day_stop_pct', 2.0), ('risk_on_balance', True))",(),True,2.0
3,BTCUSD,fundingpips_1step,2.8,,,,,23.0,17.0,6.0,1.0,prevday,2.0,0.5,1,390,11.3,0.0,18.7,70.0,5.6,2.9,101592.0,396,4.8,0.0,20.7,74.5,5.5,3.1,100310.0,,,"(('rng_type', 'prevday'), ('expire_hour', 17), ('exit_hour', 23), ('sl_frac', 0.5), ('rr', 2.0), ('min_range_atr', 1.0), ('max_range_atr', 6.0), ('skip_dow', ()))","(('max_trades_day', 1), ('risk_on_balance', False))",(),False,
3,BTCUSD,fundingpips_1step,2.8,,,,,23.0,17.0,6.0,1.0,prevday,2.0,0.5,1,390,11.3,0.0,18.7,70.0,5.6,2.9,101592.0,396,4.8,0.0,20.7,74.5,5.5,3.1,100310.0,,,"(('rng_type', 'prevday'), ('expire_hour', 17), ('exit_hour', 23), ('sl_frac', 0.5), ('rr', 2.0), ('min_range_atr', 1.0), ('max_range_atr', 6.0), ('skip_dow', ()))","(('max_trades_day', 1), ('day_stop_pct', 2.0), ('risk_on_balance', False))",(),False,2.0
3,BTCUSD,fundingpips_1step,2.8,,,,,23.0,17.0,6.0,1.0,prevday,2.0,0.5,1,390,12.6,0.0,23.9,63.6,5.7,2.9,101611.0,396,5.8,0.0,24.8,69.4,5.5,3.1,100306.0,,,"(('rng_type', 'prevday'), ('expire_hour', 17), ('exit_hour', 23), ('sl_frac', 0.5), ('rr', 2.0), ('min_range_atr', 1.0), ('max_range_atr', 6.0), ('skip_dow', ()))","(('max_trades_day', 1), ('risk_on_balance', True))",(),True,
3,BTCUSD,fundingpips_1step,2.8,,,,,23.0,17.0,6.0,1.0,prevday,2.0,0.5,1,390,12.6,0.0,23.9,63.6,5.7,2.9,101611.0,396,5.8,0.0,24.8,69.4,5.5,3.1,100306.0,,,"(('rng_type', 'prevday'), ('expire_hour', 17), ('exit_hour', 23), ('sl_frac', 0.5), ('rr', 2.0), ('min_range_atr', 1.0), ('max_range_atr', 6.0), ('skip_dow', ()))","(('max_trades_day', 1), ('day_stop_pct', 2.0), ('risk_on_balance', True))",(),True,2.0
3,BTCUSD,e8_one_8,1.0,,,,,23.0,17.0,6.0,1.0,prevday,2.0,0.5,1,390,0.0,0.0,0.0,100.0,,3.1,100586.0,396,0.0,0.0,0.0,100.0,,3.3,100118.0,,,"(('rng_type', 'prevday'), ('expire_hour', 17), ('exit_hour', 23), ('sl_frac', 0.5), ('rr', 2.0), ('min_range_atr', 1.0), ('max_range_atr', 6.0), ('skip_dow', ()))","(('max_trades_day', 1), ('risk_on_balance', False))",(),False,
3,BTCUSD,e8_one_8,1.0,,,,,23.0,17.0,6.0,1.0,prevday,2.0,0.5,1,390,0.0,0.0,0.0,100.0,,3.1,100586.0,396,0.0,0.0,0.0,100.0,,3.3,100118.0,,,"(('rng_type', 'prevday'), ('expire_hour', 17), ('exit_hour', 23), ('sl_frac', 0.5), ('rr', 2.0), ('min_range_atr', 1.0), ('max_range_atr', 6.0), ('skip_dow', ()))","(('max_trades_day', 1), ('day_stop_pct', 2.0), ('risk_on_balance', False))",(),False,2.0
3,BTCUSD,e8_one_8,1.0,,,,,23.0,17.0,6.0,1.0,prevday,2.0,0.5,1,390,0.0,0.0,0.0,100.0,,3.1,100587.0,396,0.0,0.0,0.0,100.0,,3.3,100117.0,,,"(('rng_type', 'prevday'), ('expire_hour', 17), ('exit_hour', 23), ('sl_frac', 0.5), ('rr', 2.0), ('min_range_atr', 1.0), ('max_range_atr', 6.0), ('skip_dow', ()))","(('max_trades_day', 1), ('risk_on_balance', True))",(),True,
3,BTCUSD,e8_one_8,1.0,,,,,23.0,17.0,6.0,1.0,prevday,2.0,0.5,1,390,0.0,0.0,0.0,100.0,,3.1,100587.0,396,0.0,0.0,0.0,100.0,,3.3,100117.0,,,"(('rng_type', 'prevday'), ('expire_hour', 17), ('exit_hour', 23), ('sl_frac', 0.5), ('rr', 2.0), ('min_range_atr', 1.0), ('max_range_atr', 6.0), ('skip_dow', ()))","(('max_trades_day', 1), ('day_stop_pct', 2.0), ('risk_on_balance', True))",(),True,2.0
3,BTCUSD,e8_one_8,1.5,,,,,23.0,17.0,6.0,1.0,prevday,2.0,0.5,1,390,0.0,0.0,0.0,100.0,,3.1,100878.0,396,0.0,0.0,0.5,99.5,,3.3,100179.0,,,"(('rng_type', 'prevday'), ('expire_hour', 17), ('exit_hour', 23), ('sl_frac', 0.5), ('rr', 2.0), ('min_range_atr', 1.0), ('max_range_atr', 6.0), ('skip_dow', ()))","(('max_trades_day', 1), ('risk_on_balance', False))",(),False,
3,BTCUSD,e8_one_8,1.5,,,,,23.0,17.0,6.0,1.0,prevday,2.0,0.5,1,390,0.0,0.0,0.0,100.0,,3.1,100878.0,396,0.0,0.0,0.5,99.5,,3.3,100179.0,,,"(('rng_type', 'prevday'), ('expire_hour', 17), ('exit_hour', 23), ('sl_frac', 0.5), ('rr', 2.0), ('min_range_atr', 1.0), ('max_range_atr', 6.0), ('skip_dow', ()))","(('max_trades_day', 1), ('day_stop_pct', 2.0), ('risk_on_balance', False))",(),False,2.0
3,BTCUSD,e8_one_8,1.5,,,,,23.0,17.0,6.0,1.0,prevday,2.0,0.5,1,390,0.0,0.0,0.0,100.0,,3.1,100880.0,396,0.0,0.0,0.5,99.5,,3.3,100179.0,,,"(('rng_type', 'prevday'), ('expire_hour', 17), ('exit_hour', 23), ('sl_frac', 0.5), ('rr', 2.0), ('min_range_atr', 1.0), ('max_range_atr', 6.0), ('skip_dow', ()))","(('max_trades_day', 1), ('risk_on_balance', True))",(),True,
3,BTCUSD,e8_one_8,1.5,,,,,23.0,17.0,6.0,1.0,prevday,2.0,0.5,1,390,0.0,0.0,0.0,100.0,,3.1,100880.0,396,0.0,0.0,0.5,99.5,,3.3,100179.0,,,"(('rng_type', 'prevday'), ('expire_hour', 17), ('exit_hour', 23), ('sl_frac', 0.5), ('rr', 2.0), ('min_range_atr', 1.0), ('max_range_atr', 6.0), ('skip_dow', ()))","(('max_trades_day', 1), ('day_stop_pct', 2.0), ('risk_on_balance', True))",(),True,2.0
3,BTCUSD,e8_one_8,2.0,,,,,23.0,17.0,6.0,1.0,prevday,2.0,0.5,1,390,0.0,0.0,4.4,95.6,,3.1,101150.0,396,0.0,0.0,5.1,94.9,,3.3,100273.0,,,"(('rng_type', 'prevday'), ('expire_hour', 17), ('exit_hour', 23), ('sl_frac', 0.5), ('rr', 2.0), ('min_range_atr', 1.0), ('max_range_atr', 6.0), ('skip_dow', ()))","(('max_trades_day', 1), ('risk_on_balance', False))",(),False,
3,BTCUSD,e8_one_8,2.0,,,,,23.0,17.0,6.0,1.0,prevday,2.0,0.5,1,390,0.0,0.0,4.4,95.6,,3.1,101150.0,396,0.0,0.0,5.1,94.9,,3.3,100273.0,,,"(('rng_type', 'prevday'), ('expire_hour', 17), ('exit_hour', 23), ('sl_frac', 0.5), ('rr', 2.0), ('min_range_atr', 1.0), ('max_range_atr', 6.0), ('skip_dow', ()))","(('max_trades_day', 1), ('day_stop_pct', 2.0), ('risk_on_balance', False))",(),False,2.0
3,BTCUSD,e8_one_8,2.0,,,,,23.0,17.0,6.0,1.0,prevday,2.0,0.5,1,390,0.3,0.0,4.6,95.1,4.7,3.1,101160.0,396,0.0,0.0,4.5,95.5,,3.3,100280.0,,,"(('rng_type', 'prevday'), ('expire_hour', 17), ('exit_hour', 23), ('sl_frac', 0.5), ('rr', 2.0), ('min_range_atr', 1.0), ('max_range_atr', 6.0), ('skip_dow', ()))","(('max_trades_day', 1), ('risk_on_balance', True))",(),True,
3,BTCUSD,e8_one_8,2.0,,,,,23.0,17.0,6.0,1.0,prevday,2.0,0.5,1,390,0.3,0.0,4.6,95.1,4.7,3.1,101160.0,396,0.0,0.0,4.5,95.5,,3.3,100280.0,,,"(('rng_type', 'prevday'), ('expire_hour', 17), ('exit_hour', 23), ('sl_frac', 0.5), ('rr', 2.0), ('min_range_atr', 1.0), ('max_range_atr', 6.0), ('skip_dow', ()))","(('max_trades_day', 1), ('day_stop_pct', 2.0), ('risk_on_balance', True))",(),True,2.0
3,BTCUSD,e8_one_8,2.4,,,,,23.0,17.0,6.0,1.0,prevday,2.0,0.5,1,390,1.8,0.0,13.6,84.6,6.8,3.0,101293.0,396,0.3,0.0,14.4,85.4,6.5,3.2,100343.0,,,"(('rng_type', 'prevday'), ('expire_hour', 17), ('exit_hour', 23), ('sl_frac', 0.5), ('rr', 2.0), ('min_range_atr', 1.0), ('max_range_atr', 6.0), ('skip_dow', ()))","(('max_trades_day', 1), ('risk_on_balance', False))",(),False,
3,BTCUSD,e8_one_8,2.4,,,,,23.0,17.0,6.0,1.0,prevday,2.0,0.5,1,390,1.8,0.0,13.6,84.6,6.8,3.0,101293.0,396,0.3,0.0,14.4,85.4,6.5,3.2,100343.0,,,"(('rng_type', 'prevday'), ('expire_hour', 17), ('exit_hour', 23), ('sl_frac', 0.5), ('rr', 2.0), ('min_range_atr', 1.0), ('max_range_atr', 6.0), ('skip_dow', ()))","(('max_trades_day', 1), ('day_stop_pct', 2.0), ('risk_on_balance', False))",(),False,2.0
3,BTCUSD,e8_one_8,2.4,,,,,23.0,17.0,6.0,1.0,prevday,2.0,0.5,1,390,2.6,0.0,13.8,83.6,6.3,3.0,101298.0,396,0.5,0.0,14.4,85.1,6.7,3.2,100336.0,,,"(('rng_type', 'prevday'), ('expire_hour', 17), ('exit_hour', 23), ('sl_frac', 0.5), ('rr', 2.0), ('min_range_atr', 1.0), ('max_range_atr', 6.0), ('skip_dow', ()))","(('max_trades_day', 1), ('risk_on_balance', True))",(),True,
3,BTCUSD,e8_one_8,2.4,,,,,23.0,17.0,6.0,1.0,prevday,2.0,0.5,1,390,2.6,0.0,13.8,83.6,6.3,3.0,101298.0,396,0.5,0.0,14.4,85.1,6.7,3.2,100336.0,,,"(('rng_type', 'prevday'), ('expire_hour', 17), ('exit_hour', 23), ('sl_frac', 0.5), ('rr', 2.0), ('min_range_atr', 1.0), ('max_range_atr', 6.0), ('skip_dow', ()))","(('max_trades_day', 1), ('day_stop_pct', 2.0), ('risk_on_balance', True))",(),True,2.0
3,BTCUSD,e8_one_8,2.8,,,,,23.0,17.0,6.0,1.0,prevday,2.0,0.5,1,390,3.8,0.0,24.9,71.3,5.8,2.9,101392.0,396,2.5,0.0,25.0,72.5,5.9,3.1,100271.0,,,"(('rng_type', 'prevday'), ('expire_hour', 17), ('exit_hour', 23), ('sl_frac', 0.5), ('rr', 2.0), ('min_range_atr', 1.0), ('max_range_atr', 6.0), ('skip_dow', ()))","(('max_trades_day', 1), ('risk_on_balance', False))",(),False,
3,BTCUSD,e8_one_8,2.8,,,,,23.0,17.0,6.0,1.0,prevday,2.0,0.5,1,390,3.8,0.0,24.9,71.3,5.8,2.9,101392.0,396,2.5,0.0,25.0,72.5,5.9,3.1,100271.0,,,"(('rng_type', 'prevday'), ('expire_hour', 17), ('exit_hour', 23), ('sl_frac', 0.5), ('rr', 2.0), ('min_range_atr', 1.0), ('max_range_atr', 6.0), ('skip_dow', ()))","(('max_trades_day', 1), ('day_stop_pct', 2.0), ('risk_on_balance', False))",(),False,2.0
3,BTCUSD,e8_one_8,2.8,,,,,23.0,17.0,6.0,1.0,prevday,2.0,0.5,1,390,4.1,0.0,25.1,70.8,5.9,2.9,101409.0,396,2.5,0.0,24.5,73.0,5.7,3.1,100310.0,,,"(('rng_type', 'prevday'), ('expire_hour', 17), ('exit_hour', 23), ('sl_frac', 0.5), ('rr', 2.0), ('min_range_atr', 1.0), ('max_range_atr', 6.0), ('skip_dow', ()))","(('max_trades_day', 1), ('risk_on_balance', True))",(),True,
3,BTCUSD,e8_one_8,2.8,,,,,23.0,17.0,6.0,1.0,prevday,2.0,0.5,1,390,4.1,0.0,25.1,70.8,5.9,2.9,101409.0,396,2.5,0.0,24.5,73.0,5.7,3.1,100310.0,,,"(('rng_type', 'prevday'), ('expire_hour', 17), ('exit_hour', 23), ('sl_frac', 0.5), ('rr', 2.0), ('min_range_atr', 1.0), ('max_range_atr', 6.0), ('skip_dow', ()))","(('max_trades_day', 1), ('day_stop_pct', 2.0), ('risk_on_balance', True))",(),True,2.0
3,BTCUSD,e8_one_14,1.0,,,,,23.0,17.0,6.0,1.0,prevday,2.0,0.5,1,390,0.0,0.0,0.0,100.0,,3.1,100586.0,396,0.0,0.0,0.0,100.0,,3.3,100118.0,,,"(('rng_type', 'prevday'), ('expire_hour', 17), ('exit_hour', 23), ('sl_frac', 0.5), ('rr', 2.0), ('min_range_atr', 1.0), ('max_range_atr', 6.0), ('skip_dow', ()))","(('max_trades_day', 1), ('risk_on_balance', False))",(),False,
3,BTCUSD,e8_one_14,1.0,,,,,23.0,17.0,6.0,1.0,prevday,2.0,0.5,1,390,0.0,0.0,0.0,100.0,,3.1,100586.0,396,0.0,0.0,0.0,100.0,,3.3,100118.0,,,"(('rng_type', 'prevday'), ('expire_hour', 17), ('exit_hour', 23), ('sl_frac', 0.5), ('rr', 2.0), ('min_range_atr', 1.0), ('max_range_atr', 6.0), ('skip_dow', ()))","(('max_trades_day', 1), ('day_stop_pct', 2.0), ('risk_on_balance', False))",(),False,2.0
3,BTCUSD,e8_one_14,1.0,,,,,23.0,17.0,6.0,1.0,prevday,2.0,0.5,1,390,0.0,0.0,0.0,100.0,,3.1,100587.0,396,0.0,0.0,0.0,100.0,,3.3,100117.0,,,"(('rng_type', 'prevday'), ('expire_hour', 17), ('exit_hour', 23), ('sl_frac', 0.5), ('rr', 2.0), ('min_range_atr', 1.0), ('max_range_atr', 6.0), ('skip_dow', ()))","(('max_trades_day', 1), ('risk_on_balance', True))",(),True,
3,BTCUSD,e8_one_14,1.0,,,,,23.0,17.0,6.0,1.0,prevday,2.0,0.5,1,390,0.0,0.0,0.0,100.0,,3.1,100587.0,396,0.0,0.0,0.0,100.0,,3.3,100117.0,,,"(('rng_type', 'prevday'), ('expire_hour', 17), ('exit_hour', 23), ('sl_frac', 0.5), ('rr', 2.0), ('min_range_atr', 1.0), ('max_range_atr', 6.0), ('skip_dow', ()))","(('max_trades_day', 1), ('day_stop_pct', 2.0), ('risk_on_balance', True))",(),True,2.0
3,BTCUSD,e8_one_14,1.5,,,,,23.0,17.0,6.0,1.0,prevday,2.0,0.5,1,390,0.0,0.0,0.0,100.0,,3.1,100878.0,396,0.0,0.0,0.0,100.0,,3.3,100177.0,,,"(('rng_type', 'prevday'), ('expire_hour', 17), ('exit_hour', 23), ('sl_frac', 0.5), ('rr', 2.0), ('min_range_atr', 1.0), ('max_range_atr', 6.0), ('skip_dow', ()))","(('max_trades_day', 1), ('risk_on_balance', False))",(),False,
3,BTCUSD,e8_one_14,1.5,,,,,23.0,17.0,6.0,1.0,prevday,2.0,0.5,1,390,0.0,0.0,0.0,100.0,,3.1,100878.0,396,0.0,0.0,0.0,100.0,,3.3,100177.0,,,"(('rng_type', 'prevday'), ('expire_hour', 17), ('exit_hour', 23), ('sl_frac', 0.5), ('rr', 2.0), ('min_range_atr', 1.0), ('max_range_atr', 6.0), ('skip_dow', ()))","(('max_trades_day', 1), ('day_stop_pct', 2.0), ('risk_on_balance', False))",(),False,2.0
3,BTCUSD,e8_one_14,1.5,,,,,23.0,17.0,6.0,1.0,prevday,2.0,0.5,1,390,0.0,0.0,0.0,100.0,,3.1,100880.0,396,0.0,0.0,0.0,100.0,,3.3,100178.0,,,"(('rng_type', 'prevday'), ('expire_hour', 17), ('exit_hour', 23), ('sl_frac', 0.5), ('rr', 2.0), ('min_range_atr', 1.0), ('max_range_atr', 6.0), ('skip_dow', ()))","(('max_trades_day', 1), ('risk_on_balance', True))",(),True,
3,BTCUSD,e8_one_14,1.5,,,,,23.0,17.0,6.0,1.0,prevday,2.0,0.5,1,390,0.0,0.0,0.0,100.0,,3.1,100880.0,396,0.0,0.0,0.0,100.0,,3.3,100178.0,,,"(('rng_type', 'prevday'), ('expire_hour', 17), ('exit_hour', 23), ('sl_frac', 0.5), ('rr', 2.0), ('min_range_atr', 1.0), ('max_range_atr', 6.0), ('skip_dow', ()))","(('max_trades_day', 1), ('day_stop_pct', 2.0), ('risk_on_balance', True))",(),True,2.0
3,BTCUSD,e8_one_14,2.0,,,,,23.0,17.0,6.0,1.0,prevday,2.0,0.5,1,390,0.0,0.0,0.0,100.0,,3.1,101173.0,396,0.0,0.0,0.0,100.0,,3.3,100236.0,,,"(('rng_type', 'prevday'), ('expire_hour', 17), ('exit_hour', 23), ('sl_frac', 0.5), ('rr', 2.0), ('min_range_atr', 1.0), ('max_range_atr', 6.0), ('skip_dow', ()))","(('max_trades_day', 1), ('risk_on_balance', False))",(),False,
3,BTCUSD,e8_one_14,2.0,,,,,23.0,17.0,6.0,1.0,prevday,2.0,0.5,1,390,0.0,0.0,0.0,100.0,,3.1,101173.0,396,0.0,0.0,0.0,100.0,,3.3,100236.0,,,"(('rng_type', 'prevday'), ('expire_hour', 17), ('exit_hour', 23), ('sl_frac', 0.5), ('rr', 2.0), ('min_range_atr', 1.0), ('max_range_atr', 6.0), ('skip_dow', ()))","(('max_trades_day', 1), ('day_stop_pct', 2.0), ('risk_on_balance', False))",(),False,2.0
3,BTCUSD,e8_one_14,2.0,,,,,23.0,17.0,6.0,1.0,prevday,2.0,0.5,1,390,0.0,0.0,0.0,100.0,,3.1,101177.0,396,0.0,0.0,0.0,100.0,,3.3,100237.0,,,"(('rng_type', 'prevday'), ('expire_hour', 17), ('exit_hour', 23), ('sl_frac', 0.5), ('rr', 2.0), ('min_range_atr', 1.0), ('max_range_atr', 6.0), ('skip_dow', ()))","(('max_trades_day', 1), ('risk_on_balance', True))",(),True,
3,BTCUSD,e8_one_14,2.0,,,,,23.0,17.0,6.0,1.0,prevday,2.0,0.5,1,390,0.0,0.0,0.0,100.0,,3.1,101177.0,396,0.0,0.0,0.0,100.0,,3.3,100237.0,,,"(('rng_type', 'prevday'), ('expire_hour', 17), ('exit_hour', 23), ('sl_frac', 0.5), ('rr', 2.0), ('min_range_atr', 1.0), ('max_range_atr', 6.0), ('skip_dow', ()))","(('max_trades_day', 1), ('day_stop_pct', 2.0), ('risk_on_balance', True))",(),True,2.0
3,BTCUSD,e8_one_14,2.4,,,,,23.0,17.0,6.0,1.0,prevday,2.0,0.5,1,390,0.0,0.0,0.0,100.0,,3.1,101408.0,396,0.0,0.0,0.3,99.7,,3.3,100282.0,,,"(('rng_type', 'prevday'), ('expire_hour', 17), ('exit_hour', 23), ('sl_frac', 0.5), ('rr', 2.0), ('min_range_atr', 1.0), ('max_range_atr', 6.0), ('skip_dow', ()))","(('max_trades_day', 1), ('risk_on_balance', False))",(),False,
3,BTCUSD,e8_one_14,2.4,,,,,23.0,17.0,6.0,1.0,prevday,2.0,0.5,1,390,0.0,0.0,0.0,100.0,,3.1,101408.0,396,0.0,0.0,0.3,99.7,,3.3,100282.0,,,"(('rng_type', 'prevday'), ('expire_hour', 17), ('exit_hour', 23), ('sl_frac', 0.5), ('rr', 2.0), ('min_range_atr', 1.0), ('max_range_atr', 6.0), ('skip_dow', ()))","(('max_trades_day', 1), ('day_stop_pct', 2.0), ('risk_on_balance', False))",(),False,2.0
3,BTCUSD,e8_one_14,2.4,,,,,23.0,17.0,6.0,1.0,prevday,2.0,0.5,1,390,0.0,0.0,0.0,100.0,,3.1,101413.0,396,0.0,0.0,0.0,100.0,,3.3,100284.0,,,"(('rng_type', 'prevday'), ('expire_hour', 17), ('exit_hour', 23), ('sl_frac', 0.5), ('rr', 2.0), ('min_range_atr', 1.0), ('max_range_atr', 6.0), ('skip_dow', ()))","(('max_trades_day', 1), ('risk_on_balance', True))",(),True,
3,BTCUSD,e8_one_14,2.4,,,,,23.0,17.0,6.0,1.0,prevday,2.0,0.5,1,390,0.0,0.0,0.0,100.0,,3.1,101413.0,396,0.0,0.0,0.0,100.0,,3.3,100284.0,,,"(('rng_type', 'prevday'), ('expire_hour', 17), ('exit_hour', 23), ('sl_frac', 0.5), ('rr', 2.0), ('min_range_atr', 1.0), ('max_range_atr', 6.0), ('skip_dow', ()))","(('max_trades_day', 1), ('day_stop_pct', 2.0), ('risk_on_balance', True))",(),True,2.0
3,BTCUSD,e8_one_14,2.8,,,,,23.0,17.0,6.0,1.0,prevday,2.0,0.5,1,390,0.0,0.0,0.0,100.0,,3.1,101643.0,396,0.0,0.0,0.8,99.2,,3.3,100333.0,,,"(('rng_type', 'prevday'), ('expire_hour', 17), ('exit_hour', 23), ('sl_frac', 0.5), ('rr', 2.0), ('min_range_atr', 1.0), ('max_range_atr', 6.0), ('skip_dow', ()))","(('max_trades_day', 1), ('risk_on_balance', False))",(),False,
3,BTCUSD,e8_one_14,2.8,,,,,23.0,17.0,6.0,1.0,prevday,2.0,0.5,1,390,0.0,0.0,0.0,100.0,,3.1,101643.0,396,0.0,0.0,0.8,99.2,,3.3,100333.0,,,"(('rng_type', 'prevday'), ('expire_hour', 17), ('exit_hour', 23), ('sl_frac', 0.5), ('rr', 2.0), ('min_range_atr', 1.0), ('max_range_atr', 6.0), ('skip_dow', ()))","(('max_trades_day', 1), ('day_stop_pct', 2.0), ('risk_on_balance', False))",(),False,2.0
3,BTCUSD,e8_one_14,2.8,,,,,23.0,17.0,6.0,1.0,prevday,2.0,0.5,1,390,0.0,0.0,0.0,100.0,,3.1,101650.0,396,0.0,0.0,0.8,99.2,,3.3,100330.0,,,"(('rng_type', 'prevday'), ('expire_hour', 17), ('exit_hour', 23), ('sl_frac', 0.5), ('rr', 2.0), ('min_range_atr', 1.0), ('max_range_atr', 6.0), ('skip_dow', ()))","(('max_trades_day', 1), ('risk_on_balance', True))",(),True,
3,BTCUSD,e8_one_14,2.8,,,,,23.0,17.0,6.0,1.0,prevday,2.0,0.5,1,390,0.0,0.0,0.0,100.0,,3.1,101650.0,396,0.0,0.0,0.8,99.2,,3.3,100330.0,,,"(('rng_type', 'prevday'), ('expire_hour', 17), ('exit_hour', 23), ('sl_frac', 0.5), ('rr', 2.0), ('min_range_atr', 1.0), ('max_range_atr', 6.0), ('skip_dow', ()))","(('max_trades_day', 1), ('day_stop_pct', 2.0), ('risk_on_balance', True))",(),True,2.0
3,BTCUSD,the5ers_hyper,1.0,,,,,23.0,17.0,6.0,1.0,prevday,2.0,0.5,1,390,0.0,0.0,0.0,100.0,,3.1,100586.0,396,0.0,0.0,0.0,100.0,,3.3,100118.0,,,"(('rng_type', 'prevday'), ('expire_hour', 17), ('exit_hour', 23), ('sl_frac', 0.5), ('rr', 2.0), ('min_range_atr', 1.0), ('max_range_atr', 6.0), ('skip_dow', ()))","(('max_trades_day', 1), ('risk_on_balance', False))",(),False,
3,BTCUSD,the5ers_hyper,1.0,,,,,23.0,17.0,6.0,1.0,prevday,2.0,0.5,1,390,0.0,0.0,0.0,100.0,,3.1,100586.0,396,0.0,0.0,0.0,100.0,,3.3,100118.0,,,"(('rng_type', 'prevday'), ('expire_hour', 17), ('exit_hour', 23), ('sl_frac', 0.5), ('rr', 2.0), ('min_range_atr', 1.0), ('max_range_atr', 6.0), ('skip_dow', ()))","(('max_trades_day', 1), ('day_stop_pct', 2.0), ('risk_on_balance', False))",(),False,2.0
3,BTCUSD,the5ers_hyper,1.0,,,,,23.0,17.0,6.0,1.0,prevday,2.0,0.5,1,390,0.0,0.0,0.0,100.0,,3.1,100587.0,396,0.0,0.0,0.0,100.0,,3.3,100117.0,,,"(('rng_type', 'prevday'), ('expire_hour', 17), ('exit_hour', 23), ('sl_frac', 0.5), ('rr', 2.0), ('min_range_atr', 1.0), ('max_range_atr', 6.0), ('skip_dow', ()))","(('max_trades_day', 1), ('risk_on_balance', True))",(),True,
3,BTCUSD,the5ers_hyper,1.0,,,,,23.0,17.0,6.0,1.0,prevday,2.0,0.5,1,390,0.0,0.0,0.0,100.0,,3.1,100587.0,396,0.0,0.0,0.0,100.0,,3.3,100117.0,,,"(('rng_type', 'prevday'), ('expire_hour', 17), ('exit_hour', 23), ('sl_frac', 0.5), ('rr', 2.0), ('min_range_atr', 1.0), ('max_range_atr', 6.0), ('skip_dow', ()))","(('max_trades_day', 1), ('day_stop_pct', 2.0), ('risk_on_balance', True))",(),True,2.0
3,BTCUSD,the5ers_hyper,1.5,,,,,23.0,17.0,6.0,1.0,prevday,2.0,0.5,1,390,0.0,0.0,2.1,97.9,,3.1,100867.0,396,0.0,0.0,2.5,97.5,,3.3,100182.0,,,"(('rng_type', 'prevday'), ('expire_hour', 17), ('exit_hour', 23), ('sl_frac', 0.5), ('rr', 2.0), ('min_range_atr', 1.0), ('max_range_atr', 6.0), ('skip_dow', ()))","(('max_trades_day', 1), ('risk_on_balance', False))",(),False,
3,BTCUSD,the5ers_hyper,1.5,,,,,23.0,17.0,6.0,1.0,prevday,2.0,0.5,1,390,0.0,0.0,2.1,97.9,,3.1,100867.0,396,0.0,0.0,2.5,97.5,,3.3,100182.0,,,"(('rng_type', 'prevday'), ('expire_hour', 17), ('exit_hour', 23), ('sl_frac', 0.5), ('rr', 2.0), ('min_range_atr', 1.0), ('max_range_atr', 6.0), ('skip_dow', ()))","(('max_trades_day', 1), ('day_stop_pct', 2.0), ('risk_on_balance', False))",(),False,2.0
3,BTCUSD,the5ers_hyper,1.5,,,,,23.0,17.0,6.0,1.0,prevday,2.0,0.5,1,390,0.0,0.0,0.3,99.7,,3.1,100870.0,396,0.0,0.0,1.5,98.5,,3.3,100179.0,,,"(('rng_type', 'prevday'), ('expire_hour', 17), ('exit_hour', 23), ('sl_frac', 0.5), ('rr', 2.0), ('min_range_atr', 1.0), ('max_range_atr', 6.0), ('skip_dow', ()))","(('max_trades_day', 1), ('risk_on_balance', True))",(),True,
3,BTCUSD,the5ers_hyper,1.5,,,,,23.0,17.0,6.0,1.0,prevday,2.0,0.5,1,390,0.0,0.0,0.3,99.7,,3.1,100870.0,396,0.0,0.0,1.5,98.5,,3.3,100179.0,,,"(('rng_type', 'prevday'), ('expire_hour', 17), ('exit_hour', 23), ('sl_frac', 0.5), ('rr', 2.0), ('min_range_atr', 1.0), ('max_range_atr', 6.0), ('skip_dow', ()))","(('max_trades_day', 1), ('day_stop_pct', 2.0), ('risk_on_balance', True))",(),True,2.0
3,BTCUSD,the5ers_hyper,2.0,,,,,23.0,17.0,6.0,1.0,prevday,2.0,0.5,1,390,1.8,0.0,8.5,89.7,6.8,3.0,101134.0,396,0.3,0.0,10.1,89.6,6.5,3.3,100253.0,,,"(('rng_type', 'prevday'), ('expire_hour', 17), ('exit_hour', 23), ('sl_frac', 0.5), ('rr', 2.0), ('min_range_atr', 1.0), ('max_range_atr', 6.0), ('skip_dow', ()))","(('max_trades_day', 1), ('risk_on_balance', False))",(),False,
3,BTCUSD,the5ers_hyper,2.0,,,,,23.0,17.0,6.0,1.0,prevday,2.0,0.5,1,390,1.8,0.0,8.5,89.7,6.8,3.0,101134.0,396,0.3,0.0,10.1,89.6,6.5,3.3,100253.0,,,"(('rng_type', 'prevday'), ('expire_hour', 17), ('exit_hour', 23), ('sl_frac', 0.5), ('rr', 2.0), ('min_range_atr', 1.0), ('max_range_atr', 6.0), ('skip_dow', ()))","(('max_trades_day', 1), ('day_stop_pct', 2.0), ('risk_on_balance', False))",(),False,2.0
3,BTCUSD,the5ers_hyper,2.0,,,,,23.0,17.0,6.0,1.0,prevday,2.0,0.5,1,390,1.8,0.0,7.2,91.0,6.8,3.1,101163.0,396,0.5,0.0,6.8,92.7,6.7,3.3,100257.0,,,"(('rng_type', 'prevday'), ('expire_hour', 17), ('exit_hour', 23), ('sl_frac', 0.5), ('rr', 2.0), ('min_range_atr', 1.0), ('max_range_atr', 6.0), ('skip_dow', ()))","(('max_trades_day', 1), ('risk_on_balance', True))",(),True,
3,BTCUSD,the5ers_hyper,2.0,,,,,23.0,17.0,6.0,1.0,prevday,2.0,0.5,1,390,1.8,0.0,7.2,91.0,6.8,3.1,101163.0,396,0.5,0.0,6.8,92.7,6.7,3.3,100257.0,,,"(('rng_type', 'prevday'), ('expire_hour', 17), ('exit_hour', 23), ('sl_frac', 0.5), ('rr', 2.0), ('min_range_atr', 1.0), ('max_range_atr', 6.0), ('skip_dow', ()))","(('max_trades_day', 1), ('day_stop_pct', 2.0), ('risk_on_balance', True))",(),True,2.0
3,BTCUSD,the5ers_hyper,2.4,,,,,23.0,17.0,6.0,1.0,prevday,2.0,0.5,1,390,4.1,0.0,12.6,83.3,5.9,3.0,101302.0,396,2.5,0.0,13.9,83.6,5.7,3.2,100345.0,,,"(('rng_type', 'prevday'), ('expire_hour', 17), ('exit_hour', 23), ('sl_frac', 0.5), ('rr', 2.0), ('min_range_atr', 1.0), ('max_range_atr', 6.0), ('skip_dow', ()))","(('max_trades_day', 1), ('risk_on_balance', False))",(),False,
3,BTCUSD,the5ers_hyper,2.4,,,,,23.0,17.0,6.0,1.0,prevday,2.0,0.5,1,390,4.1,0.0,12.6,83.3,5.9,3.0,101302.0,396,2.5,0.0,13.9,83.6,5.7,3.2,100345.0,,,"(('rng_type', 'prevday'), ('expire_hour', 17), ('exit_hour', 23), ('sl_frac', 0.5), ('rr', 2.0), ('min_range_atr', 1.0), ('max_range_atr', 6.0), ('skip_dow', ()))","(('max_trades_day', 1), ('day_stop_pct', 2.0), ('risk_on_balance', False))",(),False,2.0
3,BTCUSD,the5ers_hyper,2.4,,,,,23.0,17.0,6.0,1.0,prevday,2.0,0.5,1,390,4.1,0.0,12.1,83.8,5.9,3.0,101309.0,396,2.8,0.0,13.6,83.6,5.6,3.2,100330.0,,,"(('rng_type', 'prevday'), ('expire_hour', 17), ('exit_hour', 23), ('sl_frac', 0.5), ('rr', 2.0), ('min_range_atr', 1.0), ('max_range_atr', 6.0), ('skip_dow', ()))","(('max_trades_day', 1), ('risk_on_balance', True))",(),True,
3,BTCUSD,the5ers_hyper,2.4,,,,,23.0,17.0,6.0,1.0,prevday,2.0,0.5,1,390,4.1,0.0,12.1,83.8,5.9,3.0,101309.0,396,2.8,0.0,13.6,83.6,5.6,3.2,100330.0,,,"(('rng_type', 'prevday'), ('expire_hour', 17), ('exit_hour', 23), ('sl_frac', 0.5), ('rr', 2.0), ('min_range_atr', 1.0), ('max_range_atr', 6.0), ('skip_dow', ()))","(('max_trades_day', 1), ('day_stop_pct', 2.0), ('risk_on_balance', True))",(),True,2.0
3,BTCUSD,the5ers_hyper,2.8,,,,,23.0,17.0,6.0,1.0,prevday,2.0,0.5,1,390,10.5,0.0,18.7,70.8,5.4,2.9,101592.0,396,4.8,0.0,20.7,74.5,5.5,3.1,100310.0,,,"(('rng_type', 'prevday'), ('expire_hour', 17), ('exit_hour', 23), ('sl_frac', 0.5), ('rr', 2.0), ('min_range_atr', 1.0), ('max_range_atr', 6.0), ('skip_dow', ()))","(('max_trades_day', 1), ('risk_on_balance', False))",(),False,
3,BTCUSD,the5ers_hyper,2.8,,,,,23.0,17.0,6.0,1.0,prevday,2.0,0.5,1,390,10.5,0.0,18.7,70.8,5.4,2.9,101592.0,396,4.8,0.0,20.7,74.5,5.5,3.1,100310.0,,,"(('rng_type', 'prevday'), ('expire_hour', 17), ('exit_hour', 23), ('sl_frac', 0.5), ('rr', 2.0), ('min_range_atr', 1.0), ('max_range_atr', 6.0), ('skip_dow', ()))","(('max_trades_day', 1), ('day_stop_pct', 2.0), ('risk_on_balance', False))",(),False,2.0
3,BTCUSD,the5ers_hyper,2.8,,,,,23.0,17.0,6.0,1.0,prevday,2.0,0.5,1,390,11.8,0.0,23.9,64.4,5.6,2.9,101611.0,396,5.6,0.0,24.8,69.7,5.5,3.1,100306.0,,,"(('rng_type', 'prevday'), ('expire_hour', 17), ('exit_hour', 23), ('sl_frac', 0.5), ('rr', 2.0), ('min_range_atr', 1.0), ('max_range_atr', 6.0), ('skip_dow', ()))","(('max_trades_day', 1), ('risk_on_balance', True))",(),True,
3,BTCUSD,the5ers_hyper,2.8,,,,,23.0,17.0,6.0,1.0,prevday,2.0,0.5,1,390,11.8,0.0,23.9,64.4,5.6,2.9,101611.0,396,5.6,0.0,24.8,69.7,5.5,3.1,100306.0,,,"(('rng_type', 'prevday'), ('expire_hour', 17), ('exit_hour', 23), ('sl_frac', 0.5), ('rr', 2.0), ('min_range_atr', 1.0), ('max_range_atr', 6.0), ('skip_dow', ()))","(('max_trades_day', 1), ('day_stop_pct', 2.0), ('risk_on_balance', True))",(),True,2.0
3,BTCUSD,ftmo_p1,1.0,,,,,23.0,17.0,6.0,1.0,prevday,2.0,0.5,1,390,0.0,0.0,0.0,100.0,,3.1,100572.0,396,0.0,0.0,0.0,100.0,,3.3,100111.0,,,"(('rng_type', 'prevday'), ('expire_hour', 17), ('exit_hour', 23), ('sl_frac', 0.5), ('rr', 2.0), ('min_range_atr', 1.0), ('max_range_atr', 6.0), ('skip_dow', ()))","(('max_trades_day', 1), ('risk_on_balance', False))",(),False,
3,BTCUSD,ftmo_p1,1.0,,,,,23.0,17.0,6.0,1.0,prevday,2.0,0.5,1,390,0.0,0.0,0.0,100.0,,3.1,100572.0,396,0.0,0.0,0.0,100.0,,3.3,100111.0,,,"(('rng_type', 'prevday'), ('expire_hour', 17), ('exit_hour', 23), ('sl_frac', 0.5), ('rr', 2.0), ('min_range_atr', 1.0), ('max_range_atr', 6.0), ('skip_dow', ()))","(('max_trades_day', 1), ('day_stop_pct', 2.0), ('risk_on_balance', False))",(),False,2.0
3,BTCUSD,ftmo_p1,1.0,,,,,23.0,17.0,6.0,1.0,prevday,2.0,0.5,1,390,0.0,0.0,0.0,100.0,,3.1,100572.0,396,0.0,0.0,0.0,100.0,,3.3,100111.0,,,"(('rng_type', 'prevday'), ('expire_hour', 17), ('exit_hour', 23), ('sl_frac', 0.5), ('rr', 2.0), ('min_range_atr', 1.0), ('max_range_atr', 6.0), ('skip_dow', ()))","(('max_trades_day', 1), ('risk_on_balance', True))",(),True,
3,BTCUSD,ftmo_p1,1.0,,,,,23.0,17.0,6.0,1.0,prevday,2.0,0.5,1,390,0.0,0.0,0.0,100.0,,3.1,100572.0,396,0.0,0.0,0.0,100.0,,3.3,100111.0,,,"(('rng_type', 'prevday'), ('expire_hour', 17), ('exit_hour', 23), ('sl_frac', 0.5), ('rr', 2.0), ('min_range_atr', 1.0), ('max_range_atr', 6.0), ('skip_dow', ()))","(('max_trades_day', 1), ('day_stop_pct', 2.0), ('risk_on_balance', True))",(),True,2.0
3,BTCUSD,ftmo_p1,1.5,,,,,23.0,17.0,6.0,1.0,prevday,2.0,0.5,1,390,0.0,0.0,0.0,100.0,,3.1,100831.0,396,0.0,0.0,0.0,100.0,,3.3,100115.0,,,"(('rng_type', 'prevday'), ('expire_hour', 17), ('exit_hour', 23), ('sl_frac', 0.5), ('rr', 2.0), ('min_range_atr', 1.0), ('max_range_atr', 6.0), ('skip_dow', ()))","(('max_trades_day', 1), ('risk_on_balance', False))",(),False,
3,BTCUSD,ftmo_p1,1.5,,,,,23.0,17.0,6.0,1.0,prevday,2.0,0.5,1,390,0.0,0.0,0.0,100.0,,3.1,100831.0,396,0.0,0.0,0.0,100.0,,3.3,100115.0,,,"(('rng_type', 'prevday'), ('expire_hour', 17), ('exit_hour', 23), ('sl_frac', 0.5), ('rr', 2.0), ('min_range_atr', 1.0), ('max_range_atr', 6.0), ('skip_dow', ()))","(('max_trades_day', 1), ('day_stop_pct', 2.0), ('risk_on_balance', False))",(),False,2.0
3,BTCUSD,ftmo_p1,1.5,,,,,23.0,17.0,6.0,1.0,prevday,2.0,0.5,1,390,0.0,0.0,0.0,100.0,,3.1,100834.0,396,0.0,0.0,0.0,100.0,,3.3,100114.0,,,"(('rng_type', 'prevday'), ('expire_hour', 17), ('exit_hour', 23), ('sl_frac', 0.5), ('rr', 2.0), ('min_range_atr', 1.0), ('max_range_atr', 6.0), ('skip_dow', ()))","(('max_trades_day', 1), ('risk_on_balance', True))",(),True,
3,BTCUSD,ftmo_p1,1.5,,,,,23.0,17.0,6.0,1.0,prevday,2.0,0.5,1,390,0.0,0.0,0.0,100.0,,3.1,100834.0,396,0.0,0.0,0.0,100.0,,3.3,100114.0,,,"(('rng_type', 'prevday'), ('expire_hour', 17), ('exit_hour', 23), ('sl_frac', 0.5), ('rr', 2.0), ('min_range_atr', 1.0), ('max_range_atr', 6.0), ('skip_dow', ()))","(('max_trades_day', 1), ('day_stop_pct', 2.0), ('risk_on_balance', True))",(),True,2.0
3,BTCUSD,ftmo_p1,2.0,,,,,23.0,17.0,6.0,1.0,prevday,2.0,0.5,1,390,1.3,0.0,0.0,98.7,6.8,3.1,101089.0,396,0.0,0.0,0.0,100.0,,3.3,100104.0,,,"(('rng_type', 'prevday'), ('expire_hour', 17), ('exit_hour', 23), ('sl_frac', 0.5), ('rr', 2.0), ('min_range_atr', 1.0), ('max_range_atr', 6.0), ('skip_dow', ()))","(('max_trades_day', 1), ('risk_on_balance', False))",(),False,
3,BTCUSD,ftmo_p1,2.0,,,,,23.0,17.0,6.0,1.0,prevday,2.0,0.5,1,390,1.3,0.0,0.0,98.7,6.8,3.1,101089.0,396,0.0,0.0,0.0,100.0,,3.3,100104.0,,,"(('rng_type', 'prevday'), ('expire_hour', 17), ('exit_hour', 23), ('sl_frac', 0.5), ('rr', 2.0), ('min_range_atr', 1.0), ('max_range_atr', 6.0), ('skip_dow', ()))","(('max_trades_day', 1), ('day_stop_pct', 2.0), ('risk_on_balance', False))",(),False,2.0
3,BTCUSD,ftmo_p1,2.0,,,,,23.0,17.0,6.0,1.0,prevday,2.0,0.5,1,390,1.3,0.0,0.0,98.7,6.8,3.1,101091.0,396,0.3,0.0,0.0,99.7,6.9,3.3,100106.0,,,"(('rng_type', 'prevday'), ('expire_hour', 17), ('exit_hour', 23), ('sl_frac', 0.5), ('rr', 2.0), ('min_range_atr', 1.0), ('max_range_atr', 6.0), ('skip_dow', ()))","(('max_trades_day', 1), ('risk_on_balance', True))",(),True,
3,BTCUSD,ftmo_p1,2.0,,,,,23.0,17.0,6.0,1.0,prevday,2.0,0.5,1,390,1.3,0.0,0.0,98.7,6.8,3.1,101091.0,396,0.3,0.0,0.0,99.7,6.9,3.3,100106.0,,,"(('rng_type', 'prevday'), ('expire_hour', 17), ('exit_hour', 23), ('sl_frac', 0.5), ('rr', 2.0), ('min_range_atr', 1.0), ('max_range_atr', 6.0), ('skip_dow', ()))","(('max_trades_day', 1), ('day_stop_pct', 2.0), ('risk_on_balance', True))",(),True,2.0
3,BTCUSD,ftmo_p1,2.4,,,,,23.0,17.0,6.0,1.0,prevday,2.0,0.5,1,390,1.8,0.0,0.0,98.2,5.6,3.1,101191.0,396,0.5,0.0,0.3,99.2,5.6,3.3,100057.0,,,"(('rng_type', 'prevday'), ('expire_hour', 17), ('exit_hour', 23), ('sl_frac', 0.5), ('rr', 2.0), ('min_range_atr', 1.0), ('max_range_atr', 6.0), ('skip_dow', ()))","(('max_trades_day', 1), ('risk_on_balance', False))",(),False,
3,BTCUSD,ftmo_p1,2.4,,,,,23.0,17.0,6.0,1.0,prevday,2.0,0.5,1,390,1.8,0.0,0.0,98.2,5.6,3.1,101191.0,396,0.5,0.0,0.3,99.2,5.6,3.3,100057.0,,,"(('rng_type', 'prevday'), ('expire_hour', 17), ('exit_hour', 23), ('sl_frac', 0.5), ('rr', 2.0), ('min_range_atr', 1.0), ('max_range_atr', 6.0), ('skip_dow', ()))","(('max_trades_day', 1), ('day_stop_pct', 2.0), ('risk_on_balance', False))",(),False,2.0
3,BTCUSD,ftmo_p1,2.4,,,,,23.0,17.0,6.0,1.0,prevday,2.0,0.5,1,390,1.8,0.0,0.0,98.2,5.6,3.1,101187.0,396,0.5,0.0,0.3,99.2,5.6,3.3,100058.0,,,"(('rng_type', 'prevday'), ('expire_hour', 17), ('exit_hour', 23), ('sl_frac', 0.5), ('rr', 2.0), ('min_range_atr', 1.0), ('max_range_atr', 6.0), ('skip_dow', ()))","(('max_trades_day', 1), ('risk_on_balance', True))",(),True,
3,BTCUSD,ftmo_p1,2.4,,,,,23.0,17.0,6.0,1.0,prevday,2.0,0.5,1,390,1.8,0.0,0.0,98.2,5.6,3.1,101187.0,396,0.5,0.0,0.3,99.2,5.6,3.3,100058.0,,,"(('rng_type', 'prevday'), ('expire_hour', 17), ('exit_hour', 23), ('sl_frac', 0.5), ('rr', 2.0), ('min_range_atr', 1.0), ('max_range_atr', 6.0), ('skip_dow', ()))","(('max_trades_day', 1), ('day_stop_pct', 2.0), ('risk_on_balance', True))",(),True,2.0
3,BTCUSD,ftmo_p1,2.8,,,,,23.0,17.0,6.0,1.0,prevday,2.0,0.5,1,390,3.1,0.0,0.5,96.4,5.6,3.1,101256.0,396,0.8,0.0,0.8,98.5,5.6,3.3,100022.0,,,"(('rng_type', 'prevday'), ('expire_hour', 17), ('exit_hour', 23), ('sl_frac', 0.5), ('rr', 2.0), ('min_range_atr', 1.0), ('max_range_atr', 6.0), ('skip_dow', ()))","(('max_trades_day', 1), ('risk_on_balance', False))",(),False,
3,BTCUSD,ftmo_p1,2.8,,,,,23.0,17.0,6.0,1.0,prevday,2.0,0.5,1,390,3.1,0.0,0.5,96.4,5.6,3.1,101256.0,396,0.8,0.0,0.8,98.5,5.6,3.3,100022.0,,,"(('rng_type', 'prevday'), ('expire_hour', 17), ('exit_hour', 23), ('sl_frac', 0.5), ('rr', 2.0), ('min_range_atr', 1.0), ('max_range_atr', 6.0), ('skip_dow', ()))","(('max_trades_day', 1), ('day_stop_pct', 2.0), ('risk_on_balance', False))",(),False,2.0
3,BTCUSD,ftmo_p1,2.8,,,,,23.0,17.0,6.0,1.0,prevday,2.0,0.5,1,390,3.1,0.0,0.3,96.7,5.6,3.1,101268.0,396,0.8,0.0,0.8,98.5,5.6,3.3,100020.0,,,"(('rng_type', 'prevday'), ('expire_hour', 17), ('exit_hour', 23), ('sl_frac', 0.5), ('rr', 2.0), ('min_range_atr', 1.0), ('max_range_atr', 6.0), ('skip_dow', ()))","(('max_trades_day', 1), ('risk_on_balance', True))",(),True,
3,BTCUSD,ftmo_p1,2.8,,,,,23.0,17.0,6.0,1.0,prevday,2.0,0.5,1,390,3.1,0.0,0.3,96.7,5.6,3.1,101268.0,396,0.8,0.0,0.8,98.5,5.6,3.3,100020.0,,,"(('rng_type', 'prevday'), ('expire_hour', 17), ('exit_hour', 23), ('sl_frac', 0.5), ('rr', 2.0), ('min_range_atr', 1.0), ('max_range_atr', 6.0), ('skip_dow', ()))","(('max_trades_day', 1), ('day_stop_pct', 2.0), ('risk_on_balance', True))",(),True,2.0
3,GBPUSD,ftmo_1step,1.0,,,,,23.0,17.0,5.0,0.3,prelondon,3.0,1.0,1,395,0.0,0.0,0.0,100.0,,2.9,100242.0,205,0.0,0.0,0.0,100.0,,3.0,100100.0,,,"(('rng_type', 'prelondon'), ('expire_hour', 17), ('exit_hour', 23), ('sl_frac', 1.0), ('rr', 3.0), ('min_range_atr', 0.3), ('max_range_atr', 5.0), ('skip_dow', (0, 4)))","(('max_trades_day', 1), ('risk_on_balance', False))","(0, 4)",False,
3,GBPUSD,ftmo_1step,1.0,,,,,23.0,17.0,5.0,0.3,prelondon,3.0,1.0,1,395,0.0,0.0,0.0,100.0,,2.9,100242.0,205,0.0,0.0,0.0,100.0,,3.0,100100.0,,,"(('rng_type', 'prelondon'), ('expire_hour', 17), ('exit_hour', 23), ('sl_frac', 1.0), ('rr', 3.0), ('min_range_atr', 0.3), ('max_range_atr', 5.0), ('skip_dow', (0, 4)))","(('max_trades_day', 1), ('day_stop_pct', 2.0), ('risk_on_balance', False))","(0, 4)",False,2.0
3,GBPUSD,ftmo_1step,1.0,,,,,23.0,17.0,5.0,0.3,prelondon,3.0,1.0,1,395,0.0,0.0,0.0,100.0,,2.9,100241.0,205,0.0,0.0,0.0,100.0,,3.0,100101.0,,,"(('rng_type', 'prelondon'), ('expire_hour', 17), ('exit_hour', 23), ('sl_frac', 1.0), ('rr', 3.0), ('min_range_atr', 0.3), ('max_range_atr', 5.0), ('skip_dow', (0, 4)))","(('max_trades_day', 1), ('risk_on_balance', True))","(0, 4)",True,
3,GBPUSD,ftmo_1step,1.0,,,,,23.0,17.0,5.0,0.3,prelondon,3.0,1.0,1,395,0.0,0.0,0.0,100.0,,2.9,100241.0,205,0.0,0.0,0.0,100.0,,3.0,100101.0,,,"(('rng_type', 'prelondon'), ('expire_hour', 17), ('exit_hour', 23), ('sl_frac', 1.0), ('rr', 3.0), ('min_range_atr', 0.3), ('max_range_atr', 5.0), ('skip_dow', (0, 4)))","(('max_trades_day', 1), ('day_stop_pct', 2.0), ('risk_on_balance', True))","(0, 4)",True,2.0
3,GBPUSD,ftmo_1step,1.5,,,,,23.0,17.0,5.0,0.3,prelondon,3.0,1.0,1,395,1.8,0.0,0.0,98.2,6.5,2.9,100363.0,205,1.0,0.0,0.0,99.0,4.9,3.0,100150.0,,,"(('rng_type', 'prelondon'), ('expire_hour', 17), ('exit_hour', 23), ('sl_frac', 1.0), ('rr', 3.0), ('min_range_atr', 0.3), ('max_range_atr', 5.0), ('skip_dow', (0, 4)))","(('max_trades_day', 1), ('risk_on_balance', False))","(0, 4)",False,
3,GBPUSD,ftmo_1step,1.5,,,,,23.0,17.0,5.0,0.3,prelondon,3.0,1.0,1,395,1.8,0.0,0.0,98.2,6.5,2.9,100363.0,205,1.0,0.0,0.0,99.0,4.9,3.0,100150.0,,,"(('rng_type', 'prelondon'), ('expire_hour', 17), ('exit_hour', 23), ('sl_frac', 1.0), ('rr', 3.0), ('min_range_atr', 0.3), ('max_range_atr', 5.0), ('skip_dow', (0, 4)))","(('max_trades_day', 1), ('day_stop_pct', 2.0), ('risk_on_balance', False))","(0, 4)",False,2.0
3,GBPUSD,ftmo_1step,1.5,,,,,23.0,17.0,5.0,0.3,prelondon,3.0,1.0,1,395,1.8,0.0,0.0,98.2,6.5,2.9,100362.0,205,1.0,0.0,0.0,99.0,4.9,3.0,100152.0,,,"(('rng_type', 'prelondon'), ('expire_hour', 17), ('exit_hour', 23), ('sl_frac', 1.0), ('rr', 3.0), ('min_range_atr', 0.3), ('max_range_atr', 5.0), ('skip_dow', (0, 4)))","(('max_trades_day', 1), ('risk_on_balance', True))","(0, 4)",True,
3,GBPUSD,ftmo_1step,1.5,,,,,23.0,17.0,5.0,0.3,prelondon,3.0,1.0,1,395,1.8,0.0,0.0,98.2,6.5,2.9,100362.0,205,1.0,0.0,0.0,99.0,4.9,3.0,100152.0,,,"(('rng_type', 'prelondon'), ('expire_hour', 17), ('exit_hour', 23), ('sl_frac', 1.0), ('rr', 3.0), ('min_range_atr', 0.3), ('max_range_atr', 5.0), ('skip_dow', (0, 4)))","(('max_trades_day', 1), ('day_stop_pct', 2.0), ('risk_on_balance', True))","(0, 4)",True,2.0
3,GBPUSD,ftmo_1step,2.0,,,,,23.0,17.0,5.0,0.3,prelondon,3.0,1.0,1,395,0.8,4.3,1.3,93.7,6.4,2.9,100430.0,205,1.0,3.4,2.0,93.7,5.3,2.9,100220.0,,,"(('rng_type', 'prelondon'), ('expire_hour', 17), ('exit_hour', 23), ('sl_frac', 1.0), ('rr', 3.0), ('min_range_atr', 0.3), ('max_range_atr', 5.0), ('skip_dow', (0, 4)))","(('max_trades_day', 1), ('risk_on_balance', False))","(0, 4)",False,
3,GBPUSD,ftmo_1step,2.0,,,,,23.0,17.0,5.0,0.3,prelondon,3.0,1.0,1,395,0.8,4.3,1.3,93.7,6.4,2.9,100430.0,205,1.0,3.4,2.0,93.7,5.3,2.9,100220.0,,,"(('rng_type', 'prelondon'), ('expire_hour', 17), ('exit_hour', 23), ('sl_frac', 1.0), ('rr', 3.0), ('min_range_atr', 0.3), ('max_range_atr', 5.0), ('skip_dow', (0, 4)))","(('max_trades_day', 1), ('day_stop_pct', 2.0), ('risk_on_balance', False))","(0, 4)",False,2.0
3,GBPUSD,ftmo_1step,2.0,,,,,23.0,17.0,5.0,0.3,prelondon,3.0,1.0,1,395,0.8,4.3,1.3,93.7,6.4,2.9,100421.0,205,1.0,3.9,2.4,92.7,5.3,2.9,100235.0,,,"(('rng_type', 'prelondon'), ('expire_hour', 17), ('exit_hour', 23), ('sl_frac', 1.0), ('rr', 3.0), ('min_range_atr', 0.3), ('max_range_atr', 5.0), ('skip_dow', (0, 4)))","(('max_trades_day', 1), ('risk_on_balance', True))","(0, 4)",True,
3,GBPUSD,ftmo_1step,2.0,,,,,23.0,17.0,5.0,0.3,prelondon,3.0,1.0,1,395,0.8,4.3,1.3,93.7,6.4,2.9,100421.0,205,1.0,3.9,2.4,92.7,5.3,2.9,100235.0,,,"(('rng_type', 'prelondon'), ('expire_hour', 17), ('exit_hour', 23), ('sl_frac', 1.0), ('rr', 3.0), ('min_range_atr', 0.3), ('max_range_atr', 5.0), ('skip_dow', (0, 4)))","(('max_trades_day', 1), ('day_stop_pct', 2.0), ('risk_on_balance', True))","(0, 4)",True,2.0
3,GBPUSD,ftmo_1step,2.4,,,,,23.0,17.0,5.0,0.3,prelondon,3.0,1.0,1,395,0.5,7.8,6.3,85.3,6.7,2.9,100410.0,205,1.0,10.2,9.8,79.0,5.3,2.9,100315.0,,,"(('rng_type', 'prelondon'), ('expire_hour', 17), ('exit_hour', 23), ('sl_frac', 1.0), ('rr', 3.0), ('min_range_atr', 0.3), ('max_range_atr', 5.0), ('skip_dow', (0, 4)))","(('max_trades_day', 1), ('risk_on_balance', False))","(0, 4)",False,
3,GBPUSD,ftmo_1step,2.4,,,,,23.0,17.0,5.0,0.3,prelondon,3.0,1.0,1,395,0.5,7.8,6.3,85.3,6.7,2.9,100410.0,205,1.0,10.2,9.8,79.0,5.3,2.9,100315.0,,,"(('rng_type', 'prelondon'), ('expire_hour', 17), ('exit_hour', 23), ('sl_frac', 1.0), ('rr', 3.0), ('min_range_atr', 0.3), ('max_range_atr', 5.0), ('skip_dow', (0, 4)))","(('max_trades_day', 1), ('day_stop_pct', 2.0), ('risk_on_balance', False))","(0, 4)",False,2.0
3,GBPUSD,ftmo_1step,2.4,,,,,23.0,17.0,5.0,0.3,prelondon,3.0,1.0,1,395,0.5,7.6,5.6,86.3,6.7,2.9,100387.0,205,1.0,10.2,8.3,80.5,5.3,2.9,100360.0,,,"(('rng_type', 'prelondon'), ('expire_hour', 17), ('exit_hour', 23), ('sl_frac', 1.0), ('rr', 3.0), ('min_range_atr', 0.3), ('max_range_atr', 5.0), ('skip_dow', (0, 4)))","(('max_trades_day', 1), ('risk_on_balance', True))","(0, 4)",True,
3,GBPUSD,ftmo_1step,2.4,,,,,23.0,17.0,5.0,0.3,prelondon,3.0,1.0,1,395,0.5,7.6,5.6,86.3,6.7,2.9,100387.0,205,1.0,10.2,8.3,80.5,5.3,2.9,100360.0,,,"(('rng_type', 'prelondon'), ('expire_hour', 17), ('exit_hour', 23), ('sl_frac', 1.0), ('rr', 3.0), ('min_range_atr', 0.3), ('max_range_atr', 5.0), ('skip_dow', (0, 4)))","(('max_trades_day', 1), ('day_stop_pct', 2.0), ('risk_on_balance', True))","(0, 4)",True,2.0
3,GBPUSD,ftmo_1step,2.8,,,,,23.0,17.0,5.0,0.3,prelondon,3.0,1.0,1,395,0.3,9.4,19.5,70.9,6.9,2.8,100203.0,205,1.0,11.7,22.9,64.4,5.3,2.8,100379.0,,,"(('rng_type', 'prelondon'), ('expire_hour', 17), ('exit_hour', 23), ('sl_frac', 1.0), ('rr', 3.0), ('min_range_atr', 0.3), ('max_range_atr', 5.0), ('skip_dow', (0, 4)))","(('max_trades_day', 1), ('risk_on_balance', False))","(0, 4)",False,
3,GBPUSD,ftmo_1step,2.8,,,,,23.0,17.0,5.0,0.3,prelondon,3.0,1.0,1,395,0.3,9.4,19.5,70.9,6.9,2.8,100203.0,205,1.0,11.7,22.9,64.4,5.3,2.8,100379.0,,,"(('rng_type', 'prelondon'), ('expire_hour', 17), ('exit_hour', 23), ('sl_frac', 1.0), ('rr', 3.0), ('min_range_atr', 0.3), ('max_range_atr', 5.0), ('skip_dow', (0, 4)))","(('max_trades_day', 1), ('day_stop_pct', 2.0), ('risk_on_balance', False))","(0, 4)",False,2.0
3,GBPUSD,ftmo_1step,2.8,,,,,23.0,17.0,5.0,0.3,prelondon,3.0,1.0,1,395,0.3,8.6,27.6,63.5,6.9,2.7,100263.0,205,1.0,11.2,29.3,58.5,5.3,2.7,100522.0,,,"(('rng_type', 'prelondon'), ('expire_hour', 17), ('exit_hour', 23), ('sl_frac', 1.0), ('rr', 3.0), ('min_range_atr', 0.3), ('max_range_atr', 5.0), ('skip_dow', (0, 4)))","(('max_trades_day', 1), ('risk_on_balance', True))","(0, 4)",True,
3,GBPUSD,ftmo_1step,2.8,,,,,23.0,17.0,5.0,0.3,prelondon,3.0,1.0,1,395,0.3,8.6,27.6,63.5,6.9,2.7,100263.0,205,1.0,11.2,29.3,58.5,5.3,2.7,100522.0,,,"(('rng_type', 'prelondon'), ('expire_hour', 17), ('exit_hour', 23), ('sl_frac', 1.0), ('rr', 3.0), ('min_range_atr', 0.3), ('max_range_atr', 5.0), ('skip_dow', (0, 4)))","(('max_trades_day', 1), ('day_stop_pct', 2.0), ('risk_on_balance', True))","(0, 4)",True,2.0
3,GBPUSD,fundingpips_1step,1.0,,,,,23.0,17.0,5.0,0.3,prelondon,3.0,1.0,1,395,0.0,0.0,0.0,100.0,,2.9,100242.0,205,0.0,0.0,0.0,100.0,,3.0,100100.0,,,"(('rng_type', 'prelondon'), ('expire_hour', 17), ('exit_hour', 23), ('sl_frac', 1.0), ('rr', 3.0), ('min_range_atr', 0.3), ('max_range_atr', 5.0), ('skip_dow', (0, 4)))","(('max_trades_day', 1), ('risk_on_balance', False))","(0, 4)",False,
3,GBPUSD,fundingpips_1step,1.0,,,,,23.0,17.0,5.0,0.3,prelondon,3.0,1.0,1,395,0.0,0.0,0.0,100.0,,2.9,100242.0,205,0.0,0.0,0.0,100.0,,3.0,100100.0,,,"(('rng_type', 'prelondon'), ('expire_hour', 17), ('exit_hour', 23), ('sl_frac', 1.0), ('rr', 3.0), ('min_range_atr', 0.3), ('max_range_atr', 5.0), ('skip_dow', (0, 4)))","(('max_trades_day', 1), ('day_stop_pct', 2.0), ('risk_on_balance', False))","(0, 4)",False,2.0
3,GBPUSD,fundingpips_1step,1.0,,,,,23.0,17.0,5.0,0.3,prelondon,3.0,1.0,1,395,0.0,0.0,0.0,100.0,,2.9,100241.0,205,0.0,0.0,0.0,100.0,,3.0,100101.0,,,"(('rng_type', 'prelondon'), ('expire_hour', 17), ('exit_hour', 23), ('sl_frac', 1.0), ('rr', 3.0), ('min_range_atr', 0.3), ('max_range_atr', 5.0), ('skip_dow', (0, 4)))","(('max_trades_day', 1), ('risk_on_balance', True))","(0, 4)",True,
3,GBPUSD,fundingpips_1step,1.0,,,,,23.0,17.0,5.0,0.3,prelondon,3.0,1.0,1,395,0.0,0.0,0.0,100.0,,2.9,100241.0,205,0.0,0.0,0.0,100.0,,3.0,100101.0,,,"(('rng_type', 'prelondon'), ('expire_hour', 17), ('exit_hour', 23), ('sl_frac', 1.0), ('rr', 3.0), ('min_range_atr', 0.3), ('max_range_atr', 5.0), ('skip_dow', (0, 4)))","(('max_trades_day', 1), ('day_stop_pct', 2.0), ('risk_on_balance', True))","(0, 4)",True,2.0
3,GBPUSD,fundingpips_1step,1.5,,,,,23.0,17.0,5.0,0.3,prelondon,3.0,1.0,1,395,1.8,0.0,0.0,98.2,6.5,2.9,100363.0,205,1.0,0.0,0.0,99.0,4.9,3.0,100150.0,,,"(('rng_type', 'prelondon'), ('expire_hour', 17), ('exit_hour', 23), ('sl_frac', 1.0), ('rr', 3.0), ('min_range_atr', 0.3), ('max_range_atr', 5.0), ('skip_dow', (0, 4)))","(('max_trades_day', 1), ('risk_on_balance', False))","(0, 4)",False,
3,GBPUSD,fundingpips_1step,1.5,,,,,23.0,17.0,5.0,0.3,prelondon,3.0,1.0,1,395,1.8,0.0,0.0,98.2,6.5,2.9,100363.0,205,1.0,0.0,0.0,99.0,4.9,3.0,100150.0,,,"(('rng_type', 'prelondon'), ('expire_hour', 17), ('exit_hour', 23), ('sl_frac', 1.0), ('rr', 3.0), ('min_range_atr', 0.3), ('max_range_atr', 5.0), ('skip_dow', (0, 4)))","(('max_trades_day', 1), ('day_stop_pct', 2.0), ('risk_on_balance', False))","(0, 4)",False,2.0
3,GBPUSD,fundingpips_1step,1.5,,,,,23.0,17.0,5.0,0.3,prelondon,3.0,1.0,1,395,1.8,0.0,0.0,98.2,6.5,2.9,100362.0,205,1.0,0.0,0.0,99.0,4.9,3.0,100152.0,,,"(('rng_type', 'prelondon'), ('expire_hour', 17), ('exit_hour', 23), ('sl_frac', 1.0), ('rr', 3.0), ('min_range_atr', 0.3), ('max_range_atr', 5.0), ('skip_dow', (0, 4)))","(('max_trades_day', 1), ('risk_on_balance', True))","(0, 4)",True,
3,GBPUSD,fundingpips_1step,1.5,,,,,23.0,17.0,5.0,0.3,prelondon,3.0,1.0,1,395,1.8,0.0,0.0,98.2,6.5,2.9,100362.0,205,1.0,0.0,0.0,99.0,4.9,3.0,100152.0,,,"(('rng_type', 'prelondon'), ('expire_hour', 17), ('exit_hour', 23), ('sl_frac', 1.0), ('rr', 3.0), ('min_range_atr', 0.3), ('max_range_atr', 5.0), ('skip_dow', (0, 4)))","(('max_trades_day', 1), ('day_stop_pct', 2.0), ('risk_on_balance', True))","(0, 4)",True,2.0
3,GBPUSD,fundingpips_1step,2.0,,,,,23.0,17.0,5.0,0.3,prelondon,3.0,1.0,1,395,5.3,0.0,13.4,81.3,3.8,2.9,100430.0,205,4.4,0.0,20.5,75.1,3.8,2.9,100217.0,,,"(('rng_type', 'prelondon'), ('expire_hour', 17), ('exit_hour', 23), ('sl_frac', 1.0), ('rr', 3.0), ('min_range_atr', 0.3), ('max_range_atr', 5.0), ('skip_dow', (0, 4)))","(('max_trades_day', 1), ('risk_on_balance', False))","(0, 4)",False,
3,GBPUSD,fundingpips_1step,2.0,,,,,23.0,17.0,5.0,0.3,prelondon,3.0,1.0,1,395,5.3,0.0,13.4,81.3,3.8,2.9,100430.0,205,4.4,0.0,20.5,75.1,3.8,2.9,100217.0,,,"(('rng_type', 'prelondon'), ('expire_hour', 17), ('exit_hour', 23), ('sl_frac', 1.0), ('rr', 3.0), ('min_range_atr', 0.3), ('max_range_atr', 5.0), ('skip_dow', (0, 4)))","(('max_trades_day', 1), ('day_stop_pct', 2.0), ('risk_on_balance', False))","(0, 4)",False,2.0
3,GBPUSD,fundingpips_1step,2.0,,,,,23.0,17.0,5.0,0.3,prelondon,3.0,1.0,1,395,5.3,0.0,9.1,85.6,3.8,2.9,100422.0,205,4.9,0.0,15.6,79.5,3.2,2.9,100229.0,,,"(('rng_type', 'prelondon'), ('expire_hour', 17), ('exit_hour', 23), ('sl_frac', 1.0), ('rr', 3.0), ('min_range_atr', 0.3), ('max_range_atr', 5.0), ('skip_dow', (0, 4)))","(('max_trades_day', 1), ('risk_on_balance', True))","(0, 4)",True,
3,GBPUSD,fundingpips_1step,2.0,,,,,23.0,17.0,5.0,0.3,prelondon,3.0,1.0,1,395,5.3,0.0,9.1,85.6,3.8,2.9,100422.0,205,4.9,0.0,15.6,79.5,3.2,2.9,100229.0,,,"(('rng_type', 'prelondon'), ('expire_hour', 17), ('exit_hour', 23), ('sl_frac', 1.0), ('rr', 3.0), ('min_range_atr', 0.3), ('max_range_atr', 5.0), ('skip_dow', (0, 4)))","(('max_trades_day', 1), ('day_stop_pct', 2.0), ('risk_on_balance', True))","(0, 4)",True,2.0
3,GBPUSD,fundingpips_1step,2.4,,,,,23.0,17.0,5.0,0.3,prelondon,3.0,1.0,1,395,8.9,0.0,20.5,70.6,3.5,2.9,100397.0,205,11.2,0.0,28.8,60.0,5.6,2.9,100257.0,,,"(('rng_type', 'prelondon'), ('expire_hour', 17), ('exit_hour', 23), ('sl_frac', 1.0), ('rr', 3.0), ('min_range_atr', 0.3), ('max_range_atr', 5.0), ('skip_dow', (0, 4)))","(('max_trades_day', 1), ('risk_on_balance', False))","(0, 4)",False,
3,GBPUSD,fundingpips_1step,2.4,,,,,23.0,17.0,5.0,0.3,prelondon,3.0,1.0,1,395,8.9,0.0,20.5,70.6,3.5,2.9,100397.0,205,11.2,0.0,28.8,60.0,5.6,2.9,100257.0,,,"(('rng_type', 'prelondon'), ('expire_hour', 17), ('exit_hour', 23), ('sl_frac', 1.0), ('rr', 3.0), ('min_range_atr', 0.3), ('max_range_atr', 5.0), ('skip_dow', (0, 4)))","(('max_trades_day', 1), ('day_stop_pct', 2.0), ('risk_on_balance', False))","(0, 4)",False,2.0
3,GBPUSD,fundingpips_1step,2.4,,,,,23.0,17.0,5.0,0.3,prelondon,3.0,1.0,1,395,8.9,0.0,20.5,70.6,3.5,2.9,100375.0,205,11.2,0.0,28.3,60.5,5.6,2.9,100243.0,,,"(('rng_type', 'prelondon'), ('expire_hour', 17), ('exit_hour', 23), ('sl_frac', 1.0), ('rr', 3.0), ('min_range_atr', 0.3), ('max_range_atr', 5.0), ('skip_dow', (0, 4)))","(('max_trades_day', 1), ('risk_on_balance', True))","(0, 4)",True,
3,GBPUSD,fundingpips_1step,2.4,,,,,23.0,17.0,5.0,0.3,prelondon,3.0,1.0,1,395,8.9,0.0,20.5,70.6,3.5,2.9,100375.0,205,11.2,0.0,28.3,60.5,5.6,2.9,100243.0,,,"(('rng_type', 'prelondon'), ('expire_hour', 17), ('exit_hour', 23), ('sl_frac', 1.0), ('rr', 3.0), ('min_range_atr', 0.3), ('max_range_atr', 5.0), ('skip_dow', (0, 4)))","(('max_trades_day', 1), ('day_stop_pct', 2.0), ('risk_on_balance', True))","(0, 4)",True,2.0
3,GBPUSD,fundingpips_1step,2.8,,,,,23.0,17.0,5.0,0.3,prelondon,3.0,1.0,1,395,10.4,0.0,26.6,63.0,3.6,2.9,100449.0,205,12.7,0.0,37.1,50.2,5.5,2.9,100218.0,,,"(('rng_type', 'prelondon'), ('expire_hour', 17), ('exit_hour', 23), ('sl_frac', 1.0), ('rr', 3.0), ('min_range_atr', 0.3), ('max_range_atr', 5.0), ('skip_dow', (0, 4)))","(('max_trades_day', 1), ('risk_on_balance', False))","(0, 4)",False,
3,GBPUSD,fundingpips_1step,2.8,,,,,23.0,17.0,5.0,0.3,prelondon,3.0,1.0,1,395,10.4,0.0,26.6,63.0,3.6,2.9,100449.0,205,12.7,0.0,37.1,50.2,5.5,2.9,100218.0,,,"(('rng_type', 'prelondon'), ('expire_hour', 17), ('exit_hour', 23), ('sl_frac', 1.0), ('rr', 3.0), ('min_range_atr', 0.3), ('max_range_atr', 5.0), ('skip_dow', (0, 4)))","(('max_trades_day', 1), ('day_stop_pct', 2.0), ('risk_on_balance', False))","(0, 4)",False,2.0
3,GBPUSD,fundingpips_1step,2.8,,,,,23.0,17.0,5.0,0.3,prelondon,3.0,1.0,1,395,9.9,0.0,36.9,53.2,3.7,2.8,100515.0,205,12.7,0.0,47.8,39.5,4.6,2.8,100389.0,,,"(('rng_type', 'prelondon'), ('expire_hour', 17), ('exit_hour', 23), ('sl_frac', 1.0), ('rr', 3.0), ('min_range_atr', 0.3), ('max_range_atr', 5.0), ('skip_dow', (0, 4)))","(('max_trades_day', 1), ('risk_on_balance', True))","(0, 4)",True,
3,GBPUSD,fundingpips_1step,2.8,,,,,23.0,17.0,5.0,0.3,prelondon,3.0,1.0,1,395,9.9,0.0,36.9,53.2,3.7,2.8,100515.0,205,12.7,0.0,47.8,39.5,4.6,2.8,100389.0,,,"(('rng_type', 'prelondon'), ('expire_hour', 17), ('exit_hour', 23), ('sl_frac', 1.0), ('rr', 3.0), ('min_range_atr', 0.3), ('max_range_atr', 5.0), ('skip_dow', (0, 4)))","(('max_trades_day', 1), ('day_stop_pct', 2.0), ('risk_on_balance', True))","(0, 4)",True,2.0
3,GBPUSD,e8_one_8,1.0,,,,,23.0,17.0,5.0,0.3,prelondon,3.0,1.0,1,395,0.0,0.0,0.0,100.0,,2.9,100242.0,205,0.0,0.0,0.0,100.0,,3.0,100100.0,,,"(('rng_type', 'prelondon'), ('expire_hour', 17), ('exit_hour', 23), ('sl_frac', 1.0), ('rr', 3.0), ('min_range_atr', 0.3), ('max_range_atr', 5.0), ('skip_dow', (0, 4)))","(('max_trades_day', 1), ('risk_on_balance', False))","(0, 4)",False,
3,GBPUSD,e8_one_8,1.0,,,,,23.0,17.0,5.0,0.3,prelondon,3.0,1.0,1,395,0.0,0.0,0.0,100.0,,2.9,100242.0,205,0.0,0.0,0.0,100.0,,3.0,100100.0,,,"(('rng_type', 'prelondon'), ('expire_hour', 17), ('exit_hour', 23), ('sl_frac', 1.0), ('rr', 3.0), ('min_range_atr', 0.3), ('max_range_atr', 5.0), ('skip_dow', (0, 4)))","(('max_trades_day', 1), ('day_stop_pct', 2.0), ('risk_on_balance', False))","(0, 4)",False,2.0
3,GBPUSD,e8_one_8,1.0,,,,,23.0,17.0,5.0,0.3,prelondon,3.0,1.0,1,395,0.0,0.0,0.0,100.0,,2.9,100241.0,205,0.0,0.0,0.0,100.0,,3.0,100101.0,,,"(('rng_type', 'prelondon'), ('expire_hour', 17), ('exit_hour', 23), ('sl_frac', 1.0), ('rr', 3.0), ('min_range_atr', 0.3), ('max_range_atr', 5.0), ('skip_dow', (0, 4)))","(('max_trades_day', 1), ('risk_on_balance', True))","(0, 4)",True,
3,GBPUSD,e8_one_8,1.0,,,,,23.0,17.0,5.0,0.3,prelondon,3.0,1.0,1,395,0.0,0.0,0.0,100.0,,2.9,100241.0,205,0.0,0.0,0.0,100.0,,3.0,100101.0,,,"(('rng_type', 'prelondon'), ('expire_hour', 17), ('exit_hour', 23), ('sl_frac', 1.0), ('rr', 3.0), ('min_range_atr', 0.3), ('max_range_atr', 5.0), ('skip_dow', (0, 4)))","(('max_trades_day', 1), ('day_stop_pct', 2.0), ('risk_on_balance', True))","(0, 4)",True,2.0
3,GBPUSD,e8_one_8,1.5,,,,,23.0,17.0,5.0,0.3,prelondon,3.0,1.0,1,395,0.8,0.0,0.8,98.5,6.5,2.9,100348.0,205,0.0,0.0,1.0,99.0,,3.0,100156.0,,,"(('rng_type', 'prelondon'), ('expire_hour', 17), ('exit_hour', 23), ('sl_frac', 1.0), ('rr', 3.0), ('min_range_atr', 0.3), ('max_range_atr', 5.0), ('skip_dow', (0, 4)))","(('max_trades_day', 1), ('risk_on_balance', False))","(0, 4)",False,
3,GBPUSD,e8_one_8,1.5,,,,,23.0,17.0,5.0,0.3,prelondon,3.0,1.0,1,395,0.8,0.0,0.8,98.5,6.5,2.9,100348.0,205,0.0,0.0,1.0,99.0,,3.0,100156.0,,,"(('rng_type', 'prelondon'), ('expire_hour', 17), ('exit_hour', 23), ('sl_frac', 1.0), ('rr', 3.0), ('min_range_atr', 0.3), ('max_range_atr', 5.0), ('skip_dow', (0, 4)))","(('max_trades_day', 1), ('day_stop_pct', 2.0), ('risk_on_balance', False))","(0, 4)",False,2.0
3,GBPUSD,e8_one_8,1.5,,,,,23.0,17.0,5.0,0.3,prelondon,3.0,1.0,1,395,0.8,0.0,0.8,98.5,6.5,2.9,100346.0,205,0.0,0.0,1.0,99.0,,3.0,100154.0,,,"(('rng_type', 'prelondon'), ('expire_hour', 17), ('exit_hour', 23), ('sl_frac', 1.0), ('rr', 3.0), ('min_range_atr', 0.3), ('max_range_atr', 5.0), ('skip_dow', (0, 4)))","(('max_trades_day', 1), ('risk_on_balance', True))","(0, 4)",True,
3,GBPUSD,e8_one_8,1.5,,,,,23.0,17.0,5.0,0.3,prelondon,3.0,1.0,1,395,0.8,0.0,0.8,98.5,6.5,2.9,100346.0,205,0.0,0.0,1.0,99.0,,3.0,100154.0,,,"(('rng_type', 'prelondon'), ('expire_hour', 17), ('exit_hour', 23), ('sl_frac', 1.0), ('rr', 3.0), ('min_range_atr', 0.3), ('max_range_atr', 5.0), ('skip_dow', (0, 4)))","(('max_trades_day', 1), ('day_stop_pct', 2.0), ('risk_on_balance', True))","(0, 4)",True,2.0
3,GBPUSD,e8_one_8,2.0,,,,,23.0,17.0,5.0,0.3,prelondon,3.0,1.0,1,395,2.0,0.0,7.8,90.1,6.5,2.9,100321.0,205,2.0,0.0,12.7,85.4,5.3,2.9,100202.0,,,"(('rng_type', 'prelondon'), ('expire_hour', 17), ('exit_hour', 23), ('sl_frac', 1.0), ('rr', 3.0), ('min_range_atr', 0.3), ('max_range_atr', 5.0), ('skip_dow', (0, 4)))","(('max_trades_day', 1), ('risk_on_balance', False))","(0, 4)",False,
3,GBPUSD,e8_one_8,2.0,,,,,23.0,17.0,5.0,0.3,prelondon,3.0,1.0,1,395,2.0,0.0,7.8,90.1,6.5,2.9,100321.0,205,2.0,0.0,12.7,85.4,5.3,2.9,100202.0,,,"(('rng_type', 'prelondon'), ('expire_hour', 17), ('exit_hour', 23), ('sl_frac', 1.0), ('rr', 3.0), ('min_range_atr', 0.3), ('max_range_atr', 5.0), ('skip_dow', (0, 4)))","(('max_trades_day', 1), ('day_stop_pct', 2.0), ('risk_on_balance', False))","(0, 4)",False,2.0
3,GBPUSD,e8_one_8,2.0,,,,,23.0,17.0,5.0,0.3,prelondon,3.0,1.0,1,395,3.0,0.0,7.6,89.4,3.9,2.9,100302.0,205,3.9,0.0,12.2,83.9,3.3,2.9,100255.0,,,"(('rng_type', 'prelondon'), ('expire_hour', 17), ('exit_hour', 23), ('sl_frac', 1.0), ('rr', 3.0), ('min_range_atr', 0.3), ('max_range_atr', 5.0), ('skip_dow', (0, 4)))","(('max_trades_day', 1), ('risk_on_balance', True))","(0, 4)",True,
3,GBPUSD,e8_one_8,2.0,,,,,23.0,17.0,5.0,0.3,prelondon,3.0,1.0,1,395,3.0,0.0,7.6,89.4,3.9,2.9,100302.0,205,3.9,0.0,12.2,83.9,3.3,2.9,100255.0,,,"(('rng_type', 'prelondon'), ('expire_hour', 17), ('exit_hour', 23), ('sl_frac', 1.0), ('rr', 3.0), ('min_range_atr', 0.3), ('max_range_atr', 5.0), ('skip_dow', (0, 4)))","(('max_trades_day', 1), ('day_stop_pct', 2.0), ('risk_on_balance', True))","(0, 4)",True,2.0
3,GBPUSD,e8_one_8,2.4,,,,,23.0,17.0,5.0,0.3,prelondon,3.0,1.0,1,395,4.1,0.0,25.1,70.9,3.9,2.8,100126.0,205,3.9,0.0,30.7,65.4,4.6,2.8,100211.0,,,"(('rng_type', 'prelondon'), ('expire_hour', 17), ('exit_hour', 23), ('sl_frac', 1.0), ('rr', 3.0), ('min_range_atr', 0.3), ('max_range_atr', 5.0), ('skip_dow', (0, 4)))","(('max_trades_day', 1), ('risk_on_balance', False))","(0, 4)",False,
3,GBPUSD,e8_one_8,2.4,,,,,23.0,17.0,5.0,0.3,prelondon,3.0,1.0,1,395,4.1,0.0,25.1,70.9,3.9,2.8,100126.0,205,3.9,0.0,30.7,65.4,4.6,2.8,100211.0,,,"(('rng_type', 'prelondon'), ('expire_hour', 17), ('exit_hour', 23), ('sl_frac', 1.0), ('rr', 3.0), ('min_range_atr', 0.3), ('max_range_atr', 5.0), ('skip_dow', (0, 4)))","(('max_trades_day', 1), ('day_stop_pct', 2.0), ('risk_on_balance', False))","(0, 4)",False,2.0
3,GBPUSD,e8_one_8,2.4,,,,,23.0,17.0,5.0,0.3,prelondon,3.0,1.0,1,395,4.1,0.0,24.3,71.6,3.9,2.8,100132.0,205,5.4,0.0,30.7,63.9,5.4,2.8,100246.0,,,"(('rng_type', 'prelondon'), ('expire_hour', 17), ('exit_hour', 23), ('sl_frac', 1.0), ('rr', 3.0), ('min_range_atr', 0.3), ('max_range_atr', 5.0), ('skip_dow', (0, 4)))","(('max_trades_day', 1), ('risk_on_balance', True))","(0, 4)",True,
3,GBPUSD,e8_one_8,2.4,,,,,23.0,17.0,5.0,0.3,prelondon,3.0,1.0,1,395,4.1,0.0,24.3,71.6,3.9,2.8,100132.0,205,5.4,0.0,30.7,63.9,5.4,2.8,100246.0,,,"(('rng_type', 'prelondon'), ('expire_hour', 17), ('exit_hour', 23), ('sl_frac', 1.0), ('rr', 3.0), ('min_range_atr', 0.3), ('max_range_atr', 5.0), ('skip_dow', (0, 4)))","(('max_trades_day', 1), ('day_stop_pct', 2.0), ('risk_on_balance', True))","(0, 4)",True,2.0
3,GBPUSD,e8_one_8,2.8,,,,,23.0,17.0,5.0,0.3,prelondon,3.0,1.0,1,395,4.6,0.0,45.8,49.6,2.8,2.6,99630.0,205,8.8,0.0,52.2,39.0,5.7,2.7,100210.0,,,"(('rng_type', 'prelondon'), ('expire_hour', 17), ('exit_hour', 23), ('sl_frac', 1.0), ('rr', 3.0), ('min_range_atr', 0.3), ('max_range_atr', 5.0), ('skip_dow', (0, 4)))","(('max_trades_day', 1), ('risk_on_balance', False))","(0, 4)",False,
3,GBPUSD,e8_one_8,2.8,,,,,23.0,17.0,5.0,0.3,prelondon,3.0,1.0,1,395,4.6,0.0,45.8,49.6,2.8,2.6,99630.0,205,8.8,0.0,52.2,39.0,5.7,2.7,100210.0,,,"(('rng_type', 'prelondon'), ('expire_hour', 17), ('exit_hour', 23), ('sl_frac', 1.0), ('rr', 3.0), ('min_range_atr', 0.3), ('max_range_atr', 5.0), ('skip_dow', (0, 4)))","(('max_trades_day', 1), ('day_stop_pct', 2.0), ('risk_on_balance', False))","(0, 4)",False,2.0
3,GBPUSD,e8_one_8,2.8,,,,,23.0,17.0,5.0,0.3,prelondon,3.0,1.0,1,395,4.3,0.0,46.1,49.6,2.9,2.6,99563.0,205,9.8,0.0,50.2,40.0,5.7,2.7,100300.0,,,"(('rng_type', 'prelondon'), ('expire_hour', 17), ('exit_hour', 23), ('sl_frac', 1.0), ('rr', 3.0), ('min_range_atr', 0.3), ('max_range_atr', 5.0), ('skip_dow', (0, 4)))","(('max_trades_day', 1), ('risk_on_balance', True))","(0, 4)",True,
3,GBPUSD,e8_one_8,2.8,,,,,23.0,17.0,5.0,0.3,prelondon,3.0,1.0,1,395,4.3,0.0,46.1,49.6,2.9,2.6,99563.0,205,9.8,0.0,50.2,40.0,5.7,2.7,100300.0,,,"(('rng_type', 'prelondon'), ('expire_hour', 17), ('exit_hour', 23), ('sl_frac', 1.0), ('rr', 3.0), ('min_range_atr', 0.3), ('max_range_atr', 5.0), ('skip_dow', (0, 4)))","(('max_trades_day', 1), ('day_stop_pct', 2.0), ('risk_on_balance', True))","(0, 4)",True,2.0
3,GBPUSD,e8_one_14,1.0,,,,,23.0,17.0,5.0,0.3,prelondon,3.0,1.0,1,395,0.0,0.0,0.0,100.0,,2.9,100242.0,205,0.0,0.0,0.0,100.0,,3.0,100100.0,,,"(('rng_type', 'prelondon'), ('expire_hour', 17), ('exit_hour', 23), ('sl_frac', 1.0), ('rr', 3.0), ('min_range_atr', 0.3), ('max_range_atr', 5.0), ('skip_dow', (0, 4)))","(('max_trades_day', 1), ('risk_on_balance', False))","(0, 4)",False,
3,GBPUSD,e8_one_14,1.0,,,,,23.0,17.0,5.0,0.3,prelondon,3.0,1.0,1,395,0.0,0.0,0.0,100.0,,2.9,100242.0,205,0.0,0.0,0.0,100.0,,3.0,100100.0,,,"(('rng_type', 'prelondon'), ('expire_hour', 17), ('exit_hour', 23), ('sl_frac', 1.0), ('rr', 3.0), ('min_range_atr', 0.3), ('max_range_atr', 5.0), ('skip_dow', (0, 4)))","(('max_trades_day', 1), ('day_stop_pct', 2.0), ('risk_on_balance', False))","(0, 4)",False,2.0
3,GBPUSD,e8_one_14,1.0,,,,,23.0,17.0,5.0,0.3,prelondon,3.0,1.0,1,395,0.0,0.0,0.0,100.0,,2.9,100241.0,205,0.0,0.0,0.0,100.0,,3.0,100101.0,,,"(('rng_type', 'prelondon'), ('expire_hour', 17), ('exit_hour', 23), ('sl_frac', 1.0), ('rr', 3.0), ('min_range_atr', 0.3), ('max_range_atr', 5.0), ('skip_dow', (0, 4)))","(('max_trades_day', 1), ('risk_on_balance', True))","(0, 4)",True,
3,GBPUSD,e8_one_14,1.0,,,,,23.0,17.0,5.0,0.3,prelondon,3.0,1.0,1,395,0.0,0.0,0.0,100.0,,2.9,100241.0,205,0.0,0.0,0.0,100.0,,3.0,100101.0,,,"(('rng_type', 'prelondon'), ('expire_hour', 17), ('exit_hour', 23), ('sl_frac', 1.0), ('rr', 3.0), ('min_range_atr', 0.3), ('max_range_atr', 5.0), ('skip_dow', (0, 4)))","(('max_trades_day', 1), ('day_stop_pct', 2.0), ('risk_on_balance', True))","(0, 4)",True,2.0
3,GBPUSD,e8_one_14,1.5,,,,,23.0,17.0,5.0,0.3,prelondon,3.0,1.0,1,395,0.0,0.0,0.0,100.0,,2.9,100363.0,205,0.0,0.0,0.0,100.0,,3.0,100150.0,,,"(('rng_type', 'prelondon'), ('expire_hour', 17), ('exit_hour', 23), ('sl_frac', 1.0), ('rr', 3.0), ('min_range_atr', 0.3), ('max_range_atr', 5.0), ('skip_dow', (0, 4)))","(('max_trades_day', 1), ('risk_on_balance', False))","(0, 4)",False,
3,GBPUSD,e8_one_14,1.5,,,,,23.0,17.0,5.0,0.3,prelondon,3.0,1.0,1,395,0.0,0.0,0.0,100.0,,2.9,100363.0,205,0.0,0.0,0.0,100.0,,3.0,100150.0,,,"(('rng_type', 'prelondon'), ('expire_hour', 17), ('exit_hour', 23), ('sl_frac', 1.0), ('rr', 3.0), ('min_range_atr', 0.3), ('max_range_atr', 5.0), ('skip_dow', (0, 4)))","(('max_trades_day', 1), ('day_stop_pct', 2.0), ('risk_on_balance', False))","(0, 4)",False,2.0
3,GBPUSD,e8_one_14,1.5,,,,,23.0,17.0,5.0,0.3,prelondon,3.0,1.0,1,395,0.0,0.0,0.0,100.0,,2.9,100362.0,205,0.0,0.0,0.0,100.0,,3.0,100152.0,,,"(('rng_type', 'prelondon'), ('expire_hour', 17), ('exit_hour', 23), ('sl_frac', 1.0), ('rr', 3.0), ('min_range_atr', 0.3), ('max_range_atr', 5.0), ('skip_dow', (0, 4)))","(('max_trades_day', 1), ('risk_on_balance', True))","(0, 4)",True,
3,GBPUSD,e8_one_14,1.5,,,,,23.0,17.0,5.0,0.3,prelondon,3.0,1.0,1,395,0.0,0.0,0.0,100.0,,2.9,100362.0,205,0.0,0.0,0.0,100.0,,3.0,100152.0,,,"(('rng_type', 'prelondon'), ('expire_hour', 17), ('exit_hour', 23), ('sl_frac', 1.0), ('rr', 3.0), ('min_range_atr', 0.3), ('max_range_atr', 5.0), ('skip_dow', (0, 4)))","(('max_trades_day', 1), ('day_stop_pct', 2.0), ('risk_on_balance', True))","(0, 4)",True,2.0
3,GBPUSD,e8_one_14,2.0,,,,,23.0,17.0,5.0,0.3,prelondon,3.0,1.0,1,395,0.0,0.0,0.0,100.0,,2.9,100485.0,205,0.0,0.0,0.0,100.0,,3.0,100201.0,,,"(('rng_type', 'prelondon'), ('expire_hour', 17), ('exit_hour', 23), ('sl_frac', 1.0), ('rr', 3.0), ('min_range_atr', 0.3), ('max_range_atr', 5.0), ('skip_dow', (0, 4)))","(('max_trades_day', 1), ('risk_on_balance', False))","(0, 4)",False,
3,GBPUSD,e8_one_14,2.0,,,,,23.0,17.0,5.0,0.3,prelondon,3.0,1.0,1,395,0.0,0.0,0.0,100.0,,2.9,100485.0,205,0.0,0.0,0.0,100.0,,3.0,100201.0,,,"(('rng_type', 'prelondon'), ('expire_hour', 17), ('exit_hour', 23), ('sl_frac', 1.0), ('rr', 3.0), ('min_range_atr', 0.3), ('max_range_atr', 5.0), ('skip_dow', (0, 4)))","(('max_trades_day', 1), ('day_stop_pct', 2.0), ('risk_on_balance', False))","(0, 4)",False,2.0
3,GBPUSD,e8_one_14,2.0,,,,,23.0,17.0,5.0,0.3,prelondon,3.0,1.0,1,395,0.0,0.0,0.0,100.0,,2.9,100482.0,205,0.0,0.0,0.0,100.0,,3.0,100203.0,,,"(('rng_type', 'prelondon'), ('expire_hour', 17), ('exit_hour', 23), ('sl_frac', 1.0), ('rr', 3.0), ('min_range_atr', 0.3), ('max_range_atr', 5.0), ('skip_dow', (0, 4)))","(('max_trades_day', 1), ('risk_on_balance', True))","(0, 4)",True,
3,GBPUSD,e8_one_14,2.0,,,,,23.0,17.0,5.0,0.3,prelondon,3.0,1.0,1,395,0.0,0.0,0.0,100.0,,2.9,100482.0,205,0.0,0.0,0.0,100.0,,3.0,100203.0,,,"(('rng_type', 'prelondon'), ('expire_hour', 17), ('exit_hour', 23), ('sl_frac', 1.0), ('rr', 3.0), ('min_range_atr', 0.3), ('max_range_atr', 5.0), ('skip_dow', (0, 4)))","(('max_trades_day', 1), ('day_stop_pct', 2.0), ('risk_on_balance', True))","(0, 4)",True,2.0
3,GBPUSD,e8_one_14,2.4,,,,,23.0,17.0,5.0,0.3,prelondon,3.0,1.0,1,395,0.8,0.0,0.3,99.0,6.5,2.9,100584.0,205,0.0,0.0,0.0,100.0,,3.0,100241.0,,,"(('rng_type', 'prelondon'), ('expire_hour', 17), ('exit_hour', 23), ('sl_frac', 1.0), ('rr', 3.0), ('min_range_atr', 0.3), ('max_range_atr', 5.0), ('skip_dow', (0, 4)))","(('max_trades_day', 1), ('risk_on_balance', False))","(0, 4)",False,
3,GBPUSD,e8_one_14,2.4,,,,,23.0,17.0,5.0,0.3,prelondon,3.0,1.0,1,395,0.8,0.0,0.3,99.0,6.5,2.9,100584.0,205,0.0,0.0,0.0,100.0,,3.0,100241.0,,,"(('rng_type', 'prelondon'), ('expire_hour', 17), ('exit_hour', 23), ('sl_frac', 1.0), ('rr', 3.0), ('min_range_atr', 0.3), ('max_range_atr', 5.0), ('skip_dow', (0, 4)))","(('max_trades_day', 1), ('day_stop_pct', 2.0), ('risk_on_balance', False))","(0, 4)",False,2.0
3,GBPUSD,e8_one_14,2.4,,,,,23.0,17.0,5.0,0.3,prelondon,3.0,1.0,1,395,0.8,0.0,0.5,98.7,6.5,2.9,100554.0,205,0.0,0.0,0.0,100.0,,3.0,100245.0,,,"(('rng_type', 'prelondon'), ('expire_hour', 17), ('exit_hour', 23), ('sl_frac', 1.0), ('rr', 3.0), ('min_range_atr', 0.3), ('max_range_atr', 5.0), ('skip_dow', (0, 4)))","(('max_trades_day', 1), ('risk_on_balance', True))","(0, 4)",True,
3,GBPUSD,e8_one_14,2.4,,,,,23.0,17.0,5.0,0.3,prelondon,3.0,1.0,1,395,0.8,0.0,0.5,98.7,6.5,2.9,100554.0,205,0.0,0.0,0.0,100.0,,3.0,100245.0,,,"(('rng_type', 'prelondon'), ('expire_hour', 17), ('exit_hour', 23), ('sl_frac', 1.0), ('rr', 3.0), ('min_range_atr', 0.3), ('max_range_atr', 5.0), ('skip_dow', (0, 4)))","(('max_trades_day', 1), ('day_stop_pct', 2.0), ('risk_on_balance', True))","(0, 4)",True,2.0
3,GBPUSD,e8_one_14,2.8,,,,,23.0,17.0,5.0,0.3,prelondon,3.0,1.0,1,395,1.0,0.0,1.3,97.7,5.2,2.9,100657.0,205,0.0,0.0,2.0,98.0,,3.0,100290.0,,,"(('rng_type', 'prelondon'), ('expire_hour', 17), ('exit_hour', 23), ('sl_frac', 1.0), ('rr', 3.0), ('min_range_atr', 0.3), ('max_range_atr', 5.0), ('skip_dow', (0, 4)))","(('max_trades_day', 1), ('risk_on_balance', False))","(0, 4)",False,
3,GBPUSD,e8_one_14,2.8,,,,,23.0,17.0,5.0,0.3,prelondon,3.0,1.0,1,395,1.0,0.0,1.3,97.7,5.2,2.9,100657.0,205,0.0,0.0,2.0,98.0,,3.0,100290.0,,,"(('rng_type', 'prelondon'), ('expire_hour', 17), ('exit_hour', 23), ('sl_frac', 1.0), ('rr', 3.0), ('min_range_atr', 0.3), ('max_range_atr', 5.0), ('skip_dow', (0, 4)))","(('max_trades_day', 1), ('day_stop_pct', 2.0), ('risk_on_balance', False))","(0, 4)",False,2.0
3,GBPUSD,e8_one_14,2.8,,,,,23.0,17.0,5.0,0.3,prelondon,3.0,1.0,1,395,1.3,0.0,1.3,97.5,6.5,2.9,100648.0,205,0.5,0.0,2.4,97.1,6.9,3.0,100298.0,,,"(('rng_type', 'prelondon'), ('expire_hour', 17), ('exit_hour', 23), ('sl_frac', 1.0), ('rr', 3.0), ('min_range_atr', 0.3), ('max_range_atr', 5.0), ('skip_dow', (0, 4)))","(('max_trades_day', 1), ('risk_on_balance', True))","(0, 4)",True,
3,GBPUSD,e8_one_14,2.8,,,,,23.0,17.0,5.0,0.3,prelondon,3.0,1.0,1,395,1.3,0.0,1.3,97.5,6.5,2.9,100648.0,205,0.5,0.0,2.4,97.1,6.9,3.0,100298.0,,,"(('rng_type', 'prelondon'), ('expire_hour', 17), ('exit_hour', 23), ('sl_frac', 1.0), ('rr', 3.0), ('min_range_atr', 0.3), ('max_range_atr', 5.0), ('skip_dow', (0, 4)))","(('max_trades_day', 1), ('day_stop_pct', 2.0), ('risk_on_balance', True))","(0, 4)",True,2.0
3,GBPUSD,the5ers_hyper,1.0,,,,,23.0,17.0,5.0,0.3,prelondon,3.0,1.0,1,395,0.0,0.0,0.0,100.0,,2.9,100242.0,205,0.0,0.0,0.0,100.0,,3.0,100100.0,,,"(('rng_type', 'prelondon'), ('expire_hour', 17), ('exit_hour', 23), ('sl_frac', 1.0), ('rr', 3.0), ('min_range_atr', 0.3), ('max_range_atr', 5.0), ('skip_dow', (0, 4)))","(('max_trades_day', 1), ('risk_on_balance', False))","(0, 4)",False,
3,GBPUSD,the5ers_hyper,1.0,,,,,23.0,17.0,5.0,0.3,prelondon,3.0,1.0,1,395,0.0,0.0,0.0,100.0,,2.9,100242.0,205,0.0,0.0,0.0,100.0,,3.0,100100.0,,,"(('rng_type', 'prelondon'), ('expire_hour', 17), ('exit_hour', 23), ('sl_frac', 1.0), ('rr', 3.0), ('min_range_atr', 0.3), ('max_range_atr', 5.0), ('skip_dow', (0, 4)))","(('max_trades_day', 1), ('day_stop_pct', 2.0), ('risk_on_balance', False))","(0, 4)",False,2.0
3,GBPUSD,the5ers_hyper,1.0,,,,,23.0,17.0,5.0,0.3,prelondon,3.0,1.0,1,395,0.0,0.0,0.0,100.0,,2.9,100241.0,205,0.0,0.0,0.0,100.0,,3.0,100101.0,,,"(('rng_type', 'prelondon'), ('expire_hour', 17), ('exit_hour', 23), ('sl_frac', 1.0), ('rr', 3.0), ('min_range_atr', 0.3), ('max_range_atr', 5.0), ('skip_dow', (0, 4)))","(('max_trades_day', 1), ('risk_on_balance', True))","(0, 4)",True,
3,GBPUSD,the5ers_hyper,1.0,,,,,23.0,17.0,5.0,0.3,prelondon,3.0,1.0,1,395,0.0,0.0,0.0,100.0,,2.9,100241.0,205,0.0,0.0,0.0,100.0,,3.0,100101.0,,,"(('rng_type', 'prelondon'), ('expire_hour', 17), ('exit_hour', 23), ('sl_frac', 1.0), ('rr', 3.0), ('min_range_atr', 0.3), ('max_range_atr', 5.0), ('skip_dow', (0, 4)))","(('max_trades_day', 1), ('day_stop_pct', 2.0), ('risk_on_balance', True))","(0, 4)",True,2.0
3,GBPUSD,the5ers_hyper,1.5,,,,,23.0,17.0,5.0,0.3,prelondon,3.0,1.0,1,395,1.8,0.0,0.0,98.2,6.5,2.9,100364.0,205,1.0,0.0,0.0,99.0,5.6,3.0,100150.0,,,"(('rng_type', 'prelondon'), ('expire_hour', 17), ('exit_hour', 23), ('sl_frac', 1.0), ('rr', 3.0), ('min_range_atr', 0.3), ('max_range_atr', 5.0), ('skip_dow', (0, 4)))","(('max_trades_day', 1), ('risk_on_balance', False))","(0, 4)",False,
3,GBPUSD,the5ers_hyper,1.5,,,,,23.0,17.0,5.0,0.3,prelondon,3.0,1.0,1,395,1.8,0.0,0.0,98.2,6.5,2.9,100364.0,205,1.0,0.0,0.0,99.0,5.6,3.0,100150.0,,,"(('rng_type', 'prelondon'), ('expire_hour', 17), ('exit_hour', 23), ('sl_frac', 1.0), ('rr', 3.0), ('min_range_atr', 0.3), ('max_range_atr', 5.0), ('skip_dow', (0, 4)))","(('max_trades_day', 1), ('day_stop_pct', 2.0), ('risk_on_balance', False))","(0, 4)",False,2.0
3,GBPUSD,the5ers_hyper,1.5,,,,,23.0,17.0,5.0,0.3,prelondon,3.0,1.0,1,395,1.8,0.0,0.0,98.2,6.5,2.9,100363.0,205,1.0,0.0,0.0,99.0,5.6,3.0,100152.0,,,"(('rng_type', 'prelondon'), ('expire_hour', 17), ('exit_hour', 23), ('sl_frac', 1.0), ('rr', 3.0), ('min_range_atr', 0.3), ('max_range_atr', 5.0), ('skip_dow', (0, 4)))","(('max_trades_day', 1), ('risk_on_balance', True))","(0, 4)",True,
3,GBPUSD,the5ers_hyper,1.5,,,,,23.0,17.0,5.0,0.3,prelondon,3.0,1.0,1,395,1.8,0.0,0.0,98.2,6.5,2.9,100363.0,205,1.0,0.0,0.0,99.0,5.6,3.0,100152.0,,,"(('rng_type', 'prelondon'), ('expire_hour', 17), ('exit_hour', 23), ('sl_frac', 1.0), ('rr', 3.0), ('min_range_atr', 0.3), ('max_range_atr', 5.0), ('skip_dow', (0, 4)))","(('max_trades_day', 1), ('day_stop_pct', 2.0), ('risk_on_balance', True))","(0, 4)",True,2.0
3,GBPUSD,the5ers_hyper,2.0,,,,,23.0,17.0,5.0,0.3,prelondon,3.0,1.0,1,395,4.8,0.0,13.2,82.0,4.2,2.9,100433.0,205,3.4,0.0,20.5,76.1,4.2,2.9,100217.0,,,"(('rng_type', 'prelondon'), ('expire_hour', 17), ('exit_hour', 23), ('sl_frac', 1.0), ('rr', 3.0), ('min_range_atr', 0.3), ('max_range_atr', 5.0), ('skip_dow', (0, 4)))","(('max_trades_day', 1), ('risk_on_balance', False))","(0, 4)",False,
3,GBPUSD,the5ers_hyper,2.0,,,,,23.0,17.0,5.0,0.3,prelondon,3.0,1.0,1,395,4.8,0.0,13.2,82.0,4.2,2.9,100433.0,205,3.4,0.0,20.5,76.1,4.2,2.9,100217.0,,,"(('rng_type', 'prelondon'), ('expire_hour', 17), ('exit_hour', 23), ('sl_frac', 1.0), ('rr', 3.0), ('min_range_atr', 0.3), ('max_range_atr', 5.0), ('skip_dow', (0, 4)))","(('max_trades_day', 1), ('day_stop_pct', 2.0), ('risk_on_balance', False))","(0, 4)",False,2.0
3,GBPUSD,the5ers_hyper,2.0,,,,,23.0,17.0,5.0,0.3,prelondon,3.0,1.0,1,395,4.8,0.0,8.9,86.3,4.2,2.9,100425.0,205,3.9,0.0,15.6,80.5,4.2,2.9,100229.0,,,"(('rng_type', 'prelondon'), ('expire_hour', 17), ('exit_hour', 23), ('sl_frac', 1.0), ('rr', 3.0), ('min_range_atr', 0.3), ('max_range_atr', 5.0), ('skip_dow', (0, 4)))","(('max_trades_day', 1), ('risk_on_balance', True))","(0, 4)",True,
3,GBPUSD,the5ers_hyper,2.0,,,,,23.0,17.0,5.0,0.3,prelondon,3.0,1.0,1,395,4.8,0.0,8.9,86.3,4.2,2.9,100425.0,205,3.9,0.0,15.6,80.5,4.2,2.9,100229.0,,,"(('rng_type', 'prelondon'), ('expire_hour', 17), ('exit_hour', 23), ('sl_frac', 1.0), ('rr', 3.0), ('min_range_atr', 0.3), ('max_range_atr', 5.0), ('skip_dow', (0, 4)))","(('max_trades_day', 1), ('day_stop_pct', 2.0), ('risk_on_balance', True))","(0, 4)",True,2.0
3,GBPUSD,the5ers_hyper,2.4,,,,,23.0,17.0,5.0,0.3,prelondon,3.0,1.0,1,395,7.8,0.0,20.5,71.6,4.2,2.9,100393.0,205,9.3,0.0,28.8,62.0,4.2,2.9,100256.0,,,"(('rng_type', 'prelondon'), ('expire_hour', 17), ('exit_hour', 23), ('sl_frac', 1.0), ('rr', 3.0), ('min_range_atr', 0.3), ('max_range_atr', 5.0), ('skip_dow', (0, 4)))","(('max_trades_day', 1), ('risk_on_balance', False))","(0, 4)",False,
3,GBPUSD,the5ers_hyper,2.4,,,,,23.0,17.0,5.0,0.3,prelondon,3.0,1.0,1,395,7.8,0.0,20.5,71.6,4.2,2.9,100393.0,205,9.3,0.0,28.8,62.0,4.2,2.9,100256.0,,,"(('rng_type', 'prelondon'), ('expire_hour', 17), ('exit_hour', 23), ('sl_frac', 1.0), ('rr', 3.0), ('min_range_atr', 0.3), ('max_range_atr', 5.0), ('skip_dow', (0, 4)))","(('max_trades_day', 1), ('day_stop_pct', 2.0), ('risk_on_balance', False))","(0, 4)",False,2.0
3,GBPUSD,the5ers_hyper,2.4,,,,,23.0,17.0,5.0,0.3,prelondon,3.0,1.0,1,395,7.8,0.0,20.5,71.6,4.2,2.9,100372.0,205,9.3,0.0,28.3,62.4,4.2,2.9,100242.0,,,"(('rng_type', 'prelondon'), ('expire_hour', 17), ('exit_hour', 23), ('sl_frac', 1.0), ('rr', 3.0), ('min_range_atr', 0.3), ('max_range_atr', 5.0), ('skip_dow', (0, 4)))","(('max_trades_day', 1), ('risk_on_balance', True))","(0, 4)",True,
3,GBPUSD,the5ers_hyper,2.4,,,,,23.0,17.0,5.0,0.3,prelondon,3.0,1.0,1,395,7.8,0.0,20.5,71.6,4.2,2.9,100372.0,205,9.3,0.0,28.3,62.4,4.2,2.9,100242.0,,,"(('rng_type', 'prelondon'), ('expire_hour', 17), ('exit_hour', 23), ('sl_frac', 1.0), ('rr', 3.0), ('min_range_atr', 0.3), ('max_range_atr', 5.0), ('skip_dow', (0, 4)))","(('max_trades_day', 1), ('day_stop_pct', 2.0), ('risk_on_balance', True))","(0, 4)",True,2.0
3,GBPUSD,the5ers_hyper,2.8,,,,,23.0,17.0,5.0,0.3,prelondon,3.0,1.0,1,395,8.9,0.0,26.6,64.6,4.2,2.9,100440.0,205,10.2,0.0,37.1,52.7,4.2,2.9,100220.0,,,"(('rng_type', 'prelondon'), ('expire_hour', 17), ('exit_hour', 23), ('sl_frac', 1.0), ('rr', 3.0), ('min_range_atr', 0.3), ('max_range_atr', 5.0), ('skip_dow', (0, 4)))","(('max_trades_day', 1), ('risk_on_balance', False))","(0, 4)",False,
3,GBPUSD,the5ers_hyper,2.8,,,,,23.0,17.0,5.0,0.3,prelondon,3.0,1.0,1,395,8.9,0.0,26.6,64.6,4.2,2.9,100440.0,205,10.2,0.0,37.1,52.7,4.2,2.9,100220.0,,,"(('rng_type', 'prelondon'), ('expire_hour', 17), ('exit_hour', 23), ('sl_frac', 1.0), ('rr', 3.0), ('min_range_atr', 0.3), ('max_range_atr', 5.0), ('skip_dow', (0, 4)))","(('max_trades_day', 1), ('day_stop_pct', 2.0), ('risk_on_balance', False))","(0, 4)",False,2.0
3,GBPUSD,the5ers_hyper,2.8,,,,,23.0,17.0,5.0,0.3,prelondon,3.0,1.0,1,395,8.4,0.0,36.4,55.2,4.2,2.8,100498.0,205,10.2,0.0,46.3,43.4,4.2,2.8,100361.0,,,"(('rng_type', 'prelondon'), ('expire_hour', 17), ('exit_hour', 23), ('sl_frac', 1.0), ('rr', 3.0), ('min_range_atr', 0.3), ('max_range_atr', 5.0), ('skip_dow', (0, 4)))","(('max_trades_day', 1), ('risk_on_balance', True))","(0, 4)",True,
3,GBPUSD,the5ers_hyper,2.8,,,,,23.0,17.0,5.0,0.3,prelondon,3.0,1.0,1,395,8.4,0.0,36.4,55.2,4.2,2.8,100498.0,205,10.2,0.0,46.3,43.4,4.2,2.8,100361.0,,,"(('rng_type', 'prelondon'), ('expire_hour', 17), ('exit_hour', 23), ('sl_frac', 1.0), ('rr', 3.0), ('min_range_atr', 0.3), ('max_range_atr', 5.0), ('skip_dow', (0, 4)))","(('max_trades_day', 1), ('day_stop_pct', 2.0), ('risk_on_balance', True))","(0, 4)",True,2.0
3,GBPUSD,ftmo_p1,1.0,,,,,23.0,17.0,5.0,0.3,prelondon,3.0,1.0,1,395,0.0,0.0,0.0,100.0,,2.9,100242.0,205,0.0,0.0,0.0,100.0,,3.0,100100.0,,,"(('rng_type', 'prelondon'), ('expire_hour', 17), ('exit_hour', 23), ('sl_frac', 1.0), ('rr', 3.0), ('min_range_atr', 0.3), ('max_range_atr', 5.0), ('skip_dow', (0, 4)))","(('max_trades_day', 1), ('risk_on_balance', False))","(0, 4)",False,
3,GBPUSD,ftmo_p1,1.0,,,,,23.0,17.0,5.0,0.3,prelondon,3.0,1.0,1,395,0.0,0.0,0.0,100.0,,2.9,100242.0,205,0.0,0.0,0.0,100.0,,3.0,100100.0,,,"(('rng_type', 'prelondon'), ('expire_hour', 17), ('exit_hour', 23), ('sl_frac', 1.0), ('rr', 3.0), ('min_range_atr', 0.3), ('max_range_atr', 5.0), ('skip_dow', (0, 4)))","(('max_trades_day', 1), ('day_stop_pct', 2.0), ('risk_on_balance', False))","(0, 4)",False,2.0
3,GBPUSD,ftmo_p1,1.0,,,,,23.0,17.0,5.0,0.3,prelondon,3.0,1.0,1,395,0.0,0.0,0.0,100.0,,2.9,100241.0,205,0.0,0.0,0.0,100.0,,3.0,100101.0,,,"(('rng_type', 'prelondon'), ('expire_hour', 17), ('exit_hour', 23), ('sl_frac', 1.0), ('rr', 3.0), ('min_range_atr', 0.3), ('max_range_atr', 5.0), ('skip_dow', (0, 4)))","(('max_trades_day', 1), ('risk_on_balance', True))","(0, 4)",True,
3,GBPUSD,ftmo_p1,1.0,,,,,23.0,17.0,5.0,0.3,prelondon,3.0,1.0,1,395,0.0,0.0,0.0,100.0,,2.9,100241.0,205,0.0,0.0,0.0,100.0,,3.0,100101.0,,,"(('rng_type', 'prelondon'), ('expire_hour', 17), ('exit_hour', 23), ('sl_frac', 1.0), ('rr', 3.0), ('min_range_atr', 0.3), ('max_range_atr', 5.0), ('skip_dow', (0, 4)))","(('max_trades_day', 1), ('day_stop_pct', 2.0), ('risk_on_balance', True))","(0, 4)",True,2.0
3,GBPUSD,ftmo_p1,1.5,,,,,23.0,17.0,5.0,0.3,prelondon,3.0,1.0,1,395,0.5,0.0,0.0,99.5,5.6,2.9,100363.0,205,0.5,0.0,0.0,99.5,5.6,3.0,100150.0,,,"(('rng_type', 'prelondon'), ('expire_hour', 17), ('exit_hour', 23), ('sl_frac', 1.0), ('rr', 3.0), ('min_range_atr', 0.3), ('max_range_atr', 5.0), ('skip_dow', (0, 4)))","(('max_trades_day', 1), ('risk_on_balance', False))","(0, 4)",False,
3,GBPUSD,ftmo_p1,1.5,,,,,23.0,17.0,5.0,0.3,prelondon,3.0,1.0,1,395,0.5,0.0,0.0,99.5,5.6,2.9,100363.0,205,0.5,0.0,0.0,99.5,5.6,3.0,100150.0,,,"(('rng_type', 'prelondon'), ('expire_hour', 17), ('exit_hour', 23), ('sl_frac', 1.0), ('rr', 3.0), ('min_range_atr', 0.3), ('max_range_atr', 5.0), ('skip_dow', (0, 4)))","(('max_trades_day', 1), ('day_stop_pct', 2.0), ('risk_on_balance', False))","(0, 4)",False,2.0
3,GBPUSD,ftmo_p1,1.5,,,,,23.0,17.0,5.0,0.3,prelondon,3.0,1.0,1,395,0.5,0.0,0.0,99.5,5.6,2.9,100362.0,205,0.5,0.0,0.0,99.5,5.6,3.0,100152.0,,,"(('rng_type', 'prelondon'), ('expire_hour', 17), ('exit_hour', 23), ('sl_frac', 1.0), ('rr', 3.0), ('min_range_atr', 0.3), ('max_range_atr', 5.0), ('skip_dow', (0, 4)))","(('max_trades_day', 1), ('risk_on_balance', True))","(0, 4)",True,
3,GBPUSD,ftmo_p1,1.5,,,,,23.0,17.0,5.0,0.3,prelondon,3.0,1.0,1,395,0.5,0.0,0.0,99.5,5.6,2.9,100362.0,205,0.5,0.0,0.0,99.5,5.6,3.0,100152.0,,,"(('rng_type', 'prelondon'), ('expire_hour', 17), ('exit_hour', 23), ('sl_frac', 1.0), ('rr', 3.0), ('min_range_atr', 0.3), ('max_range_atr', 5.0), ('skip_dow', (0, 4)))","(('max_trades_day', 1), ('day_stop_pct', 2.0), ('risk_on_balance', True))","(0, 4)",True,2.0
3,GBPUSD,ftmo_p1,2.0,,,,,23.0,17.0,5.0,0.3,prelondon,3.0,1.0,1,395,3.0,0.0,0.0,97.0,5.6,2.9,100448.0,205,2.4,0.0,0.0,97.6,5.6,2.9,100213.0,,,"(('rng_type', 'prelondon'), ('expire_hour', 17), ('exit_hour', 23), ('sl_frac', 1.0), ('rr', 3.0), ('min_range_atr', 0.3), ('max_range_atr', 5.0), ('skip_dow', (0, 4)))","(('max_trades_day', 1), ('risk_on_balance', False))","(0, 4)",False,
3,GBPUSD,ftmo_p1,2.0,,,,,23.0,17.0,5.0,0.3,prelondon,3.0,1.0,1,395,3.0,0.0,0.0,97.0,5.6,2.9,100448.0,205,2.4,0.0,0.0,97.6,5.6,2.9,100213.0,,,"(('rng_type', 'prelondon'), ('expire_hour', 17), ('exit_hour', 23), ('sl_frac', 1.0), ('rr', 3.0), ('min_range_atr', 0.3), ('max_range_atr', 5.0), ('skip_dow', (0, 4)))","(('max_trades_day', 1), ('day_stop_pct', 2.0), ('risk_on_balance', False))","(0, 4)",False,2.0
3,GBPUSD,ftmo_p1,2.0,,,,,23.0,17.0,5.0,0.3,prelondon,3.0,1.0,1,395,3.0,0.0,0.0,97.0,5.6,2.9,100441.0,205,2.9,0.0,0.0,97.1,5.6,2.9,100228.0,,,"(('rng_type', 'prelondon'), ('expire_hour', 17), ('exit_hour', 23), ('sl_frac', 1.0), ('rr', 3.0), ('min_range_atr', 0.3), ('max_range_atr', 5.0), ('skip_dow', (0, 4)))","(('max_trades_day', 1), ('risk_on_balance', True))","(0, 4)",True,
3,GBPUSD,ftmo_p1,2.0,,,,,23.0,17.0,5.0,0.3,prelondon,3.0,1.0,1,395,3.0,0.0,0.0,97.0,5.6,2.9,100441.0,205,2.9,0.0,0.0,97.1,5.6,2.9,100228.0,,,"(('rng_type', 'prelondon'), ('expire_hour', 17), ('exit_hour', 23), ('sl_frac', 1.0), ('rr', 3.0), ('min_range_atr', 0.3), ('max_range_atr', 5.0), ('skip_dow', (0, 4)))","(('max_trades_day', 1), ('day_stop_pct', 2.0), ('risk_on_balance', True))","(0, 4)",True,2.0
3,GBPUSD,ftmo_p1,2.4,,,,,23.0,17.0,5.0,0.3,prelondon,3.0,1.0,1,395,5.1,0.0,0.0,94.9,5.6,2.9,100528.0,205,4.9,0.0,0.0,95.1,5.6,2.9,100316.0,,,"(('rng_type', 'prelondon'), ('expire_hour', 17), ('exit_hour', 23), ('sl_frac', 1.0), ('rr', 3.0), ('min_range_atr', 0.3), ('max_range_atr', 5.0), ('skip_dow', (0, 4)))","(('max_trades_day', 1), ('risk_on_balance', False))","(0, 4)",False,
3,GBPUSD,ftmo_p1,2.4,,,,,23.0,17.0,5.0,0.3,prelondon,3.0,1.0,1,395,5.1,0.0,0.0,94.9,5.6,2.9,100528.0,205,4.9,0.0,0.0,95.1,5.6,2.9,100316.0,,,"(('rng_type', 'prelondon'), ('expire_hour', 17), ('exit_hour', 23), ('sl_frac', 1.0), ('rr', 3.0), ('min_range_atr', 0.3), ('max_range_atr', 5.0), ('skip_dow', (0, 4)))","(('max_trades_day', 1), ('day_stop_pct', 2.0), ('risk_on_balance', False))","(0, 4)",False,2.0
3,GBPUSD,ftmo_p1,2.4,,,,,23.0,17.0,5.0,0.3,prelondon,3.0,1.0,1,395,5.1,0.0,0.0,94.9,5.6,2.9,100518.0,205,4.9,0.0,0.0,95.1,5.6,2.9,100329.0,,,"(('rng_type', 'prelondon'), ('expire_hour', 17), ('exit_hour', 23), ('sl_frac', 1.0), ('rr', 3.0), ('min_range_atr', 0.3), ('max_range_atr', 5.0), ('skip_dow', (0, 4)))","(('max_trades_day', 1), ('risk_on_balance', True))","(0, 4)",True,
3,GBPUSD,ftmo_p1,2.4,,,,,23.0,17.0,5.0,0.3,prelondon,3.0,1.0,1,395,5.1,0.0,0.0,94.9,5.6,2.9,100518.0,205,4.9,0.0,0.0,95.1,5.6,2.9,100329.0,,,"(('rng_type', 'prelondon'), ('expire_hour', 17), ('exit_hour', 23), ('sl_frac', 1.0), ('rr', 3.0), ('min_range_atr', 0.3), ('max_range_atr', 5.0), ('skip_dow', (0, 4)))","(('max_trades_day', 1), ('day_stop_pct', 2.0), ('risk_on_balance', True))","(0, 4)",True,2.0
3,GBPUSD,ftmo_p1,2.8,,,,,23.0,17.0,5.0,0.3,prelondon,3.0,1.0,1,395,6.1,0.0,0.0,93.9,5.6,2.9,100610.0,205,5.4,0.0,0.0,94.6,5.6,2.9,100376.0,,,"(('rng_type', 'prelondon'), ('expire_hour', 17), ('exit_hour', 23), ('sl_frac', 1.0), ('rr', 3.0), ('min_range_atr', 0.3), ('max_range_atr', 5.0), ('skip_dow', (0, 4)))","(('max_trades_day', 1), ('risk_on_balance', False))","(0, 4)",False,
3,GBPUSD,ftmo_p1,2.8,,,,,23.0,17.0,5.0,0.3,prelondon,3.0,1.0,1,395,6.1,0.0,0.0,93.9,5.6,2.9,100610.0,205,5.4,0.0,0.0,94.6,5.6,2.9,100376.0,,,"(('rng_type', 'prelondon'), ('expire_hour', 17), ('exit_hour', 23), ('sl_frac', 1.0), ('rr', 3.0), ('min_range_atr', 0.3), ('max_range_atr', 5.0), ('skip_dow', (0, 4)))","(('max_trades_day', 1), ('day_stop_pct', 2.0), ('risk_on_balance', False))","(0, 4)",False,2.0
3,GBPUSD,ftmo_p1,2.8,,,,,23.0,17.0,5.0,0.3,prelondon,3.0,1.0,1,395,6.1,0.0,0.0,93.9,5.6,2.9,100595.0,205,6.3,0.0,0.0,93.7,5.6,2.9,100426.0,,,"(('rng_type', 'prelondon'), ('expire_hour', 17), ('exit_hour', 23), ('sl_frac', 1.0), ('rr', 3.0), ('min_range_atr', 0.3), ('max_range_atr', 5.0), ('skip_dow', (0, 4)))","(('max_trades_day', 1), ('risk_on_balance', True))","(0, 4)",True,
3,GBPUSD,ftmo_p1,2.8,,,,,23.0,17.0,5.0,0.3,prelondon,3.0,1.0,1,395,6.1,0.0,0.0,93.9,5.6,2.9,100595.0,205,6.3,0.0,0.0,93.7,5.6,2.9,100426.0,,,"(('rng_type', 'prelondon'), ('expire_hour', 17), ('exit_hour', 23), ('sl_frac', 1.0), ('rr', 3.0), ('min_range_atr', 0.3), ('max_range_atr', 5.0), ('skip_dow', (0, 4)))","(('max_trades_day', 1), ('day_stop_pct', 2.0), ('risk_on_balance', True))","(0, 4)",True,2.0
3,XAUUSD,ftmo_1step,1.0,,,,,18.0,14.0,6.0,1.0,prevday,0.0,0.5,1,338,0.0,0.3,0.0,99.7,,1.1,100174.0,163,0.0,0.0,0.0,100.0,,1.1,99958.0,1.5,,"(('rng_type', 'prevday'), ('expire_hour', 14), ('exit_hour', 18), ('sl_frac', 0.5), ('rr', 0.0), ('trail', 1.5), ('min_range_atr', 1.0), ('max_range_atr', 6.0), ('skip_dow', (0, 4)))","(('max_trades_day', 1), ('risk_on_balance', False))","(0, 4)",False,
3,XAUUSD,ftmo_1step,1.0,,,,,18.0,14.0,6.0,1.0,prevday,0.0,0.5,1,338,0.0,0.3,0.0,99.7,,1.1,100174.0,163,0.0,0.0,0.0,100.0,,1.1,99958.0,1.5,,"(('rng_type', 'prevday'), ('expire_hour', 14), ('exit_hour', 18), ('sl_frac', 0.5), ('rr', 0.0), ('trail', 1.5), ('min_range_atr', 1.0), ('max_range_atr', 6.0), ('skip_dow', (0, 4)))","(('max_trades_day', 1), ('day_stop_pct', 2.0), ('risk_on_balance', False))","(0, 4)",False,2.0
3,XAUUSD,ftmo_1step,1.0,,,,,18.0,14.0,6.0,1.0,prevday,0.0,0.5,1,338,0.0,0.3,0.0,99.7,,1.1,100174.0,163,0.0,0.0,0.0,100.0,,1.1,99958.0,1.5,,"(('rng_type', 'prevday'), ('expire_hour', 14), ('exit_hour', 18), ('sl_frac', 0.5), ('rr', 0.0), ('trail', 1.5), ('min_range_atr', 1.0), ('max_range_atr', 6.0), ('skip_dow', (0, 4)))","(('max_trades_day', 1), ('risk_on_balance', True))","(0, 4)",True,
3,XAUUSD,ftmo_1step,1.0,,,,,18.0,14.0,6.0,1.0,prevday,0.0,0.5,1,338,0.0,0.3,0.0,99.7,,1.1,100174.0,163,0.0,0.0,0.0,100.0,,1.1,99958.0,1.5,,"(('rng_type', 'prevday'), ('expire_hour', 14), ('exit_hour', 18), ('sl_frac', 0.5), ('rr', 0.0), ('trail', 1.5), ('min_range_atr', 1.0), ('max_range_atr', 6.0), ('skip_dow', (0, 4)))","(('max_trades_day', 1), ('day_stop_pct', 2.0), ('risk_on_balance', True))","(0, 4)",True,2.0
3,XAUUSD,ftmo_1step,1.5,,,,,18.0,14.0,6.0,1.0,prevday,0.0,0.5,1,338,0.0,0.6,0.0,99.4,,1.1,100261.0,163,0.0,0.0,0.0,100.0,,1.1,99937.0,1.5,,"(('rng_type', 'prevday'), ('expire_hour', 14), ('exit_hour', 18), ('sl_frac', 0.5), ('rr', 0.0), ('trail', 1.5), ('min_range_atr', 1.0), ('max_range_atr', 6.0), ('skip_dow', (0, 4)))","(('max_trades_day', 1), ('risk_on_balance', False))","(0, 4)",False,
3,XAUUSD,ftmo_1step,1.5,,,,,18.0,14.0,6.0,1.0,prevday,0.0,0.5,1,338,0.0,0.6,0.0,99.4,,1.1,100261.0,163,0.0,0.0,0.0,100.0,,1.1,99937.0,1.5,,"(('rng_type', 'prevday'), ('expire_hour', 14), ('exit_hour', 18), ('sl_frac', 0.5), ('rr', 0.0), ('trail', 1.5), ('min_range_atr', 1.0), ('max_range_atr', 6.0), ('skip_dow', (0, 4)))","(('max_trades_day', 1), ('day_stop_pct', 2.0), ('risk_on_balance', False))","(0, 4)",False,2.0
3,XAUUSD,ftmo_1step,1.5,,,,,18.0,14.0,6.0,1.0,prevday,0.0,0.5,1,338,0.0,0.6,0.0,99.4,,1.1,100261.0,163,0.0,0.0,0.0,100.0,,1.1,99937.0,1.5,,"(('rng_type', 'prevday'), ('expire_hour', 14), ('exit_hour', 18), ('sl_frac', 0.5), ('rr', 0.0), ('trail', 1.5), ('min_range_atr', 1.0), ('max_range_atr', 6.0), ('skip_dow', (0, 4)))","(('max_trades_day', 1), ('risk_on_balance', True))","(0, 4)",True,
3,XAUUSD,ftmo_1step,1.5,,,,,18.0,14.0,6.0,1.0,prevday,0.0,0.5,1,338,0.0,0.6,0.0,99.4,,1.1,100261.0,163,0.0,0.0,0.0,100.0,,1.1,99937.0,1.5,,"(('rng_type', 'prevday'), ('expire_hour', 14), ('exit_hour', 18), ('sl_frac', 0.5), ('rr', 0.0), ('trail', 1.5), ('min_range_atr', 1.0), ('max_range_atr', 6.0), ('skip_dow', (0, 4)))","(('max_trades_day', 1), ('day_stop_pct', 2.0), ('risk_on_balance', True))","(0, 4)",True,2.0
3,XAUUSD,ftmo_1step,2.0,,,,,18.0,14.0,6.0,1.0,prevday,0.0,0.5,1,338,0.0,0.9,0.0,99.1,,1.1,100348.0,163,0.0,0.0,0.0,100.0,,1.1,99916.0,1.5,,"(('rng_type', 'prevday'), ('expire_hour', 14), ('exit_hour', 18), ('sl_frac', 0.5), ('rr', 0.0), ('trail', 1.5), ('min_range_atr', 1.0), ('max_range_atr', 6.0), ('skip_dow', (0, 4)))","(('max_trades_day', 1), ('risk_on_balance', False))","(0, 4)",False,
3,XAUUSD,ftmo_1step,2.0,,,,,18.0,14.0,6.0,1.0,prevday,0.0,0.5,1,338,0.0,0.9,0.0,99.1,,1.1,100348.0,163,0.0,0.0,0.0,100.0,,1.1,99916.0,1.5,,"(('rng_type', 'prevday'), ('expire_hour', 14), ('exit_hour', 18), ('sl_frac', 0.5), ('rr', 0.0), ('trail', 1.5), ('min_range_atr', 1.0), ('max_range_atr', 6.0), ('skip_dow', (0, 4)))","(('max_trades_day', 1), ('day_stop_pct', 2.0), ('risk_on_balance', False))","(0, 4)",False,2.0
3,XAUUSD,ftmo_1step,2.0,,,,,18.0,14.0,6.0,1.0,prevday,0.0,0.5,1,338,0.0,0.9,0.0,99.1,,1.1,100349.0,163,0.0,0.0,0.0,100.0,,1.1,99916.0,1.5,,"(('rng_type', 'prevday'), ('expire_hour', 14), ('exit_hour', 18), ('sl_frac', 0.5), ('rr', 0.0), ('trail', 1.5), ('min_range_atr', 1.0), ('max_range_atr', 6.0), ('skip_dow', (0, 4)))","(('max_trades_day', 1), ('risk_on_balance', True))","(0, 4)",True,
3,XAUUSD,ftmo_1step,2.0,,,,,18.0,14.0,6.0,1.0,prevday,0.0,0.5,1,338,0.0,0.9,0.0,99.1,,1.1,100349.0,163,0.0,0.0,0.0,100.0,,1.1,99916.0,1.5,,"(('rng_type', 'prevday'), ('expire_hour', 14), ('exit_hour', 18), ('sl_frac', 0.5), ('rr', 0.0), ('trail', 1.5), ('min_range_atr', 1.0), ('max_range_atr', 6.0), ('skip_dow', (0, 4)))","(('max_trades_day', 1), ('day_stop_pct', 2.0), ('risk_on_balance', True))","(0, 4)",True,2.0
3,XAUUSD,ftmo_1step,2.4,,,,,18.0,14.0,6.0,1.0,prevday,0.0,0.5,1,338,0.0,1.5,0.0,98.5,,1.1,100418.0,163,0.0,0.0,0.0,100.0,,1.1,99899.0,1.5,,"(('rng_type', 'prevday'), ('expire_hour', 14), ('exit_hour', 18), ('sl_frac', 0.5), ('rr', 0.0), ('trail', 1.5), ('min_range_atr', 1.0), ('max_range_atr', 6.0), ('skip_dow', (0, 4)))","(('max_trades_day', 1), ('risk_on_balance', False))","(0, 4)",False,
3,XAUUSD,ftmo_1step,2.4,,,,,18.0,14.0,6.0,1.0,prevday,0.0,0.5,1,338,0.0,1.5,0.0,98.5,,1.1,100418.0,163,0.0,0.0,0.0,100.0,,1.1,99899.0,1.5,,"(('rng_type', 'prevday'), ('expire_hour', 14), ('exit_hour', 18), ('sl_frac', 0.5), ('rr', 0.0), ('trail', 1.5), ('min_range_atr', 1.0), ('max_range_atr', 6.0), ('skip_dow', (0, 4)))","(('max_trades_day', 1), ('day_stop_pct', 2.0), ('risk_on_balance', False))","(0, 4)",False,2.0
3,XAUUSD,ftmo_1step,2.4,,,,,18.0,14.0,6.0,1.0,prevday,0.0,0.5,1,338,0.0,1.5,0.0,98.5,,1.1,100419.0,163,0.0,0.0,0.0,100.0,,1.1,99898.0,1.5,,"(('rng_type', 'prevday'), ('expire_hour', 14), ('exit_hour', 18), ('sl_frac', 0.5), ('rr', 0.0), ('trail', 1.5), ('min_range_atr', 1.0), ('max_range_atr', 6.0), ('skip_dow', (0, 4)))","(('max_trades_day', 1), ('risk_on_balance', True))","(0, 4)",True,
3,XAUUSD,ftmo_1step,2.4,,,,,18.0,14.0,6.0,1.0,prevday,0.0,0.5,1,338,0.0,1.5,0.0,98.5,,1.1,100419.0,163,0.0,0.0,0.0,100.0,,1.1,99898.0,1.5,,"(('rng_type', 'prevday'), ('expire_hour', 14), ('exit_hour', 18), ('sl_frac', 0.5), ('rr', 0.0), ('trail', 1.5), ('min_range_atr', 1.0), ('max_range_atr', 6.0), ('skip_dow', (0, 4)))","(('max_trades_day', 1), ('day_stop_pct', 2.0), ('risk_on_balance', True))","(0, 4)",True,2.0
3,XAUUSD,ftmo_1step,2.8,,,,,18.0,14.0,6.0,1.0,prevday,0.0,0.5,1,338,0.0,2.4,0.0,97.6,,1.1,100500.0,163,0.0,0.6,0.0,99.4,,1.1,99882.0,1.5,,"(('rng_type', 'prevday'), ('expire_hour', 14), ('exit_hour', 18), ('sl_frac', 0.5), ('rr', 0.0), ('trail', 1.5), ('min_range_atr', 1.0), ('max_range_atr', 6.0), ('skip_dow', (0, 4)))","(('max_trades_day', 1), ('risk_on_balance', False))","(0, 4)",False,
3,XAUUSD,ftmo_1step,2.8,,,,,18.0,14.0,6.0,1.0,prevday,0.0,0.5,1,338,0.0,2.4,0.0,97.6,,1.1,100500.0,163,0.0,0.6,0.0,99.4,,1.1,99882.0,1.5,,"(('rng_type', 'prevday'), ('expire_hour', 14), ('exit_hour', 18), ('sl_frac', 0.5), ('rr', 0.0), ('trail', 1.5), ('min_range_atr', 1.0), ('max_range_atr', 6.0), ('skip_dow', (0, 4)))","(('max_trades_day', 1), ('day_stop_pct', 2.0), ('risk_on_balance', False))","(0, 4)",False,2.0
3,XAUUSD,ftmo_1step,2.8,,,,,18.0,14.0,6.0,1.0,prevday,0.0,0.5,1,338,0.0,2.4,0.0,97.6,,1.1,100502.0,163,0.0,0.6,0.0,99.4,,1.1,99881.0,1.5,,"(('rng_type', 'prevday'), ('expire_hour', 14), ('exit_hour', 18), ('sl_frac', 0.5), ('rr', 0.0), ('trail', 1.5), ('min_range_atr', 1.0), ('max_range_atr', 6.0), ('skip_dow', (0, 4)))","(('max_trades_day', 1), ('risk_on_balance', True))","(0, 4)",True,
3,XAUUSD,ftmo_1step,2.8,,,,,18.0,14.0,6.0,1.0,prevday,0.0,0.5,1,338,0.0,2.4,0.0,97.6,,1.1,100502.0,163,0.0,0.6,0.0,99.4,,1.1,99881.0,1.5,,"(('rng_type', 'prevday'), ('expire_hour', 14), ('exit_hour', 18), ('sl_frac', 0.5), ('rr', 0.0), ('trail', 1.5), ('min_range_atr', 1.0), ('max_range_atr', 6.0), ('skip_dow', (0, 4)))","(('max_trades_day', 1), ('day_stop_pct', 2.0), ('risk_on_balance', True))","(0, 4)",True,2.0
3,XAUUSD,fundingpips_1step,1.0,,,,,18.0,14.0,6.0,1.0,prevday,0.0,0.5,1,338,0.3,0.0,0.0,99.7,4.7,1.1,100174.0,163,0.0,0.0,0.0,100.0,,1.1,99958.0,1.5,,"(('rng_type', 'prevday'), ('expire_hour', 14), ('exit_hour', 18), ('sl_frac', 0.5), ('rr', 0.0), ('trail', 1.5), ('min_range_atr', 1.0), ('max_range_atr', 6.0), ('skip_dow', (0, 4)))","(('max_trades_day', 1), ('risk_on_balance', False))","(0, 4)",False,
3,XAUUSD,fundingpips_1step,1.0,,,,,18.0,14.0,6.0,1.0,prevday,0.0,0.5,1,338,0.3,0.0,0.0,99.7,4.7,1.1,100174.0,163,0.0,0.0,0.0,100.0,,1.1,99958.0,1.5,,"(('rng_type', 'prevday'), ('expire_hour', 14), ('exit_hour', 18), ('sl_frac', 0.5), ('rr', 0.0), ('trail', 1.5), ('min_range_atr', 1.0), ('max_range_atr', 6.0), ('skip_dow', (0, 4)))","(('max_trades_day', 1), ('day_stop_pct', 2.0), ('risk_on_balance', False))","(0, 4)",False,2.0
3,XAUUSD,fundingpips_1step,1.0,,,,,18.0,14.0,6.0,1.0,prevday,0.0,0.5,1,338,0.3,0.0,0.0,99.7,4.7,1.1,100174.0,163,0.0,0.0,0.0,100.0,,1.1,99958.0,1.5,,"(('rng_type', 'prevday'), ('expire_hour', 14), ('exit_hour', 18), ('sl_frac', 0.5), ('rr', 0.0), ('trail', 1.5), ('min_range_atr', 1.0), ('max_range_atr', 6.0), ('skip_dow', (0, 4)))","(('max_trades_day', 1), ('risk_on_balance', True))","(0, 4)",True,
3,XAUUSD,fundingpips_1step,1.0,,,,,18.0,14.0,6.0,1.0,prevday,0.0,0.5,1,338,0.3,0.0,0.0,99.7,4.7,1.1,100174.0,163,0.0,0.0,0.0,100.0,,1.1,99958.0,1.5,,"(('rng_type', 'prevday'), ('expire_hour', 14), ('exit_hour', 18), ('sl_frac', 0.5), ('rr', 0.0), ('trail', 1.5), ('min_range_atr', 1.0), ('max_range_atr', 6.0), ('skip_dow', (0, 4)))","(('max_trades_day', 1), ('day_stop_pct', 2.0), ('risk_on_balance', True))","(0, 4)",True,2.0
3,XAUUSD,fundingpips_1step,1.5,,,,,18.0,14.0,6.0,1.0,prevday,0.0,0.5,1,338,0.6,0.0,0.0,99.4,5.7,1.1,100261.0,163,0.0,0.0,0.0,100.0,,1.1,99937.0,1.5,,"(('rng_type', 'prevday'), ('expire_hour', 14), ('exit_hour', 18), ('sl_frac', 0.5), ('rr', 0.0), ('trail', 1.5), ('min_range_atr', 1.0), ('max_range_atr', 6.0), ('skip_dow', (0, 4)))","(('max_trades_day', 1), ('risk_on_balance', False))","(0, 4)",False,
3,XAUUSD,fundingpips_1step,1.5,,,,,18.0,14.0,6.0,1.0,prevday,0.0,0.5,1,338,0.6,0.0,0.0,99.4,5.7,1.1,100261.0,163,0.0,0.0,0.0,100.0,,1.1,99937.0,1.5,,"(('rng_type', 'prevday'), ('expire_hour', 14), ('exit_hour', 18), ('sl_frac', 0.5), ('rr', 0.0), ('trail', 1.5), ('min_range_atr', 1.0), ('max_range_atr', 6.0), ('skip_dow', (0, 4)))","(('max_trades_day', 1), ('day_stop_pct', 2.0), ('risk_on_balance', False))","(0, 4)",False,2.0
3,XAUUSD,fundingpips_1step,1.5,,,,,18.0,14.0,6.0,1.0,prevday,0.0,0.5,1,338,0.6,0.0,0.0,99.4,5.7,1.1,100261.0,163,0.0,0.0,0.0,100.0,,1.1,99937.0,1.5,,"(('rng_type', 'prevday'), ('expire_hour', 14), ('exit_hour', 18), ('sl_frac', 0.5), ('rr', 0.0), ('trail', 1.5), ('min_range_atr', 1.0), ('max_range_atr', 6.0), ('skip_dow', (0, 4)))","(('max_trades_day', 1), ('risk_on_balance', True))","(0, 4)",True,
3,XAUUSD,fundingpips_1step,1.5,,,,,18.0,14.0,6.0,1.0,prevday,0.0,0.5,1,338,0.6,0.0,0.0,99.4,5.7,1.1,100261.0,163,0.0,0.0,0.0,100.0,,1.1,99937.0,1.5,,"(('rng_type', 'prevday'), ('expire_hour', 14), ('exit_hour', 18), ('sl_frac', 0.5), ('rr', 0.0), ('trail', 1.5), ('min_range_atr', 1.0), ('max_range_atr', 6.0), ('skip_dow', (0, 4)))","(('max_trades_day', 1), ('day_stop_pct', 2.0), ('risk_on_balance', True))","(0, 4)",True,2.0
3,XAUUSD,fundingpips_1step,2.0,,,,,18.0,14.0,6.0,1.0,prevday,0.0,0.5,1,338,0.9,0.0,0.0,99.1,4.7,1.1,100348.0,163,0.0,0.0,0.0,100.0,,1.1,99916.0,1.5,,"(('rng_type', 'prevday'), ('expire_hour', 14), ('exit_hour', 18), ('sl_frac', 0.5), ('rr', 0.0), ('trail', 1.5), ('min_range_atr', 1.0), ('max_range_atr', 6.0), ('skip_dow', (0, 4)))","(('max_trades_day', 1), ('risk_on_balance', False))","(0, 4)",False,
3,XAUUSD,fundingpips_1step,2.0,,,,,18.0,14.0,6.0,1.0,prevday,0.0,0.5,1,338,0.9,0.0,0.0,99.1,4.7,1.1,100348.0,163,0.0,0.0,0.0,100.0,,1.1,99916.0,1.5,,"(('rng_type', 'prevday'), ('expire_hour', 14), ('exit_hour', 18), ('sl_frac', 0.5), ('rr', 0.0), ('trail', 1.5), ('min_range_atr', 1.0), ('max_range_atr', 6.0), ('skip_dow', (0, 4)))","(('max_trades_day', 1), ('day_stop_pct', 2.0), ('risk_on_balance', False))","(0, 4)",False,2.0
3,XAUUSD,fundingpips_1step,2.0,,,,,18.0,14.0,6.0,1.0,prevday,0.0,0.5,1,338,0.9,0.0,0.0,99.1,4.7,1.1,100349.0,163,0.0,0.0,0.0,100.0,,1.1,99916.0,1.5,,"(('rng_type', 'prevday'), ('expire_hour', 14), ('exit_hour', 18), ('sl_frac', 0.5), ('rr', 0.0), ('trail', 1.5), ('min_range_atr', 1.0), ('max_range_atr', 6.0), ('skip_dow', (0, 4)))","(('max_trades_day', 1), ('risk_on_balance', True))","(0, 4)",True,
3,XAUUSD,fundingpips_1step,2.0,,,,,18.0,14.0,6.0,1.0,prevday,0.0,0.5,1,338,0.9,0.0,0.0,99.1,4.7,1.1,100349.0,163,0.0,0.0,0.0,100.0,,1.1,99916.0,1.5,,"(('rng_type', 'prevday'), ('expire_hour', 14), ('exit_hour', 18), ('sl_frac', 0.5), ('rr', 0.0), ('trail', 1.5), ('min_range_atr', 1.0), ('max_range_atr', 6.0), ('skip_dow', (0, 4)))","(('max_trades_day', 1), ('day_stop_pct', 2.0), ('risk_on_balance', True))","(0, 4)",True,2.0
3,XAUUSD,fundingpips_1step,2.4,,,,,18.0,14.0,6.0,1.0,prevday,0.0,0.5,1,338,1.5,0.0,0.0,98.5,4.7,1.1,100418.0,163,0.0,0.0,0.0,100.0,,1.1,99899.0,1.5,,"(('rng_type', 'prevday'), ('expire_hour', 14), ('exit_hour', 18), ('sl_frac', 0.5), ('rr', 0.0), ('trail', 1.5), ('min_range_atr', 1.0), ('max_range_atr', 6.0), ('skip_dow', (0, 4)))","(('max_trades_day', 1), ('risk_on_balance', False))","(0, 4)",False,
3,XAUUSD,fundingpips_1step,2.4,,,,,18.0,14.0,6.0,1.0,prevday,0.0,0.5,1,338,1.5,0.0,0.0,98.5,4.7,1.1,100418.0,163,0.0,0.0,0.0,100.0,,1.1,99899.0,1.5,,"(('rng_type', 'prevday'), ('expire_hour', 14), ('exit_hour', 18), ('sl_frac', 0.5), ('rr', 0.0), ('trail', 1.5), ('min_range_atr', 1.0), ('max_range_atr', 6.0), ('skip_dow', (0, 4)))","(('max_trades_day', 1), ('day_stop_pct', 2.0), ('risk_on_balance', False))","(0, 4)",False,2.0
3,XAUUSD,fundingpips_1step,2.4,,,,,18.0,14.0,6.0,1.0,prevday,0.0,0.5,1,338,1.5,0.0,0.0,98.5,4.7,1.1,100419.0,163,0.0,0.0,0.0,100.0,,1.1,99898.0,1.5,,"(('rng_type', 'prevday'), ('expire_hour', 14), ('exit_hour', 18), ('sl_frac', 0.5), ('rr', 0.0), ('trail', 1.5), ('min_range_atr', 1.0), ('max_range_atr', 6.0), ('skip_dow', (0, 4)))","(('max_trades_day', 1), ('risk_on_balance', True))","(0, 4)",True,
3,XAUUSD,fundingpips_1step,2.4,,,,,18.0,14.0,6.0,1.0,prevday,0.0,0.5,1,338,1.5,0.0,0.0,98.5,4.7,1.1,100419.0,163,0.0,0.0,0.0,100.0,,1.1,99898.0,1.5,,"(('rng_type', 'prevday'), ('expire_hour', 14), ('exit_hour', 18), ('sl_frac', 0.5), ('rr', 0.0), ('trail', 1.5), ('min_range_atr', 1.0), ('max_range_atr', 6.0), ('skip_dow', (0, 4)))","(('max_trades_day', 1), ('day_stop_pct', 2.0), ('risk_on_balance', True))","(0, 4)",True,2.0
3,XAUUSD,fundingpips_1step,2.8,,,,,18.0,14.0,6.0,1.0,prevday,0.0,0.5,1,338,2.4,0.0,0.0,97.6,4.7,1.1,100500.0,163,0.6,0.0,0.0,99.4,6.7,1.1,99882.0,1.5,,"(('rng_type', 'prevday'), ('expire_hour', 14), ('exit_hour', 18), ('sl_frac', 0.5), ('rr', 0.0), ('trail', 1.5), ('min_range_atr', 1.0), ('max_range_atr', 6.0), ('skip_dow', (0, 4)))","(('max_trades_day', 1), ('risk_on_balance', False))","(0, 4)",False,
3,XAUUSD,fundingpips_1step,2.8,,,,,18.0,14.0,6.0,1.0,prevday,0.0,0.5,1,338,2.4,0.0,0.0,97.6,4.7,1.1,100500.0,163,0.6,0.0,0.0,99.4,6.7,1.1,99882.0,1.5,,"(('rng_type', 'prevday'), ('expire_hour', 14), ('exit_hour', 18), ('sl_frac', 0.5), ('rr', 0.0), ('trail', 1.5), ('min_range_atr', 1.0), ('max_range_atr', 6.0), ('skip_dow', (0, 4)))","(('max_trades_day', 1), ('day_stop_pct', 2.0), ('risk_on_balance', False))","(0, 4)",False,2.0
3,XAUUSD,fundingpips_1step,2.8,,,,,18.0,14.0,6.0,1.0,prevday,0.0,0.5,1,338,2.4,0.0,0.0,97.6,4.7,1.1,100502.0,163,0.6,0.0,0.0,99.4,6.7,1.1,99881.0,1.5,,"(('rng_type', 'prevday'), ('expire_hour', 14), ('exit_hour', 18), ('sl_frac', 0.5), ('rr', 0.0), ('trail', 1.5), ('min_range_atr', 1.0), ('max_range_atr', 6.0), ('skip_dow', (0, 4)))","(('max_trades_day', 1), ('risk_on_balance', True))","(0, 4)",True,
3,XAUUSD,fundingpips_1step,2.8,,,,,18.0,14.0,6.0,1.0,prevday,0.0,0.5,1,338,2.4,0.0,0.0,97.6,4.7,1.1,100502.0,163,0.6,0.0,0.0,99.4,6.7,1.1,99881.0,1.5,,"(('rng_type', 'prevday'), ('expire_hour', 14), ('exit_hour', 18), ('sl_frac', 0.5), ('rr', 0.0), ('trail', 1.5), ('min_range_atr', 1.0), ('max_range_atr', 6.0), ('skip_dow', (0, 4)))","(('max_trades_day', 1), ('day_stop_pct', 2.0), ('risk_on_balance', True))","(0, 4)",True,2.0
3,XAUUSD,e8_one_8,1.0,,,,,18.0,14.0,6.0,1.0,prevday,0.0,0.5,1,338,0.3,0.0,0.0,99.7,4.7,1.1,100174.0,163,0.0,0.0,0.0,100.0,,1.1,99958.0,1.5,,"(('rng_type', 'prevday'), ('expire_hour', 14), ('exit_hour', 18), ('sl_frac', 0.5), ('rr', 0.0), ('trail', 1.5), ('min_range_atr', 1.0), ('max_range_atr', 6.0), ('skip_dow', (0, 4)))","(('max_trades_day', 1), ('risk_on_balance', False))","(0, 4)",False,
3,XAUUSD,e8_one_8,1.0,,,,,18.0,14.0,6.0,1.0,prevday,0.0,0.5,1,338,0.3,0.0,0.0,99.7,4.7,1.1,100174.0,163,0.0,0.0,0.0,100.0,,1.1,99958.0,1.5,,"(('rng_type', 'prevday'), ('expire_hour', 14), ('exit_hour', 18), ('sl_frac', 0.5), ('rr', 0.0), ('trail', 1.5), ('min_range_atr', 1.0), ('max_range_atr', 6.0), ('skip_dow', (0, 4)))","(('max_trades_day', 1), ('day_stop_pct', 2.0), ('risk_on_balance', False))","(0, 4)",False,2.0
3,XAUUSD,e8_one_8,1.0,,,,,18.0,14.0,6.0,1.0,prevday,0.0,0.5,1,338,0.3,0.0,0.0,99.7,4.7,1.1,100174.0,163,0.0,0.0,0.0,100.0,,1.1,99958.0,1.5,,"(('rng_type', 'prevday'), ('expire_hour', 14), ('exit_hour', 18), ('sl_frac', 0.5), ('rr', 0.0), ('trail', 1.5), ('min_range_atr', 1.0), ('max_range_atr', 6.0), ('skip_dow', (0, 4)))","(('max_trades_day', 1), ('risk_on_balance', True))","(0, 4)",True,
3,XAUUSD,e8_one_8,1.0,,,,,18.0,14.0,6.0,1.0,prevday,0.0,0.5,1,338,0.3,0.0,0.0,99.7,4.7,1.1,100174.0,163,0.0,0.0,0.0,100.0,,1.1,99958.0,1.5,,"(('rng_type', 'prevday'), ('expire_hour', 14), ('exit_hour', 18), ('sl_frac', 0.5), ('rr', 0.0), ('trail', 1.5), ('min_range_atr', 1.0), ('max_range_atr', 6.0), ('skip_dow', (0, 4)))","(('max_trades_day', 1), ('day_stop_pct', 2.0), ('risk_on_balance', True))","(0, 4)",True,2.0
3,XAUUSD,e8_one_8,1.5,,,,,18.0,14.0,6.0,1.0,prevday,0.0,0.5,1,338,0.3,0.0,0.0,99.7,4.7,1.1,100261.0,163,0.0,0.0,0.0,100.0,,1.1,99937.0,1.5,,"(('rng_type', 'prevday'), ('expire_hour', 14), ('exit_hour', 18), ('sl_frac', 0.5), ('rr', 0.0), ('trail', 1.5), ('min_range_atr', 1.0), ('max_range_atr', 6.0), ('skip_dow', (0, 4)))","(('max_trades_day', 1), ('risk_on_balance', False))","(0, 4)",False,
3,XAUUSD,e8_one_8,1.5,,,,,18.0,14.0,6.0,1.0,prevday,0.0,0.5,1,338,0.3,0.0,0.0,99.7,4.7,1.1,100261.0,163,0.0,0.0,0.0,100.0,,1.1,99937.0,1.5,,"(('rng_type', 'prevday'), ('expire_hour', 14), ('exit_hour', 18), ('sl_frac', 0.5), ('rr', 0.0), ('trail', 1.5), ('min_range_atr', 1.0), ('max_range_atr', 6.0), ('skip_dow', (0, 4)))","(('max_trades_day', 1), ('day_stop_pct', 2.0), ('risk_on_balance', False))","(0, 4)",False,2.0
3,XAUUSD,e8_one_8,1.5,,,,,18.0,14.0,6.0,1.0,prevday,0.0,0.5,1,338,0.3,0.0,0.0,99.7,4.7,1.1,100261.0,163,0.0,0.0,0.0,100.0,,1.1,99937.0,1.5,,"(('rng_type', 'prevday'), ('expire_hour', 14), ('exit_hour', 18), ('sl_frac', 0.5), ('rr', 0.0), ('trail', 1.5), ('min_range_atr', 1.0), ('max_range_atr', 6.0), ('skip_dow', (0, 4)))","(('max_trades_day', 1), ('risk_on_balance', True))","(0, 4)",True,
3,XAUUSD,e8_one_8,1.5,,,,,18.0,14.0,6.0,1.0,prevday,0.0,0.5,1,338,0.3,0.0,0.0,99.7,4.7,1.1,100261.0,163,0.0,0.0,0.0,100.0,,1.1,99937.0,1.5,,"(('rng_type', 'prevday'), ('expire_hour', 14), ('exit_hour', 18), ('sl_frac', 0.5), ('rr', 0.0), ('trail', 1.5), ('min_range_atr', 1.0), ('max_range_atr', 6.0), ('skip_dow', (0, 4)))","(('max_trades_day', 1), ('day_stop_pct', 2.0), ('risk_on_balance', True))","(0, 4)",True,2.0
3,XAUUSD,e8_one_8,2.0,,,,,18.0,14.0,6.0,1.0,prevday,0.0,0.5,1,338,0.6,0.0,0.0,99.4,5.7,1.1,100348.0,163,0.0,0.0,0.0,100.0,,1.1,99916.0,1.5,,"(('rng_type', 'prevday'), ('expire_hour', 14), ('exit_hour', 18), ('sl_frac', 0.5), ('rr', 0.0), ('trail', 1.5), ('min_range_atr', 1.0), ('max_range_atr', 6.0), ('skip_dow', (0, 4)))","(('max_trades_day', 1), ('risk_on_balance', False))","(0, 4)",False,
3,XAUUSD,e8_one_8,2.0,,,,,18.0,14.0,6.0,1.0,prevday,0.0,0.5,1,338,0.6,0.0,0.0,99.4,5.7,1.1,100348.0,163,0.0,0.0,0.0,100.0,,1.1,99916.0,1.5,,"(('rng_type', 'prevday'), ('expire_hour', 14), ('exit_hour', 18), ('sl_frac', 0.5), ('rr', 0.0), ('trail', 1.5), ('min_range_atr', 1.0), ('max_range_atr', 6.0), ('skip_dow', (0, 4)))","(('max_trades_day', 1), ('day_stop_pct', 2.0), ('risk_on_balance', False))","(0, 4)",False,2.0
3,XAUUSD,e8_one_8,2.0,,,,,18.0,14.0,6.0,1.0,prevday,0.0,0.5,1,338,0.6,0.0,0.0,99.4,5.7,1.1,100349.0,163,0.0,0.0,0.0,100.0,,1.1,99916.0,1.5,,"(('rng_type', 'prevday'), ('expire_hour', 14), ('exit_hour', 18), ('sl_frac', 0.5), ('rr', 0.0), ('trail', 1.5), ('min_range_atr', 1.0), ('max_range_atr', 6.0), ('skip_dow', (0, 4)))","(('max_trades_day', 1), ('risk_on_balance', True))","(0, 4)",True,
3,XAUUSD,e8_one_8,2.0,,,,,18.0,14.0,6.0,1.0,prevday,0.0,0.5,1,338,0.6,0.0,0.0,99.4,5.7,1.1,100349.0,163,0.0,0.0,0.0,100.0,,1.1,99916.0,1.5,,"(('rng_type', 'prevday'), ('expire_hour', 14), ('exit_hour', 18), ('sl_frac', 0.5), ('rr', 0.0), ('trail', 1.5), ('min_range_atr', 1.0), ('max_range_atr', 6.0), ('skip_dow', (0, 4)))","(('max_trades_day', 1), ('day_stop_pct', 2.0), ('risk_on_balance', True))","(0, 4)",True,2.0
3,XAUUSD,e8_one_8,2.4,,,,,18.0,14.0,6.0,1.0,prevday,0.0,0.5,1,338,0.6,0.0,0.3,99.1,3.7,1.1,100404.0,163,0.0,0.0,0.0,100.0,,1.1,99899.0,1.5,,"(('rng_type', 'prevday'), ('expire_hour', 14), ('exit_hour', 18), ('sl_frac', 0.5), ('rr', 0.0), ('trail', 1.5), ('min_range_atr', 1.0), ('max_range_atr', 6.0), ('skip_dow', (0, 4)))","(('max_trades_day', 1), ('risk_on_balance', False))","(0, 4)",False,
3,XAUUSD,e8_one_8,2.4,,,,,18.0,14.0,6.0,1.0,prevday,0.0,0.5,1,338,0.6,0.0,0.3,99.1,3.7,1.1,100404.0,163,0.0,0.0,0.0,100.0,,1.1,99899.0,1.5,,"(('rng_type', 'prevday'), ('expire_hour', 14), ('exit_hour', 18), ('sl_frac', 0.5), ('rr', 0.0), ('trail', 1.5), ('min_range_atr', 1.0), ('max_range_atr', 6.0), ('skip_dow', (0, 4)))","(('max_trades_day', 1), ('day_stop_pct', 2.0), ('risk_on_balance', False))","(0, 4)",False,2.0
3,XAUUSD,e8_one_8,2.4,,,,,18.0,14.0,6.0,1.0,prevday,0.0,0.5,1,338,0.6,0.0,0.3,99.1,3.7,1.1,100405.0,163,0.0,0.0,0.0,100.0,,1.1,99898.0,1.5,,"(('rng_type', 'prevday'), ('expire_hour', 14), ('exit_hour', 18), ('sl_frac', 0.5), ('rr', 0.0), ('trail', 1.5), ('min_range_atr', 1.0), ('max_range_atr', 6.0), ('skip_dow', (0, 4)))","(('max_trades_day', 1), ('risk_on_balance', True))","(0, 4)",True,
3,XAUUSD,e8_one_8,2.4,,,,,18.0,14.0,6.0,1.0,prevday,0.0,0.5,1,338,0.6,0.0,0.3,99.1,3.7,1.1,100405.0,163,0.0,0.0,0.0,100.0,,1.1,99898.0,1.5,,"(('rng_type', 'prevday'), ('expire_hour', 14), ('exit_hour', 18), ('sl_frac', 0.5), ('rr', 0.0), ('trail', 1.5), ('min_range_atr', 1.0), ('max_range_atr', 6.0), ('skip_dow', (0, 4)))","(('max_trades_day', 1), ('day_stop_pct', 2.0), ('risk_on_balance', True))","(0, 4)",True,2.0
3,XAUUSD,e8_one_8,2.8,,,,,18.0,14.0,6.0,1.0,prevday,0.0,0.5,1,338,0.9,0.0,0.6,98.5,6.7,1.1,100399.0,163,0.0,0.0,0.0,100.0,,1.1,99882.0,1.5,,"(('rng_type', 'prevday'), ('expire_hour', 14), ('exit_hour', 18), ('sl_frac', 0.5), ('rr', 0.0), ('trail', 1.5), ('min_range_atr', 1.0), ('max_range_atr', 6.0), ('skip_dow', (0, 4)))","(('max_trades_day', 1), ('risk_on_balance', False))","(0, 4)",False,
3,XAUUSD,e8_one_8,2.8,,,,,18.0,14.0,6.0,1.0,prevday,0.0,0.5,1,338,0.9,0.0,0.6,98.5,6.7,1.1,100399.0,163,0.0,0.0,0.0,100.0,,1.1,99882.0,1.5,,"(('rng_type', 'prevday'), ('expire_hour', 14), ('exit_hour', 18), ('sl_frac', 0.5), ('rr', 0.0), ('trail', 1.5), ('min_range_atr', 1.0), ('max_range_atr', 6.0), ('skip_dow', (0, 4)))","(('max_trades_day', 1), ('day_stop_pct', 2.0), ('risk_on_balance', False))","(0, 4)",False,2.0
3,XAUUSD,e8_one_8,2.8,,,,,18.0,14.0,6.0,1.0,prevday,0.0,0.5,1,338,0.9,0.0,0.6,98.5,6.7,1.1,100399.0,163,0.0,0.0,0.0,100.0,,1.1,99881.0,1.5,,"(('rng_type', 'prevday'), ('expire_hour', 14), ('exit_hour', 18), ('sl_frac', 0.5), ('rr', 0.0), ('trail', 1.5), ('min_range_atr', 1.0), ('max_range_atr', 6.0), ('skip_dow', (0, 4)))","(('max_trades_day', 1), ('risk_on_balance', True))","(0, 4)",True,
3,XAUUSD,e8_one_8,2.8,,,,,18.0,14.0,6.0,1.0,prevday,0.0,0.5,1,338,0.9,0.0,0.6,98.5,6.7,1.1,100399.0,163,0.0,0.0,0.0,100.0,,1.1,99881.0,1.5,,"(('rng_type', 'prevday'), ('expire_hour', 14), ('exit_hour', 18), ('sl_frac', 0.5), ('rr', 0.0), ('trail', 1.5), ('min_range_atr', 1.0), ('max_range_atr', 6.0), ('skip_dow', (0, 4)))","(('max_trades_day', 1), ('day_stop_pct', 2.0), ('risk_on_balance', True))","(0, 4)",True,2.0
3,XAUUSD,e8_one_14,1.0,,,,,18.0,14.0,6.0,1.0,prevday,0.0,0.5,1,338,0.0,0.0,0.0,100.0,,1.1,100174.0,163,0.0,0.0,0.0,100.0,,1.1,99958.0,1.5,,"(('rng_type', 'prevday'), ('expire_hour', 14), ('exit_hour', 18), ('sl_frac', 0.5), ('rr', 0.0), ('trail', 1.5), ('min_range_atr', 1.0), ('max_range_atr', 6.0), ('skip_dow', (0, 4)))","(('max_trades_day', 1), ('risk_on_balance', False))","(0, 4)",False,
3,XAUUSD,e8_one_14,1.0,,,,,18.0,14.0,6.0,1.0,prevday,0.0,0.5,1,338,0.0,0.0,0.0,100.0,,1.1,100174.0,163,0.0,0.0,0.0,100.0,,1.1,99958.0,1.5,,"(('rng_type', 'prevday'), ('expire_hour', 14), ('exit_hour', 18), ('sl_frac', 0.5), ('rr', 0.0), ('trail', 1.5), ('min_range_atr', 1.0), ('max_range_atr', 6.0), ('skip_dow', (0, 4)))","(('max_trades_day', 1), ('day_stop_pct', 2.0), ('risk_on_balance', False))","(0, 4)",False,2.0
3,XAUUSD,e8_one_14,1.0,,,,,18.0,14.0,6.0,1.0,prevday,0.0,0.5,1,338,0.0,0.0,0.0,100.0,,1.1,100174.0,163,0.0,0.0,0.0,100.0,,1.1,99958.0,1.5,,"(('rng_type', 'prevday'), ('expire_hour', 14), ('exit_hour', 18), ('sl_frac', 0.5), ('rr', 0.0), ('trail', 1.5), ('min_range_atr', 1.0), ('max_range_atr', 6.0), ('skip_dow', (0, 4)))","(('max_trades_day', 1), ('risk_on_balance', True))","(0, 4)",True,
3,XAUUSD,e8_one_14,1.0,,,,,18.0,14.0,6.0,1.0,prevday,0.0,0.5,1,338,0.0,0.0,0.0,100.0,,1.1,100174.0,163,0.0,0.0,0.0,100.0,,1.1,99958.0,1.5,,"(('rng_type', 'prevday'), ('expire_hour', 14), ('exit_hour', 18), ('sl_frac', 0.5), ('rr', 0.0), ('trail', 1.5), ('min_range_atr', 1.0), ('max_range_atr', 6.0), ('skip_dow', (0, 4)))","(('max_trades_day', 1), ('day_stop_pct', 2.0), ('risk_on_balance', True))","(0, 4)",True,2.0
3,XAUUSD,e8_one_14,1.5,,,,,18.0,14.0,6.0,1.0,prevday,0.0,0.5,1,338,0.0,0.0,0.0,100.0,,1.1,100261.0,163,0.0,0.0,0.0,100.0,,1.1,99937.0,1.5,,"(('rng_type', 'prevday'), ('expire_hour', 14), ('exit_hour', 18), ('sl_frac', 0.5), ('rr', 0.0), ('trail', 1.5), ('min_range_atr', 1.0), ('max_range_atr', 6.0), ('skip_dow', (0, 4)))","(('max_trades_day', 1), ('risk_on_balance', False))","(0, 4)",False,
3,XAUUSD,e8_one_14,1.5,,,,,18.0,14.0,6.0,1.0,prevday,0.0,0.5,1,338,0.0,0.0,0.0,100.0,,1.1,100261.0,163,0.0,0.0,0.0,100.0,,1.1,99937.0,1.5,,"(('rng_type', 'prevday'), ('expire_hour', 14), ('exit_hour', 18), ('sl_frac', 0.5), ('rr', 0.0), ('trail', 1.5), ('min_range_atr', 1.0), ('max_range_atr', 6.0), ('skip_dow', (0, 4)))","(('max_trades_day', 1), ('day_stop_pct', 2.0), ('risk_on_balance', False))","(0, 4)",False,2.0
3,XAUUSD,e8_one_14,1.5,,,,,18.0,14.0,6.0,1.0,prevday,0.0,0.5,1,338,0.0,0.0,0.0,100.0,,1.1,100261.0,163,0.0,0.0,0.0,100.0,,1.1,99937.0,1.5,,"(('rng_type', 'prevday'), ('expire_hour', 14), ('exit_hour', 18), ('sl_frac', 0.5), ('rr', 0.0), ('trail', 1.5), ('min_range_atr', 1.0), ('max_range_atr', 6.0), ('skip_dow', (0, 4)))","(('max_trades_day', 1), ('risk_on_balance', True))","(0, 4)",True,
3,XAUUSD,e8_one_14,1.5,,,,,18.0,14.0,6.0,1.0,prevday,0.0,0.5,1,338,0.0,0.0,0.0,100.0,,1.1,100261.0,163,0.0,0.0,0.0,100.0,,1.1,99937.0,1.5,,"(('rng_type', 'prevday'), ('expire_hour', 14), ('exit_hour', 18), ('sl_frac', 0.5), ('rr', 0.0), ('trail', 1.5), ('min_range_atr', 1.0), ('max_range_atr', 6.0), ('skip_dow', (0, 4)))","(('max_trades_day', 1), ('day_stop_pct', 2.0), ('risk_on_balance', True))","(0, 4)",True,2.0
3,XAUUSD,e8_one_14,2.0,,,,,18.0,14.0,6.0,1.0,prevday,0.0,0.5,1,338,0.3,0.0,0.0,99.7,4.7,1.1,100348.0,163,0.0,0.0,0.0,100.0,,1.1,99916.0,1.5,,"(('rng_type', 'prevday'), ('expire_hour', 14), ('exit_hour', 18), ('sl_frac', 0.5), ('rr', 0.0), ('trail', 1.5), ('min_range_atr', 1.0), ('max_range_atr', 6.0), ('skip_dow', (0, 4)))","(('max_trades_day', 1), ('risk_on_balance', False))","(0, 4)",False,
3,XAUUSD,e8_one_14,2.0,,,,,18.0,14.0,6.0,1.0,prevday,0.0,0.5,1,338,0.3,0.0,0.0,99.7,4.7,1.1,100348.0,163,0.0,0.0,0.0,100.0,,1.1,99916.0,1.5,,"(('rng_type', 'prevday'), ('expire_hour', 14), ('exit_hour', 18), ('sl_frac', 0.5), ('rr', 0.0), ('trail', 1.5), ('min_range_atr', 1.0), ('max_range_atr', 6.0), ('skip_dow', (0, 4)))","(('max_trades_day', 1), ('day_stop_pct', 2.0), ('risk_on_balance', False))","(0, 4)",False,2.0
3,XAUUSD,e8_one_14,2.0,,,,,18.0,14.0,6.0,1.0,prevday,0.0,0.5,1,338,0.3,0.0,0.0,99.7,4.7,1.1,100349.0,163,0.0,0.0,0.0,100.0,,1.1,99916.0,1.5,,"(('rng_type', 'prevday'), ('expire_hour', 14), ('exit_hour', 18), ('sl_frac', 0.5), ('rr', 0.0), ('trail', 1.5), ('min_range_atr', 1.0), ('max_range_atr', 6.0), ('skip_dow', (0, 4)))","(('max_trades_day', 1), ('risk_on_balance', True))","(0, 4)",True,
3,XAUUSD,e8_one_14,2.0,,,,,18.0,14.0,6.0,1.0,prevday,0.0,0.5,1,338,0.3,0.0,0.0,99.7,4.7,1.1,100349.0,163,0.0,0.0,0.0,100.0,,1.1,99916.0,1.5,,"(('rng_type', 'prevday'), ('expire_hour', 14), ('exit_hour', 18), ('sl_frac', 0.5), ('rr', 0.0), ('trail', 1.5), ('min_range_atr', 1.0), ('max_range_atr', 6.0), ('skip_dow', (0, 4)))","(('max_trades_day', 1), ('day_stop_pct', 2.0), ('risk_on_balance', True))","(0, 4)",True,2.0
3,XAUUSD,e8_one_14,2.4,,,,,18.0,14.0,6.0,1.0,prevday,0.0,0.5,1,338,0.3,0.0,0.0,99.7,4.7,1.1,100418.0,163,0.0,0.0,0.0,100.0,,1.1,99899.0,1.5,,"(('rng_type', 'prevday'), ('expire_hour', 14), ('exit_hour', 18), ('sl_frac', 0.5), ('rr', 0.0), ('trail', 1.5), ('min_range_atr', 1.0), ('max_range_atr', 6.0), ('skip_dow', (0, 4)))","(('max_trades_day', 1), ('risk_on_balance', False))","(0, 4)",False,
3,XAUUSD,e8_one_14,2.4,,,,,18.0,14.0,6.0,1.0,prevday,0.0,0.5,1,338,0.3,0.0,0.0,99.7,4.7,1.1,100418.0,163,0.0,0.0,0.0,100.0,,1.1,99899.0,1.5,,"(('rng_type', 'prevday'), ('expire_hour', 14), ('exit_hour', 18), ('sl_frac', 0.5), ('rr', 0.0), ('trail', 1.5), ('min_range_atr', 1.0), ('max_range_atr', 6.0), ('skip_dow', (0, 4)))","(('max_trades_day', 1), ('day_stop_pct', 2.0), ('risk_on_balance', False))","(0, 4)",False,2.0
3,XAUUSD,e8_one_14,2.4,,,,,18.0,14.0,6.0,1.0,prevday,0.0,0.5,1,338,0.3,0.0,0.0,99.7,4.7,1.1,100419.0,163,0.0,0.0,0.0,100.0,,1.1,99898.0,1.5,,"(('rng_type', 'prevday'), ('expire_hour', 14), ('exit_hour', 18), ('sl_frac', 0.5), ('rr', 0.0), ('trail', 1.5), ('min_range_atr', 1.0), ('max_range_atr', 6.0), ('skip_dow', (0, 4)))","(('max_trades_day', 1), ('risk_on_balance', True))","(0, 4)",True,
3,XAUUSD,e8_one_14,2.4,,,,,18.0,14.0,6.0,1.0,prevday,0.0,0.5,1,338,0.3,0.0,0.0,99.7,4.7,1.1,100419.0,163,0.0,0.0,0.0,100.0,,1.1,99898.0,1.5,,"(('rng_type', 'prevday'), ('expire_hour', 14), ('exit_hour', 18), ('sl_frac', 0.5), ('rr', 0.0), ('trail', 1.5), ('min_range_atr', 1.0), ('max_range_atr', 6.0), ('skip_dow', (0, 4)))","(('max_trades_day', 1), ('day_stop_pct', 2.0), ('risk_on_balance', True))","(0, 4)",True,2.0
3,XAUUSD,e8_one_14,2.8,,,,,18.0,14.0,6.0,1.0,prevday,0.0,0.5,1,338,0.3,0.0,0.0,99.7,4.7,1.1,100488.0,163,0.0,0.0,0.0,100.0,,1.1,99882.0,1.5,,"(('rng_type', 'prevday'), ('expire_hour', 14), ('exit_hour', 18), ('sl_frac', 0.5), ('rr', 0.0), ('trail', 1.5), ('min_range_atr', 1.0), ('max_range_atr', 6.0), ('skip_dow', (0, 4)))","(('max_trades_day', 1), ('risk_on_balance', False))","(0, 4)",False,
3,XAUUSD,e8_one_14,2.8,,,,,18.0,14.0,6.0,1.0,prevday,0.0,0.5,1,338,0.3,0.0,0.0,99.7,4.7,1.1,100488.0,163,0.0,0.0,0.0,100.0,,1.1,99882.0,1.5,,"(('rng_type', 'prevday'), ('expire_hour', 14), ('exit_hour', 18), ('sl_frac', 0.5), ('rr', 0.0), ('trail', 1.5), ('min_range_atr', 1.0), ('max_range_atr', 6.0), ('skip_dow', (0, 4)))","(('max_trades_day', 1), ('day_stop_pct', 2.0), ('risk_on_balance', False))","(0, 4)",False,2.0
3,XAUUSD,e8_one_14,2.8,,,,,18.0,14.0,6.0,1.0,prevday,0.0,0.5,1,338,0.3,0.0,0.0,99.7,4.7,1.1,100488.0,163,0.0,0.0,0.0,100.0,,1.1,99881.0,1.5,,"(('rng_type', 'prevday'), ('expire_hour', 14), ('exit_hour', 18), ('sl_frac', 0.5), ('rr', 0.0), ('trail', 1.5), ('min_range_atr', 1.0), ('max_range_atr', 6.0), ('skip_dow', (0, 4)))","(('max_trades_day', 1), ('risk_on_balance', True))","(0, 4)",True,
3,XAUUSD,e8_one_14,2.8,,,,,18.0,14.0,6.0,1.0,prevday,0.0,0.5,1,338,0.3,0.0,0.0,99.7,4.7,1.1,100488.0,163,0.0,0.0,0.0,100.0,,1.1,99881.0,1.5,,"(('rng_type', 'prevday'), ('expire_hour', 14), ('exit_hour', 18), ('sl_frac', 0.5), ('rr', 0.0), ('trail', 1.5), ('min_range_atr', 1.0), ('max_range_atr', 6.0), ('skip_dow', (0, 4)))","(('max_trades_day', 1), ('day_stop_pct', 2.0), ('risk_on_balance', True))","(0, 4)",True,2.0
3,XAUUSD,the5ers_hyper,1.0,,,,,18.0,14.0,6.0,1.0,prevday,0.0,0.5,1,338,0.0,0.0,0.0,100.0,,1.1,100174.0,163,0.0,0.0,0.0,100.0,,1.1,99958.0,1.5,,"(('rng_type', 'prevday'), ('expire_hour', 14), ('exit_hour', 18), ('sl_frac', 0.5), ('rr', 0.0), ('trail', 1.5), ('min_range_atr', 1.0), ('max_range_atr', 6.0), ('skip_dow', (0, 4)))","(('max_trades_day', 1), ('risk_on_balance', False))","(0, 4)",False,
3,XAUUSD,the5ers_hyper,1.0,,,,,18.0,14.0,6.0,1.0,prevday,0.0,0.5,1,338,0.0,0.0,0.0,100.0,,1.1,100174.0,163,0.0,0.0,0.0,100.0,,1.1,99958.0,1.5,,"(('rng_type', 'prevday'), ('expire_hour', 14), ('exit_hour', 18), ('sl_frac', 0.5), ('rr', 0.0), ('trail', 1.5), ('min_range_atr', 1.0), ('max_range_atr', 6.0), ('skip_dow', (0, 4)))","(('max_trades_day', 1), ('day_stop_pct', 2.0), ('risk_on_balance', False))","(0, 4)",False,2.0
3,XAUUSD,the5ers_hyper,1.0,,,,,18.0,14.0,6.0,1.0,prevday,0.0,0.5,1,338,0.0,0.0,0.0,100.0,,1.1,100174.0,163,0.0,0.0,0.0,100.0,,1.1,99958.0,1.5,,"(('rng_type', 'prevday'), ('expire_hour', 14), ('exit_hour', 18), ('sl_frac', 0.5), ('rr', 0.0), ('trail', 1.5), ('min_range_atr', 1.0), ('max_range_atr', 6.0), ('skip_dow', (0, 4)))","(('max_trades_day', 1), ('risk_on_balance', True))","(0, 4)",True,
3,XAUUSD,the5ers_hyper,1.0,,,,,18.0,14.0,6.0,1.0,prevday,0.0,0.5,1,338,0.0,0.0,0.0,100.0,,1.1,100174.0,163,0.0,0.0,0.0,100.0,,1.1,99958.0,1.5,,"(('rng_type', 'prevday'), ('expire_hour', 14), ('exit_hour', 18), ('sl_frac', 0.5), ('rr', 0.0), ('trail', 1.5), ('min_range_atr', 1.0), ('max_range_atr', 6.0), ('skip_dow', (0, 4)))","(('max_trades_day', 1), ('day_stop_pct', 2.0), ('risk_on_balance', True))","(0, 4)",True,2.0
3,XAUUSD,the5ers_hyper,1.5,,,,,18.0,14.0,6.0,1.0,prevday,0.0,0.5,1,338,0.0,0.0,0.0,100.0,,1.1,100261.0,163,0.0,0.0,0.0,100.0,,1.1,99937.0,1.5,,"(('rng_type', 'prevday'), ('expire_hour', 14), ('exit_hour', 18), ('sl_frac', 0.5), ('rr', 0.0), ('trail', 1.5), ('min_range_atr', 1.0), ('max_range_atr', 6.0), ('skip_dow', (0, 4)))","(('max_trades_day', 1), ('risk_on_balance', False))","(0, 4)",False,
3,XAUUSD,the5ers_hyper,1.5,,,,,18.0,14.0,6.0,1.0,prevday,0.0,0.5,1,338,0.0,0.0,0.0,100.0,,1.1,100261.0,163,0.0,0.0,0.0,100.0,,1.1,99937.0,1.5,,"(('rng_type', 'prevday'), ('expire_hour', 14), ('exit_hour', 18), ('sl_frac', 0.5), ('rr', 0.0), ('trail', 1.5), ('min_range_atr', 1.0), ('max_range_atr', 6.0), ('skip_dow', (0, 4)))","(('max_trades_day', 1), ('day_stop_pct', 2.0), ('risk_on_balance', False))","(0, 4)",False,2.0
3,XAUUSD,the5ers_hyper,1.5,,,,,18.0,14.0,6.0,1.0,prevday,0.0,0.5,1,338,0.0,0.0,0.0,100.0,,1.1,100261.0,163,0.0,0.0,0.0,100.0,,1.1,99937.0,1.5,,"(('rng_type', 'prevday'), ('expire_hour', 14), ('exit_hour', 18), ('sl_frac', 0.5), ('rr', 0.0), ('trail', 1.5), ('min_range_atr', 1.0), ('max_range_atr', 6.0), ('skip_dow', (0, 4)))","(('max_trades_day', 1), ('risk_on_balance', True))","(0, 4)",True,
3,XAUUSD,the5ers_hyper,1.5,,,,,18.0,14.0,6.0,1.0,prevday,0.0,0.5,1,338,0.0,0.0,0.0,100.0,,1.1,100261.0,163,0.0,0.0,0.0,100.0,,1.1,99937.0,1.5,,"(('rng_type', 'prevday'), ('expire_hour', 14), ('exit_hour', 18), ('sl_frac', 0.5), ('rr', 0.0), ('trail', 1.5), ('min_range_atr', 1.0), ('max_range_atr', 6.0), ('skip_dow', (0, 4)))","(('max_trades_day', 1), ('day_stop_pct', 2.0), ('risk_on_balance', True))","(0, 4)",True,2.0
3,XAUUSD,the5ers_hyper,2.0,,,,,18.0,14.0,6.0,1.0,prevday,0.0,0.5,1,338,0.3,0.0,0.0,99.7,4.2,1.1,100348.0,163,0.0,0.0,0.0,100.0,,1.1,99916.0,1.5,,"(('rng_type', 'prevday'), ('expire_hour', 14), ('exit_hour', 18), ('sl_frac', 0.5), ('rr', 0.0), ('trail', 1.5), ('min_range_atr', 1.0), ('max_range_atr', 6.0), ('skip_dow', (0, 4)))","(('max_trades_day', 1), ('risk_on_balance', False))","(0, 4)",False,
3,XAUUSD,the5ers_hyper,2.0,,,,,18.0,14.0,6.0,1.0,prevday,0.0,0.5,1,338,0.3,0.0,0.0,99.7,4.2,1.1,100348.0,163,0.0,0.0,0.0,100.0,,1.1,99916.0,1.5,,"(('rng_type', 'prevday'), ('expire_hour', 14), ('exit_hour', 18), ('sl_frac', 0.5), ('rr', 0.0), ('trail', 1.5), ('min_range_atr', 1.0), ('max_range_atr', 6.0), ('skip_dow', (0, 4)))","(('max_trades_day', 1), ('day_stop_pct', 2.0), ('risk_on_balance', False))","(0, 4)",False,2.0
3,XAUUSD,the5ers_hyper,2.0,,,,,18.0,14.0,6.0,1.0,prevday,0.0,0.5,1,338,0.3,0.0,0.0,99.7,4.2,1.1,100349.0,163,0.0,0.0,0.0,100.0,,1.1,99916.0,1.5,,"(('rng_type', 'prevday'), ('expire_hour', 14), ('exit_hour', 18), ('sl_frac', 0.5), ('rr', 0.0), ('trail', 1.5), ('min_range_atr', 1.0), ('max_range_atr', 6.0), ('skip_dow', (0, 4)))","(('max_trades_day', 1), ('risk_on_balance', True))","(0, 4)",True,
3,XAUUSD,the5ers_hyper,2.0,,,,,18.0,14.0,6.0,1.0,prevday,0.0,0.5,1,338,0.3,0.0,0.0,99.7,4.2,1.1,100349.0,163,0.0,0.0,0.0,100.0,,1.1,99916.0,1.5,,"(('rng_type', 'prevday'), ('expire_hour', 14), ('exit_hour', 18), ('sl_frac', 0.5), ('rr', 0.0), ('trail', 1.5), ('min_range_atr', 1.0), ('max_range_atr', 6.0), ('skip_dow', (0, 4)))","(('max_trades_day', 1), ('day_stop_pct', 2.0), ('risk_on_balance', True))","(0, 4)",True,2.0
3,XAUUSD,the5ers_hyper,2.4,,,,,18.0,14.0,6.0,1.0,prevday,0.0,0.5,1,338,0.6,0.0,0.0,99.4,4.2,1.1,100418.0,163,0.0,0.0,0.0,100.0,,1.1,99899.0,1.5,,"(('rng_type', 'prevday'), ('expire_hour', 14), ('exit_hour', 18), ('sl_frac', 0.5), ('rr', 0.0), ('trail', 1.5), ('min_range_atr', 1.0), ('max_range_atr', 6.0), ('skip_dow', (0, 4)))","(('max_trades_day', 1), ('risk_on_balance', False))","(0, 4)",False,
3,XAUUSD,the5ers_hyper,2.4,,,,,18.0,14.0,6.0,1.0,prevday,0.0,0.5,1,338,0.6,0.0,0.0,99.4,4.2,1.1,100418.0,163,0.0,0.0,0.0,100.0,,1.1,99899.0,1.5,,"(('rng_type', 'prevday'), ('expire_hour', 14), ('exit_hour', 18), ('sl_frac', 0.5), ('rr', 0.0), ('trail', 1.5), ('min_range_atr', 1.0), ('max_range_atr', 6.0), ('skip_dow', (0, 4)))","(('max_trades_day', 1), ('day_stop_pct', 2.0), ('risk_on_balance', False))","(0, 4)",False,2.0
3,XAUUSD,the5ers_hyper,2.4,,,,,18.0,14.0,6.0,1.0,prevday,0.0,0.5,1,338,0.6,0.0,0.0,99.4,4.2,1.1,100419.0,163,0.0,0.0,0.0,100.0,,1.1,99898.0,1.5,,"(('rng_type', 'prevday'), ('expire_hour', 14), ('exit_hour', 18), ('sl_frac', 0.5), ('rr', 0.0), ('trail', 1.5), ('min_range_atr', 1.0), ('max_range_atr', 6.0), ('skip_dow', (0, 4)))","(('max_trades_day', 1), ('risk_on_balance', True))","(0, 4)",True,
3,XAUUSD,the5ers_hyper,2.4,,,,,18.0,14.0,6.0,1.0,prevday,0.0,0.5,1,338,0.6,0.0,0.0,99.4,4.2,1.1,100419.0,163,0.0,0.0,0.0,100.0,,1.1,99898.0,1.5,,"(('rng_type', 'prevday'), ('expire_hour', 14), ('exit_hour', 18), ('sl_frac', 0.5), ('rr', 0.0), ('trail', 1.5), ('min_range_atr', 1.0), ('max_range_atr', 6.0), ('skip_dow', (0, 4)))","(('max_trades_day', 1), ('day_stop_pct', 2.0), ('risk_on_balance', True))","(0, 4)",True,2.0
3,XAUUSD,the5ers_hyper,2.8,,,,,18.0,14.0,6.0,1.0,prevday,0.0,0.5,1,338,0.9,0.0,0.0,99.1,4.2,1.1,100500.0,163,0.0,0.0,0.0,100.0,,1.1,99882.0,1.5,,"(('rng_type', 'prevday'), ('expire_hour', 14), ('exit_hour', 18), ('sl_frac', 0.5), ('rr', 0.0), ('trail', 1.5), ('min_range_atr', 1.0), ('max_range_atr', 6.0), ('skip_dow', (0, 4)))","(('max_trades_day', 1), ('risk_on_balance', False))","(0, 4)",False,
3,XAUUSD,the5ers_hyper,2.8,,,,,18.0,14.0,6.0,1.0,prevday,0.0,0.5,1,338,0.9,0.0,0.0,99.1,4.2,1.1,100500.0,163,0.0,0.0,0.0,100.0,,1.1,99882.0,1.5,,"(('rng_type', 'prevday'), ('expire_hour', 14), ('exit_hour', 18), ('sl_frac', 0.5), ('rr', 0.0), ('trail', 1.5), ('min_range_atr', 1.0), ('max_range_atr', 6.0), ('skip_dow', (0, 4)))","(('max_trades_day', 1), ('day_stop_pct', 2.0), ('risk_on_balance', False))","(0, 4)",False,2.0
3,XAUUSD,the5ers_hyper,2.8,,,,,18.0,14.0,6.0,1.0,prevday,0.0,0.5,1,338,0.9,0.0,0.0,99.1,4.2,1.1,100502.0,163,0.0,0.0,0.0,100.0,,1.1,99881.0,1.5,,"(('rng_type', 'prevday'), ('expire_hour', 14), ('exit_hour', 18), ('sl_frac', 0.5), ('rr', 0.0), ('trail', 1.5), ('min_range_atr', 1.0), ('max_range_atr', 6.0), ('skip_dow', (0, 4)))","(('max_trades_day', 1), ('risk_on_balance', True))","(0, 4)",True,
3,XAUUSD,the5ers_hyper,2.8,,,,,18.0,14.0,6.0,1.0,prevday,0.0,0.5,1,338,0.9,0.0,0.0,99.1,4.2,1.1,100502.0,163,0.0,0.0,0.0,100.0,,1.1,99881.0,1.5,,"(('rng_type', 'prevday'), ('expire_hour', 14), ('exit_hour', 18), ('sl_frac', 0.5), ('rr', 0.0), ('trail', 1.5), ('min_range_atr', 1.0), ('max_range_atr', 6.0), ('skip_dow', (0, 4)))","(('max_trades_day', 1), ('day_stop_pct', 2.0), ('risk_on_balance', True))","(0, 4)",True,2.0
3,XAUUSD,ftmo_p1,1.0,,,,,18.0,14.0,6.0,1.0,prevday,0.0,0.5,1,338,0.0,0.0,0.0,100.0,,1.1,100174.0,163,0.0,0.0,0.0,100.0,,1.1,99958.0,1.5,,"(('rng_type', 'prevday'), ('expire_hour', 14), ('exit_hour', 18), ('sl_frac', 0.5), ('rr', 0.0), ('trail', 1.5), ('min_range_atr', 1.0), ('max_range_atr', 6.0), ('skip_dow', (0, 4)))","(('max_trades_day', 1), ('risk_on_balance', False))","(0, 4)",False,
3,XAUUSD,ftmo_p1,1.0,,,,,18.0,14.0,6.0,1.0,prevday,0.0,0.5,1,338,0.0,0.0,0.0,100.0,,1.1,100174.0,163,0.0,0.0,0.0,100.0,,1.1,99958.0,1.5,,"(('rng_type', 'prevday'), ('expire_hour', 14), ('exit_hour', 18), ('sl_frac', 0.5), ('rr', 0.0), ('trail', 1.5), ('min_range_atr', 1.0), ('max_range_atr', 6.0), ('skip_dow', (0, 4)))","(('max_trades_day', 1), ('day_stop_pct', 2.0), ('risk_on_balance', False))","(0, 4)",False,2.0
3,XAUUSD,ftmo_p1,1.0,,,,,18.0,14.0,6.0,1.0,prevday,0.0,0.5,1,338,0.0,0.0,0.0,100.0,,1.1,100174.0,163,0.0,0.0,0.0,100.0,,1.1,99958.0,1.5,,"(('rng_type', 'prevday'), ('expire_hour', 14), ('exit_hour', 18), ('sl_frac', 0.5), ('rr', 0.0), ('trail', 1.5), ('min_range_atr', 1.0), ('max_range_atr', 6.0), ('skip_dow', (0, 4)))","(('max_trades_day', 1), ('risk_on_balance', True))","(0, 4)",True,
3,XAUUSD,ftmo_p1,1.0,,,,,18.0,14.0,6.0,1.0,prevday,0.0,0.5,1,338,0.0,0.0,0.0,100.0,,1.1,100174.0,163,0.0,0.0,0.0,100.0,,1.1,99958.0,1.5,,"(('rng_type', 'prevday'), ('expire_hour', 14), ('exit_hour', 18), ('sl_frac', 0.5), ('rr', 0.0), ('trail', 1.5), ('min_range_atr', 1.0), ('max_range_atr', 6.0), ('skip_dow', (0, 4)))","(('max_trades_day', 1), ('day_stop_pct', 2.0), ('risk_on_balance', True))","(0, 4)",True,2.0
3,XAUUSD,ftmo_p1,1.5,,,,,18.0,14.0,6.0,1.0,prevday,0.0,0.5,1,338,0.0,0.0,0.0,100.0,,1.1,100261.0,163,0.0,0.0,0.0,100.0,,1.1,99937.0,1.5,,"(('rng_type', 'prevday'), ('expire_hour', 14), ('exit_hour', 18), ('sl_frac', 0.5), ('rr', 0.0), ('trail', 1.5), ('min_range_atr', 1.0), ('max_range_atr', 6.0), ('skip_dow', (0, 4)))","(('max_trades_day', 1), ('risk_on_balance', False))","(0, 4)",False,
3,XAUUSD,ftmo_p1,1.5,,,,,18.0,14.0,6.0,1.0,prevday,0.0,0.5,1,338,0.0,0.0,0.0,100.0,,1.1,100261.0,163,0.0,0.0,0.0,100.0,,1.1,99937.0,1.5,,"(('rng_type', 'prevday'), ('expire_hour', 14), ('exit_hour', 18), ('sl_frac', 0.5), ('rr', 0.0), ('trail', 1.5), ('min_range_atr', 1.0), ('max_range_atr', 6.0), ('skip_dow', (0, 4)))","(('max_trades_day', 1), ('day_stop_pct', 2.0), ('risk_on_balance', False))","(0, 4)",False,2.0
3,XAUUSD,ftmo_p1,1.5,,,,,18.0,14.0,6.0,1.0,prevday,0.0,0.5,1,338,0.0,0.0,0.0,100.0,,1.1,100261.0,163,0.0,0.0,0.0,100.0,,1.1,99937.0,1.5,,"(('rng_type', 'prevday'), ('expire_hour', 14), ('exit_hour', 18), ('sl_frac', 0.5), ('rr', 0.0), ('trail', 1.5), ('min_range_atr', 1.0), ('max_range_atr', 6.0), ('skip_dow', (0, 4)))","(('max_trades_day', 1), ('risk_on_balance', True))","(0, 4)",True,
3,XAUUSD,ftmo_p1,1.5,,,,,18.0,14.0,6.0,1.0,prevday,0.0,0.5,1,338,0.0,0.0,0.0,100.0,,1.1,100261.0,163,0.0,0.0,0.0,100.0,,1.1,99937.0,1.5,,"(('rng_type', 'prevday'), ('expire_hour', 14), ('exit_hour', 18), ('sl_frac', 0.5), ('rr', 0.0), ('trail', 1.5), ('min_range_atr', 1.0), ('max_range_atr', 6.0), ('skip_dow', (0, 4)))","(('max_trades_day', 1), ('day_stop_pct', 2.0), ('risk_on_balance', True))","(0, 4)",True,2.0
3,XAUUSD,ftmo_p1,2.0,,,,,18.0,14.0,6.0,1.0,prevday,0.0,0.5,1,338,0.3,0.0,0.0,99.7,5.6,1.1,100348.0,163,0.0,0.0,0.0,100.0,,1.1,99916.0,1.5,,"(('rng_type', 'prevday'), ('expire_hour', 14), ('exit_hour', 18), ('sl_frac', 0.5), ('rr', 0.0), ('trail', 1.5), ('min_range_atr', 1.0), ('max_range_atr', 6.0), ('skip_dow', (0, 4)))","(('max_trades_day', 1), ('risk_on_balance', False))","(0, 4)",False,
3,XAUUSD,ftmo_p1,2.0,,,,,18.0,14.0,6.0,1.0,prevday,0.0,0.5,1,338,0.3,0.0,0.0,99.7,5.6,1.1,100348.0,163,0.0,0.0,0.0,100.0,,1.1,99916.0,1.5,,"(('rng_type', 'prevday'), ('expire_hour', 14), ('exit_hour', 18), ('sl_frac', 0.5), ('rr', 0.0), ('trail', 1.5), ('min_range_atr', 1.0), ('max_range_atr', 6.0), ('skip_dow', (0, 4)))","(('max_trades_day', 1), ('day_stop_pct', 2.0), ('risk_on_balance', False))","(0, 4)",False,2.0
3,XAUUSD,ftmo_p1,2.0,,,,,18.0,14.0,6.0,1.0,prevday,0.0,0.5,1,338,0.3,0.0,0.0,99.7,5.6,1.1,100349.0,163,0.0,0.0,0.0,100.0,,1.1,99916.0,1.5,,"(('rng_type', 'prevday'), ('expire_hour', 14), ('exit_hour', 18), ('sl_frac', 0.5), ('rr', 0.0), ('trail', 1.5), ('min_range_atr', 1.0), ('max_range_atr', 6.0), ('skip_dow', (0, 4)))","(('max_trades_day', 1), ('risk_on_balance', True))","(0, 4)",True,
3,XAUUSD,ftmo_p1,2.0,,,,,18.0,14.0,6.0,1.0,prevday,0.0,0.5,1,338,0.3,0.0,0.0,99.7,5.6,1.1,100349.0,163,0.0,0.0,0.0,100.0,,1.1,99916.0,1.5,,"(('rng_type', 'prevday'), ('expire_hour', 14), ('exit_hour', 18), ('sl_frac', 0.5), ('rr', 0.0), ('trail', 1.5), ('min_range_atr', 1.0), ('max_range_atr', 6.0), ('skip_dow', (0, 4)))","(('max_trades_day', 1), ('day_stop_pct', 2.0), ('risk_on_balance', True))","(0, 4)",True,2.0
3,XAUUSD,ftmo_p1,2.4,,,,,18.0,14.0,6.0,1.0,prevday,0.0,0.5,1,338,0.6,0.0,0.0,99.4,5.6,1.1,100418.0,163,0.0,0.0,0.0,100.0,,1.1,99899.0,1.5,,"(('rng_type', 'prevday'), ('expire_hour', 14), ('exit_hour', 18), ('sl_frac', 0.5), ('rr', 0.0), ('trail', 1.5), ('min_range_atr', 1.0), ('max_range_atr', 6.0), ('skip_dow', (0, 4)))","(('max_trades_day', 1), ('risk_on_balance', False))","(0, 4)",False,
3,XAUUSD,ftmo_p1,2.4,,,,,18.0,14.0,6.0,1.0,prevday,0.0,0.5,1,338,0.6,0.0,0.0,99.4,5.6,1.1,100418.0,163,0.0,0.0,0.0,100.0,,1.1,99899.0,1.5,,"(('rng_type', 'prevday'), ('expire_hour', 14), ('exit_hour', 18), ('sl_frac', 0.5), ('rr', 0.0), ('trail', 1.5), ('min_range_atr', 1.0), ('max_range_atr', 6.0), ('skip_dow', (0, 4)))","(('max_trades_day', 1), ('day_stop_pct', 2.0), ('risk_on_balance', False))","(0, 4)",False,2.0
3,XAUUSD,ftmo_p1,2.4,,,,,18.0,14.0,6.0,1.0,prevday,0.0,0.5,1,338,0.6,0.0,0.0,99.4,5.6,1.1,100419.0,163,0.0,0.0,0.0,100.0,,1.1,99898.0,1.5,,"(('rng_type', 'prevday'), ('expire_hour', 14), ('exit_hour', 18), ('sl_frac', 0.5), ('rr', 0.0), ('trail', 1.5), ('min_range_atr', 1.0), ('max_range_atr', 6.0), ('skip_dow', (0, 4)))","(('max_trades_day', 1), ('risk_on_balance', True))","(0, 4)",True,
3,XAUUSD,ftmo_p1,2.4,,,,,18.0,14.0,6.0,1.0,prevday,0.0,0.5,1,338,0.6,0.0,0.0,99.4,5.6,1.1,100419.0,163,0.0,0.0,0.0,100.0,,1.1,99898.0,1.5,,"(('rng_type', 'prevday'), ('expire_hour', 14), ('exit_hour', 18), ('sl_frac', 0.5), ('rr', 0.0), ('trail', 1.5), ('min_range_atr', 1.0), ('max_range_atr', 6.0), ('skip_dow', (0, 4)))","(('max_trades_day', 1), ('day_stop_pct', 2.0), ('risk_on_balance', True))","(0, 4)",True,2.0
3,XAUUSD,ftmo_p1,2.8,,,,,18.0,14.0,6.0,1.0,prevday,0.0,0.5,1,338,0.9,0.0,0.0,99.1,5.6,1.1,100500.0,163,0.0,0.0,0.0,100.0,,1.1,99882.0,1.5,,"(('rng_type', 'prevday'), ('expire_hour', 14), ('exit_hour', 18), ('sl_frac', 0.5), ('rr', 0.0), ('trail', 1.5), ('min_range_atr', 1.0), ('max_range_atr', 6.0), ('skip_dow', (0, 4)))","(('max_trades_day', 1), ('risk_on_balance', False))","(0, 4)",False,
3,XAUUSD,ftmo_p1,2.8,,,,,18.0,14.0,6.0,1.0,prevday,0.0,0.5,1,338,0.9,0.0,0.0,99.1,5.6,1.1,100500.0,163,0.0,0.0,0.0,100.0,,1.1,99882.0,1.5,,"(('rng_type', 'prevday'), ('expire_hour', 14), ('exit_hour', 18), ('sl_frac', 0.5), ('rr', 0.0), ('trail', 1.5), ('min_range_atr', 1.0), ('max_range_atr', 6.0), ('skip_dow', (0, 4)))","(('max_trades_day', 1), ('day_stop_pct', 2.0), ('risk_on_balance', False))","(0, 4)",False,2.0
3,XAUUSD,ftmo_p1,2.8,,,,,18.0,14.0,6.0,1.0,prevday,0.0,0.5,1,338,0.9,0.0,0.0,99.1,5.6,1.1,100502.0,163,0.0,0.0,0.0,100.0,,1.1,99881.0,1.5,,"(('rng_type', 'prevday'), ('expire_hour', 14), ('exit_hour', 18), ('sl_frac', 0.5), ('rr', 0.0), ('trail', 1.5), ('min_range_atr', 1.0), ('max_range_atr', 6.0), ('skip_dow', (0, 4)))","(('max_trades_day', 1), ('risk_on_balance', True))","(0, 4)",True,
3,XAUUSD,ftmo_p1,2.8,,,,,18.0,14.0,6.0,1.0,prevday,0.0,0.5,1,338,0.9,0.0,0.0,99.1,5.6,1.1,100502.0,163,0.0,0.0,0.0,100.0,,1.1,99881.0,1.5,,"(('rng_type', 'prevday'), ('expire_hour', 14), ('exit_hour', 18), ('sl_frac', 0.5), ('rr', 0.0), ('trail', 1.5), ('min_range_atr', 1.0), ('max_range_atr', 6.0), ('skip_dow', (0, 4)))","(('max_trades_day', 1), ('day_stop_pct', 2.0), ('risk_on_balance', True))","(0, 4)",True,2.0
3,EURUSD,ftmo_1step,1.0,,,,,23.0,17.0,3.0,1.0,asian,3.0,1.0,1,395,0.0,0.0,0.0,100.0,,2.1,100099.0,205,0.0,0.0,0.0,100.0,,2.2,99826.0,,,"(('rng_type', 'asian'), ('expire_hour', 17), ('exit_hour', 23), ('sl_frac', 1.0), ('rr', 3.0), ('min_range_atr', 1.0), ('max_range_atr', 3.0), ('skip_dow', (0, 4)))","(('max_trades_day', 1), ('risk_on_balance', False))","(0, 4)",False,
3,EURUSD,ftmo_1step,1.0,,,,,23.0,17.0,3.0,1.0,asian,3.0,1.0,1,395,0.0,0.0,0.0,100.0,,2.1,100099.0,205,0.0,0.0,0.0,100.0,,2.2,99826.0,,,"(('rng_type', 'asian'), ('expire_hour', 17), ('exit_hour', 23), ('sl_frac', 1.0), ('rr', 3.0), ('min_range_atr', 1.0), ('max_range_atr', 3.0), ('skip_dow', (0, 4)))","(('max_trades_day', 1), ('day_stop_pct', 2.0), ('risk_on_balance', False))","(0, 4)",False,2.0
3,EURUSD,ftmo_1step,1.0,,,,,23.0,17.0,3.0,1.0,asian,3.0,1.0,1,395,0.0,0.0,0.0,100.0,,2.1,100099.0,205,0.0,0.0,0.0,100.0,,2.2,99828.0,,,"(('rng_type', 'asian'), ('expire_hour', 17), ('exit_hour', 23), ('sl_frac', 1.0), ('rr', 3.0), ('min_range_atr', 1.0), ('max_range_atr', 3.0), ('skip_dow', (0, 4)))","(('max_trades_day', 1), ('risk_on_balance', True))","(0, 4)",True,
3,EURUSD,ftmo_1step,1.0,,,,,23.0,17.0,3.0,1.0,asian,3.0,1.0,1,395,0.0,0.0,0.0,100.0,,2.1,100099.0,205,0.0,0.0,0.0,100.0,,2.2,99828.0,,,"(('rng_type', 'asian'), ('expire_hour', 17), ('exit_hour', 23), ('sl_frac', 1.0), ('rr', 3.0), ('min_range_atr', 1.0), ('max_range_atr', 3.0), ('skip_dow', (0, 4)))","(('max_trades_day', 1), ('day_stop_pct', 2.0), ('risk_on_balance', True))","(0, 4)",True,2.0
3,EURUSD,ftmo_1step,1.5,,,,,23.0,17.0,3.0,1.0,asian,3.0,1.0,1,395,0.3,0.0,0.0,99.7,3.9,2.1,100149.0,205,0.5,0.0,0.0,99.5,3.9,2.2,99739.0,,,"(('rng_type', 'asian'), ('expire_hour', 17), ('exit_hour', 23), ('sl_frac', 1.0), ('rr', 3.0), ('min_range_atr', 1.0), ('max_range_atr', 3.0), ('skip_dow', (0, 4)))","(('max_trades_day', 1), ('risk_on_balance', False))","(0, 4)",False,
3,EURUSD,ftmo_1step,1.5,,,,,23.0,17.0,3.0,1.0,asian,3.0,1.0,1,395,0.3,0.0,0.0,99.7,3.9,2.1,100149.0,205,0.5,0.0,0.0,99.5,3.9,2.2,99739.0,,,"(('rng_type', 'asian'), ('expire_hour', 17), ('exit_hour', 23), ('sl_frac', 1.0), ('rr', 3.0), ('min_range_atr', 1.0), ('max_range_atr', 3.0), ('skip_dow', (0, 4)))","(('max_trades_day', 1), ('day_stop_pct', 2.0), ('risk_on_balance', False))","(0, 4)",False,2.0
3,EURUSD,ftmo_1step,1.5,,,,,23.0,17.0,3.0,1.0,asian,3.0,1.0,1,395,0.3,0.0,0.0,99.7,3.9,2.1,100148.0,205,0.5,0.0,0.0,99.5,3.9,2.2,99743.0,,,"(('rng_type', 'asian'), ('expire_hour', 17), ('exit_hour', 23), ('sl_frac', 1.0), ('rr', 3.0), ('min_range_atr', 1.0), ('max_range_atr', 3.0), ('skip_dow', (0, 4)))","(('max_trades_day', 1), ('risk_on_balance', True))","(0, 4)",True,
3,EURUSD,ftmo_1step,1.5,,,,,23.0,17.0,3.0,1.0,asian,3.0,1.0,1,395,0.3,0.0,0.0,99.7,3.9,2.1,100148.0,205,0.5,0.0,0.0,99.5,3.9,2.2,99743.0,,,"(('rng_type', 'asian'), ('expire_hour', 17), ('exit_hour', 23), ('sl_frac', 1.0), ('rr', 3.0), ('min_range_atr', 1.0), ('max_range_atr', 3.0), ('skip_dow', (0, 4)))","(('max_trades_day', 1), ('day_stop_pct', 2.0), ('risk_on_balance', True))","(0, 4)",True,2.0
3,EURUSD,ftmo_1step,2.0,,,,,23.0,17.0,3.0,1.0,asian,3.0,1.0,1,395,0.0,2.5,1.3,96.2,,2.1,100177.0,205,0.0,2.0,0.0,98.0,,2.2,99636.0,,,"(('rng_type', 'asian'), ('expire_hour', 17), ('exit_hour', 23), ('sl_frac', 1.0), ('rr', 3.0), ('min_range_atr', 1.0), ('max_range_atr', 3.0), ('skip_dow', (0, 4)))","(('max_trades_day', 1), ('risk_on_balance', False))","(0, 4)",False,
3,EURUSD,ftmo_1step,2.0,,,,,23.0,17.0,3.0,1.0,asian,3.0,1.0,1,395,0.0,2.5,1.3,96.2,,2.1,100177.0,205,0.0,2.0,0.0,98.0,,2.2,99616.0,,,"(('rng_type', 'asian'), ('expire_hour', 17), ('exit_hour', 23), ('sl_frac', 1.0), ('rr', 3.0), ('min_range_atr', 1.0), ('max_range_atr', 3.0), ('skip_dow', (0, 4)))","(('max_trades_day', 1), ('day_stop_pct', 2.0), ('risk_on_balance', False))","(0, 4)",False,2.0
3,EURUSD,ftmo_1step,2.0,,,,,23.0,17.0,3.0,1.0,asian,3.0,1.0,1,395,0.0,2.8,1.3,95.9,,2.1,100177.0,205,0.0,2.0,0.0,98.0,,2.2,99640.0,,,"(('rng_type', 'asian'), ('expire_hour', 17), ('exit_hour', 23), ('sl_frac', 1.0), ('rr', 3.0), ('min_range_atr', 1.0), ('max_range_atr', 3.0), ('skip_dow', (0, 4)))","(('max_trades_day', 1), ('risk_on_balance', True))","(0, 4)",True,
3,EURUSD,ftmo_1step,2.0,,,,,23.0,17.0,3.0,1.0,asian,3.0,1.0,1,395,0.0,2.8,1.3,95.9,,2.1,100177.0,205,0.0,2.0,0.0,98.0,,2.2,99620.0,,,"(('rng_type', 'asian'), ('expire_hour', 17), ('exit_hour', 23), ('sl_frac', 1.0), ('rr', 3.0), ('min_range_atr', 1.0), ('max_range_atr', 3.0), ('skip_dow', (0, 4)))","(('max_trades_day', 1), ('day_stop_pct', 2.0), ('risk_on_balance', True))","(0, 4)",True,2.0
3,EURUSD,ftmo_1step,2.4,,,,,23.0,17.0,3.0,1.0,asian,3.0,1.0,1,395,0.0,5.1,5.3,89.6,,2.0,100174.0,205,0.0,3.4,2.9,93.7,,2.2,99529.0,,,"(('rng_type', 'asian'), ('expire_hour', 17), ('exit_hour', 23), ('sl_frac', 1.0), ('rr', 3.0), ('min_range_atr', 1.0), ('max_range_atr', 3.0), ('skip_dow', (0, 4)))","(('max_trades_day', 1), ('risk_on_balance', False))","(0, 4)",False,
3,EURUSD,ftmo_1step,2.4,,,,,23.0,17.0,3.0,1.0,asian,3.0,1.0,1,395,0.0,5.1,5.3,89.6,,2.0,100174.0,205,0.0,3.4,2.9,93.7,,2.1,99504.0,,,"(('rng_type', 'asian'), ('expire_hour', 17), ('exit_hour', 23), ('sl_frac', 1.0), ('rr', 3.0), ('min_range_atr', 1.0), ('max_range_atr', 3.0), ('skip_dow', (0, 4)))","(('max_trades_day', 1), ('day_stop_pct', 2.0), ('risk_on_balance', False))","(0, 4)",False,2.0
3,EURUSD,ftmo_1step,2.4,,,,,23.0,17.0,3.0,1.0,asian,3.0,1.0,1,395,0.0,5.1,5.1,89.9,,2.0,100172.0,205,0.0,3.9,2.4,93.7,,2.2,99535.0,,,"(('rng_type', 'asian'), ('expire_hour', 17), ('exit_hour', 23), ('sl_frac', 1.0), ('rr', 3.0), ('min_range_atr', 1.0), ('max_range_atr', 3.0), ('skip_dow', (0, 4)))","(('max_trades_day', 1), ('risk_on_balance', True))","(0, 4)",True,
3,EURUSD,ftmo_1step,2.4,,,,,23.0,17.0,3.0,1.0,asian,3.0,1.0,1,395,0.0,5.1,5.1,89.9,,2.0,100172.0,205,0.0,3.9,2.4,93.7,,2.2,99511.0,,,"(('rng_type', 'asian'), ('expire_hour', 17), ('exit_hour', 23), ('sl_frac', 1.0), ('rr', 3.0), ('min_range_atr', 1.0), ('max_range_atr', 3.0), ('skip_dow', (0, 4)))","(('max_trades_day', 1), ('day_stop_pct', 2.0), ('risk_on_balance', True))","(0, 4)",True,2.0
3,EURUSD,ftmo_1step,2.8,,,,,23.0,17.0,3.0,1.0,asian,3.0,1.0,1,395,0.0,7.3,10.6,82.0,,2.0,100232.0,205,0.0,6.3,9.8,83.9,,2.1,99438.0,,,"(('rng_type', 'asian'), ('expire_hour', 17), ('exit_hour', 23), ('sl_frac', 1.0), ('rr', 3.0), ('min_range_atr', 1.0), ('max_range_atr', 3.0), ('skip_dow', (0, 4)))","(('max_trades_day', 1), ('risk_on_balance', False))","(0, 4)",False,
3,EURUSD,ftmo_1step,2.8,,,,,23.0,17.0,3.0,1.0,asian,3.0,1.0,1,395,0.0,7.3,10.6,82.0,,2.0,100232.0,205,0.0,6.3,9.3,84.4,,2.1,99440.0,,,"(('rng_type', 'asian'), ('expire_hour', 17), ('exit_hour', 23), ('sl_frac', 1.0), ('rr', 3.0), ('min_range_atr', 1.0), ('max_range_atr', 3.0), ('skip_dow', (0, 4)))","(('max_trades_day', 1), ('day_stop_pct', 2.0), ('risk_on_balance', False))","(0, 4)",False,2.0
3,EURUSD,ftmo_1step,2.8,,,,,23.0,17.0,3.0,1.0,asian,3.0,1.0,1,395,0.0,6.8,17.8,75.4,,2.0,100229.0,205,0.0,5.9,18.6,75.6,,2.1,99464.0,,,"(('rng_type', 'asian'), ('expire_hour', 17), ('exit_hour', 23), ('sl_frac', 1.0), ('rr', 3.0), ('min_range_atr', 1.0), ('max_range_atr', 3.0), ('skip_dow', (0, 4)))","(('max_trades_day', 1), ('risk_on_balance', True))","(0, 4)",True,
3,EURUSD,ftmo_1step,2.8,,,,,23.0,17.0,3.0,1.0,asian,3.0,1.0,1,395,0.0,6.8,17.8,75.4,,2.0,100229.0,205,0.0,5.9,18.1,76.1,,2.1,99466.0,,,"(('rng_type', 'asian'), ('expire_hour', 17), ('exit_hour', 23), ('sl_frac', 1.0), ('rr', 3.0), ('min_range_atr', 1.0), ('max_range_atr', 3.0), ('skip_dow', (0, 4)))","(('max_trades_day', 1), ('day_stop_pct', 2.0), ('risk_on_balance', True))","(0, 4)",True,2.0
3,EURUSD,fundingpips_1step,1.0,,,,,23.0,17.0,3.0,1.0,asian,3.0,1.0,1,395,0.0,0.0,0.0,100.0,,2.1,100099.0,205,0.0,0.0,0.0,100.0,,2.2,99826.0,,,"(('rng_type', 'asian'), ('expire_hour', 17), ('exit_hour', 23), ('sl_frac', 1.0), ('rr', 3.0), ('min_range_atr', 1.0), ('max_range_atr', 3.0), ('skip_dow', (0, 4)))","(('max_trades_day', 1), ('risk_on_balance', False))","(0, 4)",False,
3,EURUSD,fundingpips_1step,1.0,,,,,23.0,17.0,3.0,1.0,asian,3.0,1.0,1,395,0.0,0.0,0.0,100.0,,2.1,100099.0,205,0.0,0.0,0.0,100.0,,2.2,99826.0,,,"(('rng_type', 'asian'), ('expire_hour', 17), ('exit_hour', 23), ('sl_frac', 1.0), ('rr', 3.0), ('min_range_atr', 1.0), ('max_range_atr', 3.0), ('skip_dow', (0, 4)))","(('max_trades_day', 1), ('day_stop_pct', 2.0), ('risk_on_balance', False))","(0, 4)",False,2.0
3,EURUSD,fundingpips_1step,1.0,,,,,23.0,17.0,3.0,1.0,asian,3.0,1.0,1,395,0.0,0.0,0.0,100.0,,2.1,100099.0,205,0.0,0.0,0.0,100.0,,2.2,99828.0,,,"(('rng_type', 'asian'), ('expire_hour', 17), ('exit_hour', 23), ('sl_frac', 1.0), ('rr', 3.0), ('min_range_atr', 1.0), ('max_range_atr', 3.0), ('skip_dow', (0, 4)))","(('max_trades_day', 1), ('risk_on_balance', True))","(0, 4)",True,
3,EURUSD,fundingpips_1step,1.0,,,,,23.0,17.0,3.0,1.0,asian,3.0,1.0,1,395,0.0,0.0,0.0,100.0,,2.1,100099.0,205,0.0,0.0,0.0,100.0,,2.2,99828.0,,,"(('rng_type', 'asian'), ('expire_hour', 17), ('exit_hour', 23), ('sl_frac', 1.0), ('rr', 3.0), ('min_range_atr', 1.0), ('max_range_atr', 3.0), ('skip_dow', (0, 4)))","(('max_trades_day', 1), ('day_stop_pct', 2.0), ('risk_on_balance', True))","(0, 4)",True,2.0
3,EURUSD,fundingpips_1step,1.5,,,,,23.0,17.0,3.0,1.0,asian,3.0,1.0,1,395,0.3,0.0,0.0,99.7,3.9,2.1,100149.0,205,0.5,0.0,0.0,99.5,3.9,2.2,99739.0,,,"(('rng_type', 'asian'), ('expire_hour', 17), ('exit_hour', 23), ('sl_frac', 1.0), ('rr', 3.0), ('min_range_atr', 1.0), ('max_range_atr', 3.0), ('skip_dow', (0, 4)))","(('max_trades_day', 1), ('risk_on_balance', False))","(0, 4)",False,
3,EURUSD,fundingpips_1step,1.5,,,,,23.0,17.0,3.0,1.0,asian,3.0,1.0,1,395,0.3,0.0,0.0,99.7,3.9,2.1,100149.0,205,0.5,0.0,0.0,99.5,3.9,2.2,99739.0,,,"(('rng_type', 'asian'), ('expire_hour', 17), ('exit_hour', 23), ('sl_frac', 1.0), ('rr', 3.0), ('min_range_atr', 1.0), ('max_range_atr', 3.0), ('skip_dow', (0, 4)))","(('max_trades_day', 1), ('day_stop_pct', 2.0), ('risk_on_balance', False))","(0, 4)",False,2.0
3,EURUSD,fundingpips_1step,1.5,,,,,23.0,17.0,3.0,1.0,asian,3.0,1.0,1,395,0.3,0.0,0.0,99.7,3.9,2.1,100148.0,205,0.5,0.0,0.0,99.5,3.9,2.2,99743.0,,,"(('rng_type', 'asian'), ('expire_hour', 17), ('exit_hour', 23), ('sl_frac', 1.0), ('rr', 3.0), ('min_range_atr', 1.0), ('max_range_atr', 3.0), ('skip_dow', (0, 4)))","(('max_trades_day', 1), ('risk_on_balance', True))","(0, 4)",True,
3,EURUSD,fundingpips_1step,1.5,,,,,23.0,17.0,3.0,1.0,asian,3.0,1.0,1,395,0.3,0.0,0.0,99.7,3.9,2.1,100148.0,205,0.5,0.0,0.0,99.5,3.9,2.2,99743.0,,,"(('rng_type', 'asian'), ('expire_hour', 17), ('exit_hour', 23), ('sl_frac', 1.0), ('rr', 3.0), ('min_range_atr', 1.0), ('max_range_atr', 3.0), ('skip_dow', (0, 4)))","(('max_trades_day', 1), ('day_stop_pct', 2.0), ('risk_on_balance', True))","(0, 4)",True,2.0
3,EURUSD,fundingpips_1step,2.0,,,,,23.0,17.0,3.0,1.0,asian,3.0,1.0,1,395,2.5,0.0,8.1,89.4,3.9,2.1,100201.0,205,2.0,0.0,11.7,86.3,4.2,2.2,99626.0,,,"(('rng_type', 'asian'), ('expire_hour', 17), ('exit_hour', 23), ('sl_frac', 1.0), ('rr', 3.0), ('min_range_atr', 1.0), ('max_range_atr', 3.0), ('skip_dow', (0, 4)))","(('max_trades_day', 1), ('risk_on_balance', False))","(0, 4)",False,
3,EURUSD,fundingpips_1step,2.0,,,,,23.0,17.0,3.0,1.0,asian,3.0,1.0,1,395,2.5,0.0,8.1,89.4,3.9,2.1,100201.0,205,2.0,0.0,11.7,86.3,4.2,2.2,99606.0,,,"(('rng_type', 'asian'), ('expire_hour', 17), ('exit_hour', 23), ('sl_frac', 1.0), ('rr', 3.0), ('min_range_atr', 1.0), ('max_range_atr', 3.0), ('skip_dow', (0, 4)))","(('max_trades_day', 1), ('day_stop_pct', 2.0), ('risk_on_balance', False))","(0, 4)",False,2.0
3,EURUSD,fundingpips_1step,2.0,,,,,23.0,17.0,3.0,1.0,asian,3.0,1.0,1,395,2.8,0.0,4.1,93.2,3.9,2.1,100200.0,205,2.0,0.0,11.2,86.8,4.2,2.2,99628.0,,,"(('rng_type', 'asian'), ('expire_hour', 17), ('exit_hour', 23), ('sl_frac', 1.0), ('rr', 3.0), ('min_range_atr', 1.0), ('max_range_atr', 3.0), ('skip_dow', (0, 4)))","(('max_trades_day', 1), ('risk_on_balance', True))","(0, 4)",True,
3,EURUSD,fundingpips_1step,2.0,,,,,23.0,17.0,3.0,1.0,asian,3.0,1.0,1,395,2.8,0.0,4.1,93.2,3.9,2.1,100200.0,205,2.0,0.0,11.2,86.8,4.2,2.2,99608.0,,,"(('rng_type', 'asian'), ('expire_hour', 17), ('exit_hour', 23), ('sl_frac', 1.0), ('rr', 3.0), ('min_range_atr', 1.0), ('max_range_atr', 3.0), ('skip_dow', (0, 4)))","(('max_trades_day', 1), ('day_stop_pct', 2.0), ('risk_on_balance', True))","(0, 4)",True,2.0
3,EURUSD,fundingpips_1step,2.4,,,,,23.0,17.0,3.0,1.0,asian,3.0,1.0,1,395,5.1,0.0,10.6,84.3,3.9,2.0,100216.0,205,3.4,0.0,15.6,81.0,5.7,2.2,99451.0,,,"(('rng_type', 'asian'), ('expire_hour', 17), ('exit_hour', 23), ('sl_frac', 1.0), ('rr', 3.0), ('min_range_atr', 1.0), ('max_range_atr', 3.0), ('skip_dow', (0, 4)))","(('max_trades_day', 1), ('risk_on_balance', False))","(0, 4)",False,
3,EURUSD,fundingpips_1step,2.4,,,,,23.0,17.0,3.0,1.0,asian,3.0,1.0,1,395,5.1,0.0,10.6,84.3,3.9,2.0,100216.0,205,3.4,0.0,15.6,81.0,5.7,2.2,99426.0,,,"(('rng_type', 'asian'), ('expire_hour', 17), ('exit_hour', 23), ('sl_frac', 1.0), ('rr', 3.0), ('min_range_atr', 1.0), ('max_range_atr', 3.0), ('skip_dow', (0, 4)))","(('max_trades_day', 1), ('day_stop_pct', 2.0), ('risk_on_balance', False))","(0, 4)",False,2.0
3,EURUSD,fundingpips_1step,2.4,,,,,23.0,17.0,3.0,1.0,asian,3.0,1.0,1,395,5.1,0.0,10.4,84.6,3.9,2.0,100223.0,205,3.9,0.0,15.1,81.0,4.2,2.2,99463.0,,,"(('rng_type', 'asian'), ('expire_hour', 17), ('exit_hour', 23), ('sl_frac', 1.0), ('rr', 3.0), ('min_range_atr', 1.0), ('max_range_atr', 3.0), ('skip_dow', (0, 4)))","(('max_trades_day', 1), ('risk_on_balance', True))","(0, 4)",True,
3,EURUSD,fundingpips_1step,2.4,,,,,23.0,17.0,3.0,1.0,asian,3.0,1.0,1,395,5.1,0.0,10.4,84.6,3.9,2.0,100223.0,205,3.9,0.0,15.1,81.0,4.2,2.2,99439.0,,,"(('rng_type', 'asian'), ('expire_hour', 17), ('exit_hour', 23), ('sl_frac', 1.0), ('rr', 3.0), ('min_range_atr', 1.0), ('max_range_atr', 3.0), ('skip_dow', (0, 4)))","(('max_trades_day', 1), ('day_stop_pct', 2.0), ('risk_on_balance', True))","(0, 4)",True,2.0
3,EURUSD,fundingpips_1step,2.8,,,,,23.0,17.0,3.0,1.0,asian,3.0,1.0,1,395,7.6,0.0,12.4,80.0,4.7,2.0,100323.0,205,6.3,0.0,20.0,73.7,3.5,2.1,99399.0,,,"(('rng_type', 'asian'), ('expire_hour', 17), ('exit_hour', 23), ('sl_frac', 1.0), ('rr', 3.0), ('min_range_atr', 1.0), ('max_range_atr', 3.0), ('skip_dow', (0, 4)))","(('max_trades_day', 1), ('risk_on_balance', False))","(0, 4)",False,
3,EURUSD,fundingpips_1step,2.8,,,,,23.0,17.0,3.0,1.0,asian,3.0,1.0,1,395,7.6,0.0,12.4,80.0,4.7,2.0,100323.0,205,6.3,0.0,19.5,74.1,3.5,2.1,99401.0,,,"(('rng_type', 'asian'), ('expire_hour', 17), ('exit_hour', 23), ('sl_frac', 1.0), ('rr', 3.0), ('min_range_atr', 1.0), ('max_range_atr', 3.0), ('skip_dow', (0, 4)))","(('max_trades_day', 1), ('day_stop_pct', 2.0), ('risk_on_balance', False))","(0, 4)",False,2.0
3,EURUSD,fundingpips_1step,2.8,,,,,23.0,17.0,3.0,1.0,asian,3.0,1.0,1,395,7.3,0.0,20.8,71.9,3.9,2.0,100330.0,205,5.9,0.0,29.3,64.9,3.1,2.1,99422.0,,,"(('rng_type', 'asian'), ('expire_hour', 17), ('exit_hour', 23), ('sl_frac', 1.0), ('rr', 3.0), ('min_range_atr', 1.0), ('max_range_atr', 3.0), ('skip_dow', (0, 4)))","(('max_trades_day', 1), ('risk_on_balance', True))","(0, 4)",True,
3,EURUSD,fundingpips_1step,2.8,,,,,23.0,17.0,3.0,1.0,asian,3.0,1.0,1,395,7.3,0.0,20.8,71.9,3.9,2.0,100330.0,205,5.9,0.0,28.8,65.4,3.1,2.1,99424.0,,,"(('rng_type', 'asian'), ('expire_hour', 17), ('exit_hour', 23), ('sl_frac', 1.0), ('rr', 3.0), ('min_range_atr', 1.0), ('max_range_atr', 3.0), ('skip_dow', (0, 4)))","(('max_trades_day', 1), ('day_stop_pct', 2.0), ('risk_on_balance', True))","(0, 4)",True,2.0
3,EURUSD,e8_one_8,1.0,,,,,23.0,17.0,3.0,1.0,asian,3.0,1.0,1,395,0.0,0.0,0.0,100.0,,2.1,100099.0,205,0.0,0.0,0.0,100.0,,2.2,99826.0,,,"(('rng_type', 'asian'), ('expire_hour', 17), ('exit_hour', 23), ('sl_frac', 1.0), ('rr', 3.0), ('min_range_atr', 1.0), ('max_range_atr', 3.0), ('skip_dow', (0, 4)))","(('max_trades_day', 1), ('risk_on_balance', False))","(0, 4)",False,
3,EURUSD,e8_one_8,1.0,,,,,23.0,17.0,3.0,1.0,asian,3.0,1.0,1,395,0.0,0.0,0.0,100.0,,2.1,100099.0,205,0.0,0.0,0.0,100.0,,2.2,99826.0,,,"(('rng_type', 'asian'), ('expire_hour', 17), ('exit_hour', 23), ('sl_frac', 1.0), ('rr', 3.0), ('min_range_atr', 1.0), ('max_range_atr', 3.0), ('skip_dow', (0, 4)))","(('max_trades_day', 1), ('day_stop_pct', 2.0), ('risk_on_balance', False))","(0, 4)",False,2.0
3,EURUSD,e8_one_8,1.0,,,,,23.0,17.0,3.0,1.0,asian,3.0,1.0,1,395,0.0,0.0,0.0,100.0,,2.1,100099.0,205,0.0,0.0,0.0,100.0,,2.2,99828.0,,,"(('rng_type', 'asian'), ('expire_hour', 17), ('exit_hour', 23), ('sl_frac', 1.0), ('rr', 3.0), ('min_range_atr', 1.0), ('max_range_atr', 3.0), ('skip_dow', (0, 4)))","(('max_trades_day', 1), ('risk_on_balance', True))","(0, 4)",True,
3,EURUSD,e8_one_8,1.0,,,,,23.0,17.0,3.0,1.0,asian,3.0,1.0,1,395,0.0,0.0,0.0,100.0,,2.1,100099.0,205,0.0,0.0,0.0,100.0,,2.2,99828.0,,,"(('rng_type', 'asian'), ('expire_hour', 17), ('exit_hour', 23), ('sl_frac', 1.0), ('rr', 3.0), ('min_range_atr', 1.0), ('max_range_atr', 3.0), ('skip_dow', (0, 4)))","(('max_trades_day', 1), ('day_stop_pct', 2.0), ('risk_on_balance', True))","(0, 4)",True,2.0
3,EURUSD,e8_one_8,1.5,,,,,23.0,17.0,3.0,1.0,asian,3.0,1.0,1,395,0.0,0.0,1.3,98.7,,2.1,100128.0,205,0.0,0.0,0.0,100.0,,2.2,99739.0,,,"(('rng_type', 'asian'), ('expire_hour', 17), ('exit_hour', 23), ('sl_frac', 1.0), ('rr', 3.0), ('min_range_atr', 1.0), ('max_range_atr', 3.0), ('skip_dow', (0, 4)))","(('max_trades_day', 1), ('risk_on_balance', False))","(0, 4)",False,
3,EURUSD,e8_one_8,1.5,,,,,23.0,17.0,3.0,1.0,asian,3.0,1.0,1,395,0.0,0.0,1.3,98.7,,2.1,100128.0,205,0.0,0.0,0.0,100.0,,2.2,99739.0,,,"(('rng_type', 'asian'), ('expire_hour', 17), ('exit_hour', 23), ('sl_frac', 1.0), ('rr', 3.0), ('min_range_atr', 1.0), ('max_range_atr', 3.0), ('skip_dow', (0, 4)))","(('max_trades_day', 1), ('day_stop_pct', 2.0), ('risk_on_balance', False))","(0, 4)",False,2.0
3,EURUSD,e8_one_8,1.5,,,,,23.0,17.0,3.0,1.0,asian,3.0,1.0,1,395,0.0,0.0,1.3,98.7,,2.1,100127.0,205,0.5,0.0,0.0,99.5,3.9,2.2,99743.0,,,"(('rng_type', 'asian'), ('expire_hour', 17), ('exit_hour', 23), ('sl_frac', 1.0), ('rr', 3.0), ('min_range_atr', 1.0), ('max_range_atr', 3.0), ('skip_dow', (0, 4)))","(('max_trades_day', 1), ('risk_on_balance', True))","(0, 4)",True,
3,EURUSD,e8_one_8,1.5,,,,,23.0,17.0,3.0,1.0,asian,3.0,1.0,1,395,0.0,0.0,1.3,98.7,,2.1,100127.0,205,0.5,0.0,0.0,99.5,3.9,2.2,99743.0,,,"(('rng_type', 'asian'), ('expire_hour', 17), ('exit_hour', 23), ('sl_frac', 1.0), ('rr', 3.0), ('min_range_atr', 1.0), ('max_range_atr', 3.0), ('skip_dow', (0, 4)))","(('max_trades_day', 1), ('day_stop_pct', 2.0), ('risk_on_balance', True))","(0, 4)",True,2.0
3,EURUSD,e8_one_8,2.0,,,,,23.0,17.0,3.0,1.0,asian,3.0,1.0,1,395,0.5,0.0,6.1,93.4,3.9,2.0,100123.0,205,1.0,0.0,4.4,94.6,5.4,2.2,99603.0,,,"(('rng_type', 'asian'), ('expire_hour', 17), ('exit_hour', 23), ('sl_frac', 1.0), ('rr', 3.0), ('min_range_atr', 1.0), ('max_range_atr', 3.0), ('skip_dow', (0, 4)))","(('max_trades_day', 1), ('risk_on_balance', False))","(0, 4)",False,
3,EURUSD,e8_one_8,2.0,,,,,23.0,17.0,3.0,1.0,asian,3.0,1.0,1,395,0.5,0.0,6.1,93.4,3.9,2.0,100123.0,205,1.0,0.0,4.4,94.6,5.4,2.2,99583.0,,,"(('rng_type', 'asian'), ('expire_hour', 17), ('exit_hour', 23), ('sl_frac', 1.0), ('rr', 3.0), ('min_range_atr', 1.0), ('max_range_atr', 3.0), ('skip_dow', (0, 4)))","(('max_trades_day', 1), ('day_stop_pct', 2.0), ('risk_on_balance', False))","(0, 4)",False,2.0
3,EURUSD,e8_one_8,2.0,,,,,23.0,17.0,3.0,1.0,asian,3.0,1.0,1,395,1.8,0.0,6.1,92.2,2.9,2.0,100125.0,205,1.5,0.0,3.9,94.6,6.7,2.2,99602.0,,,"(('rng_type', 'asian'), ('expire_hour', 17), ('exit_hour', 23), ('sl_frac', 1.0), ('rr', 3.0), ('min_range_atr', 1.0), ('max_range_atr', 3.0), ('skip_dow', (0, 4)))","(('max_trades_day', 1), ('risk_on_balance', True))","(0, 4)",True,
3,EURUSD,e8_one_8,2.0,,,,,23.0,17.0,3.0,1.0,asian,3.0,1.0,1,395,1.8,0.0,6.1,92.2,2.9,2.0,100125.0,205,1.5,0.0,3.9,94.6,6.7,2.2,99582.0,,,"(('rng_type', 'asian'), ('expire_hour', 17), ('exit_hour', 23), ('sl_frac', 1.0), ('rr', 3.0), ('min_range_atr', 1.0), ('max_range_atr', 3.0), ('skip_dow', (0, 4)))","(('max_trades_day', 1), ('day_stop_pct', 2.0), ('risk_on_balance', True))","(0, 4)",True,2.0
3,EURUSD,e8_one_8,2.4,,,,,23.0,17.0,3.0,1.0,asian,3.0,1.0,1,395,2.3,0.0,14.4,83.3,3.9,2.0,100148.0,205,2.0,0.0,14.1,83.9,4.2,2.1,99517.0,,,"(('rng_type', 'asian'), ('expire_hour', 17), ('exit_hour', 23), ('sl_frac', 1.0), ('rr', 3.0), ('min_range_atr', 1.0), ('max_range_atr', 3.0), ('skip_dow', (0, 4)))","(('max_trades_day', 1), ('risk_on_balance', False))","(0, 4)",False,
3,EURUSD,e8_one_8,2.4,,,,,23.0,17.0,3.0,1.0,asian,3.0,1.0,1,395,2.3,0.0,14.4,83.3,3.9,2.0,100148.0,205,2.0,0.0,14.1,83.9,4.2,2.1,99492.0,,,"(('rng_type', 'asian'), ('expire_hour', 17), ('exit_hour', 23), ('sl_frac', 1.0), ('rr', 3.0), ('min_range_atr', 1.0), ('max_range_atr', 3.0), ('skip_dow', (0, 4)))","(('max_trades_day', 1), ('day_stop_pct', 2.0), ('risk_on_balance', False))","(0, 4)",False,2.0
3,EURUSD,e8_one_8,2.4,,,,,23.0,17.0,3.0,1.0,asian,3.0,1.0,1,395,2.5,0.0,12.7,84.8,3.9,2.0,100152.0,205,2.0,0.0,13.7,84.4,4.2,2.1,99517.0,,,"(('rng_type', 'asian'), ('expire_hour', 17), ('exit_hour', 23), ('sl_frac', 1.0), ('rr', 3.0), ('min_range_atr', 1.0), ('max_range_atr', 3.0), ('skip_dow', (0, 4)))","(('max_trades_day', 1), ('risk_on_balance', True))","(0, 4)",True,
3,EURUSD,e8_one_8,2.4,,,,,23.0,17.0,3.0,1.0,asian,3.0,1.0,1,395,2.5,0.0,12.7,84.8,3.9,2.0,100152.0,205,2.0,0.0,13.7,84.4,4.2,2.1,99493.0,,,"(('rng_type', 'asian'), ('expire_hour', 17), ('exit_hour', 23), ('sl_frac', 1.0), ('rr', 3.0), ('min_range_atr', 1.0), ('max_range_atr', 3.0), ('skip_dow', (0, 4)))","(('max_trades_day', 1), ('day_stop_pct', 2.0), ('risk_on_balance', True))","(0, 4)",True,2.0
3,EURUSD,e8_one_8,2.8,,,,,23.0,17.0,3.0,1.0,asian,3.0,1.0,1,395,4.1,0.0,25.3,70.6,4.7,1.9,100155.0,205,3.4,0.0,30.2,66.3,5.7,2.1,99478.0,,,"(('rng_type', 'asian'), ('expire_hour', 17), ('exit_hour', 23), ('sl_frac', 1.0), ('rr', 3.0), ('min_range_atr', 1.0), ('max_range_atr', 3.0), ('skip_dow', (0, 4)))","(('max_trades_day', 1), ('risk_on_balance', False))","(0, 4)",False,
3,EURUSD,e8_one_8,2.8,,,,,23.0,17.0,3.0,1.0,asian,3.0,1.0,1,395,4.1,0.0,25.3,70.6,4.7,1.9,100155.0,205,3.4,0.0,30.2,66.3,5.7,2.1,99450.0,,,"(('rng_type', 'asian'), ('expire_hour', 17), ('exit_hour', 23), ('sl_frac', 1.0), ('rr', 3.0), ('min_range_atr', 1.0), ('max_range_atr', 3.0), ('skip_dow', (0, 4)))","(('max_trades_day', 1), ('day_stop_pct', 2.0), ('risk_on_balance', False))","(0, 4)",False,2.0
3,EURUSD,e8_one_8,2.8,,,,,23.0,17.0,3.0,1.0,asian,3.0,1.0,1,395,4.1,0.0,25.6,70.4,3.9,1.9,100126.0,205,3.4,0.0,28.8,67.8,5.7,2.1,99562.0,,,"(('rng_type', 'asian'), ('expire_hour', 17), ('exit_hour', 23), ('sl_frac', 1.0), ('rr', 3.0), ('min_range_atr', 1.0), ('max_range_atr', 3.0), ('skip_dow', (0, 4)))","(('max_trades_day', 1), ('risk_on_balance', True))","(0, 4)",True,
3,EURUSD,e8_one_8,2.8,,,,,23.0,17.0,3.0,1.0,asian,3.0,1.0,1,395,4.1,0.0,25.6,70.4,3.9,1.9,100126.0,205,3.4,0.0,28.8,67.8,5.7,2.1,99535.0,,,"(('rng_type', 'asian'), ('expire_hour', 17), ('exit_hour', 23), ('sl_frac', 1.0), ('rr', 3.0), ('min_range_atr', 1.0), ('max_range_atr', 3.0), ('skip_dow', (0, 4)))","(('max_trades_day', 1), ('day_stop_pct', 2.0), ('risk_on_balance', True))","(0, 4)",True,2.0
3,EURUSD,e8_one_14,1.0,,,,,23.0,17.0,3.0,1.0,asian,3.0,1.0,1,395,0.0,0.0,0.0,100.0,,2.1,100099.0,205,0.0,0.0,0.0,100.0,,2.2,99826.0,,,"(('rng_type', 'asian'), ('expire_hour', 17), ('exit_hour', 23), ('sl_frac', 1.0), ('rr', 3.0), ('min_range_atr', 1.0), ('max_range_atr', 3.0), ('skip_dow', (0, 4)))","(('max_trades_day', 1), ('risk_on_balance', False))","(0, 4)",False,
3,EURUSD,e8_one_14,1.0,,,,,23.0,17.0,3.0,1.0,asian,3.0,1.0,1,395,0.0,0.0,0.0,100.0,,2.1,100099.0,205,0.0,0.0,0.0,100.0,,2.2,99826.0,,,"(('rng_type', 'asian'), ('expire_hour', 17), ('exit_hour', 23), ('sl_frac', 1.0), ('rr', 3.0), ('min_range_atr', 1.0), ('max_range_atr', 3.0), ('skip_dow', (0, 4)))","(('max_trades_day', 1), ('day_stop_pct', 2.0), ('risk_on_balance', False))","(0, 4)",False,2.0
3,EURUSD,e8_one_14,1.0,,,,,23.0,17.0,3.0,1.0,asian,3.0,1.0,1,395,0.0,0.0,0.0,100.0,,2.1,100099.0,205,0.0,0.0,0.0,100.0,,2.2,99828.0,,,"(('rng_type', 'asian'), ('expire_hour', 17), ('exit_hour', 23), ('sl_frac', 1.0), ('rr', 3.0), ('min_range_atr', 1.0), ('max_range_atr', 3.0), ('skip_dow', (0, 4)))","(('max_trades_day', 1), ('risk_on_balance', True))","(0, 4)",True,
3,EURUSD,e8_one_14,1.0,,,,,23.0,17.0,3.0,1.0,asian,3.0,1.0,1,395,0.0,0.0,0.0,100.0,,2.1,100099.0,205,0.0,0.0,0.0,100.0,,2.2,99828.0,,,"(('rng_type', 'asian'), ('expire_hour', 17), ('exit_hour', 23), ('sl_frac', 1.0), ('rr', 3.0), ('min_range_atr', 1.0), ('max_range_atr', 3.0), ('skip_dow', (0, 4)))","(('max_trades_day', 1), ('day_stop_pct', 2.0), ('risk_on_balance', True))","(0, 4)",True,2.0
3,EURUSD,e8_one_14,1.5,,,,,23.0,17.0,3.0,1.0,asian,3.0,1.0,1,395,0.0,0.0,0.0,100.0,,2.1,100149.0,205,0.0,0.0,0.0,100.0,,2.2,99739.0,,,"(('rng_type', 'asian'), ('expire_hour', 17), ('exit_hour', 23), ('sl_frac', 1.0), ('rr', 3.0), ('min_range_atr', 1.0), ('max_range_atr', 3.0), ('skip_dow', (0, 4)))","(('max_trades_day', 1), ('risk_on_balance', False))","(0, 4)",False,
3,EURUSD,e8_one_14,1.5,,,,,23.0,17.0,3.0,1.0,asian,3.0,1.0,1,395,0.0,0.0,0.0,100.0,,2.1,100149.0,205,0.0,0.0,0.0,100.0,,2.2,99739.0,,,"(('rng_type', 'asian'), ('expire_hour', 17), ('exit_hour', 23), ('sl_frac', 1.0), ('rr', 3.0), ('min_range_atr', 1.0), ('max_range_atr', 3.0), ('skip_dow', (0, 4)))","(('max_trades_day', 1), ('day_stop_pct', 2.0), ('risk_on_balance', False))","(0, 4)",False,2.0
3,EURUSD,e8_one_14,1.5,,,,,23.0,17.0,3.0,1.0,asian,3.0,1.0,1,395,0.0,0.0,0.0,100.0,,2.1,100148.0,205,0.0,0.0,0.0,100.0,,2.2,99743.0,,,"(('rng_type', 'asian'), ('expire_hour', 17), ('exit_hour', 23), ('sl_frac', 1.0), ('rr', 3.0), ('min_range_atr', 1.0), ('max_range_atr', 3.0), ('skip_dow', (0, 4)))","(('max_trades_day', 1), ('risk_on_balance', True))","(0, 4)",True,
3,EURUSD,e8_one_14,1.5,,,,,23.0,17.0,3.0,1.0,asian,3.0,1.0,1,395,0.0,0.0,0.0,100.0,,2.1,100148.0,205,0.0,0.0,0.0,100.0,,2.2,99743.0,,,"(('rng_type', 'asian'), ('expire_hour', 17), ('exit_hour', 23), ('sl_frac', 1.0), ('rr', 3.0), ('min_range_atr', 1.0), ('max_range_atr', 3.0), ('skip_dow', (0, 4)))","(('max_trades_day', 1), ('day_stop_pct', 2.0), ('risk_on_balance', True))","(0, 4)",True,2.0
3,EURUSD,e8_one_14,2.0,,,,,23.0,17.0,3.0,1.0,asian,3.0,1.0,1,395,0.0,0.0,0.0,100.0,,2.1,100198.0,205,0.0,0.0,0.0,100.0,,2.2,99653.0,,,"(('rng_type', 'asian'), ('expire_hour', 17), ('exit_hour', 23), ('sl_frac', 1.0), ('rr', 3.0), ('min_range_atr', 1.0), ('max_range_atr', 3.0), ('skip_dow', (0, 4)))","(('max_trades_day', 1), ('risk_on_balance', False))","(0, 4)",False,
3,EURUSD,e8_one_14,2.0,,,,,23.0,17.0,3.0,1.0,asian,3.0,1.0,1,395,0.0,0.0,0.0,100.0,,2.1,100198.0,205,0.0,0.0,0.0,100.0,,2.2,99632.0,,,"(('rng_type', 'asian'), ('expire_hour', 17), ('exit_hour', 23), ('sl_frac', 1.0), ('rr', 3.0), ('min_range_atr', 1.0), ('max_range_atr', 3.0), ('skip_dow', (0, 4)))","(('max_trades_day', 1), ('day_stop_pct', 2.0), ('risk_on_balance', False))","(0, 4)",False,2.0
3,EURUSD,e8_one_14,2.0,,,,,23.0,17.0,3.0,1.0,asian,3.0,1.0,1,395,0.0,0.0,0.0,100.0,,2.1,100197.0,205,0.0,0.0,0.0,100.0,,2.2,99659.0,,,"(('rng_type', 'asian'), ('expire_hour', 17), ('exit_hour', 23), ('sl_frac', 1.0), ('rr', 3.0), ('min_range_atr', 1.0), ('max_range_atr', 3.0), ('skip_dow', (0, 4)))","(('max_trades_day', 1), ('risk_on_balance', True))","(0, 4)",True,
3,EURUSD,e8_one_14,2.0,,,,,23.0,17.0,3.0,1.0,asian,3.0,1.0,1,395,0.0,0.0,0.0,100.0,,2.1,100197.0,205,0.0,0.0,0.0,100.0,,2.2,99639.0,,,"(('rng_type', 'asian'), ('expire_hour', 17), ('exit_hour', 23), ('sl_frac', 1.0), ('rr', 3.0), ('min_range_atr', 1.0), ('max_range_atr', 3.0), ('skip_dow', (0, 4)))","(('max_trades_day', 1), ('day_stop_pct', 2.0), ('risk_on_balance', True))","(0, 4)",True,2.0
3,EURUSD,e8_one_14,2.4,,,,,23.0,17.0,3.0,1.0,asian,3.0,1.0,1,395,0.0,0.0,0.8,99.2,,2.1,100203.0,205,0.0,0.0,0.0,100.0,,2.2,99583.0,,,"(('rng_type', 'asian'), ('expire_hour', 17), ('exit_hour', 23), ('sl_frac', 1.0), ('rr', 3.0), ('min_range_atr', 1.0), ('max_range_atr', 3.0), ('skip_dow', (0, 4)))","(('max_trades_day', 1), ('risk_on_balance', False))","(0, 4)",False,
3,EURUSD,e8_one_14,2.4,,,,,23.0,17.0,3.0,1.0,asian,3.0,1.0,1,395,0.0,0.0,0.8,99.2,,2.1,100203.0,205,0.0,0.0,0.0,100.0,,2.2,99559.0,,,"(('rng_type', 'asian'), ('expire_hour', 17), ('exit_hour', 23), ('sl_frac', 1.0), ('rr', 3.0), ('min_range_atr', 1.0), ('max_range_atr', 3.0), ('skip_dow', (0, 4)))","(('max_trades_day', 1), ('day_stop_pct', 2.0), ('risk_on_balance', False))","(0, 4)",False,2.0
3,EURUSD,e8_one_14,2.4,,,,,23.0,17.0,3.0,1.0,asian,3.0,1.0,1,395,0.0,0.0,0.5,99.5,,2.1,100220.0,205,0.0,0.0,0.0,100.0,,2.2,99592.0,,,"(('rng_type', 'asian'), ('expire_hour', 17), ('exit_hour', 23), ('sl_frac', 1.0), ('rr', 3.0), ('min_range_atr', 1.0), ('max_range_atr', 3.0), ('skip_dow', (0, 4)))","(('max_trades_day', 1), ('risk_on_balance', True))","(0, 4)",True,
3,EURUSD,e8_one_14,2.4,,,,,23.0,17.0,3.0,1.0,asian,3.0,1.0,1,395,0.0,0.0,0.5,99.5,,2.1,100220.0,205,0.0,0.0,0.0,100.0,,2.2,99568.0,,,"(('rng_type', 'asian'), ('expire_hour', 17), ('exit_hour', 23), ('sl_frac', 1.0), ('rr', 3.0), ('min_range_atr', 1.0), ('max_range_atr', 3.0), ('skip_dow', (0, 4)))","(('max_trades_day', 1), ('day_stop_pct', 2.0), ('risk_on_balance', True))","(0, 4)",True,2.0
3,EURUSD,e8_one_14,2.8,,,,,23.0,17.0,3.0,1.0,asian,3.0,1.0,1,395,0.0,0.0,1.3,98.7,,2.1,100244.0,205,0.5,0.0,0.0,99.5,3.9,2.2,99514.0,,,"(('rng_type', 'asian'), ('expire_hour', 17), ('exit_hour', 23), ('sl_frac', 1.0), ('rr', 3.0), ('min_range_atr', 1.0), ('max_range_atr', 3.0), ('skip_dow', (0, 4)))","(('max_trades_day', 1), ('risk_on_balance', False))","(0, 4)",False,
3,EURUSD,e8_one_14,2.8,,,,,23.0,17.0,3.0,1.0,asian,3.0,1.0,1,395,0.0,0.0,1.3,98.7,,2.1,100244.0,205,0.5,0.0,0.0,99.5,3.9,2.2,99485.0,,,"(('rng_type', 'asian'), ('expire_hour', 17), ('exit_hour', 23), ('sl_frac', 1.0), ('rr', 3.0), ('min_range_atr', 1.0), ('max_range_atr', 3.0), ('skip_dow', (0, 4)))","(('max_trades_day', 1), ('day_stop_pct', 2.0), ('risk_on_balance', False))","(0, 4)",False,2.0
3,EURUSD,e8_one_14,2.8,,,,,23.0,17.0,3.0,1.0,asian,3.0,1.0,1,395,0.0,0.0,1.3,98.7,,2.1,100243.0,205,0.5,0.0,0.0,99.5,3.9,2.2,99526.0,,,"(('rng_type', 'asian'), ('expire_hour', 17), ('exit_hour', 23), ('sl_frac', 1.0), ('rr', 3.0), ('min_range_atr', 1.0), ('max_range_atr', 3.0), ('skip_dow', (0, 4)))","(('max_trades_day', 1), ('risk_on_balance', True))","(0, 4)",True,
3,EURUSD,e8_one_14,2.8,,,,,23.0,17.0,3.0,1.0,asian,3.0,1.0,1,395,0.0,0.0,1.3,98.7,,2.1,100243.0,205,0.5,0.0,0.0,99.5,3.9,2.2,99498.0,,,"(('rng_type', 'asian'), ('expire_hour', 17), ('exit_hour', 23), ('sl_frac', 1.0), ('rr', 3.0), ('min_range_atr', 1.0), ('max_range_atr', 3.0), ('skip_dow', (0, 4)))","(('max_trades_day', 1), ('day_stop_pct', 2.0), ('risk_on_balance', True))","(0, 4)",True,2.0
3,EURUSD,the5ers_hyper,1.0,,,,,23.0,17.0,3.0,1.0,asian,3.0,1.0,1,395,0.0,0.0,0.0,100.0,,2.1,100099.0,205,0.0,0.0,0.0,100.0,,2.2,99826.0,,,"(('rng_type', 'asian'), ('expire_hour', 17), ('exit_hour', 23), ('sl_frac', 1.0), ('rr', 3.0), ('min_range_atr', 1.0), ('max_range_atr', 3.0), ('skip_dow', (0, 4)))","(('max_trades_day', 1), ('risk_on_balance', False))","(0, 4)",False,
3,EURUSD,the5ers_hyper,1.0,,,,,23.0,17.0,3.0,1.0,asian,3.0,1.0,1,395,0.0,0.0,0.0,100.0,,2.1,100099.0,205,0.0,0.0,0.0,100.0,,2.2,99826.0,,,"(('rng_type', 'asian'), ('expire_hour', 17), ('exit_hour', 23), ('sl_frac', 1.0), ('rr', 3.0), ('min_range_atr', 1.0), ('max_range_atr', 3.0), ('skip_dow', (0, 4)))","(('max_trades_day', 1), ('day_stop_pct', 2.0), ('risk_on_balance', False))","(0, 4)",False,2.0
3,EURUSD,the5ers_hyper,1.0,,,,,23.0,17.0,3.0,1.0,asian,3.0,1.0,1,395,0.0,0.0,0.0,100.0,,2.1,100099.0,205,0.0,0.0,0.0,100.0,,2.2,99828.0,,,"(('rng_type', 'asian'), ('expire_hour', 17), ('exit_hour', 23), ('sl_frac', 1.0), ('rr', 3.0), ('min_range_atr', 1.0), ('max_range_atr', 3.0), ('skip_dow', (0, 4)))","(('max_trades_day', 1), ('risk_on_balance', True))","(0, 4)",True,
3,EURUSD,the5ers_hyper,1.0,,,,,23.0,17.0,3.0,1.0,asian,3.0,1.0,1,395,0.0,0.0,0.0,100.0,,2.1,100099.0,205,0.0,0.0,0.0,100.0,,2.2,99828.0,,,"(('rng_type', 'asian'), ('expire_hour', 17), ('exit_hour', 23), ('sl_frac', 1.0), ('rr', 3.0), ('min_range_atr', 1.0), ('max_range_atr', 3.0), ('skip_dow', (0, 4)))","(('max_trades_day', 1), ('day_stop_pct', 2.0), ('risk_on_balance', True))","(0, 4)",True,2.0
3,EURUSD,the5ers_hyper,1.5,,,,,23.0,17.0,3.0,1.0,asian,3.0,1.0,1,395,0.3,0.0,0.0,99.7,4.2,2.1,100149.0,205,0.5,0.0,0.0,99.5,4.2,2.2,99739.0,,,"(('rng_type', 'asian'), ('expire_hour', 17), ('exit_hour', 23), ('sl_frac', 1.0), ('rr', 3.0), ('min_range_atr', 1.0), ('max_range_atr', 3.0), ('skip_dow', (0, 4)))","(('max_trades_day', 1), ('risk_on_balance', False))","(0, 4)",False,
3,EURUSD,the5ers_hyper,1.5,,,,,23.0,17.0,3.0,1.0,asian,3.0,1.0,1,395,0.3,0.0,0.0,99.7,4.2,2.1,100149.0,205,0.5,0.0,0.0,99.5,4.2,2.2,99739.0,,,"(('rng_type', 'asian'), ('expire_hour', 17), ('exit_hour', 23), ('sl_frac', 1.0), ('rr', 3.0), ('min_range_atr', 1.0), ('max_range_atr', 3.0), ('skip_dow', (0, 4)))","(('max_trades_day', 1), ('day_stop_pct', 2.0), ('risk_on_balance', False))","(0, 4)",False,2.0
3,EURUSD,the5ers_hyper,1.5,,,,,23.0,17.0,3.0,1.0,asian,3.0,1.0,1,395,0.3,0.0,0.0,99.7,4.2,2.1,100148.0,205,0.5,0.0,0.0,99.5,4.2,2.2,99743.0,,,"(('rng_type', 'asian'), ('expire_hour', 17), ('exit_hour', 23), ('sl_frac', 1.0), ('rr', 3.0), ('min_range_atr', 1.0), ('max_range_atr', 3.0), ('skip_dow', (0, 4)))","(('max_trades_day', 1), ('risk_on_balance', True))","(0, 4)",True,
3,EURUSD,the5ers_hyper,1.5,,,,,23.0,17.0,3.0,1.0,asian,3.0,1.0,1,395,0.3,0.0,0.0,99.7,4.2,2.1,100148.0,205,0.5,0.0,0.0,99.5,4.2,2.2,99743.0,,,"(('rng_type', 'asian'), ('expire_hour', 17), ('exit_hour', 23), ('sl_frac', 1.0), ('rr', 3.0), ('min_range_atr', 1.0), ('max_range_atr', 3.0), ('skip_dow', (0, 4)))","(('max_trades_day', 1), ('day_stop_pct', 2.0), ('risk_on_balance', True))","(0, 4)",True,2.0
3,EURUSD,the5ers_hyper,2.0,,,,,23.0,17.0,3.0,1.0,asian,3.0,1.0,1,395,2.3,0.0,8.1,89.6,4.2,2.1,100202.0,205,1.0,0.0,11.7,87.3,4.2,2.2,99629.0,,,"(('rng_type', 'asian'), ('expire_hour', 17), ('exit_hour', 23), ('sl_frac', 1.0), ('rr', 3.0), ('min_range_atr', 1.0), ('max_range_atr', 3.0), ('skip_dow', (0, 4)))","(('max_trades_day', 1), ('risk_on_balance', False))","(0, 4)",False,
3,EURUSD,the5ers_hyper,2.0,,,,,23.0,17.0,3.0,1.0,asian,3.0,1.0,1,395,2.3,0.0,8.1,89.6,4.2,2.1,100202.0,205,1.0,0.0,11.7,87.3,4.2,2.2,99609.0,,,"(('rng_type', 'asian'), ('expire_hour', 17), ('exit_hour', 23), ('sl_frac', 1.0), ('rr', 3.0), ('min_range_atr', 1.0), ('max_range_atr', 3.0), ('skip_dow', (0, 4)))","(('max_trades_day', 1), ('day_stop_pct', 2.0), ('risk_on_balance', False))","(0, 4)",False,2.0
3,EURUSD,the5ers_hyper,2.0,,,,,23.0,17.0,3.0,1.0,asian,3.0,1.0,1,395,2.5,0.0,4.1,93.4,4.2,2.1,100201.0,205,1.0,0.0,11.2,87.8,4.2,2.2,99631.0,,,"(('rng_type', 'asian'), ('expire_hour', 17), ('exit_hour', 23), ('sl_frac', 1.0), ('rr', 3.0), ('min_range_atr', 1.0), ('max_range_atr', 3.0), ('skip_dow', (0, 4)))","(('max_trades_day', 1), ('risk_on_balance', True))","(0, 4)",True,
3,EURUSD,the5ers_hyper,2.0,,,,,23.0,17.0,3.0,1.0,asian,3.0,1.0,1,395,2.5,0.0,4.1,93.4,4.2,2.1,100201.0,205,1.0,0.0,11.2,87.8,4.2,2.2,99611.0,,,"(('rng_type', 'asian'), ('expire_hour', 17), ('exit_hour', 23), ('sl_frac', 1.0), ('rr', 3.0), ('min_range_atr', 1.0), ('max_range_atr', 3.0), ('skip_dow', (0, 4)))","(('max_trades_day', 1), ('day_stop_pct', 2.0), ('risk_on_balance', True))","(0, 4)",True,2.0
3,EURUSD,the5ers_hyper,2.4,,,,,23.0,17.0,3.0,1.0,asian,3.0,1.0,1,395,4.1,0.0,10.6,85.3,4.2,2.0,100212.0,205,2.0,0.0,15.1,82.9,4.2,2.2,99508.0,,,"(('rng_type', 'asian'), ('expire_hour', 17), ('exit_hour', 23), ('sl_frac', 1.0), ('rr', 3.0), ('min_range_atr', 1.0), ('max_range_atr', 3.0), ('skip_dow', (0, 4)))","(('max_trades_day', 1), ('risk_on_balance', False))","(0, 4)",False,
3,EURUSD,the5ers_hyper,2.4,,,,,23.0,17.0,3.0,1.0,asian,3.0,1.0,1,395,4.1,0.0,10.6,85.3,4.2,2.0,100212.0,205,2.0,0.0,15.1,82.9,4.2,2.2,99483.0,,,"(('rng_type', 'asian'), ('expire_hour', 17), ('exit_hour', 23), ('sl_frac', 1.0), ('rr', 3.0), ('min_range_atr', 1.0), ('max_range_atr', 3.0), ('skip_dow', (0, 4)))","(('max_trades_day', 1), ('day_stop_pct', 2.0), ('risk_on_balance', False))","(0, 4)",False,2.0
3,EURUSD,the5ers_hyper,2.4,,,,,23.0,17.0,3.0,1.0,asian,3.0,1.0,1,395,4.1,0.0,10.4,85.6,4.2,2.0,100219.0,205,2.4,0.0,14.6,82.9,4.2,2.2,99515.0,,,"(('rng_type', 'asian'), ('expire_hour', 17), ('exit_hour', 23), ('sl_frac', 1.0), ('rr', 3.0), ('min_range_atr', 1.0), ('max_range_atr', 3.0), ('skip_dow', (0, 4)))","(('max_trades_day', 1), ('risk_on_balance', True))","(0, 4)",True,
3,EURUSD,the5ers_hyper,2.4,,,,,23.0,17.0,3.0,1.0,asian,3.0,1.0,1,395,4.1,0.0,10.4,85.6,4.2,2.0,100219.0,205,2.4,0.0,14.6,82.9,4.2,2.2,99491.0,,,"(('rng_type', 'asian'), ('expire_hour', 17), ('exit_hour', 23), ('sl_frac', 1.0), ('rr', 3.0), ('min_range_atr', 1.0), ('max_range_atr', 3.0), ('skip_dow', (0, 4)))","(('max_trades_day', 1), ('day_stop_pct', 2.0), ('risk_on_balance', True))","(0, 4)",True,2.0
3,EURUSD,the5ers_hyper,2.8,,,,,23.0,17.0,3.0,1.0,asian,3.0,1.0,1,395,5.3,0.0,11.9,82.8,4.2,2.0,100310.0,205,3.9,0.0,19.5,76.6,4.2,2.1,99461.0,,,"(('rng_type', 'asian'), ('expire_hour', 17), ('exit_hour', 23), ('sl_frac', 1.0), ('rr', 3.0), ('min_range_atr', 1.0), ('max_range_atr', 3.0), ('skip_dow', (0, 4)))","(('max_trades_day', 1), ('risk_on_balance', False))","(0, 4)",False,
3,EURUSD,the5ers_hyper,2.8,,,,,23.0,17.0,3.0,1.0,asian,3.0,1.0,1,395,5.3,0.0,11.9,82.8,4.2,2.0,100310.0,205,3.9,0.0,19.0,77.1,4.2,2.1,99463.0,,,"(('rng_type', 'asian'), ('expire_hour', 17), ('exit_hour', 23), ('sl_frac', 1.0), ('rr', 3.0), ('min_range_atr', 1.0), ('max_range_atr', 3.0), ('skip_dow', (0, 4)))","(('max_trades_day', 1), ('day_stop_pct', 2.0), ('risk_on_balance', False))","(0, 4)",False,2.0
3,EURUSD,the5ers_hyper,2.8,,,,,23.0,17.0,3.0,1.0,asian,3.0,1.0,1,395,5.1,0.0,20.0,74.9,4.2,2.0,100317.0,205,3.4,0.0,27.3,69.3,4.2,2.1,99464.0,,,"(('rng_type', 'asian'), ('expire_hour', 17), ('exit_hour', 23), ('sl_frac', 1.0), ('rr', 3.0), ('min_range_atr', 1.0), ('max_range_atr', 3.0), ('skip_dow', (0, 4)))","(('max_trades_day', 1), ('risk_on_balance', True))","(0, 4)",True,
3,EURUSD,the5ers_hyper,2.8,,,,,23.0,17.0,3.0,1.0,asian,3.0,1.0,1,395,5.1,0.0,20.0,74.9,4.2,2.0,100317.0,205,3.4,0.0,26.8,69.8,4.2,2.1,99466.0,,,"(('rng_type', 'asian'), ('expire_hour', 17), ('exit_hour', 23), ('sl_frac', 1.0), ('rr', 3.0), ('min_range_atr', 1.0), ('max_range_atr', 3.0), ('skip_dow', (0, 4)))","(('max_trades_day', 1), ('day_stop_pct', 2.0), ('risk_on_balance', True))","(0, 4)",True,2.0
3,EURUSD,ftmo_p1,1.0,,,,,23.0,17.0,3.0,1.0,asian,3.0,1.0,1,395,0.0,0.0,0.0,100.0,,2.1,100099.0,205,0.0,0.0,0.0,100.0,,2.2,99826.0,,,"(('rng_type', 'asian'), ('expire_hour', 17), ('exit_hour', 23), ('sl_frac', 1.0), ('rr', 3.0), ('min_range_atr', 1.0), ('max_range_atr', 3.0), ('skip_dow', (0, 4)))","(('max_trades_day', 1), ('risk_on_balance', False))","(0, 4)",False,
3,EURUSD,ftmo_p1,1.0,,,,,23.0,17.0,3.0,1.0,asian,3.0,1.0,1,395,0.0,0.0,0.0,100.0,,2.1,100099.0,205,0.0,0.0,0.0,100.0,,2.2,99826.0,,,"(('rng_type', 'asian'), ('expire_hour', 17), ('exit_hour', 23), ('sl_frac', 1.0), ('rr', 3.0), ('min_range_atr', 1.0), ('max_range_atr', 3.0), ('skip_dow', (0, 4)))","(('max_trades_day', 1), ('day_stop_pct', 2.0), ('risk_on_balance', False))","(0, 4)",False,2.0
3,EURUSD,ftmo_p1,1.0,,,,,23.0,17.0,3.0,1.0,asian,3.0,1.0,1,395,0.0,0.0,0.0,100.0,,2.1,100099.0,205,0.0,0.0,0.0,100.0,,2.2,99828.0,,,"(('rng_type', 'asian'), ('expire_hour', 17), ('exit_hour', 23), ('sl_frac', 1.0), ('rr', 3.0), ('min_range_atr', 1.0), ('max_range_atr', 3.0), ('skip_dow', (0, 4)))","(('max_trades_day', 1), ('risk_on_balance', True))","(0, 4)",True,
3,EURUSD,ftmo_p1,1.0,,,,,23.0,17.0,3.0,1.0,asian,3.0,1.0,1,395,0.0,0.0,0.0,100.0,,2.1,100099.0,205,0.0,0.0,0.0,100.0,,2.2,99828.0,,,"(('rng_type', 'asian'), ('expire_hour', 17), ('exit_hour', 23), ('sl_frac', 1.0), ('rr', 3.0), ('min_range_atr', 1.0), ('max_range_atr', 3.0), ('skip_dow', (0, 4)))","(('max_trades_day', 1), ('day_stop_pct', 2.0), ('risk_on_balance', True))","(0, 4)",True,2.0
3,EURUSD,ftmo_p1,1.5,,,,,23.0,17.0,3.0,1.0,asian,3.0,1.0,1,395,0.3,0.0,0.0,99.7,5.6,2.1,100149.0,205,0.5,0.0,0.0,99.5,5.6,2.2,99739.0,,,"(('rng_type', 'asian'), ('expire_hour', 17), ('exit_hour', 23), ('sl_frac', 1.0), ('rr', 3.0), ('min_range_atr', 1.0), ('max_range_atr', 3.0), ('skip_dow', (0, 4)))","(('max_trades_day', 1), ('risk_on_balance', False))","(0, 4)",False,
3,EURUSD,ftmo_p1,1.5,,,,,23.0,17.0,3.0,1.0,asian,3.0,1.0,1,395,0.3,0.0,0.0,99.7,5.6,2.1,100149.0,205,0.5,0.0,0.0,99.5,5.6,2.2,99739.0,,,"(('rng_type', 'asian'), ('expire_hour', 17), ('exit_hour', 23), ('sl_frac', 1.0), ('rr', 3.0), ('min_range_atr', 1.0), ('max_range_atr', 3.0), ('skip_dow', (0, 4)))","(('max_trades_day', 1), ('day_stop_pct', 2.0), ('risk_on_balance', False))","(0, 4)",False,2.0
3,EURUSD,ftmo_p1,1.5,,,,,23.0,17.0,3.0,1.0,asian,3.0,1.0,1,395,0.3,0.0,0.0,99.7,5.6,2.1,100148.0,205,0.5,0.0,0.0,99.5,5.6,2.2,99743.0,,,"(('rng_type', 'asian'), ('expire_hour', 17), ('exit_hour', 23), ('sl_frac', 1.0), ('rr', 3.0), ('min_range_atr', 1.0), ('max_range_atr', 3.0), ('skip_dow', (0, 4)))","(('max_trades_day', 1), ('risk_on_balance', True))","(0, 4)",True,
3,EURUSD,ftmo_p1,1.5,,,,,23.0,17.0,3.0,1.0,asian,3.0,1.0,1,395,0.3,0.0,0.0,99.7,5.6,2.1,100148.0,205,0.5,0.0,0.0,99.5,5.6,2.2,99743.0,,,"(('rng_type', 'asian'), ('expire_hour', 17), ('exit_hour', 23), ('sl_frac', 1.0), ('rr', 3.0), ('min_range_atr', 1.0), ('max_range_atr', 3.0), ('skip_dow', (0, 4)))","(('max_trades_day', 1), ('day_stop_pct', 2.0), ('risk_on_balance', True))","(0, 4)",True,2.0
3,EURUSD,ftmo_p1,2.0,,,,,23.0,17.0,3.0,1.0,asian,3.0,1.0,1,395,1.5,0.0,0.0,98.5,5.6,2.1,100201.0,205,1.0,0.0,0.0,99.0,5.6,2.2,99636.0,,,"(('rng_type', 'asian'), ('expire_hour', 17), ('exit_hour', 23), ('sl_frac', 1.0), ('rr', 3.0), ('min_range_atr', 1.0), ('max_range_atr', 3.0), ('skip_dow', (0, 4)))","(('max_trades_day', 1), ('risk_on_balance', False))","(0, 4)",False,
3,EURUSD,ftmo_p1,2.0,,,,,23.0,17.0,3.0,1.0,asian,3.0,1.0,1,395,1.5,0.0,0.0,98.5,5.6,2.1,100201.0,205,1.0,0.0,0.0,99.0,5.6,2.2,99616.0,,,"(('rng_type', 'asian'), ('expire_hour', 17), ('exit_hour', 23), ('sl_frac', 1.0), ('rr', 3.0), ('min_range_atr', 1.0), ('max_range_atr', 3.0), ('skip_dow', (0, 4)))","(('max_trades_day', 1), ('day_stop_pct', 2.0), ('risk_on_balance', False))","(0, 4)",False,2.0
3,EURUSD,ftmo_p1,2.0,,,,,23.0,17.0,3.0,1.0,asian,3.0,1.0,1,395,1.8,0.0,0.0,98.2,5.6,2.1,100200.0,205,1.0,0.0,0.0,99.0,5.6,2.2,99640.0,,,"(('rng_type', 'asian'), ('expire_hour', 17), ('exit_hour', 23), ('sl_frac', 1.0), ('rr', 3.0), ('min_range_atr', 1.0), ('max_range_atr', 3.0), ('skip_dow', (0, 4)))","(('max_trades_day', 1), ('risk_on_balance', True))","(0, 4)",True,
3,EURUSD,ftmo_p1,2.0,,,,,23.0,17.0,3.0,1.0,asian,3.0,1.0,1,395,1.8,0.0,0.0,98.2,5.6,2.1,100200.0,205,1.0,0.0,0.0,99.0,5.6,2.2,99620.0,,,"(('rng_type', 'asian'), ('expire_hour', 17), ('exit_hour', 23), ('sl_frac', 1.0), ('rr', 3.0), ('min_range_atr', 1.0), ('max_range_atr', 3.0), ('skip_dow', (0, 4)))","(('max_trades_day', 1), ('day_stop_pct', 2.0), ('risk_on_balance', True))","(0, 4)",True,2.0
3,EURUSD,ftmo_p1,2.4,,,,,23.0,17.0,3.0,1.0,asian,3.0,1.0,1,395,2.8,0.0,0.0,97.2,5.6,2.0,100247.0,205,1.5,0.0,0.0,98.5,5.6,2.2,99575.0,,,"(('rng_type', 'asian'), ('expire_hour', 17), ('exit_hour', 23), ('sl_frac', 1.0), ('rr', 3.0), ('min_range_atr', 1.0), ('max_range_atr', 3.0), ('skip_dow', (0, 4)))","(('max_trades_day', 1), ('risk_on_balance', False))","(0, 4)",False,
3,EURUSD,ftmo_p1,2.4,,,,,23.0,17.0,3.0,1.0,asian,3.0,1.0,1,395,2.8,0.0,0.0,97.2,5.6,2.0,100247.0,205,1.5,0.0,0.0,98.5,5.6,2.2,99551.0,,,"(('rng_type', 'asian'), ('expire_hour', 17), ('exit_hour', 23), ('sl_frac', 1.0), ('rr', 3.0), ('min_range_atr', 1.0), ('max_range_atr', 3.0), ('skip_dow', (0, 4)))","(('max_trades_day', 1), ('day_stop_pct', 2.0), ('risk_on_balance', False))","(0, 4)",False,2.0
3,EURUSD,ftmo_p1,2.4,,,,,23.0,17.0,3.0,1.0,asian,3.0,1.0,1,395,2.8,0.0,0.0,97.2,5.6,2.0,100247.0,205,2.0,0.0,0.0,98.0,5.6,2.2,99583.0,,,"(('rng_type', 'asian'), ('expire_hour', 17), ('exit_hour', 23), ('sl_frac', 1.0), ('rr', 3.0), ('min_range_atr', 1.0), ('max_range_atr', 3.0), ('skip_dow', (0, 4)))","(('max_trades_day', 1), ('risk_on_balance', True))","(0, 4)",True,
3,EURUSD,ftmo_p1,2.4,,,,,23.0,17.0,3.0,1.0,asian,3.0,1.0,1,395,2.8,0.0,0.0,97.2,5.6,2.0,100247.0,205,2.0,0.0,0.0,98.0,5.6,2.2,99559.0,,,"(('rng_type', 'asian'), ('expire_hour', 17), ('exit_hour', 23), ('sl_frac', 1.0), ('rr', 3.0), ('min_range_atr', 1.0), ('max_range_atr', 3.0), ('skip_dow', (0, 4)))","(('max_trades_day', 1), ('day_stop_pct', 2.0), ('risk_on_balance', True))","(0, 4)",True,2.0
3,EURUSD,ftmo_p1,2.8,,,,,23.0,17.0,3.0,1.0,asian,3.0,1.0,1,395,3.8,0.0,0.0,96.2,5.6,2.0,100305.0,205,3.4,0.0,0.0,96.6,5.6,2.1,99533.0,,,"(('rng_type', 'asian'), ('expire_hour', 17), ('exit_hour', 23), ('sl_frac', 1.0), ('rr', 3.0), ('min_range_atr', 1.0), ('max_range_atr', 3.0), ('skip_dow', (0, 4)))","(('max_trades_day', 1), ('risk_on_balance', False))","(0, 4)",False,
3,EURUSD,ftmo_p1,2.8,,,,,23.0,17.0,3.0,1.0,asian,3.0,1.0,1,395,3.8,0.0,0.0,96.2,5.6,2.0,100305.0,205,3.4,0.0,0.0,96.6,5.6,2.1,99504.0,,,"(('rng_type', 'asian'), ('expire_hour', 17), ('exit_hour', 23), ('sl_frac', 1.0), ('rr', 3.0), ('min_range_atr', 1.0), ('max_range_atr', 3.0), ('skip_dow', (0, 4)))","(('max_trades_day', 1), ('day_stop_pct', 2.0), ('risk_on_balance', False))","(0, 4)",False,2.0
3,EURUSD,ftmo_p1,2.8,,,,,23.0,17.0,3.0,1.0,asian,3.0,1.0,1,395,3.8,0.0,0.0,96.2,5.6,2.0,100307.0,205,3.4,0.0,0.0,96.6,5.6,2.1,99546.0,,,"(('rng_type', 'asian'), ('expire_hour', 17), ('exit_hour', 23), ('sl_frac', 1.0), ('rr', 3.0), ('min_range_atr', 1.0), ('max_range_atr', 3.0), ('skip_dow', (0, 4)))","(('max_trades_day', 1), ('risk_on_balance', True))","(0, 4)",True,
3,EURUSD,ftmo_p1,2.8,,,,,23.0,17.0,3.0,1.0,asian,3.0,1.0,1,395,3.8,0.0,0.0,96.2,5.6,2.0,100307.0,205,3.4,0.0,0.0,96.6,5.6,2.1,99518.0,,,"(('rng_type', 'asian'), ('expire_hour', 17), ('exit_hour', 23), ('sl_frac', 1.0), ('rr', 3.0), ('min_range_atr', 1.0), ('max_range_atr', 3.0), ('skip_dow', (0, 4)))","(('max_trades_day', 1), ('day_stop_pct', 2.0), ('risk_on_balance', True))","(0, 4)",True,2.0
3,BTCUSD,ftmo_1step,1.0,,,,,23.0,17.0,6.0,1.0,prevday,3.0,0.5,1,390,0.0,0.0,0.0,100.0,,3.1,100506.0,396,0.0,0.0,0.0,100.0,,3.3,100211.0,,,"(('rng_type', 'prevday'), ('expire_hour', 17), ('exit_hour', 23), ('sl_frac', 0.5), ('rr', 3.0), ('min_range_atr', 1.0), ('max_range_atr', 6.0), ('skip_dow', ()))","(('max_trades_day', 1), ('risk_on_balance', False))",(),False,
3,BTCUSD,ftmo_1step,1.0,,,,,23.0,17.0,6.0,1.0,prevday,3.0,0.5,1,390,0.0,0.0,0.0,100.0,,3.1,100506.0,396,0.0,0.0,0.0,100.0,,3.3,100211.0,,,"(('rng_type', 'prevday'), ('expire_hour', 17), ('exit_hour', 23), ('sl_frac', 0.5), ('rr', 3.0), ('min_range_atr', 1.0), ('max_range_atr', 6.0), ('skip_dow', ()))","(('max_trades_day', 1), ('day_stop_pct', 2.0), ('risk_on_balance', False))",(),False,2.0
3,BTCUSD,ftmo_1step,1.0,,,,,23.0,17.0,6.0,1.0,prevday,3.0,0.5,1,390,0.0,0.0,0.0,100.0,,3.1,100509.0,396,0.0,0.0,0.0,100.0,,3.3,100209.0,,,"(('rng_type', 'prevday'), ('expire_hour', 17), ('exit_hour', 23), ('sl_frac', 0.5), ('rr', 3.0), ('min_range_atr', 1.0), ('max_range_atr', 6.0), ('skip_dow', ()))","(('max_trades_day', 1), ('risk_on_balance', True))",(),True,
3,BTCUSD,ftmo_1step,1.0,,,,,23.0,17.0,6.0,1.0,prevday,3.0,0.5,1,390,0.0,0.0,0.0,100.0,,3.1,100509.0,396,0.0,0.0,0.0,100.0,,3.3,100209.0,,,"(('rng_type', 'prevday'), ('expire_hour', 17), ('exit_hour', 23), ('sl_frac', 0.5), ('rr', 3.0), ('min_range_atr', 1.0), ('max_range_atr', 6.0), ('skip_dow', ()))","(('max_trades_day', 1), ('day_stop_pct', 2.0), ('risk_on_balance', True))",(),True,2.0
3,BTCUSD,ftmo_1step,1.5,,,,,23.0,17.0,6.0,1.0,prevday,3.0,0.5,1,390,1.3,0.0,0.0,98.7,5.9,3.1,100763.0,396,0.3,0.0,0.0,99.7,6.7,3.3,100317.0,,,"(('rng_type', 'prevday'), ('expire_hour', 17), ('exit_hour', 23), ('sl_frac', 0.5), ('rr', 3.0), ('min_range_atr', 1.0), ('max_range_atr', 6.0), ('skip_dow', ()))","(('max_trades_day', 1), ('risk_on_balance', False))",(),False,
3,BTCUSD,ftmo_1step,1.5,,,,,23.0,17.0,6.0,1.0,prevday,3.0,0.5,1,390,1.3,0.0,0.0,98.7,5.9,3.1,100763.0,396,0.3,0.0,0.0,99.7,6.7,3.3,100317.0,,,"(('rng_type', 'prevday'), ('expire_hour', 17), ('exit_hour', 23), ('sl_frac', 0.5), ('rr', 3.0), ('min_range_atr', 1.0), ('max_range_atr', 6.0), ('skip_dow', ()))","(('max_trades_day', 1), ('day_stop_pct', 2.0), ('risk_on_balance', False))",(),False,2.0
3,BTCUSD,ftmo_1step,1.5,,,,,23.0,17.0,6.0,1.0,prevday,3.0,0.5,1,390,1.3,0.0,0.0,98.7,5.9,3.1,100772.0,396,0.3,0.0,0.0,99.7,6.7,3.3,100314.0,,,"(('rng_type', 'prevday'), ('expire_hour', 17), ('exit_hour', 23), ('sl_frac', 0.5), ('rr', 3.0), ('min_range_atr', 1.0), ('max_range_atr', 6.0), ('skip_dow', ()))","(('max_trades_day', 1), ('risk_on_balance', True))",(),True,
3,BTCUSD,ftmo_1step,1.5,,,,,23.0,17.0,6.0,1.0,prevday,3.0,0.5,1,390,1.3,0.0,0.0,98.7,5.9,3.1,100772.0,396,0.3,0.0,0.0,99.7,6.7,3.3,100314.0,,,"(('rng_type', 'prevday'), ('expire_hour', 17), ('exit_hour', 23), ('sl_frac', 0.5), ('rr', 3.0), ('min_range_atr', 1.0), ('max_range_atr', 6.0), ('skip_dow', ()))","(('max_trades_day', 1), ('day_stop_pct', 2.0), ('risk_on_balance', True))",(),True,2.0
3,BTCUSD,ftmo_1step,2.0,,,,,23.0,17.0,6.0,1.0,prevday,3.0,0.5,1,390,2.1,2.8,0.5,94.6,6.2,3.1,101043.0,396,1.0,1.0,0.8,97.2,6.7,3.3,100424.0,,,"(('rng_type', 'prevday'), ('expire_hour', 17), ('exit_hour', 23), ('sl_frac', 0.5), ('rr', 3.0), ('min_range_atr', 1.0), ('max_range_atr', 6.0), ('skip_dow', ()))","(('max_trades_day', 1), ('risk_on_balance', False))",(),False,
3,BTCUSD,ftmo_1step,2.0,,,,,23.0,17.0,6.0,1.0,prevday,3.0,0.5,1,390,2.1,2.8,0.5,94.6,6.2,3.1,101043.0,396,1.0,1.0,0.8,97.2,6.7,3.3,100424.0,,,"(('rng_type', 'prevday'), ('expire_hour', 17), ('exit_hour', 23), ('sl_frac', 0.5), ('rr', 3.0), ('min_range_atr', 1.0), ('max_range_atr', 6.0), ('skip_dow', ()))","(('max_trades_day', 1), ('day_stop_pct', 2.0), ('risk_on_balance', False))",(),False,2.0
3,BTCUSD,ftmo_1step,2.0,,,,,23.0,17.0,6.0,1.0,prevday,3.0,0.5,1,390,2.3,3.1,0.5,94.1,5.9,3.1,101064.0,396,0.8,1.8,0.8,96.7,6.7,3.3,100418.0,,,"(('rng_type', 'prevday'), ('expire_hour', 17), ('exit_hour', 23), ('sl_frac', 0.5), ('rr', 3.0), ('min_range_atr', 1.0), ('max_range_atr', 6.0), ('skip_dow', ()))","(('max_trades_day', 1), ('risk_on_balance', True))",(),True,
3,BTCUSD,ftmo_1step,2.0,,,,,23.0,17.0,6.0,1.0,prevday,3.0,0.5,1,390,2.3,3.1,0.5,94.1,5.9,3.1,101064.0,396,0.8,1.8,0.8,96.7,6.7,3.3,100418.0,,,"(('rng_type', 'prevday'), ('expire_hour', 17), ('exit_hour', 23), ('sl_frac', 0.5), ('rr', 3.0), ('min_range_atr', 1.0), ('max_range_atr', 6.0), ('skip_dow', ()))","(('max_trades_day', 1), ('day_stop_pct', 2.0), ('risk_on_balance', True))",(),True,2.0
3,BTCUSD,ftmo_1step,2.4,,,,,23.0,17.0,6.0,1.0,prevday,3.0,0.5,1,390,2.3,7.7,6.4,83.6,6.5,3.0,101160.0,396,1.8,3.8,6.1,88.4,5.9,3.3,100366.0,,,"(('rng_type', 'prevday'), ('expire_hour', 17), ('exit_hour', 23), ('sl_frac', 0.5), ('rr', 3.0), ('min_range_atr', 1.0), ('max_range_atr', 6.0), ('skip_dow', ()))","(('max_trades_day', 1), ('risk_on_balance', False))",(),False,
3,BTCUSD,ftmo_1step,2.4,,,,,23.0,17.0,6.0,1.0,prevday,3.0,0.5,1,390,2.3,7.7,6.4,83.6,6.5,3.0,101160.0,396,1.8,3.8,6.1,88.4,5.9,3.3,100366.0,,,"(('rng_type', 'prevday'), ('expire_hour', 17), ('exit_hour', 23), ('sl_frac', 0.5), ('rr', 3.0), ('min_range_atr', 1.0), ('max_range_atr', 6.0), ('skip_dow', ()))","(('max_trades_day', 1), ('day_stop_pct', 2.0), ('risk_on_balance', False))",(),False,2.0
3,BTCUSD,ftmo_1step,2.4,,,,,23.0,17.0,6.0,1.0,prevday,3.0,0.5,1,390,2.3,7.7,5.6,84.4,6.5,3.0,101175.0,396,1.3,4.3,5.8,88.6,5.9,3.3,100355.0,,,"(('rng_type', 'prevday'), ('expire_hour', 17), ('exit_hour', 23), ('sl_frac', 0.5), ('rr', 3.0), ('min_range_atr', 1.0), ('max_range_atr', 6.0), ('skip_dow', ()))","(('max_trades_day', 1), ('risk_on_balance', True))",(),True,
3,BTCUSD,ftmo_1step,2.4,,,,,23.0,17.0,6.0,1.0,prevday,3.0,0.5,1,390,2.3,7.7,5.6,84.4,6.5,3.0,101175.0,396,1.3,4.3,5.8,88.6,5.9,3.3,100355.0,,,"(('rng_type', 'prevday'), ('expire_hour', 17), ('exit_hour', 23), ('sl_frac', 0.5), ('rr', 3.0), ('min_range_atr', 1.0), ('max_range_atr', 6.0), ('skip_dow', ()))","(('max_trades_day', 1), ('day_stop_pct', 2.0), ('risk_on_balance', True))",(),True,2.0
3,BTCUSD,ftmo_1step,2.8,,,,,23.0,17.0,6.0,1.0,prevday,3.0,0.5,1,390,1.3,12.8,16.9,69.0,6.9,2.9,101277.0,396,1.0,6.3,15.9,76.8,6.2,3.1,100339.0,,,"(('rng_type', 'prevday'), ('expire_hour', 17), ('exit_hour', 23), ('sl_frac', 0.5), ('rr', 3.0), ('min_range_atr', 1.0), ('max_range_atr', 6.0), ('skip_dow', ()))","(('max_trades_day', 1), ('risk_on_balance', False))",(),False,
3,BTCUSD,ftmo_1step,2.8,,,,,23.0,17.0,6.0,1.0,prevday,3.0,0.5,1,390,1.3,12.8,16.9,69.0,6.9,2.9,101277.0,396,1.0,6.3,15.9,76.8,6.2,3.1,100339.0,,,"(('rng_type', 'prevday'), ('expire_hour', 17), ('exit_hour', 23), ('sl_frac', 0.5), ('rr', 3.0), ('min_range_atr', 1.0), ('max_range_atr', 6.0), ('skip_dow', ()))","(('max_trades_day', 1), ('day_stop_pct', 2.0), ('risk_on_balance', False))",(),False,2.0
3,BTCUSD,ftmo_1step,2.8,,,,,23.0,17.0,6.0,1.0,prevday,3.0,0.5,1,390,1.5,11.8,25.1,61.5,6.9,2.8,101297.0,396,0.3,6.6,21.2,72.0,4.9,3.1,100356.0,,,"(('rng_type', 'prevday'), ('expire_hour', 17), ('exit_hour', 23), ('sl_frac', 0.5), ('rr', 3.0), ('min_range_atr', 1.0), ('max_range_atr', 6.0), ('skip_dow', ()))","(('max_trades_day', 1), ('risk_on_balance', True))",(),True,
3,BTCUSD,ftmo_1step,2.8,,,,,23.0,17.0,6.0,1.0,prevday,3.0,0.5,1,390,1.5,11.8,25.1,61.5,6.9,2.8,101297.0,396,0.3,6.6,21.2,72.0,4.9,3.1,100356.0,,,"(('rng_type', 'prevday'), ('expire_hour', 17), ('exit_hour', 23), ('sl_frac', 0.5), ('rr', 3.0), ('min_range_atr', 1.0), ('max_range_atr', 6.0), ('skip_dow', ()))","(('max_trades_day', 1), ('day_stop_pct', 2.0), ('risk_on_balance', True))",(),True,2.0
3,BTCUSD,fundingpips_1step,1.0,,,,,23.0,17.0,6.0,1.0,prevday,3.0,0.5,1,390,0.0,0.0,0.0,100.0,,3.1,100506.0,396,0.0,0.0,0.0,100.0,,3.3,100211.0,,,"(('rng_type', 'prevday'), ('expire_hour', 17), ('exit_hour', 23), ('sl_frac', 0.5), ('rr', 3.0), ('min_range_atr', 1.0), ('max_range_atr', 6.0), ('skip_dow', ()))","(('max_trades_day', 1), ('risk_on_balance', False))",(),False,
3,BTCUSD,fundingpips_1step,1.0,,,,,23.0,17.0,6.0,1.0,prevday,3.0,0.5,1,390,0.0,0.0,0.0,100.0,,3.1,100506.0,396,0.0,0.0,0.0,100.0,,3.3,100211.0,,,"(('rng_type', 'prevday'), ('expire_hour', 17), ('exit_hour', 23), ('sl_frac', 0.5), ('rr', 3.0), ('min_range_atr', 1.0), ('max_range_atr', 6.0), ('skip_dow', ()))","(('max_trades_day', 1), ('day_stop_pct', 2.0), ('risk_on_balance', False))",(),False,2.0
3,BTCUSD,fundingpips_1step,1.0,,,,,23.0,17.0,6.0,1.0,prevday,3.0,0.5,1,390,0.0,0.0,0.0,100.0,,3.1,100509.0,396,0.0,0.0,0.0,100.0,,3.3,100209.0,,,"(('rng_type', 'prevday'), ('expire_hour', 17), ('exit_hour', 23), ('sl_frac', 0.5), ('rr', 3.0), ('min_range_atr', 1.0), ('max_range_atr', 6.0), ('skip_dow', ()))","(('max_trades_day', 1), ('risk_on_balance', True))",(),True,
3,BTCUSD,fundingpips_1step,1.0,,,,,23.0,17.0,6.0,1.0,prevday,3.0,0.5,1,390,0.0,0.0,0.0,100.0,,3.1,100509.0,396,0.0,0.0,0.0,100.0,,3.3,100209.0,,,"(('rng_type', 'prevday'), ('expire_hour', 17), ('exit_hour', 23), ('sl_frac', 0.5), ('rr', 3.0), ('min_range_atr', 1.0), ('max_range_atr', 6.0), ('skip_dow', ()))","(('max_trades_day', 1), ('day_stop_pct', 2.0), ('risk_on_balance', True))",(),True,2.0
3,BTCUSD,fundingpips_1step,1.5,,,,,23.0,17.0,6.0,1.0,prevday,3.0,0.5,1,390,1.3,0.0,2.3,96.4,5.9,3.1,100753.0,396,0.3,0.0,2.5,97.2,6.7,3.3,100322.0,,,"(('rng_type', 'prevday'), ('expire_hour', 17), ('exit_hour', 23), ('sl_frac', 0.5), ('rr', 3.0), ('min_range_atr', 1.0), ('max_range_atr', 6.0), ('skip_dow', ()))","(('max_trades_day', 1), ('risk_on_balance', False))",(),False,
3,BTCUSD,fundingpips_1step,1.5,,,,,23.0,17.0,6.0,1.0,prevday,3.0,0.5,1,390,1.3,0.0,2.3,96.4,5.9,3.1,100753.0,396,0.3,0.0,2.5,97.2,6.7,3.3,100322.0,,,"(('rng_type', 'prevday'), ('expire_hour', 17), ('exit_hour', 23), ('sl_frac', 0.5), ('rr', 3.0), ('min_range_atr', 1.0), ('max_range_atr', 6.0), ('skip_dow', ()))","(('max_trades_day', 1), ('day_stop_pct', 2.0), ('risk_on_balance', False))",(),False,2.0
3,BTCUSD,fundingpips_1step,1.5,,,,,23.0,17.0,6.0,1.0,prevday,3.0,0.5,1,390,1.3,0.0,0.5,98.2,5.9,3.1,100763.0,396,0.3,0.0,1.5,98.2,6.7,3.3,100316.0,,,"(('rng_type', 'prevday'), ('expire_hour', 17), ('exit_hour', 23), ('sl_frac', 0.5), ('rr', 3.0), ('min_range_atr', 1.0), ('max_range_atr', 6.0), ('skip_dow', ()))","(('max_trades_day', 1), ('risk_on_balance', True))",(),True,
3,BTCUSD,fundingpips_1step,1.5,,,,,23.0,17.0,6.0,1.0,prevday,3.0,0.5,1,390,1.3,0.0,0.5,98.2,5.9,3.1,100763.0,396,0.3,0.0,1.5,98.2,6.7,3.3,100316.0,,,"(('rng_type', 'prevday'), ('expire_hour', 17), ('exit_hour', 23), ('sl_frac', 0.5), ('rr', 3.0), ('min_range_atr', 1.0), ('max_range_atr', 6.0), ('skip_dow', ()))","(('max_trades_day', 1), ('day_stop_pct', 2.0), ('risk_on_balance', True))",(),True,2.0
3,BTCUSD,fundingpips_1step,2.0,,,,,23.0,17.0,6.0,1.0,prevday,3.0,0.5,1,390,4.9,0.0,10.0,85.1,5.7,3.0,101041.0,396,2.0,0.0,10.6,87.4,6.2,3.3,100401.0,,,"(('rng_type', 'prevday'), ('expire_hour', 17), ('exit_hour', 23), ('sl_frac', 0.5), ('rr', 3.0), ('min_range_atr', 1.0), ('max_range_atr', 6.0), ('skip_dow', ()))","(('max_trades_day', 1), ('risk_on_balance', False))",(),False,
3,BTCUSD,fundingpips_1step,2.0,,,,,23.0,17.0,6.0,1.0,prevday,3.0,0.5,1,390,4.9,0.0,10.0,85.1,5.7,3.0,101041.0,396,2.0,0.0,10.6,87.4,6.2,3.3,100401.0,,,"(('rng_type', 'prevday'), ('expire_hour', 17), ('exit_hour', 23), ('sl_frac', 0.5), ('rr', 3.0), ('min_range_atr', 1.0), ('max_range_atr', 6.0), ('skip_dow', ()))","(('max_trades_day', 1), ('day_stop_pct', 2.0), ('risk_on_balance', False))",(),False,2.0
3,BTCUSD,fundingpips_1step,2.0,,,,,23.0,17.0,6.0,1.0,prevday,3.0,0.5,1,390,5.4,0.0,9.0,85.6,5.7,3.0,101055.0,396,2.5,0.0,7.3,90.2,6.2,3.3,100405.0,,,"(('rng_type', 'prevday'), ('expire_hour', 17), ('exit_hour', 23), ('sl_frac', 0.5), ('rr', 3.0), ('min_range_atr', 1.0), ('max_range_atr', 6.0), ('skip_dow', ()))","(('max_trades_day', 1), ('risk_on_balance', True))",(),True,
3,BTCUSD,fundingpips_1step,2.0,,,,,23.0,17.0,6.0,1.0,prevday,3.0,0.5,1,390,5.4,0.0,9.0,85.6,5.7,3.0,101055.0,396,2.5,0.0,7.3,90.2,6.2,3.3,100405.0,,,"(('rng_type', 'prevday'), ('expire_hour', 17), ('exit_hour', 23), ('sl_frac', 0.5), ('rr', 3.0), ('min_range_atr', 1.0), ('max_range_atr', 6.0), ('skip_dow', ()))","(('max_trades_day', 1), ('day_stop_pct', 2.0), ('risk_on_balance', True))",(),True,2.0
3,BTCUSD,fundingpips_1step,2.4,,,,,23.0,17.0,6.0,1.0,prevday,3.0,0.5,1,390,10.0,0.0,14.9,75.1,5.5,3.0,101155.0,396,5.6,0.0,15.2,79.3,5.8,3.2,100479.0,,,"(('rng_type', 'prevday'), ('expire_hour', 17), ('exit_hour', 23), ('sl_frac', 0.5), ('rr', 3.0), ('min_range_atr', 1.0), ('max_range_atr', 6.0), ('skip_dow', ()))","(('max_trades_day', 1), ('risk_on_balance', False))",(),False,
3,BTCUSD,fundingpips_1step,2.4,,,,,23.0,17.0,6.0,1.0,prevday,3.0,0.5,1,390,10.0,0.0,14.9,75.1,5.5,3.0,101155.0,396,5.6,0.0,15.2,79.3,5.8,3.2,100479.0,,,"(('rng_type', 'prevday'), ('expire_hour', 17), ('exit_hour', 23), ('sl_frac', 0.5), ('rr', 3.0), ('min_range_atr', 1.0), ('max_range_atr', 6.0), ('skip_dow', ()))","(('max_trades_day', 1), ('day_stop_pct', 2.0), ('risk_on_balance', False))",(),False,2.0
3,BTCUSD,fundingpips_1step,2.4,,,,,23.0,17.0,6.0,1.0,prevday,3.0,0.5,1,390,10.0,0.0,13.8,76.2,5.5,3.0,101180.0,396,5.6,0.0,14.9,79.5,5.8,3.2,100461.0,,,"(('rng_type', 'prevday'), ('expire_hour', 17), ('exit_hour', 23), ('sl_frac', 0.5), ('rr', 3.0), ('min_range_atr', 1.0), ('max_range_atr', 6.0), ('skip_dow', ()))","(('max_trades_day', 1), ('risk_on_balance', True))",(),True,
3,BTCUSD,fundingpips_1step,2.4,,,,,23.0,17.0,6.0,1.0,prevday,3.0,0.5,1,390,10.0,0.0,13.8,76.2,5.5,3.0,101180.0,396,5.6,0.0,14.9,79.5,5.8,3.2,100461.0,,,"(('rng_type', 'prevday'), ('expire_hour', 17), ('exit_hour', 23), ('sl_frac', 0.5), ('rr', 3.0), ('min_range_atr', 1.0), ('max_range_atr', 6.0), ('skip_dow', ()))","(('max_trades_day', 1), ('day_stop_pct', 2.0), ('risk_on_balance', True))",(),True,2.0
3,BTCUSD,fundingpips_1step,2.8,,,,,23.0,17.0,6.0,1.0,prevday,3.0,0.5,1,390,14.1,0.0,20.2,65.6,5.4,2.9,101335.0,396,7.3,0.0,22.0,70.7,4.9,3.1,100467.0,,,"(('rng_type', 'prevday'), ('expire_hour', 17), ('exit_hour', 23), ('sl_frac', 0.5), ('rr', 3.0), ('min_range_atr', 1.0), ('max_range_atr', 6.0), ('skip_dow', ()))","(('max_trades_day', 1), ('risk_on_balance', False))",(),False,
3,BTCUSD,fundingpips_1step,2.8,,,,,23.0,17.0,6.0,1.0,prevday,3.0,0.5,1,390,14.1,0.0,20.2,65.6,5.4,2.9,101335.0,396,7.3,0.0,22.0,70.7,4.9,3.1,100467.0,,,"(('rng_type', 'prevday'), ('expire_hour', 17), ('exit_hour', 23), ('sl_frac', 0.5), ('rr', 3.0), ('min_range_atr', 1.0), ('max_range_atr', 6.0), ('skip_dow', ()))","(('max_trades_day', 1), ('day_stop_pct', 2.0), ('risk_on_balance', False))",(),False,2.0
3,BTCUSD,fundingpips_1step,2.8,,,,,23.0,17.0,6.0,1.0,prevday,3.0,0.5,1,390,13.3,0.0,27.0,59.7,5.4,2.8,101388.0,396,6.8,0.0,28.8,64.4,4.9,3.1,100465.0,,,"(('rng_type', 'prevday'), ('expire_hour', 17), ('exit_hour', 23), ('sl_frac', 0.5), ('rr', 3.0), ('min_range_atr', 1.0), ('max_range_atr', 6.0), ('skip_dow', ()))","(('max_trades_day', 1), ('risk_on_balance', True))",(),True,
3,BTCUSD,fundingpips_1step,2.8,,,,,23.0,17.0,6.0,1.0,prevday,3.0,0.5,1,390,13.3,0.0,27.0,59.7,5.4,2.8,101388.0,396,6.8,0.0,28.8,64.4,4.9,3.1,100465.0,,,"(('rng_type', 'prevday'), ('expire_hour', 17), ('exit_hour', 23), ('sl_frac', 0.5), ('rr', 3.0), ('min_range_atr', 1.0), ('max_range_atr', 6.0), ('skip_dow', ()))","(('max_trades_day', 1), ('day_stop_pct', 2.0), ('risk_on_balance', True))",(),True,2.0
3,BTCUSD,e8_one_8,1.0,,,,,23.0,17.0,6.0,1.0,prevday,3.0,0.5,1,390,0.0,0.0,0.0,100.0,,3.1,100506.0,396,0.0,0.0,0.0,100.0,,3.3,100211.0,,,"(('rng_type', 'prevday'), ('expire_hour', 17), ('exit_hour', 23), ('sl_frac', 0.5), ('rr', 3.0), ('min_range_atr', 1.0), ('max_range_atr', 6.0), ('skip_dow', ()))","(('max_trades_day', 1), ('risk_on_balance', False))",(),False,
3,BTCUSD,e8_one_8,1.0,,,,,23.0,17.0,6.0,1.0,prevday,3.0,0.5,1,390,0.0,0.0,0.0,100.0,,3.1,100506.0,396,0.0,0.0,0.0,100.0,,3.3,100211.0,,,"(('rng_type', 'prevday'), ('expire_hour', 17), ('exit_hour', 23), ('sl_frac', 0.5), ('rr', 3.0), ('min_range_atr', 1.0), ('max_range_atr', 6.0), ('skip_dow', ()))","(('max_trades_day', 1), ('day_stop_pct', 2.0), ('risk_on_balance', False))",(),False,2.0
3,BTCUSD,e8_one_8,1.0,,,,,23.0,17.0,6.0,1.0,prevday,3.0,0.5,1,390,0.0,0.0,0.0,100.0,,3.1,100509.0,396,0.0,0.0,0.0,100.0,,3.3,100209.0,,,"(('rng_type', 'prevday'), ('expire_hour', 17), ('exit_hour', 23), ('sl_frac', 0.5), ('rr', 3.0), ('min_range_atr', 1.0), ('max_range_atr', 6.0), ('skip_dow', ()))","(('max_trades_day', 1), ('risk_on_balance', True))",(),True,
3,BTCUSD,e8_one_8,1.0,,,,,23.0,17.0,6.0,1.0,prevday,3.0,0.5,1,390,0.0,0.0,0.0,100.0,,3.1,100509.0,396,0.0,0.0,0.0,100.0,,3.3,100209.0,,,"(('rng_type', 'prevday'), ('expire_hour', 17), ('exit_hour', 23), ('sl_frac', 0.5), ('rr', 3.0), ('min_range_atr', 1.0), ('max_range_atr', 6.0), ('skip_dow', ()))","(('max_trades_day', 1), ('day_stop_pct', 2.0), ('risk_on_balance', True))",(),True,2.0
3,BTCUSD,e8_one_8,1.5,,,,,23.0,17.0,6.0,1.0,prevday,3.0,0.5,1,390,0.0,0.0,0.5,99.5,,3.1,100761.0,396,0.0,0.0,0.5,99.5,,3.3,100319.0,,,"(('rng_type', 'prevday'), ('expire_hour', 17), ('exit_hour', 23), ('sl_frac', 0.5), ('rr', 3.0), ('min_range_atr', 1.0), ('max_range_atr', 6.0), ('skip_dow', ()))","(('max_trades_day', 1), ('risk_on_balance', False))",(),False,
3,BTCUSD,e8_one_8,1.5,,,,,23.0,17.0,6.0,1.0,prevday,3.0,0.5,1,390,0.0,0.0,0.5,99.5,,3.1,100761.0,396,0.0,0.0,0.5,99.5,,3.3,100319.0,,,"(('rng_type', 'prevday'), ('expire_hour', 17), ('exit_hour', 23), ('sl_frac', 0.5), ('rr', 3.0), ('min_range_atr', 1.0), ('max_range_atr', 6.0), ('skip_dow', ()))","(('max_trades_day', 1), ('day_stop_pct', 2.0), ('risk_on_balance', False))",(),False,2.0
3,BTCUSD,e8_one_8,1.5,,,,,23.0,17.0,6.0,1.0,prevday,3.0,0.5,1,390,0.0,0.0,0.5,99.5,,3.1,100770.0,396,0.0,0.0,0.5,99.5,,3.3,100315.0,,,"(('rng_type', 'prevday'), ('expire_hour', 17), ('exit_hour', 23), ('sl_frac', 0.5), ('rr', 3.0), ('min_range_atr', 1.0), ('max_range_atr', 6.0), ('skip_dow', ()))","(('max_trades_day', 1), ('risk_on_balance', True))",(),True,
3,BTCUSD,e8_one_8,1.5,,,,,23.0,17.0,6.0,1.0,prevday,3.0,0.5,1,390,0.0,0.0,0.5,99.5,,3.1,100770.0,396,0.0,0.0,0.5,99.5,,3.3,100315.0,,,"(('rng_type', 'prevday'), ('expire_hour', 17), ('exit_hour', 23), ('sl_frac', 0.5), ('rr', 3.0), ('min_range_atr', 1.0), ('max_range_atr', 6.0), ('skip_dow', ()))","(('max_trades_day', 1), ('day_stop_pct', 2.0), ('risk_on_balance', True))",(),True,2.0
3,BTCUSD,e8_one_8,2.0,,,,,23.0,17.0,6.0,1.0,prevday,3.0,0.5,1,390,1.8,0.0,7.7,90.5,5.9,3.1,100988.0,396,0.5,0.0,7.3,92.2,6.2,3.3,100314.0,,,"(('rng_type', 'prevday'), ('expire_hour', 17), ('exit_hour', 23), ('sl_frac', 0.5), ('rr', 3.0), ('min_range_atr', 1.0), ('max_range_atr', 6.0), ('skip_dow', ()))","(('max_trades_day', 1), ('risk_on_balance', False))",(),False,
3,BTCUSD,e8_one_8,2.0,,,,,23.0,17.0,6.0,1.0,prevday,3.0,0.5,1,390,1.8,0.0,7.7,90.5,5.9,3.1,100988.0,396,0.5,0.0,7.3,92.2,6.2,3.3,100314.0,,,"(('rng_type', 'prevday'), ('expire_hour', 17), ('exit_hour', 23), ('sl_frac', 0.5), ('rr', 3.0), ('min_range_atr', 1.0), ('max_range_atr', 6.0), ('skip_dow', ()))","(('max_trades_day', 1), ('day_stop_pct', 2.0), ('risk_on_balance', False))",(),False,2.0
3,BTCUSD,e8_one_8,2.0,,,,,23.0,17.0,6.0,1.0,prevday,3.0,0.5,1,390,3.1,0.0,7.7,89.2,5.6,3.0,101009.0,396,1.3,0.0,6.8,91.9,5.8,3.3,100317.0,,,"(('rng_type', 'prevday'), ('expire_hour', 17), ('exit_hour', 23), ('sl_frac', 0.5), ('rr', 3.0), ('min_range_atr', 1.0), ('max_range_atr', 6.0), ('skip_dow', ()))","(('max_trades_day', 1), ('risk_on_balance', True))",(),True,
3,BTCUSD,e8_one_8,2.0,,,,,23.0,17.0,6.0,1.0,prevday,3.0,0.5,1,390,3.1,0.0,7.7,89.2,5.6,3.0,101009.0,396,1.3,0.0,6.8,91.9,5.8,3.3,100317.0,,,"(('rng_type', 'prevday'), ('expire_hour', 17), ('exit_hour', 23), ('sl_frac', 0.5), ('rr', 3.0), ('min_range_atr', 1.0), ('max_range_atr', 6.0), ('skip_dow', ()))","(('max_trades_day', 1), ('day_stop_pct', 2.0), ('risk_on_balance', True))",(),True,2.0
3,BTCUSD,e8_one_8,2.4,,,,,23.0,17.0,6.0,1.0,prevday,3.0,0.5,1,390,4.9,0.0,21.8,73.3,5.7,2.9,101167.0,396,2.0,0.0,18.4,79.5,6.2,3.2,100323.0,,,"(('rng_type', 'prevday'), ('expire_hour', 17), ('exit_hour', 23), ('sl_frac', 0.5), ('rr', 3.0), ('min_range_atr', 1.0), ('max_range_atr', 6.0), ('skip_dow', ()))","(('max_trades_day', 1), ('risk_on_balance', False))",(),False,
3,BTCUSD,e8_one_8,2.4,,,,,23.0,17.0,6.0,1.0,prevday,3.0,0.5,1,390,4.9,0.0,21.8,73.3,5.7,2.9,101167.0,396,2.0,0.0,18.4,79.5,6.2,3.2,100323.0,,,"(('rng_type', 'prevday'), ('expire_hour', 17), ('exit_hour', 23), ('sl_frac', 0.5), ('rr', 3.0), ('min_range_atr', 1.0), ('max_range_atr', 6.0), ('skip_dow', ()))","(('max_trades_day', 1), ('day_stop_pct', 2.0), ('risk_on_balance', False))",(),False,2.0
3,BTCUSD,e8_one_8,2.4,,,,,23.0,17.0,6.0,1.0,prevday,3.0,0.5,1,390,5.4,0.0,21.8,72.8,5.7,2.9,101213.0,396,2.5,0.0,18.2,79.3,6.2,3.2,100341.0,,,"(('rng_type', 'prevday'), ('expire_hour', 17), ('exit_hour', 23), ('sl_frac', 0.5), ('rr', 3.0), ('min_range_atr', 1.0), ('max_range_atr', 6.0), ('skip_dow', ()))","(('max_trades_day', 1), ('risk_on_balance', True))",(),True,
3,BTCUSD,e8_one_8,2.4,,,,,23.0,17.0,6.0,1.0,prevday,3.0,0.5,1,390,5.4,0.0,21.8,72.8,5.7,2.9,101213.0,396,2.5,0.0,18.2,79.3,6.2,3.2,100341.0,,,"(('rng_type', 'prevday'), ('expire_hour', 17), ('exit_hour', 23), ('sl_frac', 0.5), ('rr', 3.0), ('min_range_atr', 1.0), ('max_range_atr', 6.0), ('skip_dow', ()))","(('max_trades_day', 1), ('day_stop_pct', 2.0), ('risk_on_balance', True))",(),True,2.0
3,BTCUSD,e8_one_8,2.8,,,,,23.0,17.0,6.0,1.0,prevday,3.0,0.5,1,390,8.7,0.0,32.1,59.2,5.5,2.8,101382.0,396,5.6,0.0,29.8,64.6,5.9,3.0,100282.0,,,"(('rng_type', 'prevday'), ('expire_hour', 17), ('exit_hour', 23), ('sl_frac', 0.5), ('rr', 3.0), ('min_range_atr', 1.0), ('max_range_atr', 6.0), ('skip_dow', ()))","(('max_trades_day', 1), ('risk_on_balance', False))",(),False,
3,BTCUSD,e8_one_8,2.8,,,,,23.0,17.0,6.0,1.0,prevday,3.0,0.5,1,390,8.7,0.0,32.1,59.2,5.5,2.8,101382.0,396,5.6,0.0,29.8,64.6,5.9,3.0,100282.0,,,"(('rng_type', 'prevday'), ('expire_hour', 17), ('exit_hour', 23), ('sl_frac', 0.5), ('rr', 3.0), ('min_range_atr', 1.0), ('max_range_atr', 6.0), ('skip_dow', ()))","(('max_trades_day', 1), ('day_stop_pct', 2.0), ('risk_on_balance', False))",(),False,2.0
3,BTCUSD,e8_one_8,2.8,,,,,23.0,17.0,6.0,1.0,prevday,3.0,0.5,1,390,9.2,0.0,33.8,56.9,5.5,2.8,101374.0,396,4.5,0.0,30.3,65.2,5.7,3.0,100221.0,,,"(('rng_type', 'prevday'), ('expire_hour', 17), ('exit_hour', 23), ('sl_frac', 0.5), ('rr', 3.0), ('min_range_atr', 1.0), ('max_range_atr', 6.0), ('skip_dow', ()))","(('max_trades_day', 1), ('risk_on_balance', True))",(),True,
3,BTCUSD,e8_one_8,2.8,,,,,23.0,17.0,6.0,1.0,prevday,3.0,0.5,1,390,9.2,0.0,33.8,56.9,5.5,2.8,101374.0,396,4.5,0.0,30.3,65.2,5.7,3.0,100221.0,,,"(('rng_type', 'prevday'), ('expire_hour', 17), ('exit_hour', 23), ('sl_frac', 0.5), ('rr', 3.0), ('min_range_atr', 1.0), ('max_range_atr', 6.0), ('skip_dow', ()))","(('max_trades_day', 1), ('day_stop_pct', 2.0), ('risk_on_balance', True))",(),True,2.0
3,BTCUSD,e8_one_14,1.0,,,,,23.0,17.0,6.0,1.0,prevday,3.0,0.5,1,390,0.0,0.0,0.0,100.0,,3.1,100506.0,396,0.0,0.0,0.0,100.0,,3.3,100211.0,,,"(('rng_type', 'prevday'), ('expire_hour', 17), ('exit_hour', 23), ('sl_frac', 0.5), ('rr', 3.0), ('min_range_atr', 1.0), ('max_range_atr', 6.0), ('skip_dow', ()))","(('max_trades_day', 1), ('risk_on_balance', False))",(),False,
3,BTCUSD,e8_one_14,1.0,,,,,23.0,17.0,6.0,1.0,prevday,3.0,0.5,1,390,0.0,0.0,0.0,100.0,,3.1,100506.0,396,0.0,0.0,0.0,100.0,,3.3,100211.0,,,"(('rng_type', 'prevday'), ('expire_hour', 17), ('exit_hour', 23), ('sl_frac', 0.5), ('rr', 3.0), ('min_range_atr', 1.0), ('max_range_atr', 6.0), ('skip_dow', ()))","(('max_trades_day', 1), ('day_stop_pct', 2.0), ('risk_on_balance', False))",(),False,2.0
3,BTCUSD,e8_one_14,1.0,,,,,23.0,17.0,6.0,1.0,prevday,3.0,0.5,1,390,0.0,0.0,0.0,100.0,,3.1,100509.0,396,0.0,0.0,0.0,100.0,,3.3,100209.0,,,"(('rng_type', 'prevday'), ('expire_hour', 17), ('exit_hour', 23), ('sl_frac', 0.5), ('rr', 3.0), ('min_range_atr', 1.0), ('max_range_atr', 6.0), ('skip_dow', ()))","(('max_trades_day', 1), ('risk_on_balance', True))",(),True,
3,BTCUSD,e8_one_14,1.0,,,,,23.0,17.0,6.0,1.0,prevday,3.0,0.5,1,390,0.0,0.0,0.0,100.0,,3.1,100509.0,396,0.0,0.0,0.0,100.0,,3.3,100209.0,,,"(('rng_type', 'prevday'), ('expire_hour', 17), ('exit_hour', 23), ('sl_frac', 0.5), ('rr', 3.0), ('min_range_atr', 1.0), ('max_range_atr', 6.0), ('skip_dow', ()))","(('max_trades_day', 1), ('day_stop_pct', 2.0), ('risk_on_balance', True))",(),True,2.0
3,BTCUSD,e8_one_14,1.5,,,,,23.0,17.0,6.0,1.0,prevday,3.0,0.5,1,390,0.0,0.0,0.0,100.0,,3.1,100759.0,396,0.0,0.0,0.0,100.0,,3.3,100317.0,,,"(('rng_type', 'prevday'), ('expire_hour', 17), ('exit_hour', 23), ('sl_frac', 0.5), ('rr', 3.0), ('min_range_atr', 1.0), ('max_range_atr', 6.0), ('skip_dow', ()))","(('max_trades_day', 1), ('risk_on_balance', False))",(),False,
3,BTCUSD,e8_one_14,1.5,,,,,23.0,17.0,6.0,1.0,prevday,3.0,0.5,1,390,0.0,0.0,0.0,100.0,,3.1,100759.0,396,0.0,0.0,0.0,100.0,,3.3,100317.0,,,"(('rng_type', 'prevday'), ('expire_hour', 17), ('exit_hour', 23), ('sl_frac', 0.5), ('rr', 3.0), ('min_range_atr', 1.0), ('max_range_atr', 6.0), ('skip_dow', ()))","(('max_trades_day', 1), ('day_stop_pct', 2.0), ('risk_on_balance', False))",(),False,2.0
3,BTCUSD,e8_one_14,1.5,,,,,23.0,17.0,6.0,1.0,prevday,3.0,0.5,1,390,0.0,0.0,0.0,100.0,,3.1,100767.0,396,0.0,0.0,0.0,100.0,,3.3,100314.0,,,"(('rng_type', 'prevday'), ('expire_hour', 17), ('exit_hour', 23), ('sl_frac', 0.5), ('rr', 3.0), ('min_range_atr', 1.0), ('max_range_atr', 6.0), ('skip_dow', ()))","(('max_trades_day', 1), ('risk_on_balance', True))",(),True,
3,BTCUSD,e8_one_14,1.5,,,,,23.0,17.0,6.0,1.0,prevday,3.0,0.5,1,390,0.0,0.0,0.0,100.0,,3.1,100767.0,396,0.0,0.0,0.0,100.0,,3.3,100314.0,,,"(('rng_type', 'prevday'), ('expire_hour', 17), ('exit_hour', 23), ('sl_frac', 0.5), ('rr', 3.0), ('min_range_atr', 1.0), ('max_range_atr', 6.0), ('skip_dow', ()))","(('max_trades_day', 1), ('day_stop_pct', 2.0), ('risk_on_balance', True))",(),True,2.0
3,BTCUSD,e8_one_14,2.0,,,,,23.0,17.0,6.0,1.0,prevday,3.0,0.5,1,390,0.0,0.0,0.0,100.0,,3.1,101014.0,396,0.0,0.0,0.0,100.0,,3.3,100423.0,,,"(('rng_type', 'prevday'), ('expire_hour', 17), ('exit_hour', 23), ('sl_frac', 0.5), ('rr', 3.0), ('min_range_atr', 1.0), ('max_range_atr', 6.0), ('skip_dow', ()))","(('max_trades_day', 1), ('risk_on_balance', False))",(),False,
3,BTCUSD,e8_one_14,2.0,,,,,23.0,17.0,6.0,1.0,prevday,3.0,0.5,1,390,0.0,0.0,0.0,100.0,,3.1,101014.0,396,0.0,0.0,0.0,100.0,,3.3,100423.0,,,"(('rng_type', 'prevday'), ('expire_hour', 17), ('exit_hour', 23), ('sl_frac', 0.5), ('rr', 3.0), ('min_range_atr', 1.0), ('max_range_atr', 6.0), ('skip_dow', ()))","(('max_trades_day', 1), ('day_stop_pct', 2.0), ('risk_on_balance', False))",(),False,2.0
3,BTCUSD,e8_one_14,2.0,,,,,23.0,17.0,6.0,1.0,prevday,3.0,0.5,1,390,0.0,0.0,0.0,100.0,,3.1,101028.0,396,0.0,0.0,0.0,100.0,,3.3,100417.0,,,"(('rng_type', 'prevday'), ('expire_hour', 17), ('exit_hour', 23), ('sl_frac', 0.5), ('rr', 3.0), ('min_range_atr', 1.0), ('max_range_atr', 6.0), ('skip_dow', ()))","(('max_trades_day', 1), ('risk_on_balance', True))",(),True,
3,BTCUSD,e8_one_14,2.0,,,,,23.0,17.0,6.0,1.0,prevday,3.0,0.5,1,390,0.0,0.0,0.0,100.0,,3.1,101028.0,396,0.0,0.0,0.0,100.0,,3.3,100417.0,,,"(('rng_type', 'prevday'), ('expire_hour', 17), ('exit_hour', 23), ('sl_frac', 0.5), ('rr', 3.0), ('min_range_atr', 1.0), ('max_range_atr', 6.0), ('skip_dow', ()))","(('max_trades_day', 1), ('day_stop_pct', 2.0), ('risk_on_balance', True))",(),True,2.0
3,BTCUSD,e8_one_14,2.4,,,,,23.0,17.0,6.0,1.0,prevday,3.0,0.5,1,390,0.0,0.0,0.0,100.0,,3.1,101218.0,396,0.0,0.0,0.3,99.7,,3.3,100506.0,,,"(('rng_type', 'prevday'), ('expire_hour', 17), ('exit_hour', 23), ('sl_frac', 0.5), ('rr', 3.0), ('min_range_atr', 1.0), ('max_range_atr', 6.0), ('skip_dow', ()))","(('max_trades_day', 1), ('risk_on_balance', False))",(),False,
3,BTCUSD,e8_one_14,2.4,,,,,23.0,17.0,6.0,1.0,prevday,3.0,0.5,1,390,0.0,0.0,0.0,100.0,,3.1,101218.0,396,0.0,0.0,0.3,99.7,,3.3,100506.0,,,"(('rng_type', 'prevday'), ('expire_hour', 17), ('exit_hour', 23), ('sl_frac', 0.5), ('rr', 3.0), ('min_range_atr', 1.0), ('max_range_atr', 6.0), ('skip_dow', ()))","(('max_trades_day', 1), ('day_stop_pct', 2.0), ('risk_on_balance', False))",(),False,2.0
3,BTCUSD,e8_one_14,2.4,,,,,23.0,17.0,6.0,1.0,prevday,3.0,0.5,1,390,0.0,0.0,0.0,100.0,,3.1,101237.0,396,0.0,0.0,0.0,100.0,,3.3,100500.0,,,"(('rng_type', 'prevday'), ('expire_hour', 17), ('exit_hour', 23), ('sl_frac', 0.5), ('rr', 3.0), ('min_range_atr', 1.0), ('max_range_atr', 6.0), ('skip_dow', ()))","(('max_trades_day', 1), ('risk_on_balance', True))",(),True,
3,BTCUSD,e8_one_14,2.4,,,,,23.0,17.0,6.0,1.0,prevday,3.0,0.5,1,390,0.0,0.0,0.0,100.0,,3.1,101237.0,396,0.0,0.0,0.0,100.0,,3.3,100500.0,,,"(('rng_type', 'prevday'), ('expire_hour', 17), ('exit_hour', 23), ('sl_frac', 0.5), ('rr', 3.0), ('min_range_atr', 1.0), ('max_range_atr', 6.0), ('skip_dow', ()))","(('max_trades_day', 1), ('day_stop_pct', 2.0), ('risk_on_balance', True))",(),True,2.0
3,BTCUSD,e8_one_14,2.8,,,,,23.0,17.0,6.0,1.0,prevday,3.0,0.5,1,390,0.0,0.0,0.5,99.5,,3.1,101432.0,396,0.0,0.0,0.8,99.2,,3.3,100595.0,,,"(('rng_type', 'prevday'), ('expire_hour', 17), ('exit_hour', 23), ('sl_frac', 0.5), ('rr', 3.0), ('min_range_atr', 1.0), ('max_range_atr', 6.0), ('skip_dow', ()))","(('max_trades_day', 1), ('risk_on_balance', False))",(),False,
3,BTCUSD,e8_one_14,2.8,,,,,23.0,17.0,6.0,1.0,prevday,3.0,0.5,1,390,0.0,0.0,0.5,99.5,,3.1,101432.0,396,0.0,0.0,0.8,99.2,,3.3,100595.0,,,"(('rng_type', 'prevday'), ('expire_hour', 17), ('exit_hour', 23), ('sl_frac', 0.5), ('rr', 3.0), ('min_range_atr', 1.0), ('max_range_atr', 6.0), ('skip_dow', ()))","(('max_trades_day', 1), ('day_stop_pct', 2.0), ('risk_on_balance', False))",(),False,2.0
3,BTCUSD,e8_one_14,2.8,,,,,23.0,17.0,6.0,1.0,prevday,3.0,0.5,1,390,0.5,0.0,0.5,99.0,6.4,3.1,101456.0,396,0.0,0.0,0.8,99.2,,3.3,100580.0,,,"(('rng_type', 'prevday'), ('expire_hour', 17), ('exit_hour', 23), ('sl_frac', 0.5), ('rr', 3.0), ('min_range_atr', 1.0), ('max_range_atr', 6.0), ('skip_dow', ()))","(('max_trades_day', 1), ('risk_on_balance', True))",(),True,
3,BTCUSD,e8_one_14,2.8,,,,,23.0,17.0,6.0,1.0,prevday,3.0,0.5,1,390,0.5,0.0,0.5,99.0,6.4,3.1,101456.0,396,0.0,0.0,0.8,99.2,,3.3,100580.0,,,"(('rng_type', 'prevday'), ('expire_hour', 17), ('exit_hour', 23), ('sl_frac', 0.5), ('rr', 3.0), ('min_range_atr', 1.0), ('max_range_atr', 6.0), ('skip_dow', ()))","(('max_trades_day', 1), ('day_stop_pct', 2.0), ('risk_on_balance', True))",(),True,2.0
3,BTCUSD,the5ers_hyper,1.0,,,,,23.0,17.0,6.0,1.0,prevday,3.0,0.5,1,390,0.0,0.0,0.0,100.0,,3.1,100506.0,396,0.0,0.0,0.0,100.0,,3.3,100211.0,,,"(('rng_type', 'prevday'), ('expire_hour', 17), ('exit_hour', 23), ('sl_frac', 0.5), ('rr', 3.0), ('min_range_atr', 1.0), ('max_range_atr', 6.0), ('skip_dow', ()))","(('max_trades_day', 1), ('risk_on_balance', False))",(),False,
3,BTCUSD,the5ers_hyper,1.0,,,,,23.0,17.0,6.0,1.0,prevday,3.0,0.5,1,390,0.0,0.0,0.0,100.0,,3.1,100506.0,396,0.0,0.0,0.0,100.0,,3.3,100211.0,,,"(('rng_type', 'prevday'), ('expire_hour', 17), ('exit_hour', 23), ('sl_frac', 0.5), ('rr', 3.0), ('min_range_atr', 1.0), ('max_range_atr', 6.0), ('skip_dow', ()))","(('max_trades_day', 1), ('day_stop_pct', 2.0), ('risk_on_balance', False))",(),False,2.0
3,BTCUSD,the5ers_hyper,1.0,,,,,23.0,17.0,6.0,1.0,prevday,3.0,0.5,1,390,0.0,0.0,0.0,100.0,,3.1,100509.0,396,0.0,0.0,0.0,100.0,,3.3,100209.0,,,"(('rng_type', 'prevday'), ('expire_hour', 17), ('exit_hour', 23), ('sl_frac', 0.5), ('rr', 3.0), ('min_range_atr', 1.0), ('max_range_atr', 6.0), ('skip_dow', ()))","(('max_trades_day', 1), ('risk_on_balance', True))",(),True,
3,BTCUSD,the5ers_hyper,1.0,,,,,23.0,17.0,6.0,1.0,prevday,3.0,0.5,1,390,0.0,0.0,0.0,100.0,,3.1,100509.0,396,0.0,0.0,0.0,100.0,,3.3,100209.0,,,"(('rng_type', 'prevday'), ('expire_hour', 17), ('exit_hour', 23), ('sl_frac', 0.5), ('rr', 3.0), ('min_range_atr', 1.0), ('max_range_atr', 6.0), ('skip_dow', ()))","(('max_trades_day', 1), ('day_stop_pct', 2.0), ('risk_on_balance', True))",(),True,2.0
3,BTCUSD,the5ers_hyper,1.5,,,,,23.0,17.0,6.0,1.0,prevday,3.0,0.5,1,390,1.3,0.0,2.3,96.4,5.9,3.1,100753.0,396,0.3,0.0,2.5,97.2,6.7,3.3,100322.0,,,"(('rng_type', 'prevday'), ('expire_hour', 17), ('exit_hour', 23), ('sl_frac', 0.5), ('rr', 3.0), ('min_range_atr', 1.0), ('max_range_atr', 6.0), ('skip_dow', ()))","(('max_trades_day', 1), ('risk_on_balance', False))",(),False,
3,BTCUSD,the5ers_hyper,1.5,,,,,23.0,17.0,6.0,1.0,prevday,3.0,0.5,1,390,1.3,0.0,2.3,96.4,5.9,3.1,100753.0,396,0.3,0.0,2.5,97.2,6.7,3.3,100322.0,,,"(('rng_type', 'prevday'), ('expire_hour', 17), ('exit_hour', 23), ('sl_frac', 0.5), ('rr', 3.0), ('min_range_atr', 1.0), ('max_range_atr', 6.0), ('skip_dow', ()))","(('max_trades_day', 1), ('day_stop_pct', 2.0), ('risk_on_balance', False))",(),False,2.0
3,BTCUSD,the5ers_hyper,1.5,,,,,23.0,17.0,6.0,1.0,prevday,3.0,0.5,1,390,1.3,0.0,0.5,98.2,5.9,3.1,100763.0,396,0.3,0.0,1.5,98.2,6.7,3.3,100316.0,,,"(('rng_type', 'prevday'), ('expire_hour', 17), ('exit_hour', 23), ('sl_frac', 0.5), ('rr', 3.0), ('min_range_atr', 1.0), ('max_range_atr', 6.0), ('skip_dow', ()))","(('max_trades_day', 1), ('risk_on_balance', True))",(),True,
3,BTCUSD,the5ers_hyper,1.5,,,,,23.0,17.0,6.0,1.0,prevday,3.0,0.5,1,390,1.3,0.0,0.5,98.2,5.9,3.1,100763.0,396,0.3,0.0,1.5,98.2,6.7,3.3,100316.0,,,"(('rng_type', 'prevday'), ('expire_hour', 17), ('exit_hour', 23), ('sl_frac', 0.5), ('rr', 3.0), ('min_range_atr', 1.0), ('max_range_atr', 6.0), ('skip_dow', ()))","(('max_trades_day', 1), ('day_stop_pct', 2.0), ('risk_on_balance', True))",(),True,2.0
3,BTCUSD,the5ers_hyper,2.0,,,,,23.0,17.0,6.0,1.0,prevday,3.0,0.5,1,390,4.6,0.0,10.0,85.4,5.5,3.0,101041.0,396,1.8,0.0,10.6,87.6,6.7,3.3,100401.0,,,"(('rng_type', 'prevday'), ('expire_hour', 17), ('exit_hour', 23), ('sl_frac', 0.5), ('rr', 3.0), ('min_range_atr', 1.0), ('max_range_atr', 6.0), ('skip_dow', ()))","(('max_trades_day', 1), ('risk_on_balance', False))",(),False,
3,BTCUSD,the5ers_hyper,2.0,,,,,23.0,17.0,6.0,1.0,prevday,3.0,0.5,1,390,4.6,0.0,10.0,85.4,5.5,3.0,101041.0,396,1.8,0.0,10.6,87.6,6.7,3.3,100401.0,,,"(('rng_type', 'prevday'), ('expire_hour', 17), ('exit_hour', 23), ('sl_frac', 0.5), ('rr', 3.0), ('min_range_atr', 1.0), ('max_range_atr', 6.0), ('skip_dow', ()))","(('max_trades_day', 1), ('day_stop_pct', 2.0), ('risk_on_balance', False))",(),False,2.0
3,BTCUSD,the5ers_hyper,2.0,,,,,23.0,17.0,6.0,1.0,prevday,3.0,0.5,1,390,5.1,0.0,9.0,85.9,5.5,3.0,101055.0,396,2.3,0.0,7.3,90.4,6.7,3.3,100405.0,,,"(('rng_type', 'prevday'), ('expire_hour', 17), ('exit_hour', 23), ('sl_frac', 0.5), ('rr', 3.0), ('min_range_atr', 1.0), ('max_range_atr', 6.0), ('skip_dow', ()))","(('max_trades_day', 1), ('risk_on_balance', True))",(),True,
3,BTCUSD,the5ers_hyper,2.0,,,,,23.0,17.0,6.0,1.0,prevday,3.0,0.5,1,390,5.1,0.0,9.0,85.9,5.5,3.0,101055.0,396,2.3,0.0,7.3,90.4,6.7,3.3,100405.0,,,"(('rng_type', 'prevday'), ('expire_hour', 17), ('exit_hour', 23), ('sl_frac', 0.5), ('rr', 3.0), ('min_range_atr', 1.0), ('max_range_atr', 6.0), ('skip_dow', ()))","(('max_trades_day', 1), ('day_stop_pct', 2.0), ('risk_on_balance', True))",(),True,2.0
3,BTCUSD,the5ers_hyper,2.4,,,,,23.0,17.0,6.0,1.0,prevday,3.0,0.5,1,390,9.0,0.0,14.9,76.2,4.9,3.0,101155.0,396,5.1,0.0,15.2,79.8,5.8,3.2,100479.0,,,"(('rng_type', 'prevday'), ('expire_hour', 17), ('exit_hour', 23), ('sl_frac', 0.5), ('rr', 3.0), ('min_range_atr', 1.0), ('max_range_atr', 6.0), ('skip_dow', ()))","(('max_trades_day', 1), ('risk_on_balance', False))",(),False,
3,BTCUSD,the5ers_hyper,2.4,,,,,23.0,17.0,6.0,1.0,prevday,3.0,0.5,1,390,9.0,0.0,14.9,76.2,4.9,3.0,101155.0,396,5.1,0.0,15.2,79.8,5.8,3.2,100479.0,,,"(('rng_type', 'prevday'), ('expire_hour', 17), ('exit_hour', 23), ('sl_frac', 0.5), ('rr', 3.0), ('min_range_atr', 1.0), ('max_range_atr', 6.0), ('skip_dow', ()))","(('max_trades_day', 1), ('day_stop_pct', 2.0), ('risk_on_balance', False))",(),False,2.0
3,BTCUSD,the5ers_hyper,2.4,,,,,23.0,17.0,6.0,1.0,prevday,3.0,0.5,1,390,9.0,0.0,13.8,77.2,4.9,3.0,101180.0,396,5.1,0.0,14.9,80.1,5.8,3.2,100461.0,,,"(('rng_type', 'prevday'), ('expire_hour', 17), ('exit_hour', 23), ('sl_frac', 0.5), ('rr', 3.0), ('min_range_atr', 1.0), ('max_range_atr', 6.0), ('skip_dow', ()))","(('max_trades_day', 1), ('risk_on_balance', True))",(),True,
3,BTCUSD,the5ers_hyper,2.4,,,,,23.0,17.0,6.0,1.0,prevday,3.0,0.5,1,390,9.0,0.0,13.8,77.2,4.9,3.0,101180.0,396,5.1,0.0,14.9,80.1,5.8,3.2,100461.0,,,"(('rng_type', 'prevday'), ('expire_hour', 17), ('exit_hour', 23), ('sl_frac', 0.5), ('rr', 3.0), ('min_range_atr', 1.0), ('max_range_atr', 6.0), ('skip_dow', ()))","(('max_trades_day', 1), ('day_stop_pct', 2.0), ('risk_on_balance', True))",(),True,2.0
3,BTCUSD,the5ers_hyper,2.8,,,,,23.0,17.0,6.0,1.0,prevday,3.0,0.5,1,390,12.6,0.0,20.2,67.2,4.9,2.9,101335.0,396,6.6,0.0,22.0,71.5,4.9,3.1,100467.0,,,"(('rng_type', 'prevday'), ('expire_hour', 17), ('exit_hour', 23), ('sl_frac', 0.5), ('rr', 3.0), ('min_range_atr', 1.0), ('max_range_atr', 6.0), ('skip_dow', ()))","(('max_trades_day', 1), ('risk_on_balance', False))",(),False,
3,BTCUSD,the5ers_hyper,2.8,,,,,23.0,17.0,6.0,1.0,prevday,3.0,0.5,1,390,12.6,0.0,20.2,67.2,4.9,2.9,101335.0,396,6.6,0.0,22.0,71.5,4.9,3.1,100467.0,,,"(('rng_type', 'prevday'), ('expire_hour', 17), ('exit_hour', 23), ('sl_frac', 0.5), ('rr', 3.0), ('min_range_atr', 1.0), ('max_range_atr', 6.0), ('skip_dow', ()))","(('max_trades_day', 1), ('day_stop_pct', 2.0), ('risk_on_balance', False))",(),False,2.0
3,BTCUSD,the5ers_hyper,2.8,,,,,23.0,17.0,6.0,1.0,prevday,3.0,0.5,1,390,11.8,0.0,27.0,61.3,4.9,2.8,101388.0,396,6.1,0.0,28.8,65.2,4.8,3.1,100465.0,,,"(('rng_type', 'prevday'), ('expire_hour', 17), ('exit_hour', 23), ('sl_frac', 0.5), ('rr', 3.0), ('min_range_atr', 1.0), ('max_range_atr', 6.0), ('skip_dow', ()))","(('max_trades_day', 1), ('risk_on_balance', True))",(),True,
3,BTCUSD,the5ers_hyper,2.8,,,,,23.0,17.0,6.0,1.0,prevday,3.0,0.5,1,390,11.8,0.0,27.0,61.3,4.9,2.8,101388.0,396,6.1,0.0,28.8,65.2,4.8,3.1,100465.0,,,"(('rng_type', 'prevday'), ('expire_hour', 17), ('exit_hour', 23), ('sl_frac', 0.5), ('rr', 3.0), ('min_range_atr', 1.0), ('max_range_atr', 6.0), ('skip_dow', ()))","(('max_trades_day', 1), ('day_stop_pct', 2.0), ('risk_on_balance', True))",(),True,2.0
3,BTCUSD,ftmo_p1,1.0,,,,,23.0,17.0,6.0,1.0,prevday,3.0,0.5,1,390,0.0,0.0,0.0,100.0,,3.1,100517.0,396,0.0,0.0,0.0,100.0,,3.3,100215.0,,,"(('rng_type', 'prevday'), ('expire_hour', 17), ('exit_hour', 23), ('sl_frac', 0.5), ('rr', 3.0), ('min_range_atr', 1.0), ('max_range_atr', 6.0), ('skip_dow', ()))","(('max_trades_day', 1), ('risk_on_balance', False))",(),False,
3,BTCUSD,ftmo_p1,1.0,,,,,23.0,17.0,6.0,1.0,prevday,3.0,0.5,1,390,0.0,0.0,0.0,100.0,,3.1,100517.0,396,0.0,0.0,0.0,100.0,,3.3,100215.0,,,"(('rng_type', 'prevday'), ('expire_hour', 17), ('exit_hour', 23), ('sl_frac', 0.5), ('rr', 3.0), ('min_range_atr', 1.0), ('max_range_atr', 6.0), ('skip_dow', ()))","(('max_trades_day', 1), ('day_stop_pct', 2.0), ('risk_on_balance', False))",(),False,2.0
3,BTCUSD,ftmo_p1,1.0,,,,,23.0,17.0,6.0,1.0,prevday,3.0,0.5,1,390,0.0,0.0,0.0,100.0,,3.1,100519.0,396,0.0,0.0,0.0,100.0,,3.3,100213.0,,,"(('rng_type', 'prevday'), ('expire_hour', 17), ('exit_hour', 23), ('sl_frac', 0.5), ('rr', 3.0), ('min_range_atr', 1.0), ('max_range_atr', 6.0), ('skip_dow', ()))","(('max_trades_day', 1), ('risk_on_balance', True))",(),True,
3,BTCUSD,ftmo_p1,1.0,,,,,23.0,17.0,6.0,1.0,prevday,3.0,0.5,1,390,0.0,0.0,0.0,100.0,,3.1,100519.0,396,0.0,0.0,0.0,100.0,,3.3,100213.0,,,"(('rng_type', 'prevday'), ('expire_hour', 17), ('exit_hour', 23), ('sl_frac', 0.5), ('rr', 3.0), ('min_range_atr', 1.0), ('max_range_atr', 6.0), ('skip_dow', ()))","(('max_trades_day', 1), ('day_stop_pct', 2.0), ('risk_on_balance', True))",(),True,2.0
3,BTCUSD,ftmo_p1,1.5,,,,,23.0,17.0,6.0,1.0,prevday,3.0,0.5,1,390,0.5,0.0,0.0,99.5,6.3,3.1,100779.0,396,0.0,0.0,0.0,100.0,,3.3,100247.0,,,"(('rng_type', 'prevday'), ('expire_hour', 17), ('exit_hour', 23), ('sl_frac', 0.5), ('rr', 3.0), ('min_range_atr', 1.0), ('max_range_atr', 6.0), ('skip_dow', ()))","(('max_trades_day', 1), ('risk_on_balance', False))",(),False,
3,BTCUSD,ftmo_p1,1.5,,,,,23.0,17.0,6.0,1.0,prevday,3.0,0.5,1,390,0.5,0.0,0.0,99.5,6.3,3.1,100779.0,396,0.0,0.0,0.0,100.0,,3.3,100247.0,,,"(('rng_type', 'prevday'), ('expire_hour', 17), ('exit_hour', 23), ('sl_frac', 0.5), ('rr', 3.0), ('min_range_atr', 1.0), ('max_range_atr', 6.0), ('skip_dow', ()))","(('max_trades_day', 1), ('day_stop_pct', 2.0), ('risk_on_balance', False))",(),False,2.0
3,BTCUSD,ftmo_p1,1.5,,,,,23.0,17.0,6.0,1.0,prevday,3.0,0.5,1,390,0.5,0.0,0.0,99.5,6.3,3.1,100783.0,396,0.0,0.0,0.0,100.0,,3.3,100244.0,,,"(('rng_type', 'prevday'), ('expire_hour', 17), ('exit_hour', 23), ('sl_frac', 0.5), ('rr', 3.0), ('min_range_atr', 1.0), ('max_range_atr', 6.0), ('skip_dow', ()))","(('max_trades_day', 1), ('risk_on_balance', True))",(),True,
3,BTCUSD,ftmo_p1,1.5,,,,,23.0,17.0,6.0,1.0,prevday,3.0,0.5,1,390,0.5,0.0,0.0,99.5,6.3,3.1,100783.0,396,0.0,0.0,0.0,100.0,,3.3,100244.0,,,"(('rng_type', 'prevday'), ('expire_hour', 17), ('exit_hour', 23), ('sl_frac', 0.5), ('rr', 3.0), ('min_range_atr', 1.0), ('max_range_atr', 6.0), ('skip_dow', ()))","(('max_trades_day', 1), ('day_stop_pct', 2.0), ('risk_on_balance', True))",(),True,2.0
3,BTCUSD,ftmo_p1,2.0,,,,,23.0,17.0,6.0,1.0,prevday,3.0,0.5,1,390,1.8,0.0,0.0,98.2,5.6,3.1,101050.0,396,0.0,0.0,0.0,100.0,,3.3,100256.0,,,"(('rng_type', 'prevday'), ('expire_hour', 17), ('exit_hour', 23), ('sl_frac', 0.5), ('rr', 3.0), ('min_range_atr', 1.0), ('max_range_atr', 6.0), ('skip_dow', ()))","(('max_trades_day', 1), ('risk_on_balance', False))",(),False,
3,BTCUSD,ftmo_p1,2.0,,,,,23.0,17.0,6.0,1.0,prevday,3.0,0.5,1,390,1.8,0.0,0.0,98.2,5.6,3.1,101050.0,396,0.0,0.0,0.0,100.0,,3.3,100256.0,,,"(('rng_type', 'prevday'), ('expire_hour', 17), ('exit_hour', 23), ('sl_frac', 0.5), ('rr', 3.0), ('min_range_atr', 1.0), ('max_range_atr', 6.0), ('skip_dow', ()))","(('max_trades_day', 1), ('day_stop_pct', 2.0), ('risk_on_balance', False))",(),False,2.0
3,BTCUSD,ftmo_p1,2.0,,,,,23.0,17.0,6.0,1.0,prevday,3.0,0.5,1,390,2.1,0.0,0.0,97.9,5.6,3.1,101054.0,396,0.3,0.0,0.0,99.7,6.9,3.3,100256.0,,,"(('rng_type', 'prevday'), ('expire_hour', 17), ('exit_hour', 23), ('sl_frac', 0.5), ('rr', 3.0), ('min_range_atr', 1.0), ('max_range_atr', 6.0), ('skip_dow', ()))","(('max_trades_day', 1), ('risk_on_balance', True))",(),True,
3,BTCUSD,ftmo_p1,2.0,,,,,23.0,17.0,6.0,1.0,prevday,3.0,0.5,1,390,2.1,0.0,0.0,97.9,5.6,3.1,101054.0,396,0.3,0.0,0.0,99.7,6.9,3.3,100256.0,,,"(('rng_type', 'prevday'), ('expire_hour', 17), ('exit_hour', 23), ('sl_frac', 0.5), ('rr', 3.0), ('min_range_atr', 1.0), ('max_range_atr', 6.0), ('skip_dow', ()))","(('max_trades_day', 1), ('day_stop_pct', 2.0), ('risk_on_balance', True))",(),True,2.0
3,BTCUSD,ftmo_p1,2.4,,,,,23.0,17.0,6.0,1.0,prevday,3.0,0.5,1,390,2.6,0.0,0.0,97.4,5.6,3.1,101147.0,396,0.5,0.0,0.3,99.2,5.6,3.3,100204.0,,,"(('rng_type', 'prevday'), ('expire_hour', 17), ('exit_hour', 23), ('sl_frac', 0.5), ('rr', 3.0), ('min_range_atr', 1.0), ('max_range_atr', 6.0), ('skip_dow', ()))","(('max_trades_day', 1), ('risk_on_balance', False))",(),False,
3,BTCUSD,ftmo_p1,2.4,,,,,23.0,17.0,6.0,1.0,prevday,3.0,0.5,1,390,2.6,0.0,0.0,97.4,5.6,3.1,101147.0,396,0.5,0.0,0.3,99.2,5.6,3.3,100204.0,,,"(('rng_type', 'prevday'), ('expire_hour', 17), ('exit_hour', 23), ('sl_frac', 0.5), ('rr', 3.0), ('min_range_atr', 1.0), ('max_range_atr', 6.0), ('skip_dow', ()))","(('max_trades_day', 1), ('day_stop_pct', 2.0), ('risk_on_balance', False))",(),False,2.0
3,BTCUSD,ftmo_p1,2.4,,,,,23.0,17.0,6.0,1.0,prevday,3.0,0.5,1,390,2.6,0.0,0.0,97.4,5.6,3.1,101143.0,396,0.5,0.0,0.3,99.2,5.6,3.3,100203.0,,,"(('rng_type', 'prevday'), ('expire_hour', 17), ('exit_hour', 23), ('sl_frac', 0.5), ('rr', 3.0), ('min_range_atr', 1.0), ('max_range_atr', 6.0), ('skip_dow', ()))","(('max_trades_day', 1), ('risk_on_balance', True))",(),True,
3,BTCUSD,ftmo_p1,2.4,,,,,23.0,17.0,6.0,1.0,prevday,3.0,0.5,1,390,2.6,0.0,0.0,97.4,5.6,3.1,101143.0,396,0.5,0.0,0.3,99.2,5.6,3.3,100203.0,,,"(('rng_type', 'prevday'), ('expire_hour', 17), ('exit_hour', 23), ('sl_frac', 0.5), ('rr', 3.0), ('min_range_atr', 1.0), ('max_range_atr', 6.0), ('skip_dow', ()))","(('max_trades_day', 1), ('day_stop_pct', 2.0), ('risk_on_balance', True))",(),True,2.0
3,BTCUSD,ftmo_p1,2.8,,,,,23.0,17.0,6.0,1.0,prevday,3.0,0.5,1,390,3.1,0.0,0.5,96.4,5.6,3.1,101188.0,396,1.3,0.0,0.8,98.0,5.6,3.3,100179.0,,,"(('rng_type', 'prevday'), ('expire_hour', 17), ('exit_hour', 23), ('sl_frac', 0.5), ('rr', 3.0), ('min_range_atr', 1.0), ('max_range_atr', 6.0), ('skip_dow', ()))","(('max_trades_day', 1), ('risk_on_balance', False))",(),False,
3,BTCUSD,ftmo_p1,2.8,,,,,23.0,17.0,6.0,1.0,prevday,3.0,0.5,1,390,3.1,0.0,0.5,96.4,5.6,3.1,101188.0,396,1.3,0.0,0.8,98.0,5.6,3.3,100179.0,,,"(('rng_type', 'prevday'), ('expire_hour', 17), ('exit_hour', 23), ('sl_frac', 0.5), ('rr', 3.0), ('min_range_atr', 1.0), ('max_range_atr', 6.0), ('skip_dow', ()))","(('max_trades_day', 1), ('day_stop_pct', 2.0), ('risk_on_balance', False))",(),False,2.0
3,BTCUSD,ftmo_p1,2.8,,,,,23.0,17.0,6.0,1.0,prevday,3.0,0.5,1,390,3.1,0.0,0.3,96.7,5.6,3.1,101196.0,396,1.3,0.0,0.8,98.0,5.6,3.3,100176.0,,,"(('rng_type', 'prevday'), ('expire_hour', 17), ('exit_hour', 23), ('sl_frac', 0.5), ('rr', 3.0), ('min_range_atr', 1.0), ('max_range_atr', 6.0), ('skip_dow', ()))","(('max_trades_day', 1), ('risk_on_balance', True))",(),True,
3,BTCUSD,ftmo_p1,2.8,,,,,23.0,17.0,6.0,1.0,prevday,3.0,0.5,1,390,3.1,0.0,0.3,96.7,5.6,3.1,101196.0,396,1.3,0.0,0.8,98.0,5.6,3.3,100176.0,,,"(('rng_type', 'prevday'), ('expire_hour', 17), ('exit_hour', 23), ('sl_frac', 0.5), ('rr', 3.0), ('min_range_atr', 1.0), ('max_range_atr', 6.0), ('skip_dow', ()))","(('max_trades_day', 1), ('day_stop_pct', 2.0), ('risk_on_balance', True))",(),True,2.0
3,BTCUSD,ftmo_1step,1.0,,,,,23.0,17.0,12.0,2.0,prevday,2.0,0.5,1,390,0.0,0.0,0.0,100.0,,4.3,100478.0,396,0.0,0.0,0.0,100.0,,4.7,100367.0,,,"(('rng_type', 'prevday'), ('expire_hour', 17), ('exit_hour', 23), ('sl_frac', 0.5), ('rr', 2.0), ('min_range_atr', 2.0), ('max_range_atr', 12.0), ('skip_dow', ()))","(('max_trades_day', 1), ('risk_on_balance', False))",(),False,
3,BTCUSD,ftmo_1step,1.0,,,,,23.0,17.0,12.0,2.0,prevday,2.0,0.5,1,390,0.0,0.0,0.0,100.0,,4.3,100478.0,396,0.0,0.0,0.0,100.0,,4.7,100367.0,,,"(('rng_type', 'prevday'), ('expire_hour', 17), ('exit_hour', 23), ('sl_frac', 0.5), ('rr', 2.0), ('min_range_atr', 2.0), ('max_range_atr', 12.0), ('skip_dow', ()))","(('max_trades_day', 1), ('day_stop_pct', 2.0), ('risk_on_balance', False))",(),False,2.0
3,BTCUSD,ftmo_1step,1.0,,,,,23.0,17.0,12.0,2.0,prevday,2.0,0.5,1,390,0.0,0.0,0.0,100.0,,4.3,100478.0,396,0.0,0.0,0.0,100.0,,4.7,100368.0,,,"(('rng_type', 'prevday'), ('expire_hour', 17), ('exit_hour', 23), ('sl_frac', 0.5), ('rr', 2.0), ('min_range_atr', 2.0), ('max_range_atr', 12.0), ('skip_dow', ()))","(('max_trades_day', 1), ('risk_on_balance', True))",(),True,
3,BTCUSD,ftmo_1step,1.0,,,,,23.0,17.0,12.0,2.0,prevday,2.0,0.5,1,390,0.0,0.0,0.0,100.0,,4.3,100478.0,396,0.0,0.0,0.0,100.0,,4.7,100368.0,,,"(('rng_type', 'prevday'), ('expire_hour', 17), ('exit_hour', 23), ('sl_frac', 0.5), ('rr', 2.0), ('min_range_atr', 2.0), ('max_range_atr', 12.0), ('skip_dow', ()))","(('max_trades_day', 1), ('day_stop_pct', 2.0), ('risk_on_balance', True))",(),True,2.0
3,BTCUSD,ftmo_1step,1.5,,,,,23.0,17.0,12.0,2.0,prevday,2.0,0.5,1,390,0.3,0.0,0.0,99.7,6.9,4.3,100715.0,396,0.0,0.0,0.0,100.0,,4.7,100553.0,,,"(('rng_type', 'prevday'), ('expire_hour', 17), ('exit_hour', 23), ('sl_frac', 0.5), ('rr', 2.0), ('min_range_atr', 2.0), ('max_range_atr', 12.0), ('skip_dow', ()))","(('max_trades_day', 1), ('risk_on_balance', False))",(),False,
3,BTCUSD,ftmo_1step,1.5,,,,,23.0,17.0,12.0,2.0,prevday,2.0,0.5,1,390,0.3,0.0,0.0,99.7,6.9,4.3,100715.0,396,0.0,0.0,0.0,100.0,,4.7,100553.0,,,"(('rng_type', 'prevday'), ('expire_hour', 17), ('exit_hour', 23), ('sl_frac', 0.5), ('rr', 2.0), ('min_range_atr', 2.0), ('max_range_atr', 12.0), ('skip_dow', ()))","(('max_trades_day', 1), ('day_stop_pct', 2.0), ('risk_on_balance', False))",(),False,2.0
3,BTCUSD,ftmo_1step,1.5,,,,,23.0,17.0,12.0,2.0,prevday,2.0,0.5,1,390,0.5,0.0,0.0,99.5,6.9,4.3,100717.0,396,0.0,0.0,0.0,100.0,,4.7,100556.0,,,"(('rng_type', 'prevday'), ('expire_hour', 17), ('exit_hour', 23), ('sl_frac', 0.5), ('rr', 2.0), ('min_range_atr', 2.0), ('max_range_atr', 12.0), ('skip_dow', ()))","(('max_trades_day', 1), ('risk_on_balance', True))",(),True,
3,BTCUSD,ftmo_1step,1.5,,,,,23.0,17.0,12.0,2.0,prevday,2.0,0.5,1,390,0.5,0.0,0.0,99.5,6.9,4.3,100717.0,396,0.0,0.0,0.0,100.0,,4.7,100556.0,,,"(('rng_type', 'prevday'), ('expire_hour', 17), ('exit_hour', 23), ('sl_frac', 0.5), ('rr', 2.0), ('min_range_atr', 2.0), ('max_range_atr', 12.0), ('skip_dow', ()))","(('max_trades_day', 1), ('day_stop_pct', 2.0), ('risk_on_balance', True))",(),True,2.0
3,BTCUSD,ftmo_1step,2.0,,,,,23.0,17.0,12.0,2.0,prevday,2.0,0.5,1,390,2.8,0.0,1.3,95.9,5.9,4.3,100978.0,396,2.0,0.0,2.0,96.0,6.2,4.7,100737.0,,,"(('rng_type', 'prevday'), ('expire_hour', 17), ('exit_hour', 23), ('sl_frac', 0.5), ('rr', 2.0), ('min_range_atr', 2.0), ('max_range_atr', 12.0), ('skip_dow', ()))","(('max_trades_day', 1), ('risk_on_balance', False))",(),False,
3,BTCUSD,ftmo_1step,2.0,,,,,23.0,17.0,12.0,2.0,prevday,2.0,0.5,1,390,2.8,0.0,1.3,95.9,5.9,4.3,100978.0,396,2.0,0.0,2.0,96.0,6.2,4.7,100737.0,,,"(('rng_type', 'prevday'), ('expire_hour', 17), ('exit_hour', 23), ('sl_frac', 0.5), ('rr', 2.0), ('min_range_atr', 2.0), ('max_range_atr', 12.0), ('skip_dow', ()))","(('max_trades_day', 1), ('day_stop_pct', 2.0), ('risk_on_balance', False))",(),False,2.0
3,BTCUSD,ftmo_1step,2.0,,,,,23.0,17.0,12.0,2.0,prevday,2.0,0.5,1,390,3.1,0.0,1.3,95.6,5.9,4.3,100983.0,396,2.5,0.0,1.3,96.2,6.2,4.7,100746.0,,,"(('rng_type', 'prevday'), ('expire_hour', 17), ('exit_hour', 23), ('sl_frac', 0.5), ('rr', 2.0), ('min_range_atr', 2.0), ('max_range_atr', 12.0), ('skip_dow', ()))","(('max_trades_day', 1), ('risk_on_balance', True))",(),True,
3,BTCUSD,ftmo_1step,2.0,,,,,23.0,17.0,12.0,2.0,prevday,2.0,0.5,1,390,3.1,0.0,1.3,95.6,5.9,4.3,100983.0,396,2.5,0.0,1.3,96.2,6.2,4.7,100746.0,,,"(('rng_type', 'prevday'), ('expire_hour', 17), ('exit_hour', 23), ('sl_frac', 0.5), ('rr', 2.0), ('min_range_atr', 2.0), ('max_range_atr', 12.0), ('skip_dow', ()))","(('max_trades_day', 1), ('day_stop_pct', 2.0), ('risk_on_balance', True))",(),True,2.0
3,BTCUSD,ftmo_1step,2.4,,,,,23.0,17.0,12.0,2.0,prevday,2.0,0.5,1,390,6.4,0.0,8.2,85.4,5.8,4.2,101110.0,396,5.6,0.0,6.6,87.9,5.2,4.6,100839.0,,,"(('rng_type', 'prevday'), ('expire_hour', 17), ('exit_hour', 23), ('sl_frac', 0.5), ('rr', 2.0), ('min_range_atr', 2.0), ('max_range_atr', 12.0), ('skip_dow', ()))","(('max_trades_day', 1), ('risk_on_balance', False))",(),False,
3,BTCUSD,ftmo_1step,2.4,,,,,23.0,17.0,12.0,2.0,prevday,2.0,0.5,1,390,6.4,0.0,8.2,85.4,5.8,4.2,101110.0,396,5.6,0.0,6.6,87.9,5.2,4.6,100839.0,,,"(('rng_type', 'prevday'), ('expire_hour', 17), ('exit_hour', 23), ('sl_frac', 0.5), ('rr', 2.0), ('min_range_atr', 2.0), ('max_range_atr', 12.0), ('skip_dow', ()))","(('max_trades_day', 1), ('day_stop_pct', 2.0), ('risk_on_balance', False))",(),False,2.0
3,BTCUSD,ftmo_1step,2.4,,,,,23.0,17.0,12.0,2.0,prevday,2.0,0.5,1,390,6.9,0.0,6.9,86.2,5.9,4.2,101148.0,396,5.3,0.3,6.6,87.9,5.5,4.6,100828.0,,,"(('rng_type', 'prevday'), ('expire_hour', 17), ('exit_hour', 23), ('sl_frac', 0.5), ('rr', 2.0), ('min_range_atr', 2.0), ('max_range_atr', 12.0), ('skip_dow', ()))","(('max_trades_day', 1), ('risk_on_balance', True))",(),True,
3,BTCUSD,ftmo_1step,2.4,,,,,23.0,17.0,12.0,2.0,prevday,2.0,0.5,1,390,6.9,0.0,6.9,86.2,5.9,4.2,101148.0,396,5.3,0.3,6.6,87.9,5.5,4.6,100828.0,,,"(('rng_type', 'prevday'), ('expire_hour', 17), ('exit_hour', 23), ('sl_frac', 0.5), ('rr', 2.0), ('min_range_atr', 2.0), ('max_range_atr', 12.0), ('skip_dow', ()))","(('max_trades_day', 1), ('day_stop_pct', 2.0), ('risk_on_balance', True))",(),True,2.0
3,BTCUSD,ftmo_1step,2.8,,,,,23.0,17.0,12.0,2.0,prevday,2.0,0.5,1,390,7.4,4.4,15.9,72.3,5.8,4.0,101442.0,396,5.1,5.3,15.2,74.5,5.7,4.4,100851.0,,,"(('rng_type', 'prevday'), ('expire_hour', 17), ('exit_hour', 23), ('sl_frac', 0.5), ('rr', 2.0), ('min_range_atr', 2.0), ('max_range_atr', 12.0), ('skip_dow', ()))","(('max_trades_day', 1), ('risk_on_balance', False))",(),False,
3,BTCUSD,ftmo_1step,2.8,,,,,23.0,17.0,12.0,2.0,prevday,2.0,0.5,1,390,7.4,4.4,15.9,72.3,5.8,4.0,101442.0,396,5.1,5.3,15.2,74.5,5.7,4.4,100851.0,,,"(('rng_type', 'prevday'), ('expire_hour', 17), ('exit_hour', 23), ('sl_frac', 0.5), ('rr', 2.0), ('min_range_atr', 2.0), ('max_range_atr', 12.0), ('skip_dow', ()))","(('max_trades_day', 1), ('day_stop_pct', 2.0), ('risk_on_balance', False))",(),False,2.0
3,BTCUSD,ftmo_1step,2.8,,,,,23.0,17.0,12.0,2.0,prevday,2.0,0.5,1,390,5.9,5.9,26.2,62.1,5.9,4.0,101326.0,396,5.6,5.3,19.7,69.4,5.7,4.4,100972.0,,,"(('rng_type', 'prevday'), ('expire_hour', 17), ('exit_hour', 23), ('sl_frac', 0.5), ('rr', 2.0), ('min_range_atr', 2.0), ('max_range_atr', 12.0), ('skip_dow', ()))","(('max_trades_day', 1), ('risk_on_balance', True))",(),True,
3,BTCUSD,ftmo_1step,2.8,,,,,23.0,17.0,12.0,2.0,prevday,2.0,0.5,1,390,5.9,5.9,26.2,62.1,5.9,4.0,101326.0,396,5.6,5.3,19.7,69.4,5.7,4.4,100972.0,,,"(('rng_type', 'prevday'), ('expire_hour', 17), ('exit_hour', 23), ('sl_frac', 0.5), ('rr', 2.0), ('min_range_atr', 2.0), ('max_range_atr', 12.0), ('skip_dow', ()))","(('max_trades_day', 1), ('day_stop_pct', 2.0), ('risk_on_balance', True))",(),True,2.0
3,BTCUSD,fundingpips_1step,1.0,,,,,23.0,17.0,12.0,2.0,prevday,2.0,0.5,1,390,0.0,0.0,0.0,100.0,,4.3,100478.0,396,0.0,0.0,0.0,100.0,,4.7,100367.0,,,"(('rng_type', 'prevday'), ('expire_hour', 17), ('exit_hour', 23), ('sl_frac', 0.5), ('rr', 2.0), ('min_range_atr', 2.0), ('max_range_atr', 12.0), ('skip_dow', ()))","(('max_trades_day', 1), ('risk_on_balance', False))",(),False,
3,BTCUSD,fundingpips_1step,1.0,,,,,23.0,17.0,12.0,2.0,prevday,2.0,0.5,1,390,0.0,0.0,0.0,100.0,,4.3,100478.0,396,0.0,0.0,0.0,100.0,,4.7,100367.0,,,"(('rng_type', 'prevday'), ('expire_hour', 17), ('exit_hour', 23), ('sl_frac', 0.5), ('rr', 2.0), ('min_range_atr', 2.0), ('max_range_atr', 12.0), ('skip_dow', ()))","(('max_trades_day', 1), ('day_stop_pct', 2.0), ('risk_on_balance', False))",(),False,2.0
3,BTCUSD,fundingpips_1step,1.0,,,,,23.0,17.0,12.0,2.0,prevday,2.0,0.5,1,390,0.0,0.0,0.0,100.0,,4.3,100478.0,396,0.0,0.0,0.0,100.0,,4.7,100368.0,,,"(('rng_type', 'prevday'), ('expire_hour', 17), ('exit_hour', 23), ('sl_frac', 0.5), ('rr', 2.0), ('min_range_atr', 2.0), ('max_range_atr', 12.0), ('skip_dow', ()))","(('max_trades_day', 1), ('risk_on_balance', True))",(),True,
3,BTCUSD,fundingpips_1step,1.0,,,,,23.0,17.0,12.0,2.0,prevday,2.0,0.5,1,390,0.0,0.0,0.0,100.0,,4.3,100478.0,396,0.0,0.0,0.0,100.0,,4.7,100368.0,,,"(('rng_type', 'prevday'), ('expire_hour', 17), ('exit_hour', 23), ('sl_frac', 0.5), ('rr', 2.0), ('min_range_atr', 2.0), ('max_range_atr', 12.0), ('skip_dow', ()))","(('max_trades_day', 1), ('day_stop_pct', 2.0), ('risk_on_balance', True))",(),True,2.0
3,BTCUSD,fundingpips_1step,1.5,,,,,23.0,17.0,12.0,2.0,prevday,2.0,0.5,1,390,0.3,0.0,4.6,95.1,6.9,4.2,100712.0,396,0.0,0.0,3.8,96.2,,4.7,100537.0,,,"(('rng_type', 'prevday'), ('expire_hour', 17), ('exit_hour', 23), ('sl_frac', 0.5), ('rr', 2.0), ('min_range_atr', 2.0), ('max_range_atr', 12.0), ('skip_dow', ()))","(('max_trades_day', 1), ('risk_on_balance', False))",(),False,
3,BTCUSD,fundingpips_1step,1.5,,,,,23.0,17.0,12.0,2.0,prevday,2.0,0.5,1,390,0.3,0.0,4.6,95.1,6.9,4.2,100712.0,396,0.0,0.0,3.8,96.2,,4.7,100537.0,,,"(('rng_type', 'prevday'), ('expire_hour', 17), ('exit_hour', 23), ('sl_frac', 0.5), ('rr', 2.0), ('min_range_atr', 2.0), ('max_range_atr', 12.0), ('skip_dow', ()))","(('max_trades_day', 1), ('day_stop_pct', 2.0), ('risk_on_balance', False))",(),False,2.0
3,BTCUSD,fundingpips_1step,1.5,,,,,23.0,17.0,12.0,2.0,prevday,2.0,0.5,1,390,0.5,0.0,3.6,95.9,6.9,4.3,100706.0,396,0.0,0.0,3.3,96.7,,4.7,100535.0,,,"(('rng_type', 'prevday'), ('expire_hour', 17), ('exit_hour', 23), ('sl_frac', 0.5), ('rr', 2.0), ('min_range_atr', 2.0), ('max_range_atr', 12.0), ('skip_dow', ()))","(('max_trades_day', 1), ('risk_on_balance', True))",(),True,
3,BTCUSD,fundingpips_1step,1.5,,,,,23.0,17.0,12.0,2.0,prevday,2.0,0.5,1,390,0.5,0.0,3.6,95.9,6.9,4.3,100706.0,396,0.0,0.0,3.3,96.7,,4.7,100535.0,,,"(('rng_type', 'prevday'), ('expire_hour', 17), ('exit_hour', 23), ('sl_frac', 0.5), ('rr', 2.0), ('min_range_atr', 2.0), ('max_range_atr', 12.0), ('skip_dow', ()))","(('max_trades_day', 1), ('day_stop_pct', 2.0), ('risk_on_balance', True))",(),True,2.0
3,BTCUSD,fundingpips_1step,2.0,,,,,23.0,17.0,12.0,2.0,prevday,2.0,0.5,1,390,2.8,0.0,15.1,82.1,5.9,4.1,100917.0,396,2.0,0.0,11.4,86.6,6.2,4.6,100722.0,,,"(('rng_type', 'prevday'), ('expire_hour', 17), ('exit_hour', 23), ('sl_frac', 0.5), ('rr', 2.0), ('min_range_atr', 2.0), ('max_range_atr', 12.0), ('skip_dow', ()))","(('max_trades_day', 1), ('risk_on_balance', False))",(),False,
3,BTCUSD,fundingpips_1step,2.0,,,,,23.0,17.0,12.0,2.0,prevday,2.0,0.5,1,390,2.8,0.0,15.1,82.1,5.9,4.1,100917.0,396,2.0,0.0,11.4,86.6,6.2,4.6,100722.0,,,"(('rng_type', 'prevday'), ('expire_hour', 17), ('exit_hour', 23), ('sl_frac', 0.5), ('rr', 2.0), ('min_range_atr', 2.0), ('max_range_atr', 12.0), ('skip_dow', ()))","(('max_trades_day', 1), ('day_stop_pct', 2.0), ('risk_on_balance', False))",(),False,2.0
3,BTCUSD,fundingpips_1step,2.0,,,,,23.0,17.0,12.0,2.0,prevday,2.0,0.5,1,390,3.1,0.0,13.3,83.6,5.9,4.2,100939.0,396,2.5,0.0,10.6,86.9,6.2,4.6,100721.0,,,"(('rng_type', 'prevday'), ('expire_hour', 17), ('exit_hour', 23), ('sl_frac', 0.5), ('rr', 2.0), ('min_range_atr', 2.0), ('max_range_atr', 12.0), ('skip_dow', ()))","(('max_trades_day', 1), ('risk_on_balance', True))",(),True,
3,BTCUSD,fundingpips_1step,2.0,,,,,23.0,17.0,12.0,2.0,prevday,2.0,0.5,1,390,3.1,0.0,13.3,83.6,5.9,4.2,100939.0,396,2.5,0.0,10.6,86.9,6.2,4.6,100721.0,,,"(('rng_type', 'prevday'), ('expire_hour', 17), ('exit_hour', 23), ('sl_frac', 0.5), ('rr', 2.0), ('min_range_atr', 2.0), ('max_range_atr', 12.0), ('skip_dow', ()))","(('max_trades_day', 1), ('day_stop_pct', 2.0), ('risk_on_balance', True))",(),True,2.0
3,BTCUSD,fundingpips_1step,2.4,,,,,23.0,17.0,12.0,2.0,prevday,2.0,0.5,1,390,6.4,0.0,20.3,73.3,5.8,4.0,101154.0,396,5.6,0.0,16.7,77.8,5.2,4.4,100846.0,,,"(('rng_type', 'prevday'), ('expire_hour', 17), ('exit_hour', 23), ('sl_frac', 0.5), ('rr', 2.0), ('min_range_atr', 2.0), ('max_range_atr', 12.0), ('skip_dow', ()))","(('max_trades_day', 1), ('risk_on_balance', False))",(),False,
3,BTCUSD,fundingpips_1step,2.4,,,,,23.0,17.0,12.0,2.0,prevday,2.0,0.5,1,390,6.4,0.0,20.3,73.3,5.8,4.0,101154.0,396,5.6,0.0,16.7,77.8,5.2,4.4,100846.0,,,"(('rng_type', 'prevday'), ('expire_hour', 17), ('exit_hour', 23), ('sl_frac', 0.5), ('rr', 2.0), ('min_range_atr', 2.0), ('max_range_atr', 12.0), ('skip_dow', ()))","(('max_trades_day', 1), ('day_stop_pct', 2.0), ('risk_on_balance', False))",(),False,2.0
3,BTCUSD,fundingpips_1step,2.4,,,,,23.0,17.0,12.0,2.0,prevday,2.0,0.5,1,390,6.9,0.0,19.7,73.3,5.9,4.0,101139.0,396,5.6,0.0,16.2,78.3,5.2,4.4,100845.0,,,"(('rng_type', 'prevday'), ('expire_hour', 17), ('exit_hour', 23), ('sl_frac', 0.5), ('rr', 2.0), ('min_range_atr', 2.0), ('max_range_atr', 12.0), ('skip_dow', ()))","(('max_trades_day', 1), ('risk_on_balance', True))",(),True,
3,BTCUSD,fundingpips_1step,2.4,,,,,23.0,17.0,12.0,2.0,prevday,2.0,0.5,1,390,6.9,0.0,19.7,73.3,5.9,4.0,101139.0,396,5.6,0.0,16.2,78.3,5.2,4.4,100845.0,,,"(('rng_type', 'prevday'), ('expire_hour', 17), ('exit_hour', 23), ('sl_frac', 0.5), ('rr', 2.0), ('min_range_atr', 2.0), ('max_range_atr', 12.0), ('skip_dow', ()))","(('max_trades_day', 1), ('day_stop_pct', 2.0), ('risk_on_balance', True))",(),True,2.0
3,BTCUSD,fundingpips_1step,2.8,,,,,23.0,17.0,12.0,2.0,prevday,2.0,0.5,1,390,11.8,0.0,26.2,62.1,5.2,3.8,101481.0,396,10.4,0.0,24.3,65.4,4.9,4.2,100868.0,,,"(('rng_type', 'prevday'), ('expire_hour', 17), ('exit_hour', 23), ('sl_frac', 0.5), ('rr', 2.0), ('min_range_atr', 2.0), ('max_range_atr', 12.0), ('skip_dow', ()))","(('max_trades_day', 1), ('risk_on_balance', False))",(),False,
3,BTCUSD,fundingpips_1step,2.8,,,,,23.0,17.0,12.0,2.0,prevday,2.0,0.5,1,390,11.8,0.0,26.2,62.1,5.2,3.8,101481.0,396,10.4,0.0,24.3,65.4,4.9,4.2,100868.0,,,"(('rng_type', 'prevday'), ('expire_hour', 17), ('exit_hour', 23), ('sl_frac', 0.5), ('rr', 2.0), ('min_range_atr', 2.0), ('max_range_atr', 12.0), ('skip_dow', ()))","(('max_trades_day', 1), ('day_stop_pct', 2.0), ('risk_on_balance', False))",(),False,2.0
3,BTCUSD,fundingpips_1step,2.8,,,,,23.0,17.0,12.0,2.0,prevday,2.0,0.5,1,390,11.8,0.0,35.9,52.3,5.2,3.8,101398.0,396,10.9,0.0,29.6,59.6,4.9,4.2,100914.0,,,"(('rng_type', 'prevday'), ('expire_hour', 17), ('exit_hour', 23), ('sl_frac', 0.5), ('rr', 2.0), ('min_range_atr', 2.0), ('max_range_atr', 12.0), ('skip_dow', ()))","(('max_trades_day', 1), ('risk_on_balance', True))",(),True,
3,BTCUSD,fundingpips_1step,2.8,,,,,23.0,17.0,12.0,2.0,prevday,2.0,0.5,1,390,11.8,0.0,35.9,52.3,5.2,3.8,101398.0,396,10.9,0.0,29.6,59.6,4.9,4.2,100914.0,,,"(('rng_type', 'prevday'), ('expire_hour', 17), ('exit_hour', 23), ('sl_frac', 0.5), ('rr', 2.0), ('min_range_atr', 2.0), ('max_range_atr', 12.0), ('skip_dow', ()))","(('max_trades_day', 1), ('day_stop_pct', 2.0), ('risk_on_balance', True))",(),True,2.0
3,BTCUSD,e8_one_8,1.0,,,,,23.0,17.0,12.0,2.0,prevday,2.0,0.5,1,390,0.0,0.0,0.0,100.0,,4.3,100478.0,396,0.0,0.0,0.0,100.0,,4.7,100367.0,,,"(('rng_type', 'prevday'), ('expire_hour', 17), ('exit_hour', 23), ('sl_frac', 0.5), ('rr', 2.0), ('min_range_atr', 2.0), ('max_range_atr', 12.0), ('skip_dow', ()))","(('max_trades_day', 1), ('risk_on_balance', False))",(),False,
3,BTCUSD,e8_one_8,1.0,,,,,23.0,17.0,12.0,2.0,prevday,2.0,0.5,1,390,0.0,0.0,0.0,100.0,,4.3,100478.0,396,0.0,0.0,0.0,100.0,,4.7,100367.0,,,"(('rng_type', 'prevday'), ('expire_hour', 17), ('exit_hour', 23), ('sl_frac', 0.5), ('rr', 2.0), ('min_range_atr', 2.0), ('max_range_atr', 12.0), ('skip_dow', ()))","(('max_trades_day', 1), ('day_stop_pct', 2.0), ('risk_on_balance', False))",(),False,2.0
3,BTCUSD,e8_one_8,1.0,,,,,23.0,17.0,12.0,2.0,prevday,2.0,0.5,1,390,0.0,0.0,0.0,100.0,,4.3,100478.0,396,0.0,0.0,0.0,100.0,,4.7,100368.0,,,"(('rng_type', 'prevday'), ('expire_hour', 17), ('exit_hour', 23), ('sl_frac', 0.5), ('rr', 2.0), ('min_range_atr', 2.0), ('max_range_atr', 12.0), ('skip_dow', ()))","(('max_trades_day', 1), ('risk_on_balance', True))",(),True,
3,BTCUSD,e8_one_8,1.0,,,,,23.0,17.0,12.0,2.0,prevday,2.0,0.5,1,390,0.0,0.0,0.0,100.0,,4.3,100478.0,396,0.0,0.0,0.0,100.0,,4.7,100368.0,,,"(('rng_type', 'prevday'), ('expire_hour', 17), ('exit_hour', 23), ('sl_frac', 0.5), ('rr', 2.0), ('min_range_atr', 2.0), ('max_range_atr', 12.0), ('skip_dow', ()))","(('max_trades_day', 1), ('day_stop_pct', 2.0), ('risk_on_balance', True))",(),True,2.0
3,BTCUSD,e8_one_8,1.5,,,,,23.0,17.0,12.0,2.0,prevday,2.0,0.5,1,390,0.0,0.0,1.0,99.0,,4.3,100720.0,396,0.0,0.0,0.8,99.2,,4.7,100555.0,,,"(('rng_type', 'prevday'), ('expire_hour', 17), ('exit_hour', 23), ('sl_frac', 0.5), ('rr', 2.0), ('min_range_atr', 2.0), ('max_range_atr', 12.0), ('skip_dow', ()))","(('max_trades_day', 1), ('risk_on_balance', False))",(),False,
3,BTCUSD,e8_one_8,1.5,,,,,23.0,17.0,12.0,2.0,prevday,2.0,0.5,1,390,0.0,0.0,1.0,99.0,,4.3,100720.0,396,0.0,0.0,0.8,99.2,,4.7,100555.0,,,"(('rng_type', 'prevday'), ('expire_hour', 17), ('exit_hour', 23), ('sl_frac', 0.5), ('rr', 2.0), ('min_range_atr', 2.0), ('max_range_atr', 12.0), ('skip_dow', ()))","(('max_trades_day', 1), ('day_stop_pct', 2.0), ('risk_on_balance', False))",(),False,2.0
3,BTCUSD,e8_one_8,1.5,,,,,23.0,17.0,12.0,2.0,prevday,2.0,0.5,1,390,0.0,0.0,0.8,99.2,,4.3,100721.0,396,0.0,0.0,0.8,99.2,,4.7,100559.0,,,"(('rng_type', 'prevday'), ('expire_hour', 17), ('exit_hour', 23), ('sl_frac', 0.5), ('rr', 2.0), ('min_range_atr', 2.0), ('max_range_atr', 12.0), ('skip_dow', ()))","(('max_trades_day', 1), ('risk_on_balance', True))",(),True,
3,BTCUSD,e8_one_8,1.5,,,,,23.0,17.0,12.0,2.0,prevday,2.0,0.5,1,390,0.0,0.0,0.8,99.2,,4.3,100721.0,396,0.0,0.0,0.8,99.2,,4.7,100559.0,,,"(('rng_type', 'prevday'), ('expire_hour', 17), ('exit_hour', 23), ('sl_frac', 0.5), ('rr', 2.0), ('min_range_atr', 2.0), ('max_range_atr', 12.0), ('skip_dow', ()))","(('max_trades_day', 1), ('day_stop_pct', 2.0), ('risk_on_balance', True))",(),True,2.0
3,BTCUSD,e8_one_8,2.0,,,,,23.0,17.0,12.0,2.0,prevday,2.0,0.5,1,390,1.0,0.0,10.5,88.5,6.3,4.2,100884.0,396,1.0,0.0,8.6,90.4,6.7,4.6,100718.0,,,"(('rng_type', 'prevday'), ('expire_hour', 17), ('exit_hour', 23), ('sl_frac', 0.5), ('rr', 2.0), ('min_range_atr', 2.0), ('max_range_atr', 12.0), ('skip_dow', ()))","(('max_trades_day', 1), ('risk_on_balance', False))",(),False,
3,BTCUSD,e8_one_8,2.0,,,,,23.0,17.0,12.0,2.0,prevday,2.0,0.5,1,390,1.0,0.0,10.5,88.5,6.3,4.2,100884.0,396,1.0,0.0,8.6,90.4,6.7,4.6,100718.0,,,"(('rng_type', 'prevday'), ('expire_hour', 17), ('exit_hour', 23), ('sl_frac', 0.5), ('rr', 2.0), ('min_range_atr', 2.0), ('max_range_atr', 12.0), ('skip_dow', ()))","(('max_trades_day', 1), ('day_stop_pct', 2.0), ('risk_on_balance', False))",(),False,2.0
3,BTCUSD,e8_one_8,2.0,,,,,23.0,17.0,12.0,2.0,prevday,2.0,0.5,1,390,1.0,0.0,10.0,89.0,6.3,4.2,100908.0,396,1.8,0.0,7.3,90.9,6.5,4.6,100736.0,,,"(('rng_type', 'prevday'), ('expire_hour', 17), ('exit_hour', 23), ('sl_frac', 0.5), ('rr', 2.0), ('min_range_atr', 2.0), ('max_range_atr', 12.0), ('skip_dow', ()))","(('max_trades_day', 1), ('risk_on_balance', True))",(),True,
3,BTCUSD,e8_one_8,2.0,,,,,23.0,17.0,12.0,2.0,prevday,2.0,0.5,1,390,1.0,0.0,10.0,89.0,6.3,4.2,100908.0,396,1.8,0.0,7.3,90.9,6.5,4.6,100736.0,,,"(('rng_type', 'prevday'), ('expire_hour', 17), ('exit_hour', 23), ('sl_frac', 0.5), ('rr', 2.0), ('min_range_atr', 2.0), ('max_range_atr', 12.0), ('skip_dow', ()))","(('max_trades_day', 1), ('day_stop_pct', 2.0), ('risk_on_balance', True))",(),True,2.0
3,BTCUSD,e8_one_8,2.4,,,,,23.0,17.0,12.0,2.0,prevday,2.0,0.5,1,390,2.8,0.0,21.3,75.9,5.9,4.1,101184.0,396,2.0,0.0,17.4,80.6,6.2,4.5,100867.0,,,"(('rng_type', 'prevday'), ('expire_hour', 17), ('exit_hour', 23), ('sl_frac', 0.5), ('rr', 2.0), ('min_range_atr', 2.0), ('max_range_atr', 12.0), ('skip_dow', ()))","(('max_trades_day', 1), ('risk_on_balance', False))",(),False,
3,BTCUSD,e8_one_8,2.4,,,,,23.0,17.0,12.0,2.0,prevday,2.0,0.5,1,390,2.8,0.0,21.3,75.9,5.9,4.1,101184.0,396,2.0,0.0,17.4,80.6,6.2,4.5,100867.0,,,"(('rng_type', 'prevday'), ('expire_hour', 17), ('exit_hour', 23), ('sl_frac', 0.5), ('rr', 2.0), ('min_range_atr', 2.0), ('max_range_atr', 12.0), ('skip_dow', ()))","(('max_trades_day', 1), ('day_stop_pct', 2.0), ('risk_on_balance', False))",(),False,2.0
3,BTCUSD,e8_one_8,2.4,,,,,23.0,17.0,12.0,2.0,prevday,2.0,0.5,1,390,3.8,0.0,21.5,74.6,5.9,4.1,101185.0,396,3.0,0.0,17.9,79.0,6.2,4.5,100878.0,,,"(('rng_type', 'prevday'), ('expire_hour', 17), ('exit_hour', 23), ('sl_frac', 0.5), ('rr', 2.0), ('min_range_atr', 2.0), ('max_range_atr', 12.0), ('skip_dow', ()))","(('max_trades_day', 1), ('risk_on_balance', True))",(),True,
3,BTCUSD,e8_one_8,2.4,,,,,23.0,17.0,12.0,2.0,prevday,2.0,0.5,1,390,3.8,0.0,21.5,74.6,5.9,4.1,101185.0,396,3.0,0.0,17.9,79.0,6.2,4.5,100878.0,,,"(('rng_type', 'prevday'), ('expire_hour', 17), ('exit_hour', 23), ('sl_frac', 0.5), ('rr', 2.0), ('min_range_atr', 2.0), ('max_range_atr', 12.0), ('skip_dow', ()))","(('max_trades_day', 1), ('day_stop_pct', 2.0), ('risk_on_balance', True))",(),True,2.0
3,BTCUSD,e8_one_8,2.8,,,,,23.0,17.0,12.0,2.0,prevday,2.0,0.5,1,390,5.4,0.0,31.5,63.1,5.8,3.9,101250.0,396,5.1,0.0,30.8,64.1,5.5,4.2,100624.0,,,"(('rng_type', 'prevday'), ('expire_hour', 17), ('exit_hour', 23), ('sl_frac', 0.5), ('rr', 2.0), ('min_range_atr', 2.0), ('max_range_atr', 12.0), ('skip_dow', ()))","(('max_trades_day', 1), ('risk_on_balance', False))",(),False,
3,BTCUSD,e8_one_8,2.8,,,,,23.0,17.0,12.0,2.0,prevday,2.0,0.5,1,390,5.4,0.0,31.5,63.1,5.8,3.9,101250.0,396,5.1,0.0,30.8,64.1,5.5,4.2,100624.0,,,"(('rng_type', 'prevday'), ('expire_hour', 17), ('exit_hour', 23), ('sl_frac', 0.5), ('rr', 2.0), ('min_range_atr', 2.0), ('max_range_atr', 12.0), ('skip_dow', ()))","(('max_trades_day', 1), ('day_stop_pct', 2.0), ('risk_on_balance', False))",(),False,2.0
3,BTCUSD,e8_one_8,2.8,,,,,23.0,17.0,12.0,2.0,prevday,2.0,0.5,1,390,6.4,0.0,32.8,60.8,5.8,3.9,101189.0,396,5.6,0.0,31.1,63.4,5.2,4.2,100613.0,,,"(('rng_type', 'prevday'), ('expire_hour', 17), ('exit_hour', 23), ('sl_frac', 0.5), ('rr', 2.0), ('min_range_atr', 2.0), ('max_range_atr', 12.0), ('skip_dow', ()))","(('max_trades_day', 1), ('risk_on_balance', True))",(),True,
3,BTCUSD,e8_one_8,2.8,,,,,23.0,17.0,12.0,2.0,prevday,2.0,0.5,1,390,6.4,0.0,32.8,60.8,5.8,3.9,101189.0,396,5.6,0.0,31.1,63.4,5.2,4.2,100613.0,,,"(('rng_type', 'prevday'), ('expire_hour', 17), ('exit_hour', 23), ('sl_frac', 0.5), ('rr', 2.0), ('min_range_atr', 2.0), ('max_range_atr', 12.0), ('skip_dow', ()))","(('max_trades_day', 1), ('day_stop_pct', 2.0), ('risk_on_balance', True))",(),True,2.0
3,BTCUSD,e8_one_14,1.0,,,,,23.0,17.0,12.0,2.0,prevday,2.0,0.5,1,390,0.0,0.0,0.0,100.0,,4.3,100478.0,396,0.0,0.0,0.0,100.0,,4.7,100367.0,,,"(('rng_type', 'prevday'), ('expire_hour', 17), ('exit_hour', 23), ('sl_frac', 0.5), ('rr', 2.0), ('min_range_atr', 2.0), ('max_range_atr', 12.0), ('skip_dow', ()))","(('max_trades_day', 1), ('risk_on_balance', False))",(),False,
3,BTCUSD,e8_one_14,1.0,,,,,23.0,17.0,12.0,2.0,prevday,2.0,0.5,1,390,0.0,0.0,0.0,100.0,,4.3,100478.0,396,0.0,0.0,0.0,100.0,,4.7,100367.0,,,"(('rng_type', 'prevday'), ('expire_hour', 17), ('exit_hour', 23), ('sl_frac', 0.5), ('rr', 2.0), ('min_range_atr', 2.0), ('max_range_atr', 12.0), ('skip_dow', ()))","(('max_trades_day', 1), ('day_stop_pct', 2.0), ('risk_on_balance', False))",(),False,2.0
3,BTCUSD,e8_one_14,1.0,,,,,23.0,17.0,12.0,2.0,prevday,2.0,0.5,1,390,0.0,0.0,0.0,100.0,,4.3,100478.0,396,0.0,0.0,0.0,100.0,,4.7,100368.0,,,"(('rng_type', 'prevday'), ('expire_hour', 17), ('exit_hour', 23), ('sl_frac', 0.5), ('rr', 2.0), ('min_range_atr', 2.0), ('max_range_atr', 12.0), ('skip_dow', ()))","(('max_trades_day', 1), ('risk_on_balance', True))",(),True,
3,BTCUSD,e8_one_14,1.0,,,,,23.0,17.0,12.0,2.0,prevday,2.0,0.5,1,390,0.0,0.0,0.0,100.0,,4.3,100478.0,396,0.0,0.0,0.0,100.0,,4.7,100368.0,,,"(('rng_type', 'prevday'), ('expire_hour', 17), ('exit_hour', 23), ('sl_frac', 0.5), ('rr', 2.0), ('min_range_atr', 2.0), ('max_range_atr', 12.0), ('skip_dow', ()))","(('max_trades_day', 1), ('day_stop_pct', 2.0), ('risk_on_balance', True))",(),True,2.0
3,BTCUSD,e8_one_14,1.5,,,,,23.0,17.0,12.0,2.0,prevday,2.0,0.5,1,390,0.0,0.0,0.0,100.0,,4.3,100715.0,396,0.0,0.0,0.0,100.0,,4.7,100553.0,,,"(('rng_type', 'prevday'), ('expire_hour', 17), ('exit_hour', 23), ('sl_frac', 0.5), ('rr', 2.0), ('min_range_atr', 2.0), ('max_range_atr', 12.0), ('skip_dow', ()))","(('max_trades_day', 1), ('risk_on_balance', False))",(),False,
3,BTCUSD,e8_one_14,1.5,,,,,23.0,17.0,12.0,2.0,prevday,2.0,0.5,1,390,0.0,0.0,0.0,100.0,,4.3,100715.0,396,0.0,0.0,0.0,100.0,,4.7,100553.0,,,"(('rng_type', 'prevday'), ('expire_hour', 17), ('exit_hour', 23), ('sl_frac', 0.5), ('rr', 2.0), ('min_range_atr', 2.0), ('max_range_atr', 12.0), ('skip_dow', ()))","(('max_trades_day', 1), ('day_stop_pct', 2.0), ('risk_on_balance', False))",(),False,2.0
3,BTCUSD,e8_one_14,1.5,,,,,23.0,17.0,12.0,2.0,prevday,2.0,0.5,1,390,0.0,0.0,0.0,100.0,,4.3,100717.0,396,0.0,0.0,0.0,100.0,,4.7,100556.0,,,"(('rng_type', 'prevday'), ('expire_hour', 17), ('exit_hour', 23), ('sl_frac', 0.5), ('rr', 2.0), ('min_range_atr', 2.0), ('max_range_atr', 12.0), ('skip_dow', ()))","(('max_trades_day', 1), ('risk_on_balance', True))",(),True,
3,BTCUSD,e8_one_14,1.5,,,,,23.0,17.0,12.0,2.0,prevday,2.0,0.5,1,390,0.0,0.0,0.0,100.0,,4.3,100717.0,396,0.0,0.0,0.0,100.0,,4.7,100556.0,,,"(('rng_type', 'prevday'), ('expire_hour', 17), ('exit_hour', 23), ('sl_frac', 0.5), ('rr', 2.0), ('min_range_atr', 2.0), ('max_range_atr', 12.0), ('skip_dow', ()))","(('max_trades_day', 1), ('day_stop_pct', 2.0), ('risk_on_balance', True))",(),True,2.0
3,BTCUSD,e8_one_14,2.0,,,,,23.0,17.0,12.0,2.0,prevday,2.0,0.5,1,390,0.0,0.0,0.0,100.0,,4.3,100955.0,396,0.0,0.0,0.0,100.0,,4.7,100738.0,,,"(('rng_type', 'prevday'), ('expire_hour', 17), ('exit_hour', 23), ('sl_frac', 0.5), ('rr', 2.0), ('min_range_atr', 2.0), ('max_range_atr', 12.0), ('skip_dow', ()))","(('max_trades_day', 1), ('risk_on_balance', False))",(),False,
3,BTCUSD,e8_one_14,2.0,,,,,23.0,17.0,12.0,2.0,prevday,2.0,0.5,1,390,0.0,0.0,0.0,100.0,,4.3,100955.0,396,0.0,0.0,0.0,100.0,,4.7,100738.0,,,"(('rng_type', 'prevday'), ('expire_hour', 17), ('exit_hour', 23), ('sl_frac', 0.5), ('rr', 2.0), ('min_range_atr', 2.0), ('max_range_atr', 12.0), ('skip_dow', ()))","(('max_trades_day', 1), ('day_stop_pct', 2.0), ('risk_on_balance', False))",(),False,2.0
3,BTCUSD,e8_one_14,2.0,,,,,23.0,17.0,12.0,2.0,prevday,2.0,0.5,1,390,0.0,0.0,0.0,100.0,,4.3,100958.0,396,0.0,0.0,0.0,100.0,,4.7,100742.0,,,"(('rng_type', 'prevday'), ('expire_hour', 17), ('exit_hour', 23), ('sl_frac', 0.5), ('rr', 2.0), ('min_range_atr', 2.0), ('max_range_atr', 12.0), ('skip_dow', ()))","(('max_trades_day', 1), ('risk_on_balance', True))",(),True,
3,BTCUSD,e8_one_14,2.0,,,,,23.0,17.0,12.0,2.0,prevday,2.0,0.5,1,390,0.0,0.0,0.0,100.0,,4.3,100958.0,396,0.0,0.0,0.0,100.0,,4.7,100742.0,,,"(('rng_type', 'prevday'), ('expire_hour', 17), ('exit_hour', 23), ('sl_frac', 0.5), ('rr', 2.0), ('min_range_atr', 2.0), ('max_range_atr', 12.0), ('skip_dow', ()))","(('max_trades_day', 1), ('day_stop_pct', 2.0), ('risk_on_balance', True))",(),True,2.0
3,BTCUSD,e8_one_14,2.4,,,,,23.0,17.0,12.0,2.0,prevday,2.0,0.5,1,390,0.0,0.0,0.5,99.5,,4.3,101148.0,396,0.0,0.0,0.5,99.5,,4.7,100886.0,,,"(('rng_type', 'prevday'), ('expire_hour', 17), ('exit_hour', 23), ('sl_frac', 0.5), ('rr', 2.0), ('min_range_atr', 2.0), ('max_range_atr', 12.0), ('skip_dow', ()))","(('max_trades_day', 1), ('risk_on_balance', False))",(),False,
3,BTCUSD,e8_one_14,2.4,,,,,23.0,17.0,12.0,2.0,prevday,2.0,0.5,1,390,0.0,0.0,0.5,99.5,,4.3,101148.0,396,0.0,0.0,0.5,99.5,,4.7,100886.0,,,"(('rng_type', 'prevday'), ('expire_hour', 17), ('exit_hour', 23), ('sl_frac', 0.5), ('rr', 2.0), ('min_range_atr', 2.0), ('max_range_atr', 12.0), ('skip_dow', ()))","(('max_trades_day', 1), ('day_stop_pct', 2.0), ('risk_on_balance', False))",(),False,2.0
3,BTCUSD,e8_one_14,2.4,,,,,23.0,17.0,12.0,2.0,prevday,2.0,0.5,1,390,0.0,0.0,0.0,100.0,,4.3,101151.0,396,0.0,0.0,0.3,99.7,,4.7,100893.0,,,"(('rng_type', 'prevday'), ('expire_hour', 17), ('exit_hour', 23), ('sl_frac', 0.5), ('rr', 2.0), ('min_range_atr', 2.0), ('max_range_atr', 12.0), ('skip_dow', ()))","(('max_trades_day', 1), ('risk_on_balance', True))",(),True,
3,BTCUSD,e8_one_14,2.4,,,,,23.0,17.0,12.0,2.0,prevday,2.0,0.5,1,390,0.0,0.0,0.0,100.0,,4.3,101151.0,396,0.0,0.0,0.3,99.7,,4.7,100893.0,,,"(('rng_type', 'prevday'), ('expire_hour', 17), ('exit_hour', 23), ('sl_frac', 0.5), ('rr', 2.0), ('min_range_atr', 2.0), ('max_range_atr', 12.0), ('skip_dow', ()))","(('max_trades_day', 1), ('day_stop_pct', 2.0), ('risk_on_balance', True))",(),True,2.0
3,BTCUSD,e8_one_14,2.8,,,,,23.0,17.0,12.0,2.0,prevday,2.0,0.5,1,390,0.0,0.0,1.3,98.7,,4.3,101354.0,396,0.0,0.0,2.0,98.0,,4.7,101034.0,,,"(('rng_type', 'prevday'), ('expire_hour', 17), ('exit_hour', 23), ('sl_frac', 0.5), ('rr', 2.0), ('min_range_atr', 2.0), ('max_range_atr', 12.0), ('skip_dow', ()))","(('max_trades_day', 1), ('risk_on_balance', False))",(),False,
3,BTCUSD,e8_one_14,2.8,,,,,23.0,17.0,12.0,2.0,prevday,2.0,0.5,1,390,0.0,0.0,1.3,98.7,,4.3,101354.0,396,0.0,0.0,2.0,98.0,,4.7,101034.0,,,"(('rng_type', 'prevday'), ('expire_hour', 17), ('exit_hour', 23), ('sl_frac', 0.5), ('rr', 2.0), ('min_range_atr', 2.0), ('max_range_atr', 12.0), ('skip_dow', ()))","(('max_trades_day', 1), ('day_stop_pct', 2.0), ('risk_on_balance', False))",(),False,2.0
3,BTCUSD,e8_one_14,2.8,,,,,23.0,17.0,12.0,2.0,prevday,2.0,0.5,1,390,0.3,0.0,1.3,98.5,6.9,4.3,101353.0,396,0.0,0.0,1.3,98.7,,4.7,101042.0,,,"(('rng_type', 'prevday'), ('expire_hour', 17), ('exit_hour', 23), ('sl_frac', 0.5), ('rr', 2.0), ('min_range_atr', 2.0), ('max_range_atr', 12.0), ('skip_dow', ()))","(('max_trades_day', 1), ('risk_on_balance', True))",(),True,
3,BTCUSD,e8_one_14,2.8,,,,,23.0,17.0,12.0,2.0,prevday,2.0,0.5,1,390,0.3,0.0,1.3,98.5,6.9,4.3,101353.0,396,0.0,0.0,1.3,98.7,,4.7,101042.0,,,"(('rng_type', 'prevday'), ('expire_hour', 17), ('exit_hour', 23), ('sl_frac', 0.5), ('rr', 2.0), ('min_range_atr', 2.0), ('max_range_atr', 12.0), ('skip_dow', ()))","(('max_trades_day', 1), ('day_stop_pct', 2.0), ('risk_on_balance', True))",(),True,2.0
3,BTCUSD,the5ers_hyper,1.0,,,,,23.0,17.0,12.0,2.0,prevday,2.0,0.5,1,390,0.0,0.0,0.0,100.0,,4.3,100478.0,396,0.0,0.0,0.0,100.0,,4.7,100367.0,,,"(('rng_type', 'prevday'), ('expire_hour', 17), ('exit_hour', 23), ('sl_frac', 0.5), ('rr', 2.0), ('min_range_atr', 2.0), ('max_range_atr', 12.0), ('skip_dow', ()))","(('max_trades_day', 1), ('risk_on_balance', False))",(),False,
3,BTCUSD,the5ers_hyper,1.0,,,,,23.0,17.0,12.0,2.0,prevday,2.0,0.5,1,390,0.0,0.0,0.0,100.0,,4.3,100478.0,396,0.0,0.0,0.0,100.0,,4.7,100367.0,,,"(('rng_type', 'prevday'), ('expire_hour', 17), ('exit_hour', 23), ('sl_frac', 0.5), ('rr', 2.0), ('min_range_atr', 2.0), ('max_range_atr', 12.0), ('skip_dow', ()))","(('max_trades_day', 1), ('day_stop_pct', 2.0), ('risk_on_balance', False))",(),False,2.0
3,BTCUSD,the5ers_hyper,1.0,,,,,23.0,17.0,12.0,2.0,prevday,2.0,0.5,1,390,0.0,0.0,0.0,100.0,,4.3,100478.0,396,0.0,0.0,0.0,100.0,,4.7,100368.0,,,"(('rng_type', 'prevday'), ('expire_hour', 17), ('exit_hour', 23), ('sl_frac', 0.5), ('rr', 2.0), ('min_range_atr', 2.0), ('max_range_atr', 12.0), ('skip_dow', ()))","(('max_trades_day', 1), ('risk_on_balance', True))",(),True,
3,BTCUSD,the5ers_hyper,1.0,,,,,23.0,17.0,12.0,2.0,prevday,2.0,0.5,1,390,0.0,0.0,0.0,100.0,,4.3,100478.0,396,0.0,0.0,0.0,100.0,,4.7,100368.0,,,"(('rng_type', 'prevday'), ('expire_hour', 17), ('exit_hour', 23), ('sl_frac', 0.5), ('rr', 2.0), ('min_range_atr', 2.0), ('max_range_atr', 12.0), ('skip_dow', ()))","(('max_trades_day', 1), ('day_stop_pct', 2.0), ('risk_on_balance', True))",(),True,2.0
3,BTCUSD,the5ers_hyper,1.5,,,,,23.0,17.0,12.0,2.0,prevday,2.0,0.5,1,390,0.3,0.0,4.6,95.1,6.9,4.2,100712.0,396,0.0,0.0,3.8,96.2,,4.7,100537.0,,,"(('rng_type', 'prevday'), ('expire_hour', 17), ('exit_hour', 23), ('sl_frac', 0.5), ('rr', 2.0), ('min_range_atr', 2.0), ('max_range_atr', 12.0), ('skip_dow', ()))","(('max_trades_day', 1), ('risk_on_balance', False))",(),False,
3,BTCUSD,the5ers_hyper,1.5,,,,,23.0,17.0,12.0,2.0,prevday,2.0,0.5,1,390,0.3,0.0,4.6,95.1,6.9,4.2,100712.0,396,0.0,0.0,3.8,96.2,,4.7,100537.0,,,"(('rng_type', 'prevday'), ('expire_hour', 17), ('exit_hour', 23), ('sl_frac', 0.5), ('rr', 2.0), ('min_range_atr', 2.0), ('max_range_atr', 12.0), ('skip_dow', ()))","(('max_trades_day', 1), ('day_stop_pct', 2.0), ('risk_on_balance', False))",(),False,2.0
3,BTCUSD,the5ers_hyper,1.5,,,,,23.0,17.0,12.0,2.0,prevday,2.0,0.5,1,390,0.5,0.0,3.6,95.9,6.9,4.3,100706.0,396,0.0,0.0,3.3,96.7,,4.7,100535.0,,,"(('rng_type', 'prevday'), ('expire_hour', 17), ('exit_hour', 23), ('sl_frac', 0.5), ('rr', 2.0), ('min_range_atr', 2.0), ('max_range_atr', 12.0), ('skip_dow', ()))","(('max_trades_day', 1), ('risk_on_balance', True))",(),True,
3,BTCUSD,the5ers_hyper,1.5,,,,,23.0,17.0,12.0,2.0,prevday,2.0,0.5,1,390,0.5,0.0,3.6,95.9,6.9,4.3,100706.0,396,0.0,0.0,3.3,96.7,,4.7,100535.0,,,"(('rng_type', 'prevday'), ('expire_hour', 17), ('exit_hour', 23), ('sl_frac', 0.5), ('rr', 2.0), ('min_range_atr', 2.0), ('max_range_atr', 12.0), ('skip_dow', ()))","(('max_trades_day', 1), ('day_stop_pct', 2.0), ('risk_on_balance', True))",(),True,2.0
3,BTCUSD,the5ers_hyper,2.0,,,,,23.0,17.0,12.0,2.0,prevday,2.0,0.5,1,390,2.8,0.0,15.1,82.1,5.9,4.1,100917.0,396,2.0,0.0,11.4,86.6,6.2,4.6,100722.0,,,"(('rng_type', 'prevday'), ('expire_hour', 17), ('exit_hour', 23), ('sl_frac', 0.5), ('rr', 2.0), ('min_range_atr', 2.0), ('max_range_atr', 12.0), ('skip_dow', ()))","(('max_trades_day', 1), ('risk_on_balance', False))",(),False,
3,BTCUSD,the5ers_hyper,2.0,,,,,23.0,17.0,12.0,2.0,prevday,2.0,0.5,1,390,2.8,0.0,15.1,82.1,5.9,4.1,100917.0,396,2.0,0.0,11.4,86.6,6.2,4.6,100722.0,,,"(('rng_type', 'prevday'), ('expire_hour', 17), ('exit_hour', 23), ('sl_frac', 0.5), ('rr', 2.0), ('min_range_atr', 2.0), ('max_range_atr', 12.0), ('skip_dow', ()))","(('max_trades_day', 1), ('day_stop_pct', 2.0), ('risk_on_balance', False))",(),False,2.0
3,BTCUSD,the5ers_hyper,2.0,,,,,23.0,17.0,12.0,2.0,prevday,2.0,0.5,1,390,3.1,0.0,13.3,83.6,5.9,4.2,100939.0,396,2.5,0.0,10.6,86.9,6.2,4.6,100721.0,,,"(('rng_type', 'prevday'), ('expire_hour', 17), ('exit_hour', 23), ('sl_frac', 0.5), ('rr', 2.0), ('min_range_atr', 2.0), ('max_range_atr', 12.0), ('skip_dow', ()))","(('max_trades_day', 1), ('risk_on_balance', True))",(),True,
3,BTCUSD,the5ers_hyper,2.0,,,,,23.0,17.0,12.0,2.0,prevday,2.0,0.5,1,390,3.1,0.0,13.3,83.6,5.9,4.2,100939.0,396,2.5,0.0,10.6,86.9,6.2,4.6,100721.0,,,"(('rng_type', 'prevday'), ('expire_hour', 17), ('exit_hour', 23), ('sl_frac', 0.5), ('rr', 2.0), ('min_range_atr', 2.0), ('max_range_atr', 12.0), ('skip_dow', ()))","(('max_trades_day', 1), ('day_stop_pct', 2.0), ('risk_on_balance', True))",(),True,2.0
3,BTCUSD,the5ers_hyper,2.4,,,,,23.0,17.0,12.0,2.0,prevday,2.0,0.5,1,390,6.4,0.0,20.3,73.3,5.8,4.0,101154.0,396,5.6,0.0,16.7,77.8,5.2,4.4,100846.0,,,"(('rng_type', 'prevday'), ('expire_hour', 17), ('exit_hour', 23), ('sl_frac', 0.5), ('rr', 2.0), ('min_range_atr', 2.0), ('max_range_atr', 12.0), ('skip_dow', ()))","(('max_trades_day', 1), ('risk_on_balance', False))",(),False,
3,BTCUSD,the5ers_hyper,2.4,,,,,23.0,17.0,12.0,2.0,prevday,2.0,0.5,1,390,6.4,0.0,20.3,73.3,5.8,4.0,101154.0,396,5.6,0.0,16.7,77.8,5.2,4.4,100846.0,,,"(('rng_type', 'prevday'), ('expire_hour', 17), ('exit_hour', 23), ('sl_frac', 0.5), ('rr', 2.0), ('min_range_atr', 2.0), ('max_range_atr', 12.0), ('skip_dow', ()))","(('max_trades_day', 1), ('day_stop_pct', 2.0), ('risk_on_balance', False))",(),False,2.0
3,BTCUSD,the5ers_hyper,2.4,,,,,23.0,17.0,12.0,2.0,prevday,2.0,0.5,1,390,6.9,0.0,19.7,73.3,5.9,4.0,101139.0,396,5.6,0.0,16.2,78.3,5.2,4.4,100845.0,,,"(('rng_type', 'prevday'), ('expire_hour', 17), ('exit_hour', 23), ('sl_frac', 0.5), ('rr', 2.0), ('min_range_atr', 2.0), ('max_range_atr', 12.0), ('skip_dow', ()))","(('max_trades_day', 1), ('risk_on_balance', True))",(),True,
3,BTCUSD,the5ers_hyper,2.4,,,,,23.0,17.0,12.0,2.0,prevday,2.0,0.5,1,390,6.9,0.0,19.7,73.3,5.9,4.0,101139.0,396,5.6,0.0,16.2,78.3,5.2,4.4,100845.0,,,"(('rng_type', 'prevday'), ('expire_hour', 17), ('exit_hour', 23), ('sl_frac', 0.5), ('rr', 2.0), ('min_range_atr', 2.0), ('max_range_atr', 12.0), ('skip_dow', ()))","(('max_trades_day', 1), ('day_stop_pct', 2.0), ('risk_on_balance', True))",(),True,2.0
3,BTCUSD,the5ers_hyper,2.8,,,,,23.0,17.0,12.0,2.0,prevday,2.0,0.5,1,390,11.3,0.0,26.2,62.6,4.9,3.8,101481.0,396,10.4,0.0,24.3,65.4,4.9,4.2,100868.0,,,"(('rng_type', 'prevday'), ('expire_hour', 17), ('exit_hour', 23), ('sl_frac', 0.5), ('rr', 2.0), ('min_range_atr', 2.0), ('max_range_atr', 12.0), ('skip_dow', ()))","(('max_trades_day', 1), ('risk_on_balance', False))",(),False,
3,BTCUSD,the5ers_hyper,2.8,,,,,23.0,17.0,12.0,2.0,prevday,2.0,0.5,1,390,11.3,0.0,26.2,62.6,4.9,3.8,101481.0,396,10.4,0.0,24.3,65.4,4.9,4.2,100868.0,,,"(('rng_type', 'prevday'), ('expire_hour', 17), ('exit_hour', 23), ('sl_frac', 0.5), ('rr', 2.0), ('min_range_atr', 2.0), ('max_range_atr', 12.0), ('skip_dow', ()))","(('max_trades_day', 1), ('day_stop_pct', 2.0), ('risk_on_balance', False))",(),False,2.0
3,BTCUSD,the5ers_hyper,2.8,,,,,23.0,17.0,12.0,2.0,prevday,2.0,0.5,1,390,11.3,0.0,35.9,52.8,4.9,3.8,101398.0,396,10.9,0.0,29.6,59.6,4.9,4.2,100914.0,,,"(('rng_type', 'prevday'), ('expire_hour', 17), ('exit_hour', 23), ('sl_frac', 0.5), ('rr', 2.0), ('min_range_atr', 2.0), ('max_range_atr', 12.0), ('skip_dow', ()))","(('max_trades_day', 1), ('risk_on_balance', True))",(),True,
3,BTCUSD,the5ers_hyper,2.8,,,,,23.0,17.0,12.0,2.0,prevday,2.0,0.5,1,390,11.3,0.0,35.9,52.8,4.9,3.8,101398.0,396,10.9,0.0,29.6,59.6,4.9,4.2,100914.0,,,"(('rng_type', 'prevday'), ('expire_hour', 17), ('exit_hour', 23), ('sl_frac', 0.5), ('rr', 2.0), ('min_range_atr', 2.0), ('max_range_atr', 12.0), ('skip_dow', ()))","(('max_trades_day', 1), ('day_stop_pct', 2.0), ('risk_on_balance', True))",(),True,2.0
3,BTCUSD,ftmo_p1,1.0,,,,,23.0,17.0,12.0,2.0,prevday,2.0,0.5,1,390,0.0,0.0,0.0,100.0,,4.3,100464.0,396,0.0,0.0,0.0,100.0,,4.7,100351.0,,,"(('rng_type', 'prevday'), ('expire_hour', 17), ('exit_hour', 23), ('sl_frac', 0.5), ('rr', 2.0), ('min_range_atr', 2.0), ('max_range_atr', 12.0), ('skip_dow', ()))","(('max_trades_day', 1), ('risk_on_balance', False))",(),False,
3,BTCUSD,ftmo_p1,1.0,,,,,23.0,17.0,12.0,2.0,prevday,2.0,0.5,1,390,0.0,0.0,0.0,100.0,,4.3,100464.0,396,0.0,0.0,0.0,100.0,,4.7,100351.0,,,"(('rng_type', 'prevday'), ('expire_hour', 17), ('exit_hour', 23), ('sl_frac', 0.5), ('rr', 2.0), ('min_range_atr', 2.0), ('max_range_atr', 12.0), ('skip_dow', ()))","(('max_trades_day', 1), ('day_stop_pct', 2.0), ('risk_on_balance', False))",(),False,2.0
3,BTCUSD,ftmo_p1,1.0,,,,,23.0,17.0,12.0,2.0,prevday,2.0,0.5,1,390,0.0,0.0,0.0,100.0,,4.3,100464.0,396,0.0,0.0,0.0,100.0,,4.7,100352.0,,,"(('rng_type', 'prevday'), ('expire_hour', 17), ('exit_hour', 23), ('sl_frac', 0.5), ('rr', 2.0), ('min_range_atr', 2.0), ('max_range_atr', 12.0), ('skip_dow', ()))","(('max_trades_day', 1), ('risk_on_balance', True))",(),True,
3,BTCUSD,ftmo_p1,1.0,,,,,23.0,17.0,12.0,2.0,prevday,2.0,0.5,1,390,0.0,0.0,0.0,100.0,,4.3,100464.0,396,0.0,0.0,0.0,100.0,,4.7,100352.0,,,"(('rng_type', 'prevday'), ('expire_hour', 17), ('exit_hour', 23), ('sl_frac', 0.5), ('rr', 2.0), ('min_range_atr', 2.0), ('max_range_atr', 12.0), ('skip_dow', ()))","(('max_trades_day', 1), ('day_stop_pct', 2.0), ('risk_on_balance', True))",(),True,2.0
3,BTCUSD,ftmo_p1,1.5,,,,,23.0,17.0,12.0,2.0,prevday,2.0,0.5,1,390,0.3,0.0,0.0,99.7,6.9,4.3,100667.0,396,0.0,0.0,0.0,100.0,,4.7,100462.0,,,"(('rng_type', 'prevday'), ('expire_hour', 17), ('exit_hour', 23), ('sl_frac', 0.5), ('rr', 2.0), ('min_range_atr', 2.0), ('max_range_atr', 12.0), ('skip_dow', ()))","(('max_trades_day', 1), ('risk_on_balance', False))",(),False,
3,BTCUSD,ftmo_p1,1.5,,,,,23.0,17.0,12.0,2.0,prevday,2.0,0.5,1,390,0.3,0.0,0.0,99.7,6.9,4.3,100667.0,396,0.0,0.0,0.0,100.0,,4.7,100462.0,,,"(('rng_type', 'prevday'), ('expire_hour', 17), ('exit_hour', 23), ('sl_frac', 0.5), ('rr', 2.0), ('min_range_atr', 2.0), ('max_range_atr', 12.0), ('skip_dow', ()))","(('max_trades_day', 1), ('day_stop_pct', 2.0), ('risk_on_balance', False))",(),False,2.0
3,BTCUSD,ftmo_p1,1.5,,,,,23.0,17.0,12.0,2.0,prevday,2.0,0.5,1,390,0.5,0.0,0.0,99.5,6.9,4.3,100671.0,396,0.0,0.0,0.0,100.0,,4.7,100463.0,,,"(('rng_type', 'prevday'), ('expire_hour', 17), ('exit_hour', 23), ('sl_frac', 0.5), ('rr', 2.0), ('min_range_atr', 2.0), ('max_range_atr', 12.0), ('skip_dow', ()))","(('max_trades_day', 1), ('risk_on_balance', True))",(),True,
3,BTCUSD,ftmo_p1,1.5,,,,,23.0,17.0,12.0,2.0,prevday,2.0,0.5,1,390,0.5,0.0,0.0,99.5,6.9,4.3,100671.0,396,0.0,0.0,0.0,100.0,,4.7,100463.0,,,"(('rng_type', 'prevday'), ('expire_hour', 17), ('exit_hour', 23), ('sl_frac', 0.5), ('rr', 2.0), ('min_range_atr', 2.0), ('max_range_atr', 12.0), ('skip_dow', ()))","(('max_trades_day', 1), ('day_stop_pct', 2.0), ('risk_on_balance', True))",(),True,2.0
3,BTCUSD,ftmo_p1,2.0,,,,,23.0,17.0,12.0,2.0,prevday,2.0,0.5,1,390,2.1,0.0,0.0,97.9,6.3,4.3,100862.0,396,1.0,0.0,0.0,99.0,6.3,4.7,100552.0,,,"(('rng_type', 'prevday'), ('expire_hour', 17), ('exit_hour', 23), ('sl_frac', 0.5), ('rr', 2.0), ('min_range_atr', 2.0), ('max_range_atr', 12.0), ('skip_dow', ()))","(('max_trades_day', 1), ('risk_on_balance', False))",(),False,
3,BTCUSD,ftmo_p1,2.0,,,,,23.0,17.0,12.0,2.0,prevday,2.0,0.5,1,390,2.1,0.0,0.0,97.9,6.3,4.3,100862.0,396,1.0,0.0,0.0,99.0,6.3,4.7,100552.0,,,"(('rng_type', 'prevday'), ('expire_hour', 17), ('exit_hour', 23), ('sl_frac', 0.5), ('rr', 2.0), ('min_range_atr', 2.0), ('max_range_atr', 12.0), ('skip_dow', ()))","(('max_trades_day', 1), ('day_stop_pct', 2.0), ('risk_on_balance', False))",(),False,2.0
3,BTCUSD,ftmo_p1,2.0,,,,,23.0,17.0,12.0,2.0,prevday,2.0,0.5,1,390,2.3,0.0,0.0,97.7,6.8,4.3,100863.0,396,1.3,0.0,0.0,98.7,6.8,4.7,100557.0,,,"(('rng_type', 'prevday'), ('expire_hour', 17), ('exit_hour', 23), ('sl_frac', 0.5), ('rr', 2.0), ('min_range_atr', 2.0), ('max_range_atr', 12.0), ('skip_dow', ()))","(('max_trades_day', 1), ('risk_on_balance', True))",(),True,
3,BTCUSD,ftmo_p1,2.0,,,,,23.0,17.0,12.0,2.0,prevday,2.0,0.5,1,390,2.3,0.0,0.0,97.7,6.8,4.3,100863.0,396,1.3,0.0,0.0,98.7,6.8,4.7,100557.0,,,"(('rng_type', 'prevday'), ('expire_hour', 17), ('exit_hour', 23), ('sl_frac', 0.5), ('rr', 2.0), ('min_range_atr', 2.0), ('max_range_atr', 12.0), ('skip_dow', ()))","(('max_trades_day', 1), ('day_stop_pct', 2.0), ('risk_on_balance', True))",(),True,2.0
3,BTCUSD,ftmo_p1,2.4,,,,,23.0,17.0,12.0,2.0,prevday,2.0,0.5,1,390,3.8,0.0,1.5,94.6,5.6,4.2,100918.0,396,2.5,0.0,0.3,97.2,5.6,4.7,100564.0,,,"(('rng_type', 'prevday'), ('expire_hour', 17), ('exit_hour', 23), ('sl_frac', 0.5), ('rr', 2.0), ('min_range_atr', 2.0), ('max_range_atr', 12.0), ('skip_dow', ()))","(('max_trades_day', 1), ('risk_on_balance', False))",(),False,
3,BTCUSD,ftmo_p1,2.4,,,,,23.0,17.0,12.0,2.0,prevday,2.0,0.5,1,390,3.8,0.0,1.5,94.6,5.6,4.2,100918.0,396,2.5,0.0,0.3,97.2,5.6,4.7,100564.0,,,"(('rng_type', 'prevday'), ('expire_hour', 17), ('exit_hour', 23), ('sl_frac', 0.5), ('rr', 2.0), ('min_range_atr', 2.0), ('max_range_atr', 12.0), ('skip_dow', ()))","(('max_trades_day', 1), ('day_stop_pct', 2.0), ('risk_on_balance', False))",(),False,2.0
3,BTCUSD,ftmo_p1,2.4,,,,,23.0,17.0,12.0,2.0,prevday,2.0,0.5,1,390,4.1,0.0,1.3,94.6,5.6,4.2,100927.0,396,2.8,0.0,0.3,97.0,5.6,4.7,100569.0,,,"(('rng_type', 'prevday'), ('expire_hour', 17), ('exit_hour', 23), ('sl_frac', 0.5), ('rr', 2.0), ('min_range_atr', 2.0), ('max_range_atr', 12.0), ('skip_dow', ()))","(('max_trades_day', 1), ('risk_on_balance', True))",(),True,
3,BTCUSD,ftmo_p1,2.4,,,,,23.0,17.0,12.0,2.0,prevday,2.0,0.5,1,390,4.1,0.0,1.3,94.6,5.6,4.2,100927.0,396,2.8,0.0,0.3,97.0,5.6,4.7,100569.0,,,"(('rng_type', 'prevday'), ('expire_hour', 17), ('exit_hour', 23), ('sl_frac', 0.5), ('rr', 2.0), ('min_range_atr', 2.0), ('max_range_atr', 12.0), ('skip_dow', ()))","(('max_trades_day', 1), ('day_stop_pct', 2.0), ('risk_on_balance', True))",(),True,2.0
3,BTCUSD,ftmo_p1,2.8,,,,,23.0,17.0,12.0,2.0,prevday,2.0,0.5,1,390,5.9,0.0,2.6,91.5,5.6,4.2,100974.0,396,3.3,0.0,1.5,95.2,5.6,4.7,100544.0,,,"(('rng_type', 'prevday'), ('expire_hour', 17), ('exit_hour', 23), ('sl_frac', 0.5), ('rr', 2.0), ('min_range_atr', 2.0), ('max_range_atr', 12.0), ('skip_dow', ()))","(('max_trades_day', 1), ('risk_on_balance', False))",(),False,
3,BTCUSD,ftmo_p1,2.8,,,,,23.0,17.0,12.0,2.0,prevday,2.0,0.5,1,390,5.9,0.0,2.6,91.5,5.6,4.2,100974.0,396,3.3,0.0,1.5,95.2,5.6,4.7,100544.0,,,"(('rng_type', 'prevday'), ('expire_hour', 17), ('exit_hour', 23), ('sl_frac', 0.5), ('rr', 2.0), ('min_range_atr', 2.0), ('max_range_atr', 12.0), ('skip_dow', ()))","(('max_trades_day', 1), ('day_stop_pct', 2.0), ('risk_on_balance', False))",(),False,2.0
3,BTCUSD,ftmo_p1,2.8,,,,,23.0,17.0,12.0,2.0,prevday,2.0,0.5,1,390,5.9,0.0,1.8,92.3,5.6,4.2,100966.0,396,3.3,0.0,0.8,96.0,5.6,4.7,100577.0,,,"(('rng_type', 'prevday'), ('expire_hour', 17), ('exit_hour', 23), ('sl_frac', 0.5), ('rr', 2.0), ('min_range_atr', 2.0), ('max_range_atr', 12.0), ('skip_dow', ()))","(('max_trades_day', 1), ('risk_on_balance', True))",(),True,
3,BTCUSD,ftmo_p1,2.8,,,,,23.0,17.0,12.0,2.0,prevday,2.0,0.5,1,390,5.9,0.0,1.8,92.3,5.6,4.2,100966.0,396,3.3,0.0,0.8,96.0,5.6,4.7,100577.0,,,"(('rng_type', 'prevday'), ('expire_hour', 17), ('exit_hour', 23), ('sl_frac', 0.5), ('rr', 2.0), ('min_range_atr', 2.0), ('max_range_atr', 12.0), ('skip_dow', ()))","(('max_trades_day', 1), ('day_stop_pct', 2.0), ('risk_on_balance', True))",(),True,2.0
4,GBPUSD,ftmo_1step,1.5,7,,,,23.0,17.0,5.0,0.3,prelondon,3.0,1.0,1,1579,1.0,0.0,0.0,99.0,6.4,2.9,100341.0,821,1.1,0.0,0.0,98.9,6.6,3.0,100249.0,,,"(('rng_type', 'prelondon'), ('expire_hour', 17.0), ('exit_hour', 23.0), ('sl_frac', 1.0), ('rr', 3.0), ('min_range_atr', 0.3), ('max_range_atr', 5.0), ('skip_dow', (0, 4)))","(('max_trades_day', 1), ('risk_on_balance', False))","(0, 4)",False,
4,GBPUSD,ftmo_1step,1.5,14,,,,23.0,17.0,5.0,0.3,prelondon,3.0,1.0,1,1579,7.5,0.0,2.8,89.7,9.4,5.8,100653.0,821,6.9,0.0,5.8,87.2,9.9,5.8,100522.0,,,"(('rng_type', 'prelondon'), ('expire_hour', 17.0), ('exit_hour', 23.0), ('sl_frac', 1.0), ('rr', 3.0), ('min_range_atr', 0.3), ('max_range_atr', 5.0), ('skip_dow', (0, 4)))","(('max_trades_day', 1), ('risk_on_balance', False))","(0, 4)",False,
4,GBPUSD,ftmo_1step,1.5,30,,,,23.0,17.0,5.0,0.3,prelondon,3.0,1.0,1,1579,21.3,0.0,24.3,54.5,17.6,10.9,101227.0,821,21.1,0.0,35.0,44.0,16.9,10.5,100613.0,,,"(('rng_type', 'prelondon'), ('expire_hour', 17.0), ('exit_hour', 23.0), ('sl_frac', 1.0), ('rr', 3.0), ('min_range_atr', 0.3), ('max_range_atr', 5.0), ('skip_dow', (0, 4)))","(('max_trades_day', 1), ('risk_on_balance', False))","(0, 4)",False,
4,GBPUSD,ftmo_1step,1.5,30,0.05,,,23.0,17.0,5.0,0.3,prelondon,3.0,1.0,1,1579,25.2,20.1,22.2,32.5,18.9,8.9,100820.0,821,22.4,23.9,28.7,25.0,16.5,8.3,100600.0,,,"(('rng_type', 'prelondon'), ('expire_hour', 17.0), ('exit_hour', 23.0), ('sl_frac', 1.0), ('rr', 3.0), ('min_range_atr', 0.3), ('max_range_atr', 5.0), ('skip_dow', (0, 4)))","(('max_trades_day', 1), ('risk_on_balance', False))","(0, 4)",False,
4,GBPUSD,ftmo_1step,1.5,7,,0.0,,,,,,,,,1,1579,2.8,0.0,1.3,95.9,6.4,5.0,99136.0,821,5.1,0.0,0.4,94.5,6.1,5.0,99484.0,,,(),"(('max_trades_day', 1), ('risk_on_balance', False))",,False,
4,GBPUSD,ftmo_1step,1.5,30,0.05,0.0,,,,,,,,,1,1579,30.3,9.2,54.8,5.6,9.6,10.3,98035.0,821,34.2,10.7,49.8,5.2,9.7,10.1,98676.0,,,(),"(('max_trades_day', 1), ('risk_on_balance', False))",,False,
4,GBPUSD,ftmo_1step,1.5,7,,1.0,,,,,,,,,1,1579,3.5,0.0,2.2,94.3,6.1,4.9,99585.0,821,3.0,0.0,0.7,96.2,5.5,5.0,99332.0,,,(),"(('max_trades_day', 1), ('risk_on_balance', False))",,False,
4,GBPUSD,ftmo_1step,1.5,30,0.05,1.0,,,,,,,,,1,1579,32.2,9.9,50.7,7.2,9.6,10.2,98680.0,821,33.6,9.5,46.2,10.7,9.6,10.5,98713.0,,,(),"(('max_trades_day', 1), ('risk_on_balance', False))",,False,
4,GBPUSD,ftmo_1step,1.5,7,,2.0,,,,,,,,,1,1579,2.0,0.0,1.8,96.2,6.4,5.0,99493.0,821,4.1,0.0,1.1,94.8,6.4,5.0,99738.0,,,(),"(('max_trades_day', 1), ('risk_on_balance', False))",,False,
4,GBPUSD,ftmo_1step,1.5,30,0.05,2.0,,,,,,,,,1,1579,35.9,8.7,44.3,11.0,11.4,10.9,99270.0,821,37.3,9.9,44.1,8.8,10.5,10.6,99334.0,,,(),"(('max_trades_day', 1), ('risk_on_balance', False))",,False,
4,GBPUSD,ftmo_1step,1.5,7,,3.0,,,,,,,,,1,1579,2.8,0.0,1.1,96.1,6.4,5.0,99718.0,821,2.7,0.0,1.1,96.2,6.4,4.9,99855.0,,,(),"(('max_trades_day', 1), ('risk_on_balance', False))",,False,
4,GBPUSD,ftmo_1step,1.5,30,0.05,3.0,,,,,,,,,1,1579,35.1,10.3,49.5,5.2,9.5,10.1,98912.0,821,41.9,9.9,37.6,10.6,10.5,10.5,100019.0,,,(),"(('max_trades_day', 1), ('risk_on_balance', False))",,False,
4,GBPUSD,ftmo_1step,1.5,7,,4.0,,,,,,,,,1,1579,3.7,0.0,1.3,94.9,6.4,5.0,99744.0,821,1.9,0.0,1.5,96.6,6.4,5.0,99422.0,,,(),"(('max_trades_day', 1), ('risk_on_balance', False))",,False,
4,GBPUSD,ftmo_1step,1.5,30,0.05,4.0,,,,,,,,,1,1579,36.6,9.6,48.5,5.3,9.6,10.1,99179.0,821,31.7,8.8,50.8,8.8,9.4,10.5,98422.0,,,(),"(('max_trades_day', 1), ('risk_on_balance', False))",,False,
4,GBPUSD,ftmo_1step,1.5,7,,,optimista,23.0,17.0,5.0,0.3,prelondon,3.0,1.0,1,1579,1.0,0.0,0.0,99.0,6.4,2.9,100341.0,821,1.1,0.0,0.0,98.9,6.6,3.0,100286.0,,,"(('rng_type', 'prelondon'), ('expire_hour', 17.0), ('exit_hour', 23.0), ('sl_frac', 1.0), ('rr', 3.0), ('min_range_atr', 0.3), ('max_range_atr', 5.0), ('skip_dow', (0, 4)))","(('max_trades_day', 1), ('risk_on_balance', False))","(0, 4)",False,
4,GBPUSD,ftmo_1step,1.5,7,,,original,23.0,17.0,5.0,0.3,prelondon,3.0,1.0,1,1579,1.0,0.0,0.0,99.0,6.4,2.9,100341.0,821,1.1,0.0,0.0,98.9,6.6,3.0,100249.0,,,"(('rng_type', 'prelondon'), ('expire_hour', 17.0), ('exit_hour', 23.0), ('sl_frac', 1.0), ('rr', 3.0), ('min_range_atr', 0.3), ('max_range_atr', 5.0), ('skip_dow', (0, 4)))","(('max_trades_day', 1), ('risk_on_balance', False))","(0, 4)",False,
4,GBPUSD,fundingpips_1step,1.5,7,,,,23.0,17.0,5.0,0.3,prelondon,3.0,1.0,1,1579,1.0,0.0,0.0,99.0,6.4,2.9,100341.0,821,1.1,0.0,0.0,98.9,6.6,3.0,100249.0,,,"(('rng_type', 'prelondon'), ('expire_hour', 17.0), ('exit_hour', 23.0), ('sl_frac', 1.0), ('rr', 3.0), ('min_range_atr', 0.3), ('max_range_atr', 5.0), ('skip_dow', (0, 4)))","(('max_trades_day', 1), ('risk_on_balance', False))","(0, 4)",False,
4,GBPUSD,fundingpips_1step,1.5,14,,,,23.0,17.0,5.0,0.3,prelondon,3.0,1.0,1,1579,7.5,0.0,14.6,77.9,9.4,5.6,100563.0,821,6.9,0.0,22.2,70.9,9.9,5.6,100498.0,,,"(('rng_type', 'prelondon'), ('expire_hour', 17.0), ('exit_hour', 23.0), ('sl_frac', 1.0), ('rr', 3.0), ('min_range_atr', 0.3), ('max_range_atr', 5.0), ('skip_dow', (0, 4)))","(('max_trades_day', 1), ('risk_on_balance', False))","(0, 4)",False,
4,GBPUSD,fundingpips_1step,1.5,30,,,,23.0,17.0,5.0,0.3,prelondon,3.0,1.0,1,1579,20.7,0.0,33.7,45.6,17.5,9.9,101020.0,821,21.9,0.0,38.5,39.6,18.4,9.5,100646.0,,,"(('rng_type', 'prelondon'), ('expire_hour', 17.0), ('exit_hour', 23.0), ('sl_frac', 1.0), ('rr', 3.0), ('min_range_atr', 0.3), ('max_range_atr', 5.0), ('skip_dow', (0, 4)))","(('max_trades_day', 1), ('risk_on_balance', False))","(0, 4)",False,
4,GBPUSD,fundingpips_1step,1.5,30,0.05,,,23.0,17.0,5.0,0.3,prelondon,3.0,1.0,1,1579,44.0,0.0,33.1,23.0,11.6,8.0,100658.0,821,44.3,0.0,37.5,18.1,8.9,7.1,100485.0,,,"(('rng_type', 'prelondon'), ('expire_hour', 17.0), ('exit_hour', 23.0), ('sl_frac', 1.0), ('rr', 3.0), ('min_range_atr', 0.3), ('max_range_atr', 5.0), ('skip_dow', (0, 4)))","(('max_trades_day', 1), ('risk_on_balance', False))","(0, 4)",False,
4,GBPUSD,fundingpips_1step,1.5,7,,0.0,,,,,,,,,1,1579,2.8,0.0,23.7,73.4,6.4,4.8,99145.0,821,5.1,0.0,22.7,72.2,6.1,4.7,99493.0,,,(),"(('max_trades_day', 1), ('risk_on_balance', False))",,False,
4,GBPUSD,fundingpips_1step,1.5,30,0.05,0.0,,,,,,,,,1,1579,36.9,0.0,60.9,2.2,6.6,8.0,98400.0,821,40.3,0.0,56.2,3.5,6.5,8.0,98873.0,,,(),"(('max_trades_day', 1), ('risk_on_balance', False))",,False,
4,GBPUSD,fundingpips_1step,1.5,7,,1.0,,,,,,,,,1,1579,3.8,0.0,19.4,76.8,5.6,4.8,99584.0,821,3.0,0.0,19.9,77.1,5.5,4.8,99332.0,,,(),"(('max_trades_day', 1), ('risk_on_balance', False))",,False,
4,GBPUSD,fundingpips_1step,1.5,30,0.05,1.0,,,,,,,,,1,1579,41.0,0.0,55.2,3.8,6.7,8.2,98978.0,821,39.7,0.0,55.8,4.5,6.6,8.2,98816.0,,,(),"(('max_trades_day', 1), ('risk_on_balance', False))",,False,
4,GBPUSD,fundingpips_1step,1.5,7,,2.0,,,,,,,,,1,1579,2.0,0.0,18.7,79.4,6.4,4.8,99503.0,821,4.1,0.0,18.5,77.3,6.4,4.8,99696.0,,,(),"(('max_trades_day', 1), ('risk_on_balance', False))",,False,
4,GBPUSD,fundingpips_1step,1.5,30,0.05,2.0,,,,,,,,,1,1579,42.9,0.0,49.7,7.4,8.6,9.0,99386.0,821,43.4,0.0,50.9,5.7,6.7,8.6,99298.0,,,(),"(('max_trades_day', 1), ('risk_on_balance', False))",,False,
4,GBPUSD,fundingpips_1step,1.5,7,,3.0,,,,,,,,,1,1579,2.8,0.0,18.9,78.3,6.4,4.8,99701.0,821,2.7,0.0,18.8,78.6,6.4,4.8,99862.0,,,(),"(('max_trades_day', 1), ('risk_on_balance', False))",,False,
4,GBPUSD,fundingpips_1step,1.5,30,0.05,3.0,,,,,,,,,1,1579,42.4,0.0,53.5,4.2,6.5,8.3,99134.0,821,48.4,0.0,46.2,5.5,7.5,8.5,100004.0,,,(),"(('max_trades_day', 1), ('risk_on_balance', False))",,False,
4,GBPUSD,fundingpips_1step,1.5,7,,4.0,,,,,,,,,1,1579,3.7,0.0,18.7,77.6,6.4,4.8,99700.0,821,1.9,0.0,19.1,78.9,6.4,4.8,99424.0,,,(),"(('max_trades_day', 1), ('risk_on_balance', False))",,False,
4,GBPUSD,fundingpips_1step,1.5,30,0.05,4.0,,,,,,,,,1,1579,43.0,0.0,52.8,4.2,6.7,8.4,99258.0,821,39.1,0.0,54.3,6.6,6.7,8.6,98859.0,,,(),"(('max_trades_day', 1), ('risk_on_balance', False))",,False,
4,GBPUSD,fundingpips_1step,1.5,7,,,optimista,23.0,17.0,5.0,0.3,prelondon,3.0,1.0,1,1579,1.0,0.0,0.0,99.0,6.4,2.9,100341.0,821,1.1,0.0,0.0,98.9,6.6,3.0,100286.0,,,"(('rng_type', 'prelondon'), ('expire_hour', 17.0), ('exit_hour', 23.0), ('sl_frac', 1.0), ('rr', 3.0), ('min_range_atr', 0.3), ('max_range_atr', 5.0), ('skip_dow', (0, 4)))","(('max_trades_day', 1), ('risk_on_balance', False))","(0, 4)",False,
4,GBPUSD,fundingpips_1step,1.5,7,,,original,23.0,17.0,5.0,0.3,prelondon,3.0,1.0,1,1579,1.0,0.0,0.0,99.0,6.4,2.9,100341.0,821,1.1,0.0,0.0,98.9,6.6,3.0,100249.0,,,"(('rng_type', 'prelondon'), ('expire_hour', 17.0), ('exit_hour', 23.0), ('sl_frac', 1.0), ('rr', 3.0), ('min_range_atr', 0.3), ('max_range_atr', 5.0), ('skip_dow', (0, 4)))","(('max_trades_day', 1), ('risk_on_balance', False))","(0, 4)",False,
4,GBPUSD,e8_one_8,1.5,7,,,,23.0,17.0,5.0,0.3,prelondon,3.0,1.0,1,1579,0.4,0.0,0.7,98.9,6.5,2.9,100321.0,821,0.4,0.0,1.6,98.1,6.9,3.0,100248.0,,,"(('rng_type', 'prelondon'), ('expire_hour', 17.0), ('exit_hour', 23.0), ('sl_frac', 1.0), ('rr', 3.0), ('min_range_atr', 0.3), ('max_range_atr', 5.0), ('skip_dow', (0, 4)))","(('max_trades_day', 1), ('risk_on_balance', False))","(0, 4)",False,
4,GBPUSD,e8_one_8,1.5,14,,,,23.0,17.0,5.0,0.3,prelondon,3.0,1.0,1,1579,2.9,0.0,13.5,83.6,9.2,5.7,100577.0,821,2.7,0.0,25.1,72.2,9.9,5.7,100318.0,,,"(('rng_type', 'prelondon'), ('expire_hour', 17.0), ('exit_hour', 23.0), ('sl_frac', 1.0), ('rr', 3.0), ('min_range_atr', 0.3), ('max_range_atr', 5.0), ('skip_dow', (0, 4)))","(('max_trades_day', 1), ('risk_on_balance', False))","(0, 4)",False,
4,GBPUSD,e8_one_8,1.5,30,,,,23.0,17.0,5.0,0.3,prelondon,3.0,1.0,1,1579,13.4,0.0,45.3,41.2,20.6,10.2,100997.0,821,11.0,0.0,60.8,28.3,20.6,9.3,100172.0,,,"(('rng_type', 'prelondon'), ('expire_hour', 17.0), ('exit_hour', 23.0), ('sl_frac', 1.0), ('rr', 3.0), ('min_range_atr', 0.3), ('max_range_atr', 5.0), ('skip_dow', (0, 4)))","(('max_trades_day', 1), ('risk_on_balance', False))","(0, 4)",False,
4,GBPUSD,e8_one_8,1.5,30,0.05,,,23.0,17.0,5.0,0.3,prelondon,3.0,1.0,1,1579,42.7,0.0,38.3,19.0,11.4,7.9,100633.0,821,41.7,0.0,45.3,13.0,8.7,7.0,100264.0,,,"(('rng_type', 'prelondon'), ('expire_hour', 17.0), ('exit_hour', 23.0), ('sl_frac', 1.0), ('rr', 3.0), ('min_range_atr', 0.3), ('max_range_atr', 5.0), ('skip_dow', (0, 4)))","(('max_trades_day', 1), ('risk_on_balance', False))","(0, 4)",False,
4,GBPUSD,e8_one_8,1.5,7,,0.0,,,,,,,,,1,1579,0.3,0.0,15.0,84.7,6.4,4.9,99075.0,821,0.9,0.0,12.1,87.1,6.5,4.9,99456.0,,,(),"(('max_trades_day', 1), ('risk_on_balance', False))",,False,
4,GBPUSD,e8_one_8,1.5,30,0.05,0.0,,,,,,,,,1,1579,32.2,0.0,67.3,0.4,6.5,7.8,98155.0,821,38.5,0.0,59.6,1.9,6.5,8.0,98737.0,,,(),"(('max_trades_day', 1), ('risk_on_balance', False))",,False,
4,GBPUSD,e8_one_8,1.5,7,,1.0,,,,,,,,,1,1579,0.5,0.0,13.6,85.9,6.4,4.9,99546.0,821,0.4,0.0,10.1,89.5,6.5,4.9,99326.0,,,(),"(('max_trades_day', 1), ('risk_on_balance', False))",,False,
4,GBPUSD,e8_one_8,1.5,30,0.05,1.0,,,,,,,,,1,1579,37.9,0.0,60.6,1.5,6.6,8.0,99050.0,821,39.5,0.0,57.4,3.2,6.6,8.4,98889.0,,,(),"(('max_trades_day', 1), ('risk_on_balance', False))",,False,
4,GBPUSD,e8_one_8,1.5,7,,2.0,,,,,,,,,1,1579,0.1,0.0,13.0,87.0,6.4,4.9,99458.0,821,0.1,0.0,9.0,90.9,6.7,4.9,99678.0,,,(),"(('max_trades_day', 1), ('risk_on_balance', False))",,False,
4,GBPUSD,e8_one_8,1.5,30,0.05,2.0,,,,,,,,,1,1579,39.5,0.0,58.2,2.3,7.9,8.6,99263.0,821,40.9,0.0,56.2,2.9,6.6,8.3,99225.0,,,(),"(('max_trades_day', 1), ('risk_on_balance', False))",,False,
4,GBPUSD,e8_one_8,1.5,7,,3.0,,,,,,,,,1,1579,0.4,0.0,13.2,86.4,6.5,4.9,99609.0,821,0.1,0.0,9.5,90.4,6.4,4.9,99826.0,,,(),"(('max_trades_day', 1), ('risk_on_balance', False))",,False,
4,GBPUSD,e8_one_8,1.5,30,0.05,3.0,,,,,,,,,1,1579,39.6,0.0,59.7,0.7,6.5,7.9,99063.0,821,46.7,0.0,50.1,3.3,7.4,8.5,99898.0,,,(),"(('max_trades_day', 1), ('risk_on_balance', False))",,False,
4,GBPUSD,e8_one_8,1.5,7,,4.0,,,,,,,,,1,1579,0.3,0.0,12.3,87.4,6.6,4.9,99668.0,821,0.2,0.0,10.2,89.5,6.5,4.9,99440.0,,,(),"(('max_trades_day', 1), ('risk_on_balance', False))",,False,
4,GBPUSD,e8_one_8,1.5,30,0.05,4.0,,,,,,,,,1,1579,38.4,0.0,59.3,2.3,6.5,8.0,99166.0,821,36.8,0.0,60.7,2.6,6.6,8.5,98786.0,,,(),"(('max_trades_day', 1), ('risk_on_balance', False))",,False,
4,GBPUSD,e8_one_8,1.5,7,,,optimista,23.0,17.0,5.0,0.3,prelondon,3.0,1.0,1,1579,0.4,0.0,0.7,98.9,6.5,2.9,100321.0,821,0.4,0.0,1.6,98.1,6.9,3.0,100285.0,,,"(('rng_type', 'prelondon'), ('expire_hour', 17.0), ('exit_hour', 23.0), ('sl_frac', 1.0), ('rr', 3.0), ('min_range_atr', 0.3), ('max_range_atr', 5.0), ('skip_dow', (0, 4)))","(('max_trades_day', 1), ('risk_on_balance', False))","(0, 4)",False,
4,GBPUSD,e8_one_8,1.5,7,,,original,23.0,17.0,5.0,0.3,prelondon,3.0,1.0,1,1579,0.4,0.0,0.7,98.9,6.5,2.9,100321.0,821,0.4,0.0,1.6,98.1,6.9,3.0,100248.0,,,"(('rng_type', 'prelondon'), ('expire_hour', 17.0), ('exit_hour', 23.0), ('sl_frac', 1.0), ('rr', 3.0), ('min_range_atr', 0.3), ('max_range_atr', 5.0), ('skip_dow', (0, 4)))","(('max_trades_day', 1), ('risk_on_balance', False))","(0, 4)",False,
4,GBPUSD,e8_one_14,2.4,7,,,,23.0,17.0,5.0,0.3,prelondon,3.0,1.0,1,1579,0.4,0.0,0.1,99.4,6.5,2.9,100547.0,821,0.1,0.0,0.4,99.5,6.6,3.0,100399.0,,,"(('rng_type', 'prelondon'), ('expire_hour', 17.0), ('exit_hour', 23.0), ('sl_frac', 1.0), ('rr', 3.0), ('min_range_atr', 0.3), ('max_range_atr', 5.0), ('skip_dow', (0, 4)))","(('max_trades_day', 1), ('risk_on_balance', False))","(0, 4)",False,
4,GBPUSD,e8_one_14,2.4,14,,,,23.0,17.0,5.0,0.3,prelondon,3.0,1.0,1,1579,2.0,0.0,8.9,89.2,8.6,5.8,100979.0,821,1.5,0.0,13.4,85.1,9.3,5.8,100885.0,,,"(('rng_type', 'prelondon'), ('expire_hour', 17.0), ('exit_hour', 23.0), ('sl_frac', 1.0), ('rr', 3.0), ('min_range_atr', 0.3), ('max_range_atr', 5.0), ('skip_dow', (0, 4)))","(('max_trades_day', 1), ('risk_on_balance', False))","(0, 4)",False,
4,GBPUSD,e8_one_14,2.4,30,,,,23.0,17.0,5.0,0.3,prelondon,3.0,1.0,1,1579,12.0,0.0,37.3,50.7,20.9,10.8,101846.0,821,10.4,0.0,50.4,39.2,22.4,10.3,100986.0,,,"(('rng_type', 'prelondon'), ('expire_hour', 17.0), ('exit_hour', 23.0), ('sl_frac', 1.0), ('rr', 3.0), ('min_range_atr', 0.3), ('max_range_atr', 5.0), ('skip_dow', (0, 4)))","(('max_trades_day', 1), ('risk_on_balance', False))","(0, 4)",False,
4,GBPUSD,e8_one_14,2.4,30,0.05,,,23.0,17.0,5.0,0.3,prelondon,3.0,1.0,1,1579,57.3,0.0,27.9,14.8,7.4,6.7,100629.0,821,60.2,0.0,31.2,8.6,6.7,5.9,100812.0,,,"(('rng_type', 'prelondon'), ('expire_hour', 17.0), ('exit_hour', 23.0), ('sl_frac', 1.0), ('rr', 3.0), ('min_range_atr', 0.3), ('max_range_atr', 5.0), ('skip_dow', (0, 4)))","(('max_trades_day', 1), ('risk_on_balance', False))","(0, 4)",False,
4,GBPUSD,e8_one_14,2.4,7,,0.0,,,,,,,,,1,1579,0.2,0.0,6.6,93.2,6.4,5.0,98581.0,821,0.6,0.0,5.0,94.4,6.5,5.0,99171.0,,,(),"(('max_trades_day', 1), ('risk_on_balance', False))",,False,
4,GBPUSD,e8_one_14,2.4,30,0.05,0.0,,,,,,,,,1,1579,45.9,0.0,53.2,0.9,4.9,7.6,97404.0,821,51.8,0.0,46.5,1.7,4.6,7.6,98414.0,,,(),"(('max_trades_day', 1), ('risk_on_balance', False))",,False,
4,GBPUSD,e8_one_14,2.4,7,,1.0,,,,,,,,,1,1579,0.4,0.0,6.9,92.7,6.4,4.9,99326.0,821,0.2,0.0,5.2,94.5,6.5,5.0,98940.0,,,(),"(('max_trades_day', 1), ('risk_on_balance', False))",,False,
4,GBPUSD,e8_one_14,2.4,30,0.05,1.0,,,,,,,,,1,1579,50.3,0.0,48.4,1.3,5.4,7.5,98628.0,821,51.0,0.0,45.8,3.2,6.4,7.8,98427.0,,,(),"(('max_trades_day', 1), ('risk_on_balance', False))",,False,
4,GBPUSD,e8_one_14,2.4,7,,2.0,,,,,,,,,1,1579,0.1,0.0,7.0,92.9,6.4,4.9,99179.0,821,0.0,0.0,5.1,94.9,,5.0,99539.0,,,(),"(('max_trades_day', 1), ('risk_on_balance', False))",,False,
4,GBPUSD,e8_one_14,2.4,30,0.05,2.0,,,,,,,,,1,1579,53.7,0.0,44.0,2.3,6.5,7.9,99143.0,821,52.7,0.0,43.6,3.7,4.8,7.9,98969.0,,,(),"(('max_trades_day', 1), ('risk_on_balance', False))",,False,
4,GBPUSD,e8_one_14,2.4,7,,3.0,,,,,,,,,1,1579,0.4,0.0,5.8,93.8,6.5,5.0,99533.0,821,0.1,0.0,4.0,95.9,6.4,5.0,99753.0,,,(),"(('max_trades_day', 1), ('risk_on_balance', False))",,False,
4,GBPUSD,e8_one_14,2.4,30,0.05,3.0,,,,,,,,,1,1579,51.9,0.0,47.1,1.0,4.7,7.5,98651.0,821,59.1,0.0,38.5,2.4,6.4,7.4,99872.0,,,(),"(('max_trades_day', 1), ('risk_on_balance', False))",,False,
4,GBPUSD,e8_one_14,2.4,7,,4.0,,,,,,,,,1,1579,0.2,0.0,6.1,93.7,6.5,4.9,99548.0,821,0.1,0.0,6.1,93.8,6.5,5.0,99064.0,,,(),"(('max_trades_day', 1), ('risk_on_balance', False))",,False,
4,GBPUSD,e8_one_14,2.4,30,0.05,4.0,,,,,,,,,1,1579,52.4,0.0,46.4,1.3,4.7,7.4,98967.0,821,49.1,0.0,47.9,3.0,5.5,7.9,98213.0,,,(),"(('max_trades_day', 1), ('risk_on_balance', False))",,False,
4,GBPUSD,e8_one_14,2.4,7,,,optimista,23.0,17.0,5.0,0.3,prelondon,3.0,1.0,1,1579,0.4,0.0,0.1,99.4,6.5,2.9,100547.0,821,0.1,0.0,0.4,99.5,6.6,3.0,100458.0,,,"(('rng_type', 'prelondon'), ('expire_hour', 17.0), ('exit_hour', 23.0), ('sl_frac', 1.0), ('rr', 3.0), ('min_range_atr', 0.3), ('max_range_atr', 5.0), ('skip_dow', (0, 4)))","(('max_trades_day', 1), ('risk_on_balance', False))","(0, 4)",False,
4,GBPUSD,e8_one_14,2.4,7,,,original,23.0,17.0,5.0,0.3,prelondon,3.0,1.0,1,1579,0.4,0.0,0.1,99.4,6.5,2.9,100547.0,821,0.1,0.0,0.4,99.5,6.6,3.0,100399.0,,,"(('rng_type', 'prelondon'), ('expire_hour', 17.0), ('exit_hour', 23.0), ('sl_frac', 1.0), ('rr', 3.0), ('min_range_atr', 0.3), ('max_range_atr', 5.0), ('skip_dow', (0, 4)))","(('max_trades_day', 1), ('risk_on_balance', False))","(0, 4)",False,
4,GBPUSD,the5ers_hyper,1.5,7,,,,23.0,17.0,5.0,0.3,prelondon,3.0,1.0,1,1579,1.0,0.0,0.0,99.0,6.4,2.9,100342.0,821,1.1,0.0,0.0,98.9,6.6,3.0,100249.0,,,"(('rng_type', 'prelondon'), ('expire_hour', 17.0), ('exit_hour', 23.0), ('sl_frac', 1.0), ('rr', 3.0), ('min_range_atr', 0.3), ('max_range_atr', 5.0), ('skip_dow', (0, 4)))","(('max_trades_day', 1), ('risk_on_balance', False))","(0, 4)",False,
4,GBPUSD,the5ers_hyper,1.5,14,,,,23.0,17.0,5.0,0.3,prelondon,3.0,1.0,1,1579,7.5,0.0,14.6,77.9,9.4,5.6,100564.0,821,6.9,0.0,22.2,70.9,9.9,5.6,100498.0,,,"(('rng_type', 'prelondon'), ('expire_hour', 17.0), ('exit_hour', 23.0), ('sl_frac', 1.0), ('rr', 3.0), ('min_range_atr', 0.3), ('max_range_atr', 5.0), ('skip_dow', (0, 4)))","(('max_trades_day', 1), ('risk_on_balance', False))","(0, 4)",False,
4,GBPUSD,the5ers_hyper,1.5,30,,,,23.0,17.0,5.0,0.3,prelondon,3.0,1.0,1,1579,20.7,0.0,33.7,45.6,17.5,9.9,101020.0,821,21.9,0.0,38.5,39.6,18.4,9.5,100646.0,,,"(('rng_type', 'prelondon'), ('expire_hour', 17.0), ('exit_hour', 23.0), ('sl_frac', 1.0), ('rr', 3.0), ('min_range_atr', 0.3), ('max_range_atr', 5.0), ('skip_dow', (0, 4)))","(('max_trades_day', 1), ('risk_on_balance', False))","(0, 4)",False,
4,GBPUSD,the5ers_hyper,1.5,30,0.05,,,23.0,17.0,5.0,0.3,prelondon,3.0,1.0,1,1579,44.0,0.0,33.1,23.0,11.6,8.0,100658.0,821,44.3,0.0,37.5,18.1,8.9,7.1,100485.0,,,"(('rng_type', 'prelondon'), ('expire_hour', 17.0), ('exit_hour', 23.0), ('sl_frac', 1.0), ('rr', 3.0), ('min_range_atr', 0.3), ('max_range_atr', 5.0), ('skip_dow', (0, 4)))","(('max_trades_day', 1), ('risk_on_balance', False))","(0, 4)",False,
4,GBPUSD,the5ers_hyper,1.5,7,,0.0,,,,,,,,,1,1579,2.8,0.0,23.7,73.4,6.4,4.8,99145.0,821,5.1,0.0,22.7,72.2,6.1,4.7,99493.0,,,(),"(('max_trades_day', 1), ('risk_on_balance', False))",,False,
4,GBPUSD,the5ers_hyper,1.5,30,0.05,0.0,,,,,,,,,1,1579,36.9,0.0,60.9,2.2,6.6,8.0,98401.0,821,40.3,0.0,56.2,3.5,6.5,8.0,98873.0,,,(),"(('max_trades_day', 1), ('risk_on_balance', False))",,False,
4,GBPUSD,the5ers_hyper,1.5,7,,1.0,,,,,,,,,1,1579,3.8,0.0,19.4,76.8,5.6,4.8,99583.0,821,3.0,0.0,19.9,77.1,5.5,4.8,99332.0,,,(),"(('max_trades_day', 1), ('risk_on_balance', False))",,False,
4,GBPUSD,the5ers_hyper,1.5,30,0.05,1.0,,,,,,,,,1,1579,41.0,0.0,55.2,3.8,6.7,8.2,98977.0,821,39.7,0.0,55.8,4.5,6.6,8.2,98816.0,,,(),"(('max_trades_day', 1), ('risk_on_balance', False))",,False,
4,GBPUSD,the5ers_hyper,1.5,7,,2.0,,,,,,,,,1,1579,2.0,0.0,18.7,79.4,6.4,4.8,99502.0,821,4.1,0.0,18.5,77.3,6.4,4.8,99696.0,,,(),"(('max_trades_day', 1), ('risk_on_balance', False))",,False,
4,GBPUSD,the5ers_hyper,1.5,30,0.05,2.0,,,,,,,,,1,1579,42.9,0.0,49.7,7.4,8.6,9.0,99386.0,821,43.4,0.0,50.9,5.7,6.7,8.6,99298.0,,,(),"(('max_trades_day', 1), ('risk_on_balance', False))",,False,
4,GBPUSD,the5ers_hyper,1.5,7,,3.0,,,,,,,,,1,1579,2.8,0.0,18.8,78.4,6.4,4.8,99706.0,821,2.7,0.0,18.8,78.6,6.4,4.8,99862.0,,,(),"(('max_trades_day', 1), ('risk_on_balance', False))",,False,
4,GBPUSD,the5ers_hyper,1.5,30,0.05,3.0,,,,,,,,,1,1579,42.4,0.0,53.4,4.2,6.5,8.3,99138.0,821,48.4,0.0,46.2,5.5,7.5,8.5,100004.0,,,(),"(('max_trades_day', 1), ('risk_on_balance', False))",,False,
4,GBPUSD,the5ers_hyper,1.5,7,,4.0,,,,,,,,,1,1579,3.7,0.0,18.6,77.6,6.4,4.8,99705.0,821,1.9,0.0,19.1,78.9,6.4,4.8,99424.0,,,(),"(('max_trades_day', 1), ('risk_on_balance', False))",,False,
4,GBPUSD,the5ers_hyper,1.5,30,0.05,4.0,,,,,,,,,1,1579,43.0,0.0,52.8,4.2,6.7,8.4,99258.0,821,39.1,0.0,54.3,6.6,6.7,8.6,98859.0,,,(),"(('max_trades_day', 1), ('risk_on_balance', False))",,False,
4,GBPUSD,the5ers_hyper,1.5,7,,,optimista,23.0,17.0,5.0,0.3,prelondon,3.0,1.0,1,1579,1.0,0.0,0.0,99.0,6.4,2.9,100342.0,821,1.1,0.0,0.0,98.9,6.6,3.0,100286.0,,,"(('rng_type', 'prelondon'), ('expire_hour', 17.0), ('exit_hour', 23.0), ('sl_frac', 1.0), ('rr', 3.0), ('min_range_atr', 0.3), ('max_range_atr', 5.0), ('skip_dow', (0, 4)))","(('max_trades_day', 1), ('risk_on_balance', False))","(0, 4)",False,
4,GBPUSD,the5ers_hyper,1.5,7,,,original,23.0,17.0,5.0,0.3,prelondon,3.0,1.0,1,1579,1.0,0.0,0.0,99.0,6.4,2.9,100342.0,821,1.1,0.0,0.0,98.9,6.6,3.0,100249.0,,,"(('rng_type', 'prelondon'), ('expire_hour', 17.0), ('exit_hour', 23.0), ('sl_frac', 1.0), ('rr', 3.0), ('min_range_atr', 0.3), ('max_range_atr', 5.0), ('skip_dow', (0, 4)))","(('max_trades_day', 1), ('risk_on_balance', False))","(0, 4)",False,
4,GBPUSD,ftmo_p1,2.8,7,,,,23.0,17.0,5.0,0.3,prelondon,3.0,1.0,1,1579,6.3,0.0,0.0,93.7,5.6,2.9,100628.0,821,6.6,0.0,0.0,93.4,5.6,2.9,100549.0,,,"(('rng_type', 'prelondon'), ('expire_hour', 17.0), ('exit_hour', 23.0), ('sl_frac', 1.0), ('rr', 3.0), ('min_range_atr', 0.3), ('max_range_atr', 5.0), ('skip_dow', (0, 4)))","(('max_trades_day', 1), ('risk_on_balance', False))","(0, 4)",False,
4,GBPUSD,ftmo_p1,2.8,14,,,,23.0,17.0,5.0,0.3,prelondon,3.0,1.0,1,1579,24.4,0.0,19.6,56.0,7.4,5.1,100786.0,821,27.9,0.0,28.0,44.1,7.6,4.9,100560.0,,,"(('rng_type', 'prelondon'), ('expire_hour', 17.0), ('exit_hour', 23.0), ('sl_frac', 1.0), ('rr', 3.0), ('min_range_atr', 0.3), ('max_range_atr', 5.0), ('skip_dow', (0, 4)))","(('max_trades_day', 1), ('risk_on_balance', False))","(0, 4)",False,
4,GBPUSD,ftmo_p1,2.8,30,,,,23.0,17.0,5.0,0.3,prelondon,3.0,1.0,1,1579,41.4,0.0,37.7,20.8,12.4,7.7,101224.0,821,40.6,0.0,43.1,16.3,8.9,6.9,100581.0,,,"(('rng_type', 'prelondon'), ('expire_hour', 17.0), ('exit_hour', 23.0), ('sl_frac', 1.0), ('rr', 3.0), ('min_range_atr', 0.3), ('max_range_atr', 5.0), ('skip_dow', (0, 4)))","(('max_trades_day', 1), ('risk_on_balance', False))","(0, 4)",False,
4,GBPUSD,ftmo_p1,2.8,30,0.05,,,23.0,17.0,5.0,0.3,prelondon,3.0,1.0,1,1579,58.7,0.0,33.7,7.6,5.6,5.2,100567.0,821,59.7,0.0,36.7,3.7,4.7,4.3,100426.0,,,"(('rng_type', 'prelondon'), ('expire_hour', 17.0), ('exit_hour', 23.0), ('sl_frac', 1.0), ('rr', 3.0), ('min_range_atr', 0.3), ('max_range_atr', 5.0), ('skip_dow', (0, 4)))","(('max_trades_day', 1), ('risk_on_balance', False))","(0, 4)",False,
4,GBPUSD,ftmo_p1,2.8,7,,0.0,,,,,,,,,1,1579,18.6,0.0,26.9,54.5,5.6,4.4,98443.0,821,21.7,0.0,27.4,50.9,5.6,4.3,98808.0,,,(),"(('max_trades_day', 1), ('risk_on_balance', False))",,False,
4,GBPUSD,ftmo_p1,2.8,30,0.05,0.0,,,,,,,,,1,1579,53.1,0.0,46.8,0.1,0.7,4.5,98146.0,821,55.5,0.0,44.3,0.1,0.7,4.3,98583.0,,,(),"(('max_trades_day', 1), ('risk_on_balance', False))",,False,
4,GBPUSD,ftmo_p1,2.8,7,,1.0,,,,,,,,,1,1579,20.7,0.0,22.9,56.4,5.6,4.4,99143.0,821,20.6,0.0,25.2,54.2,5.6,4.4,98791.0,,,(),"(('max_trades_day', 1), ('risk_on_balance', False))",,False,
4,GBPUSD,ftmo_p1,2.8,30,0.05,1.0,,,,,,,,,1,1579,57.0,0.0,42.8,0.2,0.7,4.6,98854.0,821,54.8,0.0,44.2,1.0,0.7,4.5,98535.0,,,(),"(('max_trades_day', 1), ('risk_on_balance', False))",,False,
4,GBPUSD,ftmo_p1,2.8,7,,2.0,,,,,,,,,1,1579,18.4,0.0,22.5,59.2,5.6,4.5,99076.0,821,21.8,0.0,23.9,54.3,5.6,4.4,99240.0,,,(),"(('max_trades_day', 1), ('risk_on_balance', False))",,False,
4,GBPUSD,ftmo_p1,2.8,30,0.05,2.0,,,,,,,,,1,1579,59.4,0.0,40.3,0.3,0.8,4.7,99254.0,821,58.3,0.0,40.9,0.7,0.7,4.4,99062.0,,,(),"(('max_trades_day', 1), ('risk_on_balance', False))",,False,
4,GBPUSD,ftmo_p1,2.8,7,,3.0,,,,,,,,,1,1579,21.8,0.0,22.9,55.2,5.6,4.4,99364.0,821,22.8,0.0,22.9,54.3,5.6,4.4,99701.0,,,(),"(('max_trades_day', 1), ('risk_on_balance', False))",,False,
4,GBPUSD,ftmo_p1,2.8,30,0.05,3.0,,,,,,,,,1,1579,58.2,0.0,41.7,0.1,0.7,4.5,99003.0,821,61.3,0.0,38.0,0.7,0.8,4.5,99677.0,,,(),"(('max_trades_day', 1), ('risk_on_balance', False))",,False,
4,GBPUSD,ftmo_p1,2.8,7,,4.0,,,,,,,,,1,1579,21.5,0.0,22.8,55.7,5.6,4.4,99378.0,821,19.6,0.0,23.3,57.1,5.6,4.5,98976.0,,,(),"(('max_trades_day', 1), ('risk_on_balance', False))",,False,
4,GBPUSD,ftmo_p1,2.8,30,0.05,4.0,,,,,,,,,1,1579,59.7,0.0,40.0,0.3,0.7,4.6,99338.0,821,55.5,0.0,43.7,0.7,0.7,4.7,98579.0,,,(),"(('max_trades_day', 1), ('risk_on_balance', False))",,False,
4,GBPUSD,ftmo_p1,2.8,7,,,optimista,23.0,17.0,5.0,0.3,prelondon,3.0,1.0,1,1579,6.3,0.0,0.0,93.7,5.6,2.9,100628.0,821,6.6,0.0,0.0,93.4,5.6,2.9,100617.0,,,"(('rng_type', 'prelondon'), ('expire_hour', 17.0), ('exit_hour', 23.0), ('sl_frac', 1.0), ('rr', 3.0), ('min_range_atr', 0.3), ('max_range_atr', 5.0), ('skip_dow', (0, 4)))","(('max_trades_day', 1), ('risk_on_balance', False))","(0, 4)",False,
4,GBPUSD,ftmo_p1,2.8,7,,,original,23.0,17.0,5.0,0.3,prelondon,3.0,1.0,1,1579,6.3,0.0,0.0,93.7,5.6,2.9,100628.0,821,6.6,0.0,0.0,93.4,5.6,2.9,100549.0,,,"(('rng_type', 'prelondon'), ('expire_hour', 17.0), ('exit_hour', 23.0), ('sl_frac', 1.0), ('rr', 3.0), ('min_range_atr', 0.3), ('max_range_atr', 5.0), ('skip_dow', (0, 4)))","(('max_trades_day', 1), ('risk_on_balance', False))","(0, 4)",False,
5,XAUUSD,ftmo_1step,1.0,7,,,,18.0,14.0,6.0,1.0,prevday,0.0,0.5,1,1688,0.0,0.3,0.0,99.7,,1.1,100172.0,817,0.0,0.0,0.0,100.0,,1.1,99956.0,1.5,,"(('rng_type', 'prevday'), ('expire_hour', 14.0), ('exit_hour', 18.0), ('sl_frac', 0.5), ('rr', 0.0), ('trail', 1.5), ('min_range_atr', 1.0), ('max_range_atr', 6.0), ('skip_dow', (0, 4)))","(('max_trades_day', 1), ('risk_on_balance', False))","(0, 4)",False,
5,XAUUSD,ftmo_1step,1.0,14,,,,18.0,14.0,6.0,1.0,prevday,0.0,0.5,1,1688,0.0,0.6,0.0,99.4,,2.3,100334.0,817,0.0,0.0,0.0,100.0,,2.2,99919.0,1.5,,"(('rng_type', 'prevday'), ('expire_hour', 14.0), ('exit_hour', 18.0), ('sl_frac', 0.5), ('rr', 0.0), ('trail', 1.5), ('min_range_atr', 1.0), ('max_range_atr', 6.0), ('skip_dow', (0, 4)))","(('max_trades_day', 1), ('risk_on_balance', False))","(0, 4)",False,
5,XAUUSD,ftmo_1step,1.0,30,,,,18.0,14.0,6.0,1.0,prevday,0.0,0.5,1,1688,0.0,1.3,0.0,98.7,,4.9,100719.0,817,0.0,0.0,0.0,100.0,,4.7,99856.0,1.5,,"(('rng_type', 'prevday'), ('expire_hour', 14.0), ('exit_hour', 18.0), ('sl_frac', 0.5), ('rr', 0.0), ('trail', 1.5), ('min_range_atr', 1.0), ('max_range_atr', 6.0), ('skip_dow', (0, 4)))","(('max_trades_day', 1), ('risk_on_balance', False))","(0, 4)",False,
5,XAUUSD,fundingpips_1step,2.8,7,,,,18.0,14.0,6.0,1.0,prevday,0.0,0.5,1,1688,2.4,0.0,0.0,97.6,4.2,1.1,100490.0,817,0.6,0.0,0.0,99.4,2.7,1.1,99877.0,1.5,,"(('rng_type', 'prevday'), ('expire_hour', 14.0), ('exit_hour', 18.0), ('sl_frac', 0.5), ('rr', 0.0), ('trail', 1.5), ('min_range_atr', 1.0), ('max_range_atr', 6.0), ('skip_dow', (0, 4)))","(('max_trades_day', 1), ('risk_on_balance', False))","(0, 4)",False,
5,XAUUSD,fundingpips_1step,2.8,14,,,,18.0,14.0,6.0,1.0,prevday,0.0,0.5,1,1688,5.1,0.0,2.2,92.7,7.7,2.2,100982.0,817,1.6,0.0,3.3,95.1,8.7,2.2,99787.0,1.5,,"(('rng_type', 'prevday'), ('expire_hour', 14.0), ('exit_hour', 18.0), ('sl_frac', 0.5), ('rr', 0.0), ('trail', 1.5), ('min_range_atr', 1.0), ('max_range_atr', 6.0), ('skip_dow', (0, 4)))","(('max_trades_day', 1), ('risk_on_balance', False))","(0, 4)",False,
5,XAUUSD,fundingpips_1step,2.8,30,,,,18.0,14.0,6.0,1.0,prevday,0.0,0.5,1,1688,14.5,0.0,15.0,70.6,17.6,4.5,101939.0,817,5.0,0.0,15.4,79.6,17.7,4.4,99728.0,1.5,,"(('rng_type', 'prevday'), ('expire_hour', 14.0), ('exit_hour', 18.0), ('sl_frac', 0.5), ('rr', 0.0), ('trail', 1.5), ('min_range_atr', 1.0), ('max_range_atr', 6.0), ('skip_dow', (0, 4)))","(('max_trades_day', 1), ('risk_on_balance', False))","(0, 4)",False,
5,XAUUSD,e8_one_8,2.0,7,,,,18.0,14.0,6.0,1.0,prevday,0.0,0.5,1,1688,0.6,0.0,0.0,99.4,5.2,1.1,100343.0,817,0.0,0.0,0.0,100.0,,1.1,99912.0,1.5,,"(('rng_type', 'prevday'), ('expire_hour', 14.0), ('exit_hour', 18.0), ('sl_frac', 0.5), ('rr', 0.0), ('trail', 1.5), ('min_range_atr', 1.0), ('max_range_atr', 6.0), ('skip_dow', (0, 4)))","(('max_trades_day', 1), ('risk_on_balance', False))","(0, 4)",False,
5,XAUUSD,e8_one_8,2.0,14,,,,18.0,14.0,6.0,1.0,prevday,0.0,0.5,1,1688,1.5,0.0,0.0,98.5,7.7,2.3,100671.0,817,0.0,0.0,0.0,100.0,,2.2,99838.0,1.5,,"(('rng_type', 'prevday'), ('expire_hour', 14.0), ('exit_hour', 18.0), ('sl_frac', 0.5), ('rr', 0.0), ('trail', 1.5), ('min_range_atr', 1.0), ('max_range_atr', 6.0), ('skip_dow', (0, 4)))","(('max_trades_day', 1), ('risk_on_balance', False))","(0, 4)",False,
5,XAUUSD,e8_one_8,2.0,30,,,,18.0,14.0,6.0,1.0,prevday,0.0,0.5,1,1688,5.0,0.0,2.6,92.4,20.7,4.9,101461.0,817,0.0,0.0,2.3,97.7,,4.7,99727.0,1.5,,"(('rng_type', 'prevday'), ('expire_hour', 14.0), ('exit_hour', 18.0), ('sl_frac', 0.5), ('rr', 0.0), ('trail', 1.5), ('min_range_atr', 1.0), ('max_range_atr', 6.0), ('skip_dow', (0, 4)))","(('max_trades_day', 1), ('risk_on_balance', False))","(0, 4)",False,
5,XAUUSD,e8_one_14,2.0,7,,,,18.0,14.0,6.0,1.0,prevday,0.0,0.5,1,1688,0.3,0.0,0.0,99.7,4.7,1.1,100343.0,817,0.0,0.0,0.0,100.0,,1.1,99912.0,1.5,,"(('rng_type', 'prevday'), ('expire_hour', 14.0), ('exit_hour', 18.0), ('sl_frac', 0.5), ('rr', 0.0), ('trail', 1.5), ('min_range_atr', 1.0), ('max_range_atr', 6.0), ('skip_dow', (0, 4)))","(('max_trades_day', 1), ('risk_on_balance', False))","(0, 4)",False,
5,XAUUSD,e8_one_14,2.0,14,,,,18.0,14.0,6.0,1.0,prevday,0.0,0.5,1,1688,0.6,0.0,0.0,99.4,7.2,2.3,100668.0,817,0.0,0.0,0.0,100.0,,2.2,99838.0,1.5,,"(('rng_type', 'prevday'), ('expire_hour', 14.0), ('exit_hour', 18.0), ('sl_frac', 0.5), ('rr', 0.0), ('trail', 1.5), ('min_range_atr', 1.0), ('max_range_atr', 6.0), ('skip_dow', (0, 4)))","(('max_trades_day', 1), ('risk_on_balance', False))","(0, 4)",False,
5,XAUUSD,e8_one_14,2.0,30,,,,18.0,14.0,6.0,1.0,prevday,0.0,0.5,1,1688,1.3,0.0,0.0,98.7,15.2,4.9,101438.0,817,0.0,0.0,0.0,100.0,,4.7,99711.0,1.5,,"(('rng_type', 'prevday'), ('expire_hour', 14.0), ('exit_hour', 18.0), ('sl_frac', 0.5), ('rr', 0.0), ('trail', 1.5), ('min_range_atr', 1.0), ('max_range_atr', 6.0), ('skip_dow', (0, 4)))","(('max_trades_day', 1), ('risk_on_balance', False))","(0, 4)",False,
5,XAUUSD,the5ers_hyper,2.8,7,,,,18.0,14.0,6.0,1.0,prevday,0.0,0.5,1,1688,1.3,0.0,0.0,98.7,4.2,1.1,100490.0,817,0.5,0.0,0.0,99.5,4.2,1.1,99877.0,1.5,,"(('rng_type', 'prevday'), ('expire_hour', 14.0), ('exit_hour', 18.0), ('sl_frac', 0.5), ('rr', 0.0), ('trail', 1.5), ('min_range_atr', 1.0), ('max_range_atr', 6.0), ('skip_dow', (0, 4)))","(('max_trades_day', 1), ('risk_on_balance', False))","(0, 4)",False,
5,XAUUSD,the5ers_hyper,2.8,14,,,,18.0,14.0,6.0,1.0,prevday,0.0,0.5,1,1688,4.6,0.0,2.2,93.2,6.7,2.2,100982.0,817,1.5,0.0,3.3,95.2,8.2,2.2,99787.0,1.5,,"(('rng_type', 'prevday'), ('expire_hour', 14.0), ('exit_hour', 18.0), ('sl_frac', 0.5), ('rr', 0.0), ('trail', 1.5), ('min_range_atr', 1.0), ('max_range_atr', 6.0), ('skip_dow', (0, 4)))","(('max_trades_day', 1), ('risk_on_balance', False))","(0, 4)",False,
5,XAUUSD,the5ers_hyper,2.8,30,,,,18.0,14.0,6.0,1.0,prevday,0.0,0.5,1,1688,14.5,0.0,15.0,70.6,17.6,4.5,101939.0,817,5.0,0.0,15.4,79.6,17.7,4.4,99728.0,1.5,,"(('rng_type', 'prevday'), ('expire_hour', 14.0), ('exit_hour', 18.0), ('sl_frac', 0.5), ('rr', 0.0), ('trail', 1.5), ('min_range_atr', 1.0), ('max_range_atr', 6.0), ('skip_dow', (0, 4)))","(('max_trades_day', 1), ('risk_on_balance', False))","(0, 4)",False,
5,XAUUSD,ftmo_p1,2.8,7,,,,18.0,14.0,6.0,1.0,prevday,0.0,0.5,1,1688,1.2,0.0,0.0,98.8,5.6,1.1,100490.0,817,0.4,0.0,0.0,99.6,5.6,1.1,99877.0,1.5,,"(('rng_type', 'prevday'), ('expire_hour', 14.0), ('exit_hour', 18.0), ('sl_frac', 0.5), ('rr', 0.0), ('trail', 1.5), ('min_range_atr', 1.0), ('max_range_atr', 6.0), ('skip_dow', (0, 4)))","(('max_trades_day', 1), ('risk_on_balance', False))","(0, 4)",False,
5,XAUUSD,ftmo_p1,2.8,14,,,,18.0,14.0,6.0,1.0,prevday,0.0,0.5,1,1688,4.2,0.0,0.1,95.7,6.7,2.2,100972.0,817,1.3,0.0,0.0,98.7,7.7,2.2,99772.0,1.5,,"(('rng_type', 'prevday'), ('expire_hour', 14.0), ('exit_hour', 18.0), ('sl_frac', 0.5), ('rr', 0.0), ('trail', 1.5), ('min_range_atr', 1.0), ('max_range_atr', 6.0), ('skip_dow', (0, 4)))","(('max_trades_day', 1), ('risk_on_balance', False))","(0, 4)",False,
5,XAUUSD,ftmo_p1,2.8,30,,,,18.0,14.0,6.0,1.0,prevday,0.0,0.5,1,1688,14.4,0.0,1.4,84.2,17.6,4.7,101966.0,817,5.0,0.0,3.2,91.8,17.7,4.7,99612.0,1.5,,"(('rng_type', 'prevday'), ('expire_hour', 14.0), ('exit_hour', 18.0), ('sl_frac', 0.5), ('rr', 0.0), ('trail', 1.5), ('min_range_atr', 1.0), ('max_range_atr', 6.0), ('skip_dow', (0, 4)))","(('max_trades_day', 1), ('risk_on_balance', False))","(0, 4)",False,
